{
"type": "FeatureCollection",
"name": "areas_study",
"crs": { "type": "name", "properties": { "name": "urn:ogc:def:crs:OGC:1.3:CRS84" } },
"features": [
{ "type": "Feature", "properties": { "area_name": "Bedford" }, "geometry": { "type": "Polygon", "coordinates": [ [ [ -0.457729287350857, 52.320076739189659 ], [ -0.436106756316805, 52.314456277215967 ], [ -0.435779664751954, 52.296642440655461 ], [ -0.421786430931033, 52.284933282513968 ], [ -0.406926493498264, 52.287461661787226 ], [ -0.398999033827541, 52.27871486936008 ], [ -0.375029869471468, 52.28045542587283 ], [ -0.372195056169716, 52.273485982276831 ], [ -0.38236114187099, 52.271111761839002 ], [ -0.37439606356327, 52.232984836961762 ], [ -0.341031558315163, 52.230634237268674 ], [ -0.343489501729792, 52.241861088518618 ], [ -0.334514387115165, 52.242907257770135 ], [ -0.293230098543528, 52.240503092287639 ], [ -0.285749344466338, 52.236230801203511 ], [ -0.299171668863355, 52.221013840924087 ], [ -0.294378052545108, 52.208340579603366 ], [ -0.261867084359222, 52.209854178547189 ], [ -0.264933908236722, 52.205708421391122 ], [ -0.240745307668825, 52.19018080789516 ], [ -0.244024179690468, 52.182672339423405 ], [ -0.289138998116952, 52.190913171053445 ], [ -0.306048275605168, 52.165546978004564 ], [ -0.329404963779986, 52.165701152959613 ], [ -0.346257110760846, 52.145960676775417 ], [ -0.361103658327514, 52.144156549662149 ], [ -0.344826849783786, 52.115944358145249 ], [ -0.366717113081649, 52.09680656413807 ], [ -0.38121053999331, 52.093553765507181 ], [ -0.384925713203717, 52.075563409073581 ], [ -0.440056603117356, 52.06327650576776 ], [ -0.471549694096032, 52.087997268399754 ], [ -0.499636498175459, 52.075600302751766 ], [ -0.508537682926562, 52.054532380503829 ], [ -0.541607025871176, 52.081871586160304 ], [ -0.550106734866603, 52.080693381460584 ], [ -0.566798076833806, 52.094746712489822 ], [ -0.589205720219996, 52.097487765398668 ], [ -0.583252302372368, 52.104537414653073 ], [ -0.607084323481708, 52.133731546228347 ], [ -0.634642312127929, 52.13796133459298 ], [ -0.640752340497656, 52.152913963544826 ], [ -0.630690072070033, 52.154913191309511 ], [ -0.627465169185184, 52.181533341093768 ], [ -0.668681532017142, 52.197718265181607 ], [ -0.637348637409516, 52.22730424605723 ], [ -0.653671413536063, 52.268275313251294 ], [ -0.602138885748093, 52.278572646870572 ], [ -0.565710034134462, 52.253454654156485 ], [ -0.542699085243186, 52.255957387396172 ], [ -0.531207717202378, 52.270388546704645 ], [ -0.542056291643774, 52.289717861870507 ], [ -0.514068022372521, 52.314682269446799 ], [ -0.519846526324452, 52.317677777597645 ], [ -0.457729287350857, 52.320076739189659 ] ] ] } },
{ "type": "Feature", "properties": { "area_name": "Blackburn with Darwen" }, "geometry": { "type": "Polygon", "coordinates": [ [ [ -2.465809011023917, 53.78079905194285 ], [ -2.446318070746516, 53.766574998895102 ], [ -2.451781359876098, 53.756439323001914 ], [ -2.440068667508429, 53.749402989808509 ], [ -2.433870188806612, 53.719166166392903 ], [ -2.400151695127259, 53.692471004923171 ], [ -2.374425738807082, 53.687238626352745 ], [ -2.362642977922701, 53.655972599825326 ], [ -2.370329839907725, 53.631518111503887 ], [ -2.397847740265117, 53.632191966897899 ], [ -2.401211299686823, 53.62458294386046 ], [ -2.421698291456269, 53.62381948168445 ], [ -2.438726368945661, 53.646029403526384 ], [ -2.45027225977679, 53.641415978587283 ], [ -2.453782711255019, 53.621958349728608 ], [ -2.472994739427504, 53.616615880365288 ], [ -2.520063409936466, 53.630465678305725 ], [ -2.532346383581143, 53.664886273125191 ], [ -2.515377952110094, 53.691652926580439 ], [ -2.539585336319939, 53.702084974547525 ], [ -2.540802872225743, 53.719654121663623 ], [ -2.555184821872437, 53.725252678939121 ], [ -2.564662580891051, 53.743631449545354 ], [ -2.547698953732603, 53.758785126657493 ], [ -2.525746749140857, 53.759651045495033 ], [ -2.509414068515886, 53.769201359536694 ], [ -2.480827800722895, 53.773977102607809 ], [ -2.477088752057007, 53.781033308716637 ], [ -2.465809011023917, 53.78079905194285 ] ] ] } },
{ "type": "Feature", "properties": { "area_name": "Blackpool" }, "geometry": { "type": "Polygon", "coordinates": [ [ [ -3.019364657691368, 53.838927252002044 ], [ -3.00764535732738, 53.834026973634849 ], [ -3.011672058255916, 53.825575504313967 ], [ -2.994514507183026, 53.817657379897511 ], [ -2.983360904044863, 53.793789135587083 ], [ -3.003890515735271, 53.791327845339701 ], [ -2.996481199913325, 53.774489696179373 ], [ -3.02880431270659, 53.773102046563352 ], [ -3.032768422722877, 53.78073418380783 ], [ -3.057395204930235, 53.776456695305896 ], [ -3.047956602775978, 53.875718135793051 ], [ -3.019755837322198, 53.868585327175758 ], [ -3.019364657691368, 53.838927252002044 ] ] ] } },
{ "type": "Feature", "properties": { "area_name": "Cambridgeshire" }, "geometry": { "type": "MultiPolygon", "coordinates": [ [ [ [ 0.026518724676744, 52.351118339895855 ], [ 0.046725089834795, 52.354969977777571 ], [ 0.048250419821653, 52.35575458555811 ], [ 0.093466228387267, 52.390763153505738 ], [ 0.115508992752928, 52.410804127598098 ], [ 0.141138115160098, 52.421775538930483 ], [ 0.256455405581027, 52.507696826711843 ], [ 0.309340137846971, 52.513604446390914 ], [ 0.345012703214918, 52.501667382154324 ], [ 0.367041366837169, 52.50115578343722 ], [ 0.380684903276552, 52.479521609403314 ], [ 0.42850628646617, 52.454634872057746 ], [ 0.425289902825184, 52.430309877881953 ], [ 0.374754103751367, 52.409711930872767 ], [ 0.407666381290511, 52.361495668195815 ], [ 0.420027504961538, 52.352138498146893 ], [ 0.44247516562824, 52.348815121403078 ], [ 0.436297741872962, 52.333517439592939 ], [ 0.424195309415621, 52.329200240519505 ], [ 0.43134992494967, 52.315809380923547 ], [ 0.457473214310303, 52.31627931049691 ], [ 0.504740836927637, 52.284699338444703 ], [ 0.495817786058898, 52.280356174676839 ], [ 0.498774776826939, 52.273005261722972 ], [ 0.424178407506553, 52.255856062770079 ], [ 0.385335865156327, 52.282982198397981 ], [ 0.382696504669091, 52.293250645904955 ], [ 0.358744180348252, 52.297342886314823 ], [ 0.35519844337713, 52.279306163507776 ], [ 0.339974769062121, 52.267672741662913 ], [ 0.360864787817127, 52.249407213981002 ], [ 0.342655982832498, 52.24232814803964 ], [ 0.371220885398644, 52.226540909654318 ], [ 0.384620466963704, 52.233990718920317 ], [ 0.394932107835815, 52.230664239958287 ], [ 0.421307128161794, 52.239675780879644 ], [ 0.414489867757732, 52.247845610827063 ], [ 0.426936772513049, 52.253587258559911 ], [ 0.443376138497026, 52.242621761732728 ], [ 0.455532952159231, 52.247578687660443 ], [ 0.480308535913286, 52.232666341151607 ], [ 0.494902646005011, 52.239242359855957 ], [ 0.514455006354265, 52.226763870830119 ], [ 0.491302634812554, 52.165088094548331 ], [ 0.477211279752593, 52.167556674438977 ], [ 0.470700054651652, 52.163244693683566 ], [ 0.452525065127356, 52.173205606710702 ], [ 0.435885590752421, 52.159480915993299 ], [ 0.417246338696903, 52.159292591904986 ], [ 0.41825214291882, 52.13434222404458 ], [ 0.389558836795805, 52.117457764818347 ], [ 0.381772982260547, 52.102688820815466 ], [ 0.394966353477249, 52.095955863578077 ], [ 0.390819595688179, 52.088471107605962 ], [ 0.407062483730603, 52.070782191300573 ], [ 0.379582915280254, 52.049551605464309 ], [ 0.389665525727445, 52.036455810337259 ], [ 0.371692669868907, 52.037358636327433 ], [ 0.345929778928507, 52.049705948777216 ], [ 0.3246443166976, 52.07277168085178 ], [ 0.285982759094998, 52.090395895623089 ], [ 0.276200095198179, 52.09262650440553 ], [ 0.251544194880084, 52.076774698606471 ], [ 0.235178962887442, 52.088988390481099 ], [ 0.20343038922925, 52.092662502524838 ], [ 0.193941447554352, 52.075470248236464 ], [ 0.183166039040103, 52.073172355036668 ], [ 0.189894098718561, 52.060190473721434 ], [ 0.167542542341658, 52.054989086820292 ], [ 0.166368555836299, 52.048180222892867 ], [ 0.151089353322223, 52.052841178123835 ], [ 0.128107831389609, 52.047312048832751 ], [ 0.119049911555923, 52.059951869287644 ], [ 0.105708638226708, 52.06025040408381 ], [ 0.080493571081194, 52.008132451052838 ], [ 0.06506722109766, 52.007594666637615 ], [ 0.040277621222417, 52.053316872943263 ], [ 0.002288761190062, 52.050139816652297 ], [ -0.019309575950987, 52.06352517798539 ], [ -0.126595351394625, 52.020912350063277 ], [ -0.122366624196871, 52.029626435586891 ], [ -0.133757435750365, 52.046222851560231 ], [ -0.155147976546795, 52.053050865137614 ], [ -0.147532301202955, 52.069392564879351 ], [ -0.157916877192197, 52.079908399972595 ], [ -0.149137432618593, 52.091119287647238 ], [ -0.144470059163388, 52.138191943631881 ], [ -0.154376922868324, 52.144396081664908 ], [ -0.171559026340152, 52.139490869490956 ], [ -0.234826899246564, 52.144715057366007 ], [ -0.216647339324172, 52.158723698971222 ], [ -0.260716358701049, 52.176389129685951 ], [ -0.240745307668825, 52.19018080789516 ], [ -0.264933908236722, 52.205708421391122 ], [ -0.261867084359222, 52.209854178547189 ], [ -0.29630591832274, 52.210474205566776 ], [ -0.299171668863355, 52.221013840924087 ], [ -0.285714992787073, 52.237388385929641 ], [ -0.334514387115165, 52.242907257770135 ], [ -0.343489501729792, 52.241861088518618 ], [ -0.341031558315163, 52.230634237268674 ], [ -0.37439606356327, 52.232984836961762 ], [ -0.38236114187099, 52.271111761839002 ], [ -0.372195056169716, 52.273485982276831 ], [ -0.375029869471468, 52.28045542587283 ], [ -0.398999033827541, 52.27871486936008 ], [ -0.406926493498264, 52.287461661787226 ], [ -0.421786430931033, 52.284933282513968 ], [ -0.435779664751954, 52.296642440655461 ], [ -0.436106756316805, 52.314456277215967 ], [ -0.46538312517514, 52.32293845484979 ], [ -0.466673815421087, 52.338912437452116 ], [ -0.483247276591279, 52.340929943957832 ], [ -0.47735553740669, 52.348393990462029 ], [ -0.498716301093538, 52.360080398164726 ], [ -0.488535381515158, 52.374007933685675 ], [ -0.494212766172601, 52.381187708920727 ], [ -0.443778415678444, 52.383841315444556 ], [ -0.415953403167436, 52.403788577445226 ], [ -0.417090039121884, 52.411582765367747 ], [ -0.362425684766266, 52.433514410629883 ], [ -0.370234575832137, 52.439913262469446 ], [ -0.341608096258544, 52.466925138314274 ], [ -0.359468937158558, 52.490057855921748 ], [ -0.354362141889271, 52.506477120085769 ], [ -0.413618453009506, 52.525661722651556 ], [ -0.401298999178765, 52.538666559617724 ], [ -0.402075601303271, 52.548303460684288 ], [ -0.419608243372131, 52.558943792939914 ], [ -0.407305032614877, 52.564036706838081 ], [ -0.415709112451471, 52.570086029972593 ], [ -0.413695162752148, 52.581078978487803 ], [ -0.396853175571633, 52.582980274401486 ], [ -0.385465048078892, 52.567171776071483 ], [ -0.348492074678031, 52.564352099282182 ], [ -0.337330441022008, 52.553629867808738 ], [ -0.325473489214004, 52.552871149638413 ], [ -0.332751214222213, 52.546527436900746 ], [ -0.293307444560033, 52.506871006625481 ], [ -0.284655931306947, 52.506094962501308 ], [ -0.274065187087317, 52.518946386833804 ], [ -0.242463694857823, 52.524703942824267 ], [ -0.231742987135815, 52.534458612883789 ], [ -0.234852521025097, 52.543648848614289 ], [ -0.217680515947139, 52.537905222826829 ], [ -0.200660056045969, 52.545151597941043 ], [ -0.18786687910702, 52.541844639305765 ], [ -0.19788962979821, 52.550787273481014 ], [ -0.189894691026574, 52.565424024110612 ], [ -0.181712182644028, 52.566484549846344 ], [ -0.186995944366577, 52.56848785626098 ], [ -0.1660308833468, 52.569554065599512 ], [ 0.061954839077949, 52.605610845239504 ], [ 0.130403254192844, 52.642045182012637 ], [ 0.158195868093248, 52.664938539563927 ], [ 0.159475645304114, 52.666628974303897 ], [ 0.159485738938413, 52.667433516741823 ], [ 0.157776905978068, 52.670752785795678 ], [ 0.152868144399383, 52.676204508551983 ], [ 0.154046545158166, 52.682145245711496 ], [ 0.184701252414599, 52.677875122043083 ], [ 0.18382604944515, 52.655642946774243 ], [ 0.16990951351827, 52.650416604059281 ], [ 0.219283521930062, 52.62179375533038 ], [ 0.210848013871584, 52.617909848528249 ], [ 0.217369763149999, 52.614506914651493 ], [ 0.191582480668137, 52.601498822204327 ], [ 0.19952685752128, 52.582739975468698 ], [ 0.215762604513879, 52.579427743174101 ], [ 0.218468174883091, 52.572208094925173 ], [ 0.205613502637574, 52.565550881961158 ], [ 0.217220131536116, 52.560575694369646 ], [ 0.204689887161945, 52.554637939448654 ], [ 0.205121176296516, 52.547882623597353 ], [ 0.21460692134827, 52.549088407981806 ], [ 0.203853019691703, 52.545386803984528 ], [ 0.213125972228598, 52.538153549846371 ], [ 0.205828131959571, 52.533832671648099 ], [ 0.230571329518351, 52.527892032928591 ], [ 0.206103431228302, 52.519617194409008 ], [ 0.238769996373596, 52.509167584954319 ], [ 0.245564448377978, 52.500540751703518 ], [ 0.14076579086372, 52.421801164644698 ], [ 0.115279712085697, 52.410867575686758 ], [ 0.048994701737685, 52.35635220954034 ], [ 0.02753821406625, 52.353373918620825 ], [ 0.009009958310323, 52.341498787971375 ], [ 0.008532184978046, 52.335329703670105 ], [ 0.026518724676744, 52.351118339895855 ] ] ], [ [ [ 0.03199915187127, 52.352922327550026 ], [ 0.030474377158783, 52.352333519121927 ], [ 0.030542203909767, 52.352692016656128 ], [ 0.03199915187127, 52.352922327550026 ] ] ], [ [ [ 0.17016614891315, 52.739874800687851 ], [ 0.152029108257918, 52.67622874055008 ], [ 0.159157018411243, 52.6667957263031 ], [ 0.130484770271025, 52.642505871066568 ], [ 0.061423469482495, 52.606686462925587 ], [ -0.01285828246976, 52.594326435925403 ], [ -0.031287499392889, 52.661513844817918 ], [ 0.02148376046952, 52.664868218146282 ], [ 0.047996895100068, 52.681030429371567 ], [ 0.048003817572557, 52.718765237421444 ], [ 0.06388994431719, 52.727416137719167 ], [ 0.088997361551361, 52.723610118413788 ], [ 0.132960848670787, 52.739284852511268 ], [ 0.17016614891315, 52.739874800687851 ] ] ] ] } },
{ "type": "Feature", "properties": { "area_name": "Central Bedfordshire" }, "geometry": { "type": "Polygon", "coordinates": [ [ [ -0.289138998116952, 52.190913171053445 ], [ -0.249807462119093, 52.184358757359725 ], [ -0.260716358701049, 52.176389129685951 ], [ -0.216647339324172, 52.158723698971222 ], [ -0.234826899246564, 52.144715057366007 ], [ -0.171559026340152, 52.139490869490956 ], [ -0.150442159264907, 52.143594424040664 ], [ -0.143957430428751, 52.117724264046942 ], [ -0.149585779688951, 52.089809042965889 ], [ -0.172645796097073, 52.060199490627319 ], [ -0.195008449115432, 52.062404527428278 ], [ -0.219519079684099, 52.036731229807501 ], [ -0.201282557233441, 52.009815323739709 ], [ -0.244105428826437, 51.999014130323708 ], [ -0.247916531500162, 51.985164294622194 ], [ -0.257476103857675, 51.985377166045772 ], [ -0.260282612505082, 51.979696330296015 ], [ -0.273928241156616, 51.981200928474671 ], [ -0.28392039497102, 52.001811120774015 ], [ -0.300081008581485, 52.000771349986117 ], [ -0.295352546796742, 51.995395237047667 ], [ -0.311582607994208, 51.982101083503565 ], [ -0.36718345852709, 51.983751893527582 ], [ -0.363758407504073, 51.975200095767548 ], [ -0.349290592135373, 51.971160553165532 ], [ -0.350251211684969, 51.957568761274018 ], [ -0.37413073686941, 51.947760163712935 ], [ -0.382938071037397, 51.951404381448931 ], [ -0.37874624943979, 51.975876752904476 ], [ -0.386669322933082, 51.979451820301605 ], [ -0.399464705366973, 51.96766222215922 ], [ -0.406326340841761, 51.941284925190182 ], [ -0.385641198385944, 51.915672700834492 ], [ -0.402462559099442, 51.909695273626816 ], [ -0.419091634432003, 51.912295405232541 ], [ -0.421709235937554, 51.925672317294747 ], [ -0.437843118727061, 51.927738904849413 ], [ -0.485727262077519, 51.922692735052259 ], [ -0.478522789723548, 51.917322681471248 ], [ -0.48230206126681, 51.907786448417298 ], [ -0.50594855366008, 51.900604409961517 ], [ -0.483965814708367, 51.888291627045106 ], [ -0.455299940411251, 51.882278372559163 ], [ -0.423190178736075, 51.85465886694508 ], [ -0.395884821125126, 51.870572842052432 ], [ -0.369779927011005, 51.868107259499169 ], [ -0.368322779960059, 51.87305230704856 ], [ -0.35485824176423, 51.874006761484473 ], [ -0.342062930182516, 51.8466332585988 ], [ -0.363332211505965, 51.842097128698327 ], [ -0.374079286066386, 51.82918738652274 ], [ -0.421525425916022, 51.850197326307544 ], [ -0.447548798744649, 51.847593457614913 ], [ -0.469708030095457, 51.855890000294877 ], [ -0.478323417515782, 51.853128015738271 ], [ -0.47122024894122, 51.845459532625256 ], [ -0.490958071165784, 51.84281098129415 ], [ -0.491906830287073, 51.835270141857116 ], [ -0.501843640756462, 51.836786337540204 ], [ -0.511218114079431, 51.825885175457998 ], [ -0.502307564395041, 51.815450485330388 ], [ -0.524124527708991, 51.805803075976087 ], [ -0.553653946387009, 51.826704199152644 ], [ -0.543675698399586, 51.824509398805553 ], [ -0.537654086261309, 51.831402311810734 ], [ -0.564079243079516, 51.847087333935214 ], [ -0.583589249487351, 51.870315273972814 ], [ -0.608996310512334, 51.875554714781963 ], [ -0.620115062783967, 51.885476464475374 ], [ -0.628272574914173, 51.882123599532349 ], [ -0.65200577121273, 51.886781189699768 ], [ -0.673261568752232, 51.901808244058799 ], [ -0.692244671366361, 51.900153178086043 ], [ -0.702181209332859, 51.909109789618306 ], [ -0.680342905082136, 51.935492261331824 ], [ -0.682369634351065, 51.942726926771805 ], [ -0.670370032345037, 51.94381035994472 ], [ -0.671954340215361, 51.955980047723997 ], [ -0.662126165607302, 51.955563090090266 ], [ -0.645703698141457, 51.972218859400776 ], [ -0.661711756806611, 51.999726428259983 ], [ -0.643499089739639, 52.010844445096005 ], [ -0.651045942624732, 52.018475675740348 ], [ -0.640351265745696, 52.023650401843732 ], [ -0.64307921871353, 52.03724606000435 ], [ -0.668997410460305, 52.048706048580804 ], [ -0.631378014015013, 52.080963646537313 ], [ -0.605807324861526, 52.092110708679762 ], [ -0.591829762492262, 52.110680450825598 ], [ -0.583252302372368, 52.104537414653073 ], [ -0.589205720219996, 52.097487765398668 ], [ -0.566798076833806, 52.094746712489822 ], [ -0.550106734866603, 52.080693381460584 ], [ -0.541607025871176, 52.081871586160304 ], [ -0.508537682926562, 52.054532380503829 ], [ -0.499636498175459, 52.075600302751766 ], [ -0.471549694096032, 52.087997268399754 ], [ -0.440056603117356, 52.06327650576776 ], [ -0.39536356623626, 52.071042112287486 ], [ -0.376931595501879, 52.087728722320975 ], [ -0.38121053999331, 52.093553765507181 ], [ -0.366717113081649, 52.09680656413807 ], [ -0.344826849783786, 52.115944358145249 ], [ -0.361103658327514, 52.144156549662149 ], [ -0.346257110760846, 52.145960676775417 ], [ -0.329404963779986, 52.165701152959613 ], [ -0.306048275605168, 52.165546978004564 ], [ -0.289138998116952, 52.190913171053445 ] ] ] } },
{ "type": "Feature", "properties": { "area_name": "Cheshire East" }, "geometry": { "type": "Polygon", "coordinates": [ [ [ -2.425154026218861, 53.387198376606662 ], [ -2.36945468551802, 53.363661903986582 ], [ -2.340953219003886, 53.367462689177614 ], [ -2.315196982578078, 53.359035661468326 ], [ -2.296931420572085, 53.348567601510169 ], [ -2.301328647795322, 53.340106315610328 ], [ -2.267077731216825, 53.350557286667943 ], [ -2.256448500248818, 53.360660494425744 ], [ -2.185441675346044, 53.352642988083311 ], [ -2.180977823128128, 53.344027039861771 ], [ -2.194163443093659, 53.338633764643639 ], [ -2.16064827032936, 53.327297715629086 ], [ -2.144099599575636, 53.342853991690774 ], [ -2.15119099943065, 53.348116146355366 ], [ -2.138197239705675, 53.356874275924412 ], [ -2.139026035010909, 53.367300113111213 ], [ -2.123196288675389, 53.361929757571794 ], [ -2.09495436520062, 53.366020278612417 ], [ -2.068078366244536, 53.357377259801773 ], [ -2.04056448499292, 53.374071802431615 ], [ -2.030958039017885, 53.371498568918604 ], [ -2.031729237554388, 53.365713298646341 ], [ -2.008999073405747, 53.361995042305828 ], [ -2.004660619798305, 53.345993746996491 ], [ -2.014319928873611, 53.340042475709801 ], [ -2.00155167871523, 53.318905611150306 ], [ -2.009483850010291, 53.260635823071659 ], [ -1.974932128495645, 53.228481628233162 ], [ -1.990267941930029, 53.222980876610492 ], [ -1.987217212937745, 53.21194949833334 ], [ -2.000081073786778, 53.193834914099881 ], [ -2.018182210329588, 53.189034327369825 ], [ -2.046420693779296, 53.192663508398319 ], [ -2.070178006581242, 53.17167985443151 ], [ -2.111789656107252, 53.168606134513958 ], [ -2.14016687396289, 53.183877873281432 ], [ -2.141411905885014, 53.156634598966008 ], [ -2.155645951970156, 53.159601143652857 ], [ -2.246580311232938, 53.090169201257751 ], [ -2.253248624136531, 53.093960249914012 ], [ -2.293375726280118, 53.078309749096029 ], [ -2.318419976944462, 53.081199135163594 ], [ -2.348594206998408, 53.05580928113099 ], [ -2.381248414893893, 53.05253499610388 ], [ -2.384227086056995, 53.026151211123057 ], [ -2.370467634648342, 53.014559289754949 ], [ -2.383044353733792, 53.007770328798486 ], [ -2.380949121298127, 52.998145119947907 ], [ -2.406986339851376, 52.995900486476451 ], [ -2.41086168080901, 52.987909200442871 ], [ -2.435367324184116, 52.986692892798835 ], [ -2.434613788373764, 52.969505472721337 ], [ -2.481152776596692, 52.958802338441558 ], [ -2.491700665114069, 52.967668457404173 ], [ -2.506897127422133, 52.96489701629676 ], [ -2.521319456065146, 52.974285973994995 ], [ -2.532034236519391, 52.947270491880964 ], [ -2.561262966624643, 52.964936702790759 ], [ -2.58620334646981, 52.955299245967858 ], [ -2.597693674711251, 52.962990825827873 ], [ -2.594889020737016, 52.979592032757999 ], [ -2.605679441054054, 52.979380214313245 ], [ -2.60773403713376, 52.988347366647496 ], [ -2.621940005514336, 52.98672771167562 ], [ -2.6326509213509, 52.9966565237292 ], [ -2.687079020803789, 52.986816661822211 ], [ -2.699292918737995, 52.995424655606577 ], [ -2.688555269542563, 53.012471795154632 ], [ -2.678320874092041, 53.01499640039065 ], [ -2.685018416447658, 53.02169818537886 ], [ -2.668817471994321, 53.038638147152604 ], [ -2.702410977448931, 53.054305147739562 ], [ -2.718263341359749, 53.044198204354764 ], [ -2.752928561474598, 53.069210438450845 ], [ -2.731738019583002, 53.091793317762701 ], [ -2.711363136287476, 53.09362662808185 ], [ -2.706054060592549, 53.118493593875513 ], [ -2.671145159568451, 53.115854101962626 ], [ -2.65973075857578, 53.13070057203101 ], [ -2.641263880679252, 53.128404996615863 ], [ -2.640207579676083, 53.140788696534528 ], [ -2.625284583926805, 53.150831530639536 ], [ -2.592090338491877, 53.144488668104714 ], [ -2.596505575807141, 53.158856328698427 ], [ -2.583581562716751, 53.155482066473766 ], [ -2.572403113207762, 53.163456587800525 ], [ -2.542251640943906, 53.149744722076036 ], [ -2.499680571672517, 53.164139978252202 ], [ -2.469074754391238, 53.15274598696017 ], [ -2.454660913233882, 53.160921682412493 ], [ -2.443848521264484, 53.159852345954299 ], [ -2.443478584515579, 53.170822088520453 ], [ -2.457334337062054, 53.176600821875873 ], [ -2.456437707365481, 53.202618302302248 ], [ -2.430665240382328, 53.197949256149549 ], [ -2.406580490044733, 53.174120631581317 ], [ -2.397943083094924, 53.172281909988577 ], [ -2.39211081411417, 53.179898728070576 ], [ -2.376866564681251, 53.173051636162675 ], [ -2.368693974728286, 53.18302080007328 ], [ -2.376923732158311, 53.187244999596508 ], [ -2.372561416857765, 53.195534834699664 ], [ -2.389863507743338, 53.196069116158554 ], [ -2.395034409468291, 53.206083707681941 ], [ -2.410162629642231, 53.205680200013994 ], [ -2.414183544632503, 53.219283580097027 ], [ -2.40117400123279, 53.221742524600081 ], [ -2.396290992907381, 53.234345997511198 ], [ -2.363801464446447, 53.223554245316656 ], [ -2.346354596041625, 53.240920596881708 ], [ -2.349027559599485, 53.248995559478907 ], [ -2.364153921907394, 53.248484662071114 ], [ -2.381539158899729, 53.25782358831384 ], [ -2.378993375683823, 53.263359839907558 ], [ -2.388238355134661, 53.261319277012284 ], [ -2.394116769177454, 53.266738217317318 ], [ -2.414456500955898, 53.268303381118308 ], [ -2.427462579074441, 53.261153564080814 ], [ -2.453172342266387, 53.284534693518054 ], [ -2.498007664129716, 53.289892923868891 ], [ -2.512282629081339, 53.321330097989303 ], [ -2.493969162429166, 53.343282398481094 ], [ -2.518394106597464, 53.342374252809734 ], [ -2.521050701674278, 53.347884464469537 ], [ -2.486879358448882, 53.367887601538889 ], [ -2.464996679709662, 53.36351470688686 ], [ -2.458843125124376, 53.368269281633204 ], [ -2.439881209615624, 53.366646336661617 ], [ -2.425154026218861, 53.387198376606662 ] ] ] } },
{ "type": "Feature", "properties": { "area_name": "Cheshire West and Chester" }, "geometry": { "type": "MultiPolygon", "coordinates": [ [ [ [ -2.495050018601937, 53.341677022712439 ], [ -2.512282629081339, 53.321330097989303 ], [ -2.498007664129716, 53.289892923868891 ], [ -2.453172342266387, 53.284534693518054 ], [ -2.427462579074441, 53.261153564080814 ], [ -2.414456500955898, 53.268303381118308 ], [ -2.394116769177454, 53.266738217317318 ], [ -2.388238355134661, 53.261319277012284 ], [ -2.378993375683823, 53.263359839907558 ], [ -2.381539158899729, 53.25782358831384 ], [ -2.364153921907394, 53.248484662071114 ], [ -2.349027559599485, 53.248995559478907 ], [ -2.346354596041625, 53.240920596881708 ], [ -2.363801464446447, 53.223554245316656 ], [ -2.396290992907381, 53.234345997511198 ], [ -2.40117400123279, 53.221742524600081 ], [ -2.414183544632503, 53.219283580097027 ], [ -2.410162629642231, 53.205680200013994 ], [ -2.395034409468291, 53.206083707681941 ], [ -2.389863507743338, 53.196069116158554 ], [ -2.372561416857765, 53.195534834699664 ], [ -2.376923732158311, 53.187244999596508 ], [ -2.368693974728286, 53.18302080007328 ], [ -2.376866564681251, 53.173051636162675 ], [ -2.39211081411417, 53.179898728070576 ], [ -2.397943083094924, 53.172281909988577 ], [ -2.406580490044733, 53.174120631581317 ], [ -2.430665240382328, 53.197949256149549 ], [ -2.456437707365481, 53.202618302302248 ], [ -2.457334337062054, 53.176600821875873 ], [ -2.442194106686252, 53.163749838249757 ], [ -2.46430142614942, 53.153141340823538 ], [ -2.498031722244503, 53.164221496000827 ], [ -2.542251640943906, 53.149744722076036 ], [ -2.572403113207762, 53.163456587800525 ], [ -2.583581562716751, 53.155482066473766 ], [ -2.596505575807141, 53.158856328698427 ], [ -2.592090338491877, 53.144488668104714 ], [ -2.625284583926805, 53.150831530639536 ], [ -2.640207579676083, 53.140788696534528 ], [ -2.641263880679252, 53.128404996615863 ], [ -2.65973075857578, 53.13070057203101 ], [ -2.671145159568451, 53.115854101962626 ], [ -2.706054060592549, 53.118493593875513 ], [ -2.711363136287476, 53.09362662808185 ], [ -2.731738019583002, 53.091793317762701 ], [ -2.750742131161505, 53.076503766344999 ], [ -2.752928561474598, 53.069210438450845 ], [ -2.718263341359749, 53.044198204354764 ], [ -2.702410977448931, 53.054305147739562 ], [ -2.668817471994321, 53.038638147152604 ], [ -2.685018416447658, 53.02169818537886 ], [ -2.678320874092041, 53.01499640039065 ], [ -2.688555269542563, 53.012471795154632 ], [ -2.704565890650988, 52.990402623224078 ], [ -2.725104871737781, 52.982929378924695 ], [ -2.759940897437606, 52.986404586805818 ], [ -2.768276109171698, 52.994845085329978 ], [ -2.789998246016745, 52.995710414580984 ], [ -2.803420803512417, 52.989599337504281 ], [ -2.835996124376918, 52.997134368531029 ], [ -2.844062398081902, 53.017652354398273 ], [ -2.861044669955349, 53.022832537183149 ], [ -2.855715267015673, 53.037239660865339 ], [ -2.870118082213026, 53.045344258713328 ], [ -2.859235641288534, 53.054148460454812 ], [ -2.872562568721809, 53.058691749954157 ], [ -2.861512948905511, 53.060758043176584 ], [ -2.881750209959504, 53.074578309212278 ], [ -2.875721655177173, 53.081505974574199 ], [ -2.901853621708211, 53.091655691736257 ], [ -2.880941312092329, 53.121359282913829 ], [ -2.903390789958395, 53.111781907208567 ], [ -2.943669408042705, 53.121610203393573 ], [ -2.979497232883075, 53.150606174951989 ], [ -2.98456410332448, 53.147764212373083 ], [ -2.995087745467151, 53.154180488317671 ], [ -2.927840182876325, 53.171394982781955 ], [ -2.905229971870607, 53.192883301277007 ], [ -2.905065866830265, 53.185874776443008 ], [ -2.902242340288126, 53.183399899192992 ], [ -2.89270181451295, 53.183364820713948 ], [ -2.886682384838546, 53.186301608299772 ], [ -2.902318152756961, 53.184159811026987 ], [ -2.902524324760261, 53.192551457173472 ], [ -2.905745786629069, 53.193637168451652 ], [ -2.920352800449189, 53.18293591559182 ], [ -2.949509651450233, 53.21126396269652 ], [ -3.025463140964487, 53.24829923593316 ], [ -3.088064021150509, 53.257717719686738 ], [ -3.091820300359058, 53.261822912422396 ], [ -3.090502922761874, 53.261957225502528 ], [ -3.089586711555277, 53.26253911680007 ], [ -3.08416251407201, 53.25933897105898 ], [ -3.082068937633753, 53.259425414497635 ], [ -3.081560768958008, 53.259961289799122 ], [ -3.089622954620619, 53.262667331438976 ], [ -3.092224256996431, 53.261790446058484 ], [ -3.093324605032621, 53.260612657119204 ], [ -3.099143525591473, 53.271043280044246 ], [ -3.09451128075544, 53.272208653996358 ], [ -3.09173905672446, 53.264518626988512 ], [ -3.083271957325859, 53.262775557849061 ], [ -3.088964368454477, 53.271322777018938 ], [ -3.07806057140234, 53.269090083288596 ], [ -3.091817898113492, 53.278320845359112 ], [ -3.064176550411926, 53.273231207906889 ], [ -3.090639415476267, 53.284517999640698 ], [ -3.083741233767483, 53.290040933608054 ], [ -3.096314743343968, 53.284316727792039 ], [ -3.096759035664693, 53.284972448878101 ], [ -3.094338529049652, 53.285696746748059 ], [ -3.093353697445568, 53.288073535801004 ], [ -3.108450217418094, 53.29030639436629 ], [ -3.096381494637191, 53.294538624380287 ], [ -3.109013941346418, 53.297241711863258 ], [ -3.095908075092717, 53.304702545216408 ], [ -3.084737047738585, 53.296185869348619 ], [ -3.095523161512, 53.30490833823935 ], [ -3.074166089111067, 53.31636512324679 ], [ -3.059659749366359, 53.308988071235049 ], [ -3.048391314425016, 53.310944817796738 ], [ -3.026140062542179, 53.297732885773584 ], [ -2.992738183002631, 53.307092829768145 ], [ -2.94938205610537, 53.303152698444542 ], [ -2.939551500033901, 53.310399319774298 ], [ -2.914778349344135, 53.305644359928678 ], [ -2.899039722706938, 53.294899020090156 ], [ -2.890366570570243, 53.290007548870733 ], [ -2.887810797152926, 53.289163659862432 ], [ -2.900534620731726, 53.29699386928872 ], [ -2.878389870289325, 53.290766965381813 ], [ -2.85556831962808, 53.292006196934203 ], [ -2.858536563946322, 53.288978935999516 ], [ -2.857237837137557, 53.286900132931109 ], [ -2.853962034636154, 53.295262742107184 ], [ -2.839601106074884, 53.298721216878654 ], [ -2.848288209906483, 53.302098919845157 ], [ -2.842997443656575, 53.307520838184047 ], [ -2.815955922935258, 53.306147548024676 ], [ -2.78896609165753, 53.295435461059427 ], [ -2.752431774173266, 53.314744301894258 ], [ -2.737692933261369, 53.306627714408769 ], [ -2.723524896623466, 53.31312450274028 ], [ -2.700776521444727, 53.30579957318465 ], [ -2.68538001329189, 53.315298616699629 ], [ -2.641558015403083, 53.305020065382585 ], [ -2.645062430983038, 53.310120314465372 ], [ -2.624123951869632, 53.309383195127516 ], [ -2.6199359054432, 53.320305803368512 ], [ -2.609043073425062, 53.312074229317702 ], [ -2.586290959461909, 53.329381162948764 ], [ -2.563088963187121, 53.323064177603548 ], [ -2.518394106597464, 53.342374252809734 ], [ -2.495050018601937, 53.341677022712439 ] ] ], [ [ [ -3.10958239099837, 53.296249410140767 ], [ -3.110717358716006, 53.296274800182829 ], [ -3.109448861584489, 53.297002149215835 ], [ -3.10958239099837, 53.296249410140767 ] ] ] ] } },
{ "type": "Feature", "properties": { "area_name": "County Durham" }, "geometry": { "type": "Polygon", "coordinates": [ [ [ -1.734149124716769, 54.918162025254055 ], [ -1.724896323916093, 54.908792988648308 ], [ -1.698401889521478, 54.908992585861057 ], [ -1.691678552779732, 54.902590037733411 ], [ -1.674766335902262, 54.909552640466522 ], [ -1.678122320669311, 54.89983744498484 ], [ -1.659939637772192, 54.890656918055058 ], [ -1.648468588070579, 54.891727823557503 ], [ -1.650485861626207, 54.879306372452241 ], [ -1.618731992981132, 54.88705066780463 ], [ -1.594152830829676, 54.902010722256442 ], [ -1.579897624997714, 54.877761934741443 ], [ -1.559398876005501, 54.882028906806823 ], [ -1.561797623250955, 54.875708439552383 ], [ -1.519948659746276, 54.876018559144597 ], [ -1.540500355952078, 54.86527561483765 ], [ -1.513799845924853, 54.874787238804132 ], [ -1.506657152964516, 54.871132422048255 ], [ -1.504266859624262, 54.831220888575864 ], [ -1.48184301278741, 54.809642277364048 ], [ -1.490714045040903, 54.799294930179734 ], [ -1.422529940613812, 54.803165871656631 ], [ -1.412999310328384, 54.82329686379088 ], [ -1.421523113366206, 54.83946683693248 ], [ -1.347434160454847, 54.860621456515332 ], [ -1.335925630559148, 54.844153207297239 ], [ -1.329809734255071, 54.838928961781413 ], [ -1.328674120090151, 54.838680052645202 ], [ -1.327721954650596, 54.83929216607703 ], [ -1.324756038118744, 54.839184051543306 ], [ -1.322471545628595, 54.838552153548392 ], [ -1.320652744548091, 54.837544481552548 ], [ -1.329358636381192, 54.838338748364535 ], [ -1.321539368291598, 54.836759514243035 ], [ -1.300740039809296, 54.769792404842057 ], [ -1.241920603747995, 54.722713301063322 ], [ -1.251850536475601, 54.719612496652367 ], [ -1.270237414819704, 54.727158412631383 ], [ -1.305506722734269, 54.717511466348355 ], [ -1.301312692362804, 54.708090775984118 ], [ -1.312682339149212, 54.695902230288084 ], [ -1.344644000533586, 54.690808430399528 ], [ -1.330931706783335, 54.682123261238488 ], [ -1.347837234171794, 54.662410195608814 ], [ -1.341208366651654, 54.650232196649675 ], [ -1.383750470565917, 54.646232175461698 ], [ -1.388303299903493, 54.631571610211878 ], [ -1.412810395258149, 54.616580537047874 ], [ -1.450902061346775, 54.610502524181761 ], [ -1.438344197303283, 54.595068384494951 ], [ -1.44339006871197, 54.590612608350185 ], [ -1.456068996059412, 54.59920956060175 ], [ -1.484676774201546, 54.599672558590797 ], [ -1.558635155135955, 54.592106523397057 ], [ -1.562126370869413, 54.585765489548649 ], [ -1.552814942670534, 54.582331737033478 ], [ -1.583306433899887, 54.580898338407472 ], [ -1.593399846068779, 54.595067150172383 ], [ -1.584182787876916, 54.610476123995298 ], [ -1.606208348367913, 54.60343036271005 ], [ -1.60675365911537, 54.617530632552203 ], [ -1.682413379548008, 54.617761523934327 ], [ -1.679302830336968, 54.585963448062685 ], [ -1.694018852195555, 54.586884015234212 ], [ -1.708975256660598, 54.574131725470721 ], [ -1.709272859322311, 54.56316939984751 ], [ -1.691197454948732, 54.556234442898756 ], [ -1.705264808765841, 54.549161787814704 ], [ -1.696916820734127, 54.535996076635165 ], [ -1.721301281262993, 54.542291551150328 ], [ -1.73308160286636, 54.527726093763519 ], [ -1.779686782729964, 54.531863052596542 ], [ -1.776123229838552, 54.506718379060182 ], [ -1.792968384893248, 54.484482347823175 ], [ -1.839425084376726, 54.508427519871361 ], [ -1.857792623685144, 54.503530146050807 ], [ -1.859122501948927, 54.481848059630913 ], [ -1.942536555474316, 54.453385434540785 ], [ -1.9700530105904, 54.451511656764865 ], [ -1.996757592228527, 54.466893753851174 ], [ -2.044722589458719, 54.475176774544082 ], [ -2.04319144719062, 54.483590001502009 ], [ -2.116590202999278, 54.462253958027397 ], [ -2.170207009052914, 54.458189228355018 ], [ -2.158991134807887, 54.472020186864327 ], [ -2.172392226241923, 54.532435163998997 ], [ -2.197524814308516, 54.532695045940415 ], [ -2.209482595415714, 54.551704572422075 ], [ -2.304509139457561, 54.596189546947457 ], [ -2.324932215278341, 54.631642267775376 ], [ -2.287972887420124, 54.650472291971589 ], [ -2.292869051540829, 54.663877692536126 ], [ -2.327563608304148, 54.670865812328451 ], [ -2.351587854545465, 54.685728920335983 ], [ -2.355476095996725, 54.69791607658297 ], [ -2.325740311385432, 54.726622118819897 ], [ -2.33229934929408, 54.731989082512335 ], [ -2.322472099215943, 54.76396381536118 ], [ -2.308480174005112, 54.773535851856948 ], [ -2.313664483086785, 54.79021142251613 ], [ -2.282670935541087, 54.798245185171126 ], [ -2.218899446338376, 54.782370365389632 ], [ -2.198593274335189, 54.806729043196839 ], [ -2.169462649371814, 54.803602850349776 ], [ -2.164257346027833, 54.815820805873464 ], [ -2.143122862430082, 54.826952140087116 ], [ -2.139781230295887, 54.841863595749082 ], [ -2.082467624841333, 54.838214671603936 ], [ -2.039748264531247, 54.848283942955092 ], [ -2.001042540963019, 54.869645722501076 ], [ -1.980227595228411, 54.868175793108577 ], [ -1.949048484516642, 54.852959161619303 ], [ -1.932672128456243, 54.854179659771319 ], [ -1.913538081181091, 54.834074019181898 ], [ -1.914119771987439, 54.839485142538976 ], [ -1.87040044915742, 54.850665058261391 ], [ -1.854426502707121, 54.891177258881534 ], [ -1.847464588017997, 54.889774954146112 ], [ -1.827686218119443, 54.90548630025804 ], [ -1.794915682754431, 54.903539375174823 ], [ -1.78174628202594, 54.911535852073591 ], [ -1.769240904412664, 54.906707796847833 ], [ -1.750560843402051, 54.917412273241162 ], [ -1.734149124716769, 54.918162025254055 ] ] ] } },
{ "type": "Feature", "properties": { "area_name": "Cumbria" }, "geometry": { "type": "MultiPolygon", "coordinates": [ [ [ [ -3.203451094100239, 54.065259100204393 ], [ -3.20064210343183, 54.064871026171431 ], [ -3.201110143567841, 54.064093369921295 ], [ -3.203451094100239, 54.065259100204393 ] ] ], [ [ [ -3.262611613517738, 54.148510337586885 ], [ -3.243000333882624, 54.10032598192327 ], [ -3.251520854420092, 54.096338575992007 ], [ -3.243220837884631, 54.097523891166126 ], [ -3.238903684718368, 54.086333220109964 ], [ -3.23000061312128, 54.08847299281252 ], [ -3.233219686993568, 54.084067288853447 ], [ -3.220930745890686, 54.080486837828921 ], [ -3.223381956926572, 54.067006630053832 ], [ -3.210167732081896, 54.065083838028329 ], [ -3.205743880190675, 54.052259897961981 ], [ -3.196069620740803, 54.048737880382468 ], [ -3.178538574191177, 54.055284505921712 ], [ -3.174143492014601, 54.048296067556691 ], [ -3.172871550170135, 54.055249136823498 ], [ -3.173071618288538, 54.047061669748423 ], [ -3.209696719205124, 54.047513973953969 ], [ -3.255076866114324, 54.090842106948045 ], [ -3.275869490380826, 54.133231822486486 ], [ -3.271309494365305, 54.148152739927895 ], [ -3.252104295407905, 54.151470219355367 ], [ -3.262611613517738, 54.148510337586885 ] ] ], [ [ [ -3.104650777274092, 54.11999521855499 ], [ -3.172402798895914, 54.081774989900723 ], [ -3.151762593959643, 54.07020808398908 ], [ -3.150715296442592, 54.06477580750721 ], [ -3.171438657584972, 54.079619147319093 ], [ -3.173240217265703, 54.073584040052772 ], [ -3.1779792268775, 54.074868858294884 ], [ -3.17375215453072, 54.083385082888107 ], [ -3.19410987154252, 54.10426093775412 ], [ -3.21477740811689, 54.098039175225807 ], [ -3.220253498324476, 54.089703875248482 ], [ -3.242123828243303, 54.109323186687256 ], [ -3.237018259084262, 54.154732473181888 ], [ -3.240520671133987, 54.158377048737634 ], [ -3.249580048556346, 54.154796876092675 ], [ -3.256539871368798, 54.168693712663391 ], [ -3.217153401712215, 54.177455390429671 ], [ -3.2229907943403, 54.187781900362928 ], [ -3.221439215869771, 54.188279404759101 ], [ -3.215968026404918, 54.185774089213055 ], [ -3.214758360443406, 54.185650578710792 ], [ -3.212306020688133, 54.20851646529578 ], [ -3.204986972568438, 54.214973152696444 ], [ -3.202915057412258, 54.214600187452596 ], [ -3.203914690551536, 54.212589482434353 ], [ -3.2027055186041, 54.211189553013817 ], [ -3.201816758815228, 54.211104948611869 ], [ -3.20265473991667, 54.214560543225218 ], [ -3.204973154323032, 54.21513058012156 ], [ -3.204927230338085, 54.217555989105442 ], [ -3.179738152691517, 54.238988899401356 ], [ -3.197564296441657, 54.228789727063585 ], [ -3.214059071156362, 54.256558217952907 ], [ -3.22903946511616, 54.259896395421826 ], [ -3.224150528583161, 54.260489917605078 ], [ -3.221572773382826, 54.262666876550597 ], [ -3.227837796001319, 54.260426346773848 ], [ -3.223914357028719, 54.264799320705947 ], [ -3.222129233622078, 54.280331430682949 ], [ -3.228198348055316, 54.277457443547718 ], [ -3.233702194529737, 54.260112105122133 ], [ -3.222906102778917, 54.25159103274526 ], [ -3.242559730780228, 54.248604637209759 ], [ -3.243711441695226, 54.246432053879431 ], [ -3.229306633920275, 54.249785844301101 ], [ -3.225637305109836, 54.239811566240654 ], [ -3.234388242731694, 54.232304480760384 ], [ -3.240768881330628, 54.235320018150546 ], [ -3.235467127236779, 54.231391930338901 ], [ -3.243440081518137, 54.234044053542632 ], [ -3.233267645850268, 54.229196234242011 ], [ -3.237651738410083, 54.225547102985523 ], [ -3.236368165245565, 54.22786749404063 ], [ -3.240854203288387, 54.231158609852557 ], [ -3.241421912173794, 54.229423476238168 ], [ -3.241763646191017, 54.23119957307712 ], [ -3.244142570695025, 54.232252689944687 ], [ -3.241820825652535, 54.229271962610518 ], [ -3.237628691185841, 54.227750291784474 ], [ -3.247826023781009, 54.2291470024497 ], [ -3.250993535771543, 54.219853829808926 ], [ -3.250778601412522, 54.221368741120138 ], [ -3.253201196785577, 54.221292333403746 ], [ -3.25053403418484, 54.222512755126601 ], [ -3.251482309969442, 54.228152758341373 ], [ -3.257220907205654, 54.213357184474752 ], [ -3.257674409779533, 54.213242796825455 ], [ -3.25838086094508, 54.213932888969687 ], [ -3.259697638025964, 54.214117761595631 ], [ -3.265642876339029, 54.213409206224313 ], [ -3.254011442911241, 54.210324827035485 ], [ -3.251466703758473, 54.215823190267095 ], [ -3.239260828209997, 54.203118106135591 ], [ -3.25398176420445, 54.191630040291841 ], [ -3.268695147421678, 54.190116945633783 ], [ -3.287755102168857, 54.197023313130074 ], [ -3.299367506863928, 54.188401252247601 ], [ -3.322393255072847, 54.19052527058038 ], [ -3.421403518142649, 54.284393320732534 ], [ -3.42253381238386, 54.33976534427714 ], [ -3.41003803862392, 54.350345315107347 ], [ -3.411849882642024, 54.338031230989067 ], [ -3.400241466631311, 54.335090833395512 ], [ -3.401844640134336, 54.332891723247023 ], [ -3.400996666367172, 54.332196914594803 ], [ -3.400109297893796, 54.33255954719283 ], [ -3.400822925937055, 54.331745936587488 ], [ -3.399068787693996, 54.331085002964777 ], [ -3.382912678218359, 54.349852145472092 ], [ -3.374901452644878, 54.349489809819985 ], [ -3.373797799893802, 54.355469480107807 ], [ -3.371067767449455, 54.353338032685357 ], [ -3.368882674318793, 54.353658545389195 ], [ -3.366485917982529, 54.35557677426474 ], [ -3.367635179507709, 54.35695958010303 ], [ -3.362512033424604, 54.357322228158523 ], [ -3.360737197708766, 54.357771878592189 ], [ -3.355212968093514, 54.36166200095802 ], [ -3.35664251488277, 54.363243090258059 ], [ -3.354084263843571, 54.363047125527274 ], [ -3.353401943401888, 54.365558810803719 ], [ -3.356860900751621, 54.363378150006923 ], [ -3.355451961776474, 54.361722232102487 ], [ -3.362525369992995, 54.358980350052136 ], [ -3.360908788002103, 54.357841846886082 ], [ -3.367617970057518, 54.357182675927341 ], [ -3.36999291548553, 54.353544381007019 ], [ -3.373870902776637, 54.355815582418614 ], [ -3.404390983635984, 54.337929545230651 ], [ -3.411500320817817, 54.357274137910501 ], [ -3.403442737895266, 54.361470234976757 ], [ -3.397917496064363, 54.366495723049965 ], [ -3.415441153214081, 54.36344316896043 ], [ -3.412030985004764, 54.357715531031033 ], [ -3.431961050130784, 54.356252002075166 ], [ -3.442429145448944, 54.369451157695437 ], [ -3.432156109189111, 54.373135448167815 ], [ -3.430758955382389, 54.376829004894219 ], [ -3.443059300020516, 54.37161782352694 ], [ -3.442383039606334, 54.361461363638462 ], [ -3.417374144909032, 54.3489147531429 ], [ -3.435285299035365, 54.343374007238339 ], [ -3.509616631502473, 54.415622600849709 ], [ -3.506587753712927, 54.411823440339326 ], [ -3.56319633533194, 54.451631082935158 ], [ -3.592986404075397, 54.482106960757989 ], [ -3.619573573425412, 54.490896234806378 ], [ -3.63889491022683, 54.517372635551034 ], [ -3.613606354058017, 54.525025475812996 ], [ -3.598889472043431, 54.552926452515734 ], [ -3.589779281653013, 54.549798297665397 ], [ -3.595929395257781, 54.552834323701035 ], [ -3.580390638056893, 54.571895930152813 ], [ -3.58281036079798, 54.59085753097127 ], [ -3.565893417409311, 54.612217957475679 ], [ -3.579958925636839, 54.652339285618261 ], [ -3.562515878364359, 54.646391008848468 ], [ -3.54414819738086, 54.647349250243387 ], [ -3.571743100306797, 54.650838285600926 ], [ -3.518980701781459, 54.692968230477618 ], [ -3.509880855157493, 54.717616405391027 ], [ -3.501652893916082, 54.714855182671229 ], [ -3.50411688763088, 54.711593580764642 ], [ -3.504001044713553, 54.710980265817113 ], [ -3.502491607894556, 54.710123596439544 ], [ -3.501422723972212, 54.709887887482395 ], [ -3.500515418713536, 54.71024424956024 ], [ -3.500015076889675, 54.711617458975056 ], [ -3.497265570237222, 54.711564280997507 ], [ -3.494930465485088, 54.712015526263087 ], [ -3.493611293171921, 54.712867638653037 ], [ -3.50016735038501, 54.711915760124192 ], [ -3.501213031706104, 54.710178088868837 ], [ -3.502828367658752, 54.71058318144231 ], [ -3.50106459504849, 54.715319041023818 ], [ -3.507128178283795, 54.717614717506315 ], [ -3.43901666970834, 54.756347313852089 ], [ -3.431542383463309, 54.781097309229303 ], [ -3.437854502469317, 54.80162089636412 ], [ -3.399841634049293, 54.867457953482123 ], [ -3.377734988549374, 54.884089997828227 ], [ -3.361669574886239, 54.893668173741972 ], [ -3.33582190480812, 54.899555067484449 ], [ -3.358980771371032, 54.891426330206976 ], [ -3.360672422915142, 54.889621639901918 ], [ -3.358700757970751, 54.888249801329451 ], [ -3.357369087396076, 54.888149655196983 ], [ -3.359308633457008, 54.887643555085681 ], [ -3.359760086824356, 54.886420739141926 ], [ -3.359308144165584, 54.885823657168132 ], [ -3.357185565152738, 54.888209223958519 ], [ -3.360400350655117, 54.889644459332828 ], [ -3.357610415703699, 54.891847874759854 ], [ -3.352528628123836, 54.886857376685803 ], [ -3.348273147190892, 54.887947202228844 ], [ -3.354770109366124, 54.890980871711704 ], [ -3.349772486917992, 54.893574485270186 ], [ -3.348705438373926, 54.889033444061937 ], [ -3.34206880371933, 54.888808584174875 ], [ -3.342360689558507, 54.886146958131093 ], [ -3.341129485198614, 54.885642000795407 ], [ -3.338371955420343, 54.885977982284906 ], [ -3.341392603223944, 54.885209508976629 ], [ -3.342588368560435, 54.884227480597225 ], [ -3.342762767498086, 54.883706094692087 ], [ -3.341223969858773, 54.882480173806748 ], [ -3.326891119647541, 54.88524388452683 ], [ -3.339459056049902, 54.88641625438126 ], [ -3.341705020413974, 54.885978953547799 ], [ -3.341716952299095, 54.889011087562992 ], [ -3.348663565251379, 54.889506633659394 ], [ -3.347306235511211, 54.891393722465551 ], [ -3.342386106365197, 54.889395533615051 ], [ -3.338173879024321, 54.888232344725594 ], [ -3.334963381926973, 54.888454607034049 ], [ -3.345705031992857, 54.891348563042683 ], [ -3.334959069391752, 54.888654169038276 ], [ -3.339756320941382, 54.896263786756855 ], [ -3.332617199153936, 54.888696063090102 ], [ -3.329648297178328, 54.891568535919305 ], [ -3.322466939733456, 54.889622138271406 ], [ -3.324194821477068, 54.889634767545047 ], [ -3.325643701210375, 54.888652846014033 ], [ -3.326551229988138, 54.887045024876109 ], [ -3.325992463455695, 54.886598174858072 ], [ -3.326498851918311, 54.886542317304986 ], [ -3.302201852779988, 54.885124662676645 ], [ -3.303126513574578, 54.882958736933098 ], [ -3.288570497234306, 54.872320535908941 ], [ -3.28959845240743, 54.880207492919951 ], [ -3.281928656373927, 54.875662137616686 ], [ -3.287084742055085, 54.867314294036163 ], [ -3.281932944065642, 54.861510092740112 ], [ -3.285582938002616, 54.859098899991032 ], [ -3.291451597243696, 54.860367612169306 ], [ -3.295753756693513, 54.858736444226345 ], [ -3.297252387551983, 54.85757008700552 ], [ -3.296223623121201, 54.855657826349329 ], [ -3.295155012240342, 54.855075180640384 ], [ -3.287997063401759, 54.853459052033351 ], [ -3.285221864622858, 54.853967476956853 ], [ -3.283519779032739, 54.853050821952394 ], [ -3.285028088438209, 54.854045918783704 ], [ -3.294773088815464, 54.855115202923947 ], [ -3.29701573440966, 54.857380290531069 ], [ -3.284782019140515, 54.858995937515836 ], [ -3.280210979634601, 54.861891340691663 ], [ -3.277794026387086, 54.877785326182952 ], [ -3.288045461207032, 54.892600096042109 ], [ -3.275131378193367, 54.891734295936175 ], [ -3.274641552769844, 54.890689747652132 ], [ -3.278187931898349, 54.891310333254019 ], [ -3.281227339106219, 54.890642924392949 ], [ -3.282315654274236, 54.889859449510574 ], [ -3.277942189592428, 54.886307118212933 ], [ -3.279333093398068, 54.889317525751792 ], [ -3.275336597486762, 54.890580897862115 ], [ -3.277167801597299, 54.885581019511193 ], [ -3.272455396823031, 54.891076646019954 ], [ -3.26983668405225, 54.890105589026625 ], [ -3.270776720923391, 54.890350091529371 ], [ -3.271924728038969, 54.890069361930728 ], [ -3.272281879255443, 54.889479664590887 ], [ -3.27161202181624, 54.889199992000385 ], [ -3.272274998871341, 54.889162493173899 ], [ -3.273643776244854, 54.887925007395452 ], [ -3.273374887450543, 54.887259188639987 ], [ -3.271009148622416, 54.888621244192223 ], [ -3.271612591084478, 54.889960291866835 ], [ -3.269811047569456, 54.888547500018191 ], [ -3.269665635764304, 54.890466859690278 ], [ -3.266408173673377, 54.891693449614344 ], [ -3.266525443833668, 54.889716871315855 ], [ -3.267742350105273, 54.889445348581248 ], [ -3.268423043126949, 54.888681531176772 ], [ -3.268009078470213, 54.888159211654333 ], [ -3.262994043194122, 54.888468494374145 ], [ -3.2661628724789, 54.885663891336122 ], [ -3.253402772773873, 54.895442039192915 ], [ -3.255431039212691, 54.901092811215165 ], [ -3.252604738426976, 54.897511896940607 ], [ -3.248568823205697, 54.902089199104743 ], [ -3.254342003035124, 54.910856778545636 ], [ -3.23269712649497, 54.90907601802472 ], [ -3.221576604699316, 54.901795647779899 ], [ -3.209427037218874, 54.903641814721595 ], [ -3.200838147809379, 54.907827769278867 ], [ -3.202239569767438, 54.909370450547804 ], [ -3.198386103696387, 54.908139563967232 ], [ -3.192244785159874, 54.911341824131021 ], [ -3.191983699719507, 54.909556100496957 ], [ -3.191756376360372, 54.909277821022599 ], [ -3.189755442050529, 54.908971206379832 ], [ -3.187893541971836, 54.90967692677556 ], [ -3.186910305510493, 54.90934053918145 ], [ -3.188410630801576, 54.907692045919774 ], [ -3.190622288079457, 54.908481912632205 ], [ -3.192302604415941, 54.907282751016091 ], [ -3.192602209531331, 54.906654318444176 ], [ -3.189719764237807, 54.905435191672318 ], [ -3.192156880312365, 54.900927707640683 ], [ -3.191983349314353, 54.90033267635917 ], [ -3.185148826766101, 54.898762123959116 ], [ -3.1900658733474, 54.898716748296579 ], [ -3.189991433743963, 54.892584731351803 ], [ -3.187574296568875, 54.890411115474507 ], [ -3.184163683965715, 54.891071704384018 ], [ -3.189898013915128, 54.892654887546719 ], [ -3.184945026700212, 54.898725468217755 ], [ -3.191803465245493, 54.900419817437992 ], [ -3.186683877410537, 54.909066851941439 ], [ -3.186831799930577, 54.909389892220062 ], [ -3.187383545005295, 54.909732239100578 ], [ -3.19137251311474, 54.909325621922875 ], [ -3.192154936784206, 54.911468523022023 ], [ -3.202555380810869, 54.909499433272906 ], [ -3.20971060292449, 54.903892424035533 ], [ -3.2212308047076, 54.902376089388476 ], [ -3.233609052989998, 54.911352154157804 ], [ -3.248952054542975, 54.913811515543891 ], [ -3.280141751449335, 54.903014283049366 ], [ -3.313693364955842, 54.914889314287393 ], [ -3.285426962383753, 54.941416699753724 ], [ -3.26533498139556, 54.943028605451012 ], [ -3.268936085445274, 54.937067736006696 ], [ -3.232199237319581, 54.953214240870714 ], [ -3.190122202962321, 54.951041659252347 ], [ -3.155153387584095, 54.932352016762714 ], [ -3.118867542591715, 54.925342966955164 ], [ -3.050190059825462, 54.945992792290525 ], [ -3.048589445866429, 54.945079178965543 ], [ -3.050683982328679, 54.944758237823613 ], [ -3.051376689348186, 54.943604639743079 ], [ -3.052944103742427, 54.943725872608127 ], [ -3.053046929422127, 54.943299908326424 ], [ -3.05217045220542, 54.942914777744932 ], [ -3.009604659732064, 54.946174018451863 ], [ -3.005806888758829, 54.930633322625837 ], [ -2.995859029895086, 54.935916759866444 ], [ -3.008030658323516, 54.947035427286671 ], [ -3.040027320019861, 54.946082870504604 ], [ -3.055355612711522, 54.953397983345894 ], [ -3.066504839386656, 54.948648314878255 ], [ -3.066270472580354, 54.950116111299984 ], [ -3.076946135464842, 54.952120406275071 ], [ -3.068568082206809, 54.948911480060744 ], [ -3.082840227547637, 54.939969142725658 ], [ -3.129782239454684, 54.934398682033041 ], [ -3.11748608931152, 54.936018561322236 ], [ -3.115634826433585, 54.937592986486692 ], [ -3.128646163602859, 54.938026441521131 ], [ -3.131115989062661, 54.9476041153045 ], [ -3.120937858179373, 54.951920408735752 ], [ -3.115055581842246, 54.947061421729686 ], [ -3.11596286746372, 54.952364299037434 ], [ -3.108727930859087, 54.949108982794733 ], [ -3.113719129820169, 54.953327592399908 ], [ -3.103319735288758, 54.954590708384615 ], [ -3.116266149441253, 54.96065632989832 ], [ -3.094989487320436, 54.966212234019721 ], [ -3.108503366221593, 54.967664255376633 ], [ -3.104020318741222, 54.971368052660097 ], [ -3.075680918057011, 54.96759151978052 ], [ -3.058414699732568, 54.983060008541834 ], [ -3.060936251410361, 54.977291933996376 ], [ -3.056595730855009, 54.982820604295796 ], [ -3.039165307236925, 54.967551432195414 ], [ -3.00882919406181, 54.974234199249665 ], [ -3.040764124825332, 54.969214675875804 ], [ -3.037869322657678, 54.974051798085554 ], [ -3.051035071628043, 54.98494381972683 ], [ -3.047402352716877, 54.983975186259286 ], [ -3.044990033378965, 54.981259249938212 ], [ -3.045448407945524, 54.982662625890988 ], [ -3.04232023955133, 54.979536049434671 ], [ -3.041750603383385, 54.979622709729853 ], [ -3.04688719837507, 54.98468842931954 ], [ -3.056368946638069, 54.986561040892376 ], [ -3.044043300434408, 54.998722207086757 ], [ -3.049494359737317, 55.009377511852577 ], [ -3.025872212921176, 55.036453481980693 ], [ -3.053417051271334, 55.047278877213095 ], [ -3.051049368981548, 55.052730847783032 ], [ -2.958693451251404, 55.049268773690962 ], [ -2.936447504071463, 55.059613773612028 ], [ -2.940421023935967, 55.069160025799974 ], [ -2.915157633489415, 55.078862009595952 ], [ -2.896826974911135, 55.077973959047647 ], [ -2.870856506576384, 55.106260185270891 ], [ -2.844536854003263, 55.11186069081613 ], [ -2.841247257748834, 55.12249359660985 ], [ -2.827604910197662, 55.124832715643251 ], [ -2.83297697348514, 55.13264472971089 ], [ -2.825499446216853, 55.138310247434035 ], [ -2.784915158934516, 55.141772153041181 ], [ -2.732556298805826, 55.167284643259777 ], [ -2.703502355493033, 55.173164687997783 ], [ -2.689785050420071, 55.188981358306677 ], [ -2.674549906858378, 55.175888485543396 ], [ -2.6832485796106, 55.166627468130315 ], [ -2.677318975037174, 55.155484509683937 ], [ -2.656933720993496, 55.136128523850545 ], [ -2.598896106620821, 55.124572237736977 ], [ -2.593551860876378, 55.10511642180748 ], [ -2.583491741476138, 55.09699212096163 ], [ -2.568419001778047, 55.096257354695211 ], [ -2.562129598819664, 55.08345789583521 ], [ -2.532250259042813, 55.082756476722537 ], [ -2.503699982539675, 55.090746218692146 ], [ -2.486334234749424, 55.083041120477219 ], [ -2.501227594830144, 55.075220268464811 ], [ -2.492193196952746, 55.068149079628057 ], [ -2.503978210261759, 55.062425183752374 ], [ -2.483042899765163, 55.040014052468322 ], [ -2.526905201336541, 55.032935080019378 ], [ -2.573179960059873, 55.016109359820852 ], [ -2.573303700534087, 54.987632074112483 ], [ -2.601422648561198, 54.971334292624981 ], [ -2.595562329107397, 54.963474908289747 ], [ -2.568419366020199, 54.958284932659154 ], [ -2.567642553502026, 54.940849595313502 ], [ -2.545265796191459, 54.929165510297878 ], [ -2.566214796742452, 54.919231365606734 ], [ -2.576407980741384, 54.896710130046337 ], [ -2.605424474411577, 54.884375195294894 ], [ -2.573346594025935, 54.853539134357796 ], [ -2.582665459912655, 54.845859802597737 ], [ -2.577946236230919, 54.836447391811561 ], [ -2.558301069338834, 54.816717708071792 ], [ -2.52328521687858, 54.806074629271606 ], [ -2.495578501585398, 54.810235826880202 ], [ -2.460589376930814, 54.834163718947018 ], [ -2.45222859033801, 54.832018635623434 ], [ -2.422684112551884, 54.842826246411349 ], [ -2.411617316947335, 54.856423951507871 ], [ -2.389597112179186, 54.831942039355795 ], [ -2.372662876357752, 54.827372592486661 ], [ -2.348422053099901, 54.807072276972796 ], [ -2.32737850703288, 54.805325518767177 ], [ -2.312082839722018, 54.791008114013131 ], [ -2.308480174005112, 54.773535851856948 ], [ -2.322472099215943, 54.76396381536118 ], [ -2.33229934929408, 54.731989082512335 ], [ -2.325740311385432, 54.726622118819897 ], [ -2.355476095996725, 54.69791607658297 ], [ -2.351587854545465, 54.685728920335983 ], [ -2.327563608304148, 54.670865812328451 ], [ -2.292869051540829, 54.663877692536126 ], [ -2.287972887420124, 54.650472291971589 ], [ -2.324932215278341, 54.631642267775376 ], [ -2.304509139457561, 54.596189546947457 ], [ -2.209482595415714, 54.551704572422075 ], [ -2.197524814308516, 54.532695045940415 ], [ -2.172392226241923, 54.532435163998997 ], [ -2.161690388836679, 54.464722784560671 ], [ -2.170207009052914, 54.458189228355018 ], [ -2.1775025011455, 54.461616235583612 ], [ -2.189310028496088, 54.448968885276351 ], [ -2.249534149325359, 54.451933856883208 ], [ -2.271342985852824, 54.440906477367911 ], [ -2.292860535916827, 54.439297844122649 ], [ -2.291848800327056, 54.431452815682924 ], [ -2.307975353734252, 54.420677714702727 ], [ -2.305502181790146, 54.397109996299555 ], [ -2.291982125217062, 54.391476207063072 ], [ -2.297435975497072, 54.376888485082098 ], [ -2.317038059884576, 54.376300233506861 ], [ -2.344643640629734, 54.359618074318753 ], [ -2.367708012827916, 54.356060252112982 ], [ -2.309837390137959, 54.324303918899076 ], [ -2.323028407173063, 54.311071566729581 ], [ -2.31718817642642, 54.287154041973572 ], [ -2.325888084770825, 54.2796812809326 ], [ -2.315510668961328, 54.270273153200115 ], [ -2.32564308318206, 54.241426580650646 ], [ -2.34804877007975, 54.237795048662989 ], [ -2.362313418689668, 54.249741199975993 ], [ -2.372321519673239, 54.248223280938483 ], [ -2.37301694089669, 54.240087583435503 ], [ -2.396775935878657, 54.239369971341176 ], [ -2.403625546065526, 54.225572271047334 ], [ -2.435424138108929, 54.222865954346112 ], [ -2.46085946879788, 54.226705105559809 ], [ -2.459581943299329, 54.239557462870792 ], [ -2.557792373940252, 54.198657902120409 ], [ -2.605751922497439, 54.194343187492748 ], [ -2.63996406002005, 54.20203481789909 ], [ -2.679876535498629, 54.161123970903645 ], [ -2.736489881115597, 54.169016411037703 ], [ -2.734387520693895, 54.18410058863126 ], [ -2.749301944730317, 54.188944702329636 ], [ -2.768232721773797, 54.185953877460094 ], [ -2.799230400377403, 54.197721870943752 ], [ -2.81633398472073, 54.18979958764794 ], [ -2.815626126772864, 54.182103758952898 ], [ -2.837217667569349, 54.174162353921147 ], [ -2.86949241460619, 54.176676661586427 ], [ -2.857433593661699, 54.178975907637572 ], [ -2.86411945460076, 54.192030372644787 ], [ -2.835403309723132, 54.205213860850549 ], [ -2.827689904609792, 54.202976162798834 ], [ -2.829961491800066, 54.204181053029977 ], [ -2.827544076799845, 54.203120068312145 ], [ -2.825092547764097, 54.202802546834938 ], [ -2.822055430146731, 54.203101930598514 ], [ -2.819539038389773, 54.203997170841831 ], [ -2.828079560871493, 54.203909097879716 ], [ -2.78581436335869, 54.226435654268613 ], [ -2.800567803369881, 54.246027598229574 ], [ -2.812837721520139, 54.244651249988792 ], [ -2.812804078459399, 54.249807643162868 ], [ -2.80240453558755, 54.249415375058099 ], [ -2.793894580541732, 54.252464590035956 ], [ -2.804264557503802, 54.250041092462084 ], [ -2.812172290621382, 54.261235980922706 ], [ -2.806381358810172, 54.251395751620919 ], [ -2.813915481502727, 54.249897207731905 ], [ -2.814381325983602, 54.244252564982318 ], [ -2.801396559307985, 54.244368378523816 ], [ -2.804254107796079, 54.233808717128909 ], [ -2.794381511216079, 54.227410346295819 ], [ -2.832196686645189, 54.219201038971541 ], [ -2.841468137067393, 54.207165104055385 ], [ -2.835633124781827, 54.216369517057245 ], [ -2.836001995542247, 54.218914949538785 ], [ -2.842473912697613, 54.20550794164707 ], [ -2.905004567963966, 54.194716690562458 ], [ -2.935236613064704, 54.166964314219847 ], [ -2.931862758416853, 54.151382288898404 ], [ -2.94742791707055, 54.163762816252671 ], [ -2.948123141195991, 54.157662719372787 ], [ -2.939282421256977, 54.156577091226318 ], [ -2.968382360043183, 54.146015915504741 ], [ -2.971817860195878, 54.147651875487512 ], [ -2.993876569537985, 54.149308878552326 ], [ -2.996678432458755, 54.155744379186366 ], [ -3.005960868361539, 54.157243638027538 ], [ -2.997307693553278, 54.173121632316743 ], [ -2.99297112550553, 54.170260700143871 ], [ -2.994738518110281, 54.172032889650772 ], [ -2.993430862630564, 54.172185693399243 ], [ -2.992486934971767, 54.173262128951443 ], [ -2.993367039150731, 54.177128618037806 ], [ -2.994116297095822, 54.177514303005339 ], [ -2.995822088024251, 54.177473244610631 ], [ -2.99608379919755, 54.177780260629646 ], [ -2.994357778714615, 54.17793653368571 ], [ -2.989427310901439, 54.179473617220651 ], [ -2.996754894154272, 54.178864029876109 ], [ -2.993808077757999, 54.178397652431713 ], [ -2.995998995995452, 54.178076661058725 ], [ -2.996299889734122, 54.177655339879749 ], [ -2.995757943655804, 54.177354237194137 ], [ -2.994170624217003, 54.177415887353909 ], [ -2.993616356065363, 54.17711128170469 ], [ -2.993629990197411, 54.172312576054985 ], [ -2.995978741594184, 54.173218016754603 ], [ -2.994970893956917, 54.175331295381881 ], [ -2.996064998066811, 54.175914546474942 ], [ -3.006525995671412, 54.172260288326747 ], [ -3.009694720675227, 54.176816650537781 ], [ -3.008247938199991, 54.176544758453645 ], [ -3.005078422565009, 54.178328374779035 ], [ -3.005067292846854, 54.180269835877795 ], [ -3.010292271635907, 54.176943759384585 ], [ -3.009825839324783, 54.182762790926162 ], [ -3.038760546205278, 54.197184810552535 ], [ -3.023033082288812, 54.19164542393662 ], [ -3.034757804036274, 54.196491253288492 ], [ -3.014545584073901, 54.206358341680875 ], [ -3.027692801260088, 54.224949565842465 ], [ -3.028558844846397, 54.220422224208022 ], [ -3.033615481080321, 54.229261563953187 ], [ -3.046318408572302, 54.226757574252382 ], [ -3.04876490273141, 54.233224581993717 ], [ -3.033973751972157, 54.239664519541982 ], [ -3.033251132481611, 54.243781714660869 ], [ -3.028989990272025, 54.241577530673844 ], [ -3.032096864785395, 54.239284249983584 ], [ -3.030204546953874, 54.23692857522461 ], [ -3.014358934513498, 54.239840218735495 ], [ -3.031552610731681, 54.238810761941949 ], [ -3.027316316945424, 54.241534289157407 ], [ -3.03105447680768, 54.245538758892984 ], [ -3.028695643177954, 54.245781813554387 ], [ -3.027985135291174, 54.246647104328581 ], [ -3.029877827508606, 54.249805413128968 ], [ -3.029292920806853, 54.251894665386679 ], [ -3.030252105068072, 54.252875120053936 ], [ -3.028651144734215, 54.253304926992278 ], [ -3.025397786228144, 54.255126600689387 ], [ -3.024521561377127, 54.256313241448041 ], [ -3.023793319445688, 54.256039911602031 ], [ -3.022765131900669, 54.256113352771052 ], [ -3.0149150379471, 54.26049021836841 ], [ -3.012538276339691, 54.262295166062273 ], [ -3.009610984931467, 54.265831214276879 ], [ -3.00836003522219, 54.268928957269537 ], [ -3.030529003891522, 54.253022847790682 ], [ -3.036971450968735, 54.24007017230965 ], [ -3.048058510198384, 54.242277816549191 ], [ -3.052185664129206, 54.235798518021774 ], [ -3.053119510663086, 54.220836479585202 ], [ -3.032418980994358, 54.211306659221286 ], [ -3.053135801050284, 54.198879107653909 ], [ -3.061942130692541, 54.180457579753515 ], [ -3.062192304318042, 54.184119724677387 ], [ -3.063385826570072, 54.186201564822973 ], [ -3.060856423102817, 54.161988973121382 ], [ -3.077975847766173, 54.153966188882556 ], [ -3.104650777274092, 54.11999521855499 ] ] ], [ [ [ -3.254313524514402, 54.218065749780102 ], [ -3.25199496211891, 54.218938335278153 ], [ -3.254176366395206, 54.217335554329601 ], [ -3.254313524514402, 54.218065749780102 ] ] ], [ [ [ -3.232769260422273, 54.262237406619612 ], [ -3.232464711559006, 54.260057355915521 ], [ -3.233078258816366, 54.259833572884538 ], [ -3.232769260422273, 54.262237406619612 ] ] ], [ [ [ -3.291637680665019, 54.860145447992991 ], [ -3.29054129083171, 54.860158005395284 ], [ -3.290360021018613, 54.859311546850812 ], [ -3.291637680665019, 54.860145447992991 ] ] ], [ [ [ -3.287719053318407, 54.879291878158412 ], [ -3.288641560450223, 54.881189155557401 ], [ -3.28534890205877, 54.878282571656278 ], [ -3.287719053318407, 54.879291878158412 ] ] ], [ [ [ -3.17691034041319, 54.063504837040576 ], [ -3.172296666130159, 54.064289626070064 ], [ -3.173738931336056, 54.061846961724356 ], [ -3.17691034041319, 54.063504837040576 ] ] ], [ [ [ -2.975588780522068, 54.146612037481951 ], [ -2.97566452409349, 54.147554247730945 ], [ -2.972043427581905, 54.145125371100193 ], [ -2.984846025528512, 54.137108393732035 ], [ -3.016466128345521, 54.132564566754887 ], [ -3.009326911366395, 54.140509721055444 ], [ -2.999905996363743, 54.139401956142244 ], [ -3.006650848700859, 54.142705399834227 ], [ -3.002968291363522, 54.150013614015251 ], [ -3.00159277054392, 54.149989115722569 ], [ -2.997806329402966, 54.148460270617875 ], [ -2.994448718729248, 54.147820258888672 ], [ -3.000644550898015, 54.152381479193615 ], [ -2.995446774266785, 54.149344438073669 ], [ -2.975588780522068, 54.146612037481951 ] ] ], [ [ [ -3.041677298350858, 54.173285221401713 ], [ -3.040765220252157, 54.173995060130167 ], [ -3.040706993495054, 54.172469425470133 ], [ -3.041677298350858, 54.173285221401713 ] ] ], [ [ [ -3.001140767109545, 54.934343826455056 ], [ -3.001909134663657, 54.933295933633751 ], [ -3.001700181831159, 54.934307763307338 ], [ -3.001140767109545, 54.934343826455056 ] ] ], [ [ [ -3.002013917695529, 54.935814945472814 ], [ -2.999715088003316, 54.936076518465939 ], [ -3.001800896288253, 54.934717626144476 ], [ -3.002013917695529, 54.935814945472814 ] ] ], [ [ [ -3.039897598639672, 54.97503468776371 ], [ -3.038879500078123, 54.974329846937373 ], [ -3.039308613289317, 54.973583878706869 ], [ -3.039897598639672, 54.97503468776371 ] ] ] ] } },
{ "type": "Feature", "properties": { "area_name": "Darlington" }, "geometry": { "type": "Polygon", "coordinates": [ [ [ -1.682413379548008, 54.617761523934327 ], [ -1.60675365911537, 54.617530632552203 ], [ -1.606208348367913, 54.60343036271005 ], [ -1.584182787876916, 54.610476123995298 ], [ -1.593399846068779, 54.595067150172383 ], [ -1.583306433899887, 54.580898338407472 ], [ -1.552814942670534, 54.582331737033478 ], [ -1.562126370869413, 54.585765489548649 ], [ -1.558635155135955, 54.592106523397057 ], [ -1.484676774201546, 54.599672558590797 ], [ -1.456068996059412, 54.59920956060175 ], [ -1.444337433163718, 54.590478560450251 ], [ -1.423301404973446, 54.603117354562571 ], [ -1.407345829487534, 54.593752362359567 ], [ -1.416772486434043, 54.575659813601582 ], [ -1.411298269109252, 54.564886726665122 ], [ -1.446744974522759, 54.555657149607207 ], [ -1.449631134789509, 54.532950349562526 ], [ -1.421474674152247, 54.519626095526426 ], [ -1.43308489797551, 54.489329132127807 ], [ -1.459974019321943, 54.50425830846396 ], [ -1.475551237586857, 54.498568853572834 ], [ -1.458463449390702, 54.49282813927902 ], [ -1.457100469014263, 54.452002749195245 ], [ -1.472042388482481, 54.455588264743028 ], [ -1.475362923800828, 54.473833897871486 ], [ -1.499042786416916, 54.475667005610795 ], [ -1.49176592121656, 54.486189231509947 ], [ -1.511331368876957, 54.475001013495145 ], [ -1.514122533101734, 54.483763833936926 ], [ -1.529149885067003, 54.484707586174075 ], [ -1.530141702178032, 54.475739693234303 ], [ -1.520139145965609, 54.470827647620247 ], [ -1.54566363245838, 54.471227292861876 ], [ -1.555186261877706, 54.484966997563191 ], [ -1.582928539739918, 54.497064358267011 ], [ -1.579106462399138, 54.505103454009145 ], [ -1.591871914128497, 54.504289827440701 ], [ -1.581059702290757, 54.5128345285897 ], [ -1.602628515450538, 54.510570667912681 ], [ -1.600614302484021, 54.517086765599615 ], [ -1.612098274156063, 54.519981066565094 ], [ -1.633319929918903, 54.514100566247102 ], [ -1.640182781961184, 54.517079663208797 ], [ -1.632284233412487, 54.523998326565433 ], [ -1.654665816135421, 54.524639413099308 ], [ -1.657927764406777, 54.534578309661178 ], [ -1.696916820734127, 54.535996076635165 ], [ -1.705264808765841, 54.549161787814704 ], [ -1.691197454948732, 54.556234442898756 ], [ -1.709272859322311, 54.56316939984751 ], [ -1.708975256660598, 54.574131725470721 ], [ -1.694018852195555, 54.586884015234212 ], [ -1.679302830336968, 54.585963448062685 ], [ -1.682413379548008, 54.617761523934327 ] ] ] } },
{ "type": "Feature", "properties": { "area_name": "Derby" }, "geometry": { "type": "Polygon", "coordinates": [ [ [ -1.495408993686909, 52.965861038522945 ], [ -1.467645425614018, 52.964802423543112 ], [ -1.468555936345404, 52.950643799461524 ], [ -1.409283596408017, 52.950303898430747 ], [ -1.422901089205271, 52.938513783967707 ], [ -1.420227722314508, 52.931907061617238 ], [ -1.383078227783352, 52.925912928761214 ], [ -1.388267707032206, 52.901449829131842 ], [ -1.402776643017809, 52.900443990045233 ], [ -1.420382005745761, 52.881898710924098 ], [ -1.416469570272327, 52.875680420636087 ], [ -1.42978291848692, 52.870192255622946 ], [ -1.423572744403647, 52.865059855798428 ], [ -1.43821677945893, 52.861672643827241 ], [ -1.463761872688601, 52.872467484040349 ], [ -1.493670864643708, 52.869722968009533 ], [ -1.503116035914688, 52.884827347952246 ], [ -1.541694782505552, 52.889522035417421 ], [ -1.555114706388912, 52.906032604375433 ], [ -1.552880915282455, 52.922560168074369 ], [ -1.508032616892755, 52.937433933703822 ], [ -1.507647697017462, 52.954312517892362 ], [ -1.497804326356334, 52.955986522332225 ], [ -1.495408993686909, 52.965861038522945 ] ] ] } },
{ "type": "Feature", "properties": { "area_name": "Derbyshire" }, "geometry": { "type": "Polygon", "coordinates": [ [ [ -1.319193637142527, 53.010196599630625 ], [ -1.287851586754043, 52.969789282612126 ], [ -1.292504856137721, 52.955554461768294 ], [ -1.281034823507762, 52.949139122805242 ], [ -1.28180616918693, 52.910274243221714 ], [ -1.245121603593173, 52.902173878147607 ], [ -1.240060495112326, 52.880089370062322 ], [ -1.266109650131263, 52.873292519103245 ], [ -1.306000630148435, 52.877061526603917 ], [ -1.325338771587028, 52.865962966877845 ], [ -1.344868647979524, 52.867514189314711 ], [ -1.351179110107186, 52.853270745463952 ], [ -1.360725525872088, 52.855352341593303 ], [ -1.394329313284083, 52.836754681595885 ], [ -1.387942819058822, 52.833079375332623 ], [ -1.417711947656811, 52.801597464839993 ], [ -1.443568702462179, 52.802726487873407 ], [ -1.441897706281154, 52.793515107296315 ], [ -1.462786195561475, 52.786845894310744 ], [ -1.455890070689868, 52.777076949170166 ], [ -1.46876435882859, 52.766773830272271 ], [ -1.494071190886312, 52.759071513330177 ], [ -1.503950223361384, 52.767444786124678 ], [ -1.554849148172233, 52.762003797765942 ], [ -1.562499192211079, 52.750569593051289 ], [ -1.544751420232458, 52.730284259059893 ], [ -1.563875914500368, 52.711180243530883 ], [ -1.577125560194999, 52.711746010655716 ], [ -1.604009015260533, 52.696705561969701 ], [ -1.635346947191705, 52.702465915081717 ], [ -1.655048189358831, 52.698781529348381 ], [ -1.656614328140391, 52.721731251318822 ], [ -1.704516627568574, 52.731041265922926 ], [ -1.692241687873352, 52.744105224615389 ], [ -1.696770150653485, 52.752843962832081 ], [ -1.665609420502985, 52.785145166880753 ], [ -1.649935431967833, 52.779464454596834 ], [ -1.638248114353362, 52.786710954385228 ], [ -1.626963038210733, 52.77975498916873 ], [ -1.619294382686036, 52.785150448489006 ], [ -1.611134528359642, 52.78138615212282 ], [ -1.614350313358843, 52.788256563048215 ], [ -1.587981144070488, 52.802126052553767 ], [ -1.610328507300318, 52.817032373492978 ], [ -1.585356421873269, 52.831696888145814 ], [ -1.626570817088097, 52.854346781583814 ], [ -1.68998959012001, 52.864417500013154 ], [ -1.700612888656323, 52.860565803896961 ], [ -1.705906410976078, 52.866716085718615 ], [ -1.725326045910871, 52.85964563663736 ], [ -1.777224176174265, 52.883797211869037 ], [ -1.791155054947277, 52.880265401921683 ], [ -1.801381118695407, 52.88615566630493 ], [ -1.812310050988436, 52.88066563588395 ], [ -1.832719686591361, 52.886812443009255 ], [ -1.830002030869072, 52.896571013976001 ], [ -1.847607635844684, 52.908991137696745 ], [ -1.842610580074316, 52.912971392814121 ], [ -1.855599240066643, 52.920807650394934 ], [ -1.854079734981373, 52.930841435477383 ], [ -1.829935502042331, 52.945523924321485 ], [ -1.826115433657705, 52.977469739617419 ], [ -1.762573571044155, 52.999651393542287 ], [ -1.766071169950435, 53.00921830841321 ], [ -1.757722649117203, 53.017126461922466 ], [ -1.760057054414741, 53.038899298615263 ], [ -1.784699547154999, 53.04991311263727 ], [ -1.775656829404135, 53.0593367787963 ], [ -1.785647131290788, 53.063093734733833 ], [ -1.794242838550362, 53.088376252362366 ], [ -1.782975033815493, 53.093316420151169 ], [ -1.783729369848062, 53.102810210212944 ], [ -1.821456873977849, 53.135824546723548 ], [ -1.812027647827849, 53.152726377932517 ], [ -1.832016654806909, 53.172797017235972 ], [ -1.873976904324673, 53.195342501901919 ], [ -1.908047852027438, 53.198521491144568 ], [ -1.95671076901119, 53.213729370990109 ], [ -1.962367720807761, 53.226223955596005 ], [ -1.987411408211484, 53.213567509951396 ], [ -1.990267941930029, 53.222980876610492 ], [ -1.974861737718859, 53.231043425936711 ], [ -1.999733824242341, 53.245031699238893 ], [ -2.009483850010291, 53.260635823071659 ], [ -2.00155167871523, 53.318905611150306 ], [ -2.014319928873611, 53.340042475709801 ], [ -2.004660619798305, 53.345993746996491 ], [ -2.008999073405747, 53.361995042305828 ], [ -2.031729237554388, 53.365713298646341 ], [ -2.033776314354985, 53.375525589116322 ], [ -2.021473090013755, 53.375043079024699 ], [ -2.004644221410369, 53.386311250835597 ], [ -1.992331620507523, 53.415176970023623 ], [ -2.02371120127628, 53.420535552706269 ], [ -2.027318114610842, 53.432389729433581 ], [ -2.01365709353258, 53.439866940918691 ], [ -2.004217928263161, 53.435905537303285 ], [ -2.008307279705846, 53.44143593692565 ], [ -1.985564383006182, 53.455742372604313 ], [ -1.987822225485953, 53.481093652701269 ], [ -1.97463333358815, 53.487918322118247 ], [ -1.971321709248578, 53.504542546499245 ], [ -1.963388350592462, 53.509810293629947 ], [ -1.951334898822851, 53.504181982174963 ], [ -1.921974739787748, 53.509937939460109 ], [ -1.916768260804111, 53.514478969471881 ], [ -1.926782533655177, 53.520931966057127 ], [ -1.911892382251085, 53.53801692308015 ], [ -1.894110879866384, 53.533595549203419 ], [ -1.873493750885763, 53.540413902672391 ], [ -1.841821831867924, 53.519892680434609 ], [ -1.827151833394369, 53.523492028082011 ], [ -1.819524663591628, 53.513411981183708 ], [ -1.800779389680879, 53.511362562907969 ], [ -1.810399740963637, 53.506324004422098 ], [ -1.79628899771968, 53.503136901889604 ], [ -1.801471575017977, 53.48097563924366 ], [ -1.768437953009884, 53.464750516080443 ], [ -1.745264067585084, 53.461975407787577 ], [ -1.746719612147833, 53.426148478283508 ], [ -1.72995172145719, 53.415969098999227 ], [ -1.708532817324863, 53.417322809970891 ], [ -1.704966109381564, 53.405039263531897 ], [ -1.694522031287995, 53.401144338507073 ], [ -1.654717696749474, 53.393010039590315 ], [ -1.663951781809924, 53.366875850991342 ], [ -1.590549214189665, 53.345903607696037 ], [ -1.612304318615326, 53.343201403407008 ], [ -1.632728193626023, 53.32082204391773 ], [ -1.628233131815001, 53.31638207965198 ], [ -1.609202754315012, 53.322646679692738 ], [ -1.59909441613273, 53.311300829419103 ], [ -1.58490321434258, 53.321570514713216 ], [ -1.580535086526574, 53.311720654055335 ], [ -1.561366009018381, 53.315803666904543 ], [ -1.561828113247195, 53.306584687412276 ], [ -1.536769905300545, 53.304730966336685 ], [ -1.502132975302887, 53.317564132320896 ], [ -1.467866792046494, 53.317140339071145 ], [ -1.455224785518581, 53.321850967816282 ], [ -1.459881413458432, 53.330671247909258 ], [ -1.44213731683796, 53.337366289095812 ], [ -1.420868033761327, 53.33454949681083 ], [ -1.408747724916993, 53.341946283727168 ], [ -1.386573797333832, 53.334865397497055 ], [ -1.386740037320529, 53.317613118894911 ], [ -1.337667706814408, 53.315850651342593 ], [ -1.328299650276437, 53.328955276603168 ], [ -1.314957520055936, 53.326501900626134 ], [ -1.312298756680409, 53.334145109802172 ], [ -1.288588453604197, 53.326207422746833 ], [ -1.295677672618906, 53.315016073599082 ], [ -1.254294788390181, 53.30173344640216 ], [ -1.230688794444806, 53.308538325484783 ], [ -1.203240351681388, 53.304201724541208 ], [ -1.19974399488272, 53.311418923770844 ], [ -1.187221048221567, 53.303957951417594 ], [ -1.176676960644789, 53.305158501599493 ], [ -1.171564005327258, 53.294616798165478 ], [ -1.180118402021996, 53.287113456424493 ], [ -1.166488830166423, 53.277634489426291 ], [ -1.181543139956833, 53.270010877242207 ], [ -1.174798812028808, 53.265092359817352 ], [ -1.202618769856137, 53.261098100308914 ], [ -1.213028163017387, 53.247652249004958 ], [ -1.201998518697616, 53.235535433015023 ], [ -1.211059078689871, 53.215770350134072 ], [ -1.196937994784596, 53.184799375537253 ], [ -1.241690944569111, 53.178130468131855 ], [ -1.254679632778416, 53.164754802661896 ], [ -1.296098922865048, 53.171164210814467 ], [ -1.300713611311322, 53.16419606449228 ], [ -1.316738337334197, 53.165278727108735 ], [ -1.325618157843091, 53.157588804186702 ], [ -1.312056357908099, 53.109125418254486 ], [ -1.301421682630224, 53.104148223249553 ], [ -1.309253435102828, 53.096750856469576 ], [ -1.302563170522986, 53.088515499030954 ], [ -1.331538095818748, 53.081325827791076 ], [ -1.344592792075817, 53.063262661763908 ], [ -1.319193637142527, 53.010196599630625 ] ], [ [ -1.552880915282455, 52.922560168074369 ], [ -1.555114706388912, 52.906032604375433 ], [ -1.541694782505552, 52.889522035417421 ], [ -1.503116035914688, 52.884827347952246 ], [ -1.493670864643708, 52.869722968009533 ], [ -1.463761872688601, 52.872467484040349 ], [ -1.443566790598555, 52.861099121015833 ], [ -1.423572744403647, 52.865059855798428 ], [ -1.42978291848692, 52.870192255622946 ], [ -1.416469570272327, 52.875680420636087 ], [ -1.418917329489335, 52.884528168307178 ], [ -1.411010879735405, 52.884777804872826 ], [ -1.402776643017809, 52.900443990045233 ], [ -1.388267707032206, 52.901449829131842 ], [ -1.383078227783352, 52.925912928761214 ], [ -1.420227722314508, 52.931907061617238 ], [ -1.422901089205271, 52.938513783967707 ], [ -1.409283596408017, 52.950303898430747 ], [ -1.468555936345404, 52.950643799461524 ], [ -1.467645425614018, 52.964802423543112 ], [ -1.481161479151579, 52.968135164080785 ], [ -1.495408993686909, 52.965861038522945 ], [ -1.497804326356334, 52.955986522332225 ], [ -1.507647697017462, 52.954312517892362 ], [ -1.508032616892755, 52.937433933703822 ], [ -1.552880915282455, 52.922560168074369 ] ] ] } },
{ "type": "Feature", "properties": { "area_name": "East Riding of Yorkshire" }, "geometry": { "type": "MultiPolygon", "coordinates": [ [ [ [ -0.725997714205635, 53.704061277109616 ], [ -0.698491372112791, 53.69763348430277 ], [ -0.699891615449671, 53.696136772084266 ], [ -0.705585383864519, 53.696769214219721 ], [ -0.709972829401098, 53.695843950980908 ], [ -0.699719611660444, 53.695672881096485 ], [ -0.702449721694404, 53.677470479335412 ], [ -0.721762655491544, 53.679340166532484 ], [ -0.723185049290852, 53.673708571564717 ], [ -0.774493949432592, 53.656188802218601 ], [ -0.772130276346828, 53.664054937501412 ], [ -0.788737751822384, 53.659189449199424 ], [ -0.805800111495362, 53.64633520316162 ], [ -0.829147646857413, 53.643215668123375 ], [ -0.84825866020448, 53.633016331639119 ], [ -0.94684020604439, 53.659121886564812 ], [ -0.989979366514371, 53.658963128297906 ], [ -0.991007765568208, 53.673563837334946 ], [ -0.946076125859555, 53.679318844011327 ], [ -0.885446643356892, 53.6943572643479 ], [ -0.866741835667678, 53.696230308027872 ], [ -0.861337100723598, 53.688844331695371 ], [ -0.850331611184417, 53.684759043765347 ], [ -0.811880526945806, 53.704325258737427 ], [ -0.775037788376925, 53.694682399527167 ], [ -0.725997714205635, 53.704061277109616 ] ] ], [ [ [ -0.856359548843507, 53.730691989499661 ], [ -0.844928186733858, 53.710184498249944 ], [ -0.864077371191558, 53.703779794135805 ], [ -0.866381260232926, 53.696628688788749 ], [ -0.885912485656774, 53.694668108882205 ], [ -0.946105947502398, 53.679822467189901 ], [ -0.99160818721022, 53.673967086312153 ], [ -0.990998128809727, 53.661166725740017 ], [ -0.99880552326927, 53.65866960208816 ], [ -1.067899033503983, 53.657256958007387 ], [ -1.1035673189448, 53.669537843051863 ], [ -1.081064274172141, 53.684573142557419 ], [ -1.07493070641864, 53.70397696907775 ], [ -1.062308646886769, 53.706717419810751 ], [ -1.053938456442262, 53.696790386728587 ], [ -1.039019542205267, 53.69367040883462 ], [ -0.98057512741074, 53.696691130994061 ], [ -0.980416797631356, 53.704810917060783 ], [ -0.967948355053151, 53.706518063371512 ], [ -0.96252976145295, 53.700526254173958 ], [ -0.957364257344795, 53.714694089895069 ], [ -0.905438177628043, 53.716670564651089 ], [ -0.905137939810906, 53.727065788586756 ], [ -0.860738094233408, 53.722138794632663 ], [ -0.857586954488387, 53.724332578225464 ], [ -0.856359548843507, 53.730691989499661 ] ] ], [ [ [ -0.861732161116565, 53.726240748232669 ], [ -0.859690837609342, 53.724156662888603 ], [ -0.864305356073292, 53.723500267917132 ], [ -0.861732161116565, 53.726240748232669 ] ] ], [ [ [ -0.245235681150206, 53.736470825418536 ], [ -0.248645527991372, 53.733444567595171 ], [ -0.250174792116597, 53.733272739642381 ], [ -0.245235681150206, 53.736470825418536 ] ] ], [ [ [ -0.390732812400961, 54.17650227540328 ], [ -0.374913312568086, 54.154094474204364 ], [ -0.346382965856708, 54.146854031451731 ], [ -0.323827618213699, 54.150277805885921 ], [ -0.304069052352736, 54.136251150728818 ], [ -0.265405659271958, 54.140538882297186 ], [ -0.229732846858025, 54.132420473638724 ], [ -0.212527732684561, 54.157573962947154 ], [ -0.190148345147298, 54.15467154635747 ], [ -0.093738579356805, 54.128380352526968 ], [ -0.076345479612678, 54.11626773959388 ], [ -0.104713634428812, 54.104105363255314 ], [ -0.164793209114166, 54.099559717078172 ], [ -0.186354948725915, 54.07957619076268 ], [ -0.19841087095405, 54.077898439340089 ], [ -0.212966811996349, 54.053721453244783 ], [ -0.213163325706441, 54.00797867597862 ], [ -0.156803092552068, 53.90370840121814 ], [ -0.130195229663082, 53.872219203064141 ], [ 0.120431448030323, 53.658372808798887 ], [ 0.141783963449899, 53.621961437244629 ], [ 0.147583631421322, 53.60228423897167 ], [ 0.144097853755655, 53.596130998402067 ], [ 0.135961493818539, 53.589095254240384 ], [ 0.108353537920644, 53.57144667096469 ], [ 0.145830731979769, 53.601039995924296 ], [ 0.124571747970959, 53.623391133986871 ], [ 0.079587063751336, 53.640988978570931 ], [ 0.034491139937729, 53.64918784241214 ], [ 0.019483951022525, 53.645226631338559 ], [ 0.007507354380233, 53.652138094466167 ], [ 0.000583593044817, 53.654836775586737 ], [ 0.017334678044999, 53.64489159319843 ], [ -0.054085198164782, 53.628988054196093 ], [ -0.103541181365359, 53.635318672829868 ], [ -0.227247801348002, 53.70847210895478 ], [ -0.236933353900044, 53.726683636151535 ], [ -0.231843732822547, 53.728838893160074 ], [ -0.230332548932624, 53.733562954977117 ], [ -0.234396961160834, 53.728213129604342 ], [ -0.244384450601486, 53.730811269371486 ], [ -0.241428253956903, 53.755034555167327 ], [ -0.254194123954158, 53.763479616877653 ], [ -0.252317303172697, 53.781307617278991 ], [ -0.278242975368585, 53.782039601235034 ], [ -0.31612658342038, 53.81325033171376 ], [ -0.353656805987024, 53.808504667508252 ], [ -0.35351485729117, 53.811545514843495 ], [ -0.354149978030079, 53.814408256067154 ], [ -0.357968834908901, 53.817434172877377 ], [ -0.368956197119602, 53.824359107441531 ], [ -0.381353008742078, 53.827296534773723 ], [ -0.380275503433599, 53.831556257910528 ], [ -0.380925171108431, 53.834766006287744 ], [ -0.384602756660551, 53.839032310297 ], [ -0.399581557421943, 53.843635840036846 ], [ -0.399243976866061, 53.845711379248073 ], [ -0.396125995270087, 53.848263952173731 ], [ -0.393012415355491, 53.853866453525896 ], [ -0.39299244174319, 53.855657682200423 ], [ -0.399156471024122, 53.877799772088721 ], [ -0.407869962899713, 53.882410110423891 ], [ -0.40705030532107, 53.884561062456655 ], [ -0.401043960119345, 53.883072647851819 ], [ -0.394988607448163, 53.885297487596318 ], [ -0.39410043824969, 53.888105425724277 ], [ -0.395444824052344, 53.896069578802376 ], [ -0.382537938225401, 53.901456013697263 ], [ -0.381420349462852, 53.903906605277356 ], [ -0.38375077209168, 53.909783468748607 ], [ -0.376056468260005, 53.913433411469995 ], [ -0.371068315438606, 53.912071447220235 ], [ -0.366927349345324, 53.91331409556998 ], [ -0.356279146786254, 53.925473713888813 ], [ -0.356483824851443, 53.933831686330201 ], [ -0.366967036074661, 53.913545649933447 ], [ -0.376098761164421, 53.913677582170727 ], [ -0.382379957249525, 53.910942552202847 ], [ -0.393422412630073, 53.918992011328015 ], [ -0.411811100199844, 53.924808787189491 ], [ -0.421501817315218, 53.927347347372141 ], [ -0.382631575727752, 53.910774254113015 ], [ -0.38483757120404, 53.90927583895639 ], [ -0.38259192615311, 53.901831577757463 ], [ -0.392442124830348, 53.899478444165347 ], [ -0.395853264839975, 53.895776606123697 ], [ -0.397540500865918, 53.896268358192984 ], [ -0.399391811414617, 53.896330807809676 ], [ -0.403715771770741, 53.895607244931057 ], [ -0.417634084359042, 53.902196951923514 ], [ -0.434845271363532, 53.906703921851523 ], [ -0.436530198715116, 53.905895307025155 ], [ -0.403720154873638, 53.895492245660456 ], [ -0.395855714491266, 53.895553714596666 ], [ -0.395407940290258, 53.885233879078882 ], [ -0.407289078926472, 53.884683782899664 ], [ -0.408090427460376, 53.882133480095973 ], [ -0.406996780462526, 53.881046597242445 ], [ -0.407663340096763, 53.880801055893521 ], [ -0.413936003216548, 53.882646821094355 ], [ -0.399426167400667, 53.877748536414231 ], [ -0.393189803522624, 53.854196925353001 ], [ -0.396290089434076, 53.848425249808209 ], [ -0.399701230193145, 53.845559609353167 ], [ -0.400056889383104, 53.844045783088269 ], [ -0.399717624666701, 53.843376076488624 ], [ -0.394697837691793, 53.839779955264639 ], [ -0.38519245634887, 53.839150813043389 ], [ -0.381721383095783, 53.827279032211457 ], [ -0.35381211155389, 53.811556786334087 ], [ -0.365929800256723, 53.802607600267073 ], [ -0.359597089695946, 53.793359490744308 ], [ -0.392213370626863, 53.791112613901909 ], [ -0.388104116190789, 53.769324615297023 ], [ -0.418198447486922, 53.760611484961132 ], [ -0.422336552957923, 53.750540761496524 ], [ -0.401933736218644, 53.749966641505111 ], [ -0.4221228712288, 53.731755303578019 ], [ -0.419201363689776, 53.719558160752221 ], [ -0.542547297639573, 53.708423253249663 ], [ -0.568295240329667, 53.715016055926128 ], [ -0.583245856710368, 53.726548532058601 ], [ -0.630212183227682, 53.73397282226631 ], [ -0.63724308837024, 53.72887271907949 ], [ -0.618389929219351, 53.730566081724199 ], [ -0.672990307891837, 53.721319695972689 ], [ -0.695974154852485, 53.704341416379847 ], [ -0.742593411316634, 53.706961078274858 ], [ -0.779047140628019, 53.697446009093902 ], [ -0.80966707528288, 53.707176968559935 ], [ -0.851688239317269, 53.686432261424159 ], [ -0.86376566046532, 53.700560708047739 ], [ -0.841773584481443, 53.709472709720828 ], [ -0.848840532720886, 53.730874386286089 ], [ -0.858246679385038, 53.732094223927859 ], [ -0.872274803307995, 53.723990795430439 ], [ -0.909611303505712, 53.727924526880791 ], [ -0.911195448898613, 53.733373400737051 ], [ -0.961061829633196, 53.736695009475362 ], [ -0.962546371040596, 53.746717439748977 ], [ -0.97329847278318, 53.750168093888547 ], [ -0.928363589430274, 53.765309658210093 ], [ -0.934471893066464, 53.801836504740194 ], [ -0.920080644126665, 53.815956251905732 ], [ -0.940605317948812, 53.823498035635971 ], [ -0.948126119538832, 53.862095445780064 ], [ -0.94073973994442, 53.874053263666589 ], [ -0.922680404198934, 53.879453635647842 ], [ -0.919672132486841, 53.889283185751708 ], [ -0.949508695876204, 53.893826342590238 ], [ -0.921671167530495, 53.921214937071539 ], [ -0.928825499581364, 53.929997546261198 ], [ -0.921204379377841, 53.960403012268323 ], [ -0.93410319274972, 53.968653318356736 ], [ -0.925286385809388, 53.991500016089162 ], [ -0.893526169878844, 53.999749744568184 ], [ -0.878435151986339, 54.017166496155909 ], [ -0.798978445143699, 54.024072364035256 ], [ -0.799181495249014, 54.019036490206304 ], [ -0.734247338844366, 54.030240417852156 ], [ -0.730479712511774, 54.012682506656873 ], [ -0.704892918523135, 54.006053954092053 ], [ -0.683671745307111, 54.008745590233346 ], [ -0.678406061399455, 54.018219985517185 ], [ -0.687291061217629, 54.030425513751837 ], [ -0.678491837609375, 54.037231283775093 ], [ -0.659473996550037, 54.037151133030818 ], [ -0.644643279837235, 54.055094652060902 ], [ -0.660306115673023, 54.063081868780166 ], [ -0.61551243811111, 54.070475452598068 ], [ -0.590993170202719, 54.087043989827315 ], [ -0.563125522403462, 54.093981554088863 ], [ -0.524600650957576, 54.085456337265974 ], [ -0.465929824281733, 54.107614530166686 ], [ -0.454338220037085, 54.11674414838766 ], [ -0.45852666964456, 54.125955329655667 ], [ -0.427080356888215, 54.137424152556271 ], [ -0.433154700454665, 54.164054422682248 ], [ -0.418235975638482, 54.174045130678714 ], [ -0.390732812400961, 54.17650227540328 ] ] ] ] } },
{ "type": "Feature", "properties": { "area_name": "Essex" }, "geometry": { "type": "MultiPolygon", "coordinates": [ [ [ [ 0.524632285270655, 51.517959771091192 ], [ 0.521702062803991, 51.518722512196156 ], [ 0.521334596778997, 51.521386163109291 ], [ 0.524632285270655, 51.517959771091192 ] ] ], [ [ [ 0.555366729936429, 51.542186006458572 ], [ 0.585886004212731, 51.536451005398661 ], [ 0.577812005865428, 51.53747685135076 ], [ 0.577079890476107, 51.536158313091661 ], [ 0.577946882304779, 51.53588294319016 ], [ 0.596712999033286, 51.533735848030503 ], [ 0.60161184432535, 51.534879160278614 ], [ 0.60581137319876, 51.530693867938673 ], [ 0.596607240078154, 51.53238466889357 ], [ 0.596074919089201, 51.530492981618316 ], [ 0.631560852967516, 51.525238016013134 ], [ 0.617013971823495, 51.522128060073889 ], [ 0.618817631918607, 51.519844798789606 ], [ 0.636829335298167, 51.521950320405487 ], [ 0.573302704899879, 51.507826386439369 ], [ 0.553539370470972, 51.509933081818005 ], [ 0.54130979768094, 51.520123048334973 ], [ 0.526675004166125, 51.519211720023982 ], [ 0.517966529220908, 51.529868246356571 ], [ 0.534469306723524, 51.530422861964723 ], [ 0.54308142335473, 51.534503783507937 ], [ 0.545903136472587, 51.547388563968106 ], [ 0.555366729936429, 51.542186006458572 ] ] ], [ [ [ 0.582532291213864, 51.53592684498922 ], [ 0.581517110665801, 51.53592761320882 ], [ 0.581430661286426, 51.536209213098871 ], [ 0.582532291213864, 51.53592684498922 ] ] ], [ [ [ 0.5787147478419, 51.536379587040294 ], [ 0.579785820149218, 51.535913550867029 ], [ 0.577375747758515, 51.536315491931951 ], [ 0.5787147478419, 51.536379587040294 ] ] ], [ [ [ 0.579454860509, 51.536793197212965 ], [ 0.578918182221084, 51.536457853209704 ], [ 0.578677575703829, 51.536920911516845 ], [ 0.579454860509, 51.536793197212965 ] ] ], [ [ [ 0.583680300380751, 51.53806718466906 ], [ 0.586293307464468, 51.537530233507766 ], [ 0.582155086376616, 51.538077395303901 ], [ 0.583680300380751, 51.53806718466906 ] ] ], [ [ [ 0.587383191402073, 51.537472915777307 ], [ 0.583275013246268, 51.538295553879074 ], [ 0.589918378929432, 51.53739536816299 ], [ 0.587383191402073, 51.537472915777307 ] ] ], [ [ [ 0.638922615848255, 51.576796221208092 ], [ 0.625113455284682, 51.537016587389957 ], [ 0.606753558860688, 51.535120218096516 ], [ 0.545006247153357, 51.547626569507791 ], [ 0.542142562312792, 51.534424313051005 ], [ 0.516731402654839, 51.529982895940762 ], [ 0.506461820436051, 51.544799051323665 ], [ 0.496498390168433, 51.548702418998943 ], [ 0.502936378452585, 51.552490791380102 ], [ 0.50301884988984, 51.553125758658538 ], [ 0.495932349650985, 51.548823285338628 ], [ 0.499898491926665, 51.545260197082982 ], [ 0.49293586622472, 51.548867229440816 ], [ 0.495660841335387, 51.552954295949668 ], [ 0.504702449233161, 51.558666576189864 ], [ 0.503544995321276, 51.558975475530438 ], [ 0.489156994991637, 51.555082720149294 ], [ 0.493726749726478, 51.546343080154166 ], [ 0.505049514539483, 51.543114196499559 ], [ 0.507106487388503, 51.53750516037946 ], [ 0.48163857819554, 51.548604086058397 ], [ 0.466734354277556, 51.546723235789116 ], [ 0.461587851622435, 51.553695021193668 ], [ 0.4276603038642, 51.545129236017097 ], [ 0.417366639956697, 51.557131025946603 ], [ 0.393502807209822, 51.557652772156267 ], [ 0.391779684989983, 51.567209857714268 ], [ 0.290261757187211, 51.564297618056585 ], [ 0.269851878974815, 51.599572509434623 ], [ 0.253982677892459, 51.60159603204545 ], [ 0.264535526197047, 51.608318301157134 ], [ 0.224060115392102, 51.631734460406562 ], [ 0.168873665250458, 51.621417353191589 ], [ 0.135783275327439, 51.623544792359247 ], [ 0.119280191852034, 51.615366509366474 ], [ 0.092257996084867, 51.613572567463635 ], [ 0.088895088376295, 51.604852035193701 ], [ 0.072805487322372, 51.604685868847049 ], [ 0.048067573411685, 51.613321413810631 ], [ 0.053684756123611, 51.618278007442925 ], [ 0.040761345212624, 51.61572739367783 ], [ 0.021792699130753, 51.628831373087642 ], [ 0.022693126660409, 51.641114055852334 ], [ -0.012286049145822, 51.646227502669184 ], [ -0.01097352932246, 51.685549054935777 ], [ -0.019756980681667, 51.703270429720412 ], [ -0.013536727789666, 51.742212085261784 ], [ 0.001230914144272, 51.745131313238346 ], [ 0.002255128243263, 51.754173664581451 ], [ 0.026772136973075, 51.774174151140059 ], [ 0.051721173810947, 51.776048726255844 ], [ 0.063656690106191, 51.78394731492331 ], [ 0.099227485620308, 51.783224800858875 ], [ 0.125582427977148, 51.79515086409944 ], [ 0.150739820312528, 51.797043003943301 ], [ 0.158281847242239, 51.813510303012912 ], [ 0.173278371597165, 51.817535152836506 ], [ 0.161182047614425, 51.825940379231952 ], [ 0.164807699421063, 51.849643440536369 ], [ 0.173371502807071, 51.849762455964409 ], [ 0.170441077851015, 51.861614656832138 ], [ 0.195566976297101, 51.868078794434041 ], [ 0.174949127529514, 51.882804759363324 ], [ 0.179321694208918, 51.8955461103373 ], [ 0.12473500491121, 51.884577593439644 ], [ 0.124831880672985, 51.923530541224999 ], [ 0.106984129008326, 51.971808800637596 ], [ 0.096433082977216, 51.984316432757502 ], [ 0.069416079492856, 51.982977051992407 ], [ 0.074293456809602, 52.000851202063174 ], [ 0.068098753587675, 52.005779019909447 ], [ 0.080493571081194, 52.008132451052838 ], [ 0.092227063263955, 52.021643864064508 ], [ 0.105708638226708, 52.06025040408381 ], [ 0.119049911555923, 52.059951869287644 ], [ 0.128107831389609, 52.047312048832751 ], [ 0.151089353322223, 52.052841178123835 ], [ 0.166368555836299, 52.048180222892867 ], [ 0.167542542341658, 52.054989086820292 ], [ 0.189894098718561, 52.060190473721434 ], [ 0.183166039040103, 52.073172355036668 ], [ 0.193941447554352, 52.075470248236464 ], [ 0.20343038922925, 52.092662502524838 ], [ 0.235178962887442, 52.088988390481099 ], [ 0.251544194880084, 52.076774698606471 ], [ 0.276200095198179, 52.09262650440553 ], [ 0.3246443166976, 52.07277168085178 ], [ 0.345929778928507, 52.049705948777216 ], [ 0.38632455968776, 52.036064029105503 ], [ 0.379582915280254, 52.049551605464309 ], [ 0.390389985850531, 52.060276684676069 ], [ 0.438095483137846, 52.072300493735426 ], [ 0.453592325884467, 52.068135345502618 ], [ 0.46663637786625, 52.078443668610461 ], [ 0.487115505157001, 52.069614913663649 ], [ 0.500788876436285, 52.053802286465107 ], [ 0.511023643578314, 52.059819197188908 ], [ 0.542232898111511, 52.05774692105966 ], [ 0.551341265529376, 52.068740592010371 ], [ 0.571746863694954, 52.069072970203372 ], [ 0.60734663879995, 52.080901987116292 ], [ 0.619317839653324, 52.076556379922856 ], [ 0.634543094612625, 52.086269134361466 ], [ 0.684257058892385, 52.086932970048288 ], [ 0.712726786937473, 52.070980134123026 ], [ 0.703146582508319, 52.065259570501858 ], [ 0.716232123640165, 52.048673904082811 ], [ 0.699368963692257, 52.048424905966556 ], [ 0.696480693345179, 52.039289385208292 ], [ 0.712476416178714, 52.034856266840251 ], [ 0.70649743561496, 52.029512554677211 ], [ 0.714365071007284, 52.027306213352475 ], [ 0.740786395768009, 52.031021685905159 ], [ 0.73849519709695, 52.010686624808066 ], [ 0.761117213570941, 51.997471527050401 ], [ 0.759635511515417, 51.985417582326988 ], [ 0.774600853096269, 51.982580022281198 ], [ 0.772228277098171, 51.97041318414378 ], [ 0.787128441958194, 51.963122921408107 ], [ 0.811549531110948, 51.960743319647982 ], [ 0.821609879946617, 51.968707172027173 ], [ 0.850208076190903, 51.960754918570224 ], [ 0.889656470543503, 51.973374764235302 ], [ 0.925137632381845, 51.976181933583099 ], [ 0.943262765786739, 51.970719684874339 ], [ 0.962458265665732, 51.977153204818372 ], [ 0.971454253180657, 51.962263152505756 ], [ 0.998679731684868, 51.963954889863508 ], [ 1.018666257781447, 51.953207139813564 ], [ 1.048301142036445, 51.959308019775705 ], [ 1.061846712866754, 51.945933198915711 ], [ 1.119408235617548, 51.940027368531979 ], [ 1.17059448460649, 51.947985674048518 ], [ 1.188261930672565, 51.940617761913217 ], [ 1.214048224227623, 51.940307234299326 ], [ 1.219066142909925, 51.944901853778262 ], [ 1.217256274347334, 51.939809396135182 ], [ 1.227382797355721, 51.939460920928909 ], [ 1.247273222113555, 51.948329541269409 ], [ 1.278266599495943, 51.939413637797607 ], [ 1.28178291133148, 51.945417323919685 ], [ 1.291669524274558, 51.949329725330195 ], [ 1.296592239752548, 51.935566321012899 ], [ 1.285295181499719, 51.936904182515732 ], [ 1.261020259883266, 51.916864984923727 ], [ 1.255444441802403, 51.918400996733993 ], [ 1.253353519660115, 51.917767200393065 ], [ 1.257956573530042, 51.912039016897921 ], [ 1.246699945376752, 51.896098578669537 ], [ 1.231048452639716, 51.903349173746065 ], [ 1.238535119702515, 51.90191279599135 ], [ 1.240044235371003, 51.902617745718373 ], [ 1.2297262654088, 51.904537661285644 ], [ 1.225982107182442, 51.903727526918651 ], [ 1.212086288910577, 51.896503330397948 ], [ 1.230093084872187, 51.894112239222466 ], [ 1.228278883275793, 51.890525687758114 ], [ 1.212486012491782, 51.89037184109575 ], [ 1.198985485481325, 51.884774990381892 ], [ 1.209755855111386, 51.878482286116054 ], [ 1.178183268897944, 51.871418893250244 ], [ 1.207749895068065, 51.870864956947848 ], [ 1.224393885210611, 51.880568624240901 ], [ 1.212726963528967, 51.869936645483385 ], [ 1.228464112569192, 51.87259592249999 ], [ 1.232377310990725, 51.855061936847413 ], [ 1.237122686449275, 51.861959491643731 ], [ 1.249263812744159, 51.862294571547466 ], [ 1.249964034964903, 51.856111392831821 ], [ 1.252501290318775, 51.863734968317537 ], [ 1.269942505008526, 51.863645909367257 ], [ 1.271395307378122, 51.860585170891056 ], [ 1.267300267861212, 51.860244859742259 ], [ 1.265422229668612, 51.8558781152406 ], [ 1.269036595578727, 51.851740062588355 ], [ 1.274902849060424, 51.85485970226501 ], [ 1.267759125618841, 51.877086646150055 ], [ 1.271144164530022, 51.875693714303672 ], [ 1.276252107974139, 51.876094724660454 ], [ 1.283425289400518, 51.875381905024689 ], [ 1.28591263709102, 51.875714452173568 ], [ 1.270457078301229, 51.876857814355084 ], [ 1.264212210952599, 51.886152550798627 ], [ 1.290982192193447, 51.874096651158276 ], [ 1.28719742860333, 51.85925114306032 ], [ 1.219003197290877, 51.809456408740843 ], [ 1.113351207941553, 51.772979307515008 ], [ 1.039686815876971, 51.771496312337256 ], [ 1.029213040840092, 51.788680944158372 ], [ 1.039072633133809, 51.774156440608294 ], [ 1.03759320177788, 51.790004339616708 ], [ 1.017719718447506, 51.801275032195079 ], [ 1.020751707909958, 51.803141610054269 ], [ 1.029739191046513, 51.8003766127391 ], [ 1.041239806488682, 51.802895507527701 ], [ 1.045983036936113, 51.801315615033488 ], [ 1.048580595086498, 51.802703473772475 ], [ 1.04936414381008, 51.801395201776565 ], [ 1.054771190071204, 51.798440524034639 ], [ 1.0655320135223, 51.796372237607834 ], [ 1.063554951077618, 51.798767648914563 ], [ 1.055662181043162, 51.798466822052134 ], [ 1.049147515829787, 51.8031285690479 ], [ 1.044401412944009, 51.803117628042322 ], [ 1.062151303451499, 51.8103714392821 ], [ 1.067765699876303, 51.821077166774963 ], [ 1.059942196400145, 51.824339098757825 ], [ 1.058469483306397, 51.818949565650612 ], [ 1.048888782493241, 51.823209838732126 ], [ 1.046179619376075, 51.822831295801478 ], [ 1.064461197613515, 51.816142035297212 ], [ 1.039642579750949, 51.805590059024915 ], [ 1.01057177159874, 51.805619879923867 ], [ 0.983625314238991, 51.833995626820929 ], [ 0.989332361337492, 51.837593846325525 ], [ 1.01066330963466, 51.831664755369317 ], [ 1.013959069723647, 51.834041010763571 ], [ 1.019578138433313, 51.833815835765591 ], [ 1.020867072716969, 51.834723475207426 ], [ 0.985464396312511, 51.83873004484964 ], [ 0.979565773440554, 51.847788987384028 ], [ 0.961521132526614, 51.854064855081958 ], [ 0.95052799713543, 51.855391754346506 ], [ 0.952037823396213, 51.859794957996769 ], [ 0.951030075432503, 51.863460022017414 ], [ 0.926048768131371, 51.885849999263947 ], [ 0.914826557574304, 51.891271268642562 ], [ 0.946683951611466, 51.866240169053661 ], [ 0.949061179288526, 51.856148059082287 ], [ 0.955329058110329, 51.852658471935271 ], [ 0.953017768767818, 51.852138257462201 ], [ 0.951029527112239, 51.851027993508225 ], [ 0.950723751015334, 51.850394415357286 ], [ 0.951964965280369, 51.84941171415938 ], [ 0.946327776643281, 51.849104353333225 ], [ 0.945122061246434, 51.846763818643169 ], [ 0.937640493473931, 51.847873782349403 ], [ 0.930508835312602, 51.84501101548544 ], [ 0.92765666360411, 51.845699054407987 ], [ 0.917216984133243, 51.845485530551812 ], [ 0.915491781389169, 51.846112021979906 ], [ 0.912840508323888, 51.845328745900787 ], [ 0.929916087565332, 51.844894483177789 ], [ 0.931705723516273, 51.845151151818271 ], [ 0.933268043499801, 51.845618522686166 ], [ 0.93776708750549, 51.847766291465511 ], [ 0.945484572518411, 51.846622527616681 ], [ 0.951726698331775, 51.848256604507846 ], [ 0.956379347094087, 51.852131110788513 ], [ 0.955438857727339, 51.854111799559242 ], [ 0.975486480116665, 51.846707834657821 ], [ 0.982292644945279, 51.817348588322197 ], [ 0.966342663357256, 51.82227076577923 ], [ 0.964026568654319, 51.828991807698188 ], [ 0.960406186196118, 51.831665171456905 ], [ 0.952524706781617, 51.833275446580913 ], [ 0.964136601919803, 51.821982864160383 ], [ 0.949209470480089, 51.824642822016855 ], [ 0.943510057280713, 51.822154130470935 ], [ 0.966588590445023, 51.819432408099203 ], [ 0.991224921451643, 51.807213026526725 ], [ 0.969559024966838, 51.812722646585897 ], [ 0.927447083635858, 51.807544791665762 ], [ 0.925304243007639, 51.809270091803128 ], [ 0.919213431852024, 51.810954087058633 ], [ 0.917046574996608, 51.810203855481205 ], [ 0.916146766166212, 51.811390875102987 ], [ 0.916817683347869, 51.810029662519803 ], [ 0.925228323121972, 51.808299758110671 ], [ 0.923229643883669, 51.806157719826885 ], [ 0.937122794358104, 51.805849956308926 ], [ 0.92537563219834, 51.802690288708519 ], [ 0.899571431920318, 51.78877803750305 ], [ 0.899559107306643, 51.787523717984065 ], [ 0.896133262344478, 51.782379267117108 ], [ 0.900932541215909, 51.791862561546289 ], [ 0.911475053180496, 51.799605320465638 ], [ 0.908279237290232, 51.80192299877541 ], [ 0.905087976347531, 51.801813070985112 ], [ 0.906201970145296, 51.802555386615666 ], [ 0.905994942946384, 51.803689217630037 ], [ 0.904176821909048, 51.804089417376218 ], [ 0.90481358207535, 51.801629187753527 ], [ 0.908985767188238, 51.801158131888343 ], [ 0.908170472908995, 51.798566536099777 ], [ 0.893804795688995, 51.790423055815353 ], [ 0.893398600647557, 51.77442964609029 ], [ 0.878498864705439, 51.785738283086914 ], [ 0.871199457235242, 51.784262951708278 ], [ 0.872088237666469, 51.785789938814808 ], [ 0.87120820696124, 51.786363658887915 ], [ 0.869340895404128, 51.786393986609674 ], [ 0.867803076861899, 51.788417332088144 ], [ 0.866256234519103, 51.788677220069012 ], [ 0.86728109988133, 51.788830288954621 ], [ 0.867201178429491, 51.790816239790203 ], [ 0.868965630296046, 51.791538530482889 ], [ 0.867910625261347, 51.792465449983453 ], [ 0.865848149374834, 51.788782507122207 ], [ 0.872184499161717, 51.783197408311828 ], [ 0.862936048066943, 51.784729910632237 ], [ 0.858549279236668, 51.78720204939453 ], [ 0.856168033401872, 51.787407454382205 ], [ 0.841575487463683, 51.78229585276268 ], [ 0.839890999274198, 51.787264180482609 ], [ 0.833291084373616, 51.789805018527659 ], [ 0.829780989559375, 51.788963266011734 ], [ 0.844581746637381, 51.779998084003445 ], [ 0.857902683766331, 51.784040324334377 ], [ 0.877204372462911, 51.779344903216263 ], [ 0.89457975905084, 51.766293601973061 ], [ 0.88307282030804, 51.763848782304031 ], [ 0.86033131611693, 51.768843997267531 ], [ 0.857404635654354, 51.774992234960195 ], [ 0.851339897738412, 51.770504258231064 ], [ 0.836696298271315, 51.773863527728025 ], [ 0.837577278724072, 51.773163234340508 ], [ 0.835235766040376, 51.7721423305304 ], [ 0.83455464523827, 51.770434689802691 ], [ 0.839328170617913, 51.773203673031269 ], [ 0.856173691301073, 51.76771572028219 ], [ 0.849875783504513, 51.767238216340203 ], [ 0.843500295670406, 51.770227501856972 ], [ 0.840936125438173, 51.770207695640991 ], [ 0.842243119382146, 51.764824868587951 ], [ 0.860705321723484, 51.764284092814414 ], [ 0.855990138077245, 51.763477871774548 ], [ 0.850328162113556, 51.757120169253085 ], [ 0.861804544086816, 51.763101631748434 ], [ 0.882681701149585, 51.757643721606783 ], [ 0.856219841678086, 51.743793220583086 ], [ 0.850320834941694, 51.744443768735017 ], [ 0.851140719248716, 51.74674153990324 ], [ 0.84996157776659, 51.747481556373465 ], [ 0.847407652034789, 51.747396900345407 ], [ 0.84694570354887, 51.744798135208306 ], [ 0.853049006586654, 51.742077845375164 ], [ 0.841674534622299, 51.740845358689945 ], [ 0.84147421757405, 51.73876187566767 ], [ 0.813664476805776, 51.738514939943727 ], [ 0.792259759563514, 51.745155784566755 ], [ 0.789017282443057, 51.737630556009414 ], [ 0.792734419051877, 51.74047413595811 ], [ 0.796660795305641, 51.740013772775136 ], [ 0.788604619857484, 51.736645665099587 ], [ 0.776715645022875, 51.743975586696088 ], [ 0.774717343097562, 51.73888659608118 ], [ 0.760411211268724, 51.742476648586532 ], [ 0.755148587259166, 51.735296576925521 ], [ 0.744971281531598, 51.736437820730373 ], [ 0.752061663068204, 51.732742843009582 ], [ 0.735488566335841, 51.729471462582048 ], [ 0.712861820964966, 51.737493223493452 ], [ 0.714577043716091, 51.734113428656677 ], [ 0.707860334103774, 51.724878420778687 ], [ 0.705347230037108, 51.72384992962359 ], [ 0.689530163897346, 51.730417771423696 ], [ 0.690541497847641, 51.735568516050598 ], [ 0.677228605916039, 51.734611844966629 ], [ 0.664155243623387, 51.739341031487129 ], [ 0.665044136008664, 51.741276022555553 ], [ 0.663821179361132, 51.743609658349953 ], [ 0.662049581787614, 51.742750485669504 ], [ 0.664124848800371, 51.738898348434653 ], [ 0.69929001920571, 51.726161217709581 ], [ 0.711179326349979, 51.713479981409513 ], [ 0.746977613891425, 51.711462683191769 ], [ 0.746005530907621, 51.704857184421556 ], [ 0.754639240367495, 51.70999173142409 ], [ 0.76915760758819, 51.708352478783233 ], [ 0.749809504870872, 51.700322652593073 ], [ 0.748254333517698, 51.69095090761396 ], [ 0.738239396479863, 51.693732777720584 ], [ 0.73780582412194, 51.687198288951919 ], [ 0.756908162077258, 51.690720140080757 ], [ 0.766930070017012, 51.702738138205589 ], [ 0.773066520564498, 51.701378338937594 ], [ 0.773372586106477, 51.687523666629872 ], [ 0.778105250933675, 51.685156172954144 ], [ 0.77975456125174, 51.692779693464743 ], [ 0.771554058482105, 51.704054566404835 ], [ 0.796110862743832, 51.707625608741765 ], [ 0.793114808705465, 51.717874085938618 ], [ 0.819698139345977, 51.72107367301934 ], [ 0.834139484711918, 51.714987160373049 ], [ 0.852389891352757, 51.715589421775491 ], [ 0.875235668085641, 51.725144813982915 ], [ 0.894055675913228, 51.742992025957378 ], [ 0.930677265684075, 51.747036807195414 ], [ 0.950542468457019, 51.730823545648896 ], [ 0.939258985242033, 51.702583333942165 ], [ 0.95002762555591, 51.683488966417492 ], [ 0.942197372693259, 51.660580980544481 ], [ 0.938568440579292, 51.660594550657542 ], [ 0.938333697157563, 51.6603638874412 ], [ 0.937641877099402, 51.661226635801739 ], [ 0.935625250008967, 51.661081926556975 ], [ 0.938266713664453, 51.660245045687184 ], [ 0.941819526999531, 51.660284658145763 ], [ 0.934208976952289, 51.653825063017663 ], [ 0.9345559767519, 51.632768747540254 ], [ 0.904301520536355, 51.622416711610832 ], [ 0.833242617730284, 51.62248575527169 ], [ 0.80295402169112, 51.629362224558569 ], [ 0.789785860442177, 51.626954535199594 ], [ 0.761888267133487, 51.644146598684983 ], [ 0.716904678115422, 51.642998551431518 ], [ 0.709008764980707, 51.636686829942391 ], [ 0.695888119555894, 51.639242745387904 ], [ 0.664374194963749, 51.636749944887534 ], [ 0.659889863273077, 51.643053561204034 ], [ 0.664806954655846, 51.640876219971858 ], [ 0.66662219025165, 51.642571630553093 ], [ 0.650352788705092, 51.648436047822109 ], [ 0.657846855290704, 51.637855755220102 ], [ 0.628349265675967, 51.641531959661776 ], [ 0.646672237686155, 51.636627069478955 ], [ 0.642582994851485, 51.632641588541901 ], [ 0.62688296430848, 51.633445530676582 ], [ 0.607730970992239, 51.629811234101645 ], [ 0.603091038459843, 51.63796422026109 ], [ 0.597622421648885, 51.638250861491187 ], [ 0.595544326544003, 51.637041363223958 ], [ 0.594584604204552, 51.637648051754866 ], [ 0.596512094737005, 51.638928349132506 ], [ 0.597340814540449, 51.64073296747469 ], [ 0.599681532053447, 51.642360205942033 ], [ 0.600578435270712, 51.643635381322675 ], [ 0.600954541187739, 51.64578635435273 ], [ 0.59847243182473, 51.641918426439496 ], [ 0.599910914266188, 51.645560360101449 ], [ 0.599123862788404, 51.646963668191447 ], [ 0.595616723735261, 51.649087265218007 ], [ 0.594313751106487, 51.637460681862379 ], [ 0.595513372901731, 51.636752461383452 ], [ 0.602658572479631, 51.637857796765424 ], [ 0.606452327654924, 51.629739812629808 ], [ 0.597482882742602, 51.632320123513708 ], [ 0.586940913056988, 51.631158100872398 ], [ 0.585953727472629, 51.623559781454645 ], [ 0.578576723018329, 51.625096292270854 ], [ 0.576052214455969, 51.624275782937517 ], [ 0.575342263551224, 51.625210485262237 ], [ 0.566275639733142, 51.622628362497743 ], [ 0.564978370023908, 51.621555939987893 ], [ 0.56237786448441, 51.617917390301585 ], [ 0.560762843441246, 51.617175620273208 ], [ 0.551608289233803, 51.617745558423792 ], [ 0.560591884585348, 51.617012974147023 ], [ 0.562584326781431, 51.617838237181495 ], [ 0.562872143714654, 51.618279819777236 ], [ 0.563549467770534, 51.61245802508892 ], [ 0.564485684006052, 51.611974410795938 ], [ 0.565038710598378, 51.621432242482982 ], [ 0.586527789221167, 51.622628007862779 ], [ 0.5881107374406, 51.630358879632766 ], [ 0.606359552085982, 51.6285754300131 ], [ 0.637169537442854, 51.631672456387868 ], [ 0.648211365239124, 51.625587952016659 ], [ 0.651568568636805, 51.635903193127824 ], [ 0.655397004701901, 51.628505840462296 ], [ 0.656942588307353, 51.635219560007712 ], [ 0.721947353081167, 51.635772285522059 ], [ 0.737627294620067, 51.630494343688873 ], [ 0.764065055923157, 51.636872554062762 ], [ 0.784388834031865, 51.624291080720845 ], [ 0.779413552762964, 51.618825749618331 ], [ 0.785053943593923, 51.623614259064951 ], [ 0.865716788088148, 51.615564195075379 ], [ 0.859818007945818, 51.595643733752837 ], [ 0.820109334058531, 51.598992914203926 ], [ 0.816572499318453, 51.604356335823937 ], [ 0.79819998139134, 51.614954415237008 ], [ 0.778317797516609, 51.61200569597959 ], [ 0.798116334138679, 51.613759343815602 ], [ 0.819080298879387, 51.597604722336847 ], [ 0.79636042821514, 51.586326199517444 ], [ 0.76461325479878, 51.583219516661096 ], [ 0.754231948147236, 51.588108073009181 ], [ 0.758424195082771, 51.580523209736683 ], [ 0.72180528692776, 51.579834414283845 ], [ 0.725562535204601, 51.577130018536899 ], [ 0.717179014893096, 51.574853967253546 ], [ 0.714298918869513, 51.573632760660821 ], [ 0.713629840876118, 51.57264994777529 ], [ 0.805849296852143, 51.586125690507863 ], [ 0.806748790602574, 51.579710486753882 ], [ 0.797245544861845, 51.577775401575209 ], [ 0.794869666908029, 51.577117932614257 ], [ 0.793444278541856, 51.576329857583573 ], [ 0.794706621792825, 51.572320939380816 ], [ 0.801140476982873, 51.568865836646538 ], [ 0.796533042980579, 51.567254376072327 ], [ 0.787085658482389, 51.567573696159137 ], [ 0.785697621115899, 51.566681213738683 ], [ 0.794853277589899, 51.565537930325895 ], [ 0.804726567050546, 51.56912009939154 ], [ 0.801852928310798, 51.572072194687614 ], [ 0.808190293703607, 51.567131428667622 ], [ 0.809883503142665, 51.569805206447199 ], [ 0.795638514918286, 51.574593943444874 ], [ 0.80803208183386, 51.578727328754063 ], [ 0.817685317136549, 51.562079405080503 ], [ 0.85072469041962, 51.55593766220678 ], [ 0.82122624094927, 51.540659063956966 ], [ 0.788960115605252, 51.542440059771572 ], [ 0.786659500480677, 51.552939250276495 ], [ 0.761129909265798, 51.55296122552744 ], [ 0.675304701121163, 51.572863014426709 ], [ 0.638922615848255, 51.576796221208092 ] ] ], [ [ [ 0.604689363409954, 51.534402537523867 ], [ 0.608914141926241, 51.532227520608018 ], [ 0.613925282025865, 51.53074800724184 ], [ 0.609032741361316, 51.530746347651331 ], [ 0.604689363409954, 51.534402537523867 ] ] ], [ [ [ 0.624281578872975, 51.53223355692684 ], [ 0.61450567270926, 51.533276638195638 ], [ 0.609008149015083, 51.534829051530309 ], [ 0.624218593667121, 51.536502400417127 ], [ 0.624281578872975, 51.53223355692684 ] ] ], [ [ [ 0.585541352355379, 51.537188874862402 ], [ 0.59401987385328, 51.536686860476131 ], [ 0.600643809732767, 51.535504096648239 ], [ 0.596483981783191, 51.534120444639207 ], [ 0.585541352355379, 51.537188874862402 ] ] ], [ [ [ 0.839026126406307, 51.562275239387624 ], [ 0.825749249901311, 51.564462119379122 ], [ 0.832154780146776, 51.574277288079472 ], [ 0.834326942465068, 51.567063012404084 ], [ 0.839026126406307, 51.562275239387624 ] ] ], [ [ [ 0.837461071370595, 51.585171893829255 ], [ 0.823617459507341, 51.564991037151053 ], [ 0.820665873643974, 51.565448797557011 ], [ 0.809565215294235, 51.587688905021459 ], [ 0.830113540002961, 51.595961211382395 ], [ 0.837461071370595, 51.585171893829255 ] ] ], [ [ [ 0.738964210030879, 51.634477895506834 ], [ 0.752196804606782, 51.636003004294125 ], [ 0.747660398357837, 51.63459927626608 ], [ 0.738964210030879, 51.634477895506834 ] ] ], [ [ [ 0.738254985195602, 51.636211326076641 ], [ 0.738964793086289, 51.635039083117434 ], [ 0.737006898339703, 51.635526349184936 ], [ 0.738254985195602, 51.636211326076641 ] ] ], [ [ [ 0.696164408122415, 51.637760559873584 ], [ 0.696614766273642, 51.638213379540034 ], [ 0.697137154259775, 51.638272424116302 ], [ 0.697685346928672, 51.637743595398746 ], [ 0.696164408122415, 51.637760559873584 ] ] ], [ [ [ 0.750469419017343, 51.642421780770185 ], [ 0.735522385683188, 51.639508253767026 ], [ 0.733318132489298, 51.640757559260514 ], [ 0.733114185480992, 51.635997502493197 ], [ 0.738298597646501, 51.634320751505868 ], [ 0.71144135585871, 51.637367224292383 ], [ 0.716841752870666, 51.641632087299683 ], [ 0.750469419017343, 51.642421780770185 ] ] ], [ [ [ 0.761398337535929, 51.641603934061706 ], [ 0.762691543797422, 51.640288306503408 ], [ 0.749658958047802, 51.636315216069399 ], [ 0.759436523337719, 51.641480098905667 ], [ 0.751964379620806, 51.64092347230514 ], [ 0.750995934411851, 51.642332094863512 ], [ 0.761398337535929, 51.641603934061706 ] ] ], [ [ [ 0.778924670885538, 51.693169875957722 ], [ 0.77855575306663, 51.692888113756361 ], [ 0.778758226963297, 51.693334801024626 ], [ 0.778924670885538, 51.693169875957722 ] ] ], [ [ [ 0.849026911074521, 51.717138837898077 ], [ 0.851158801250653, 51.716227295076273 ], [ 0.848097472573313, 51.715851001567927 ], [ 0.849026911074521, 51.717138837898077 ] ] ], [ [ [ 0.754481112618693, 51.724537991917572 ], [ 0.787717635416993, 51.722332749784862 ], [ 0.772300857324094, 51.718654196419216 ], [ 0.754481112618693, 51.724537991917572 ] ] ], [ [ [ 0.720134457678817, 51.730589821817752 ], [ 0.729039270865206, 51.718340969188574 ], [ 0.708187246706406, 51.719664573680014 ], [ 0.720134457678817, 51.730589821817752 ] ] ], [ [ [ 0.842763328552735, 51.739682210805086 ], [ 0.843409791408391, 51.738258152908479 ], [ 0.841733289753529, 51.738481300628976 ], [ 0.842763328552735, 51.739682210805086 ] ] ], [ [ [ 0.880489050403041, 51.760785053631544 ], [ 0.872194193730558, 51.76374653054426 ], [ 0.883558011581515, 51.761160342796551 ], [ 0.880489050403041, 51.760785053631544 ] ] ], [ [ [ 0.957932803983022, 51.620509336916911 ], [ 0.927631389879018, 51.590981248442773 ], [ 0.866339589647576, 51.558936047106904 ], [ 0.840115876099174, 51.5616318737288 ], [ 0.83269472738967, 51.575764421696242 ], [ 0.838619302420484, 51.581473482265288 ], [ 0.845515957311889, 51.582106826637769 ], [ 0.847823617841157, 51.577618644134979 ], [ 0.863369869907141, 51.571857294578869 ], [ 0.846446026225207, 51.582667061776988 ], [ 0.840047787357912, 51.582018106663 ], [ 0.837967189443094, 51.59361385537062 ], [ 0.866795392597753, 51.595181121828709 ], [ 0.874344324295481, 51.614145268293434 ], [ 0.945244740812166, 51.620632470256616 ], [ 0.957932803983022, 51.620509336916911 ] ] ], [ [ [ 0.877946511914043, 51.730634746812456 ], [ 0.883636595408766, 51.737267460568212 ], [ 0.885893781761001, 51.738294864809134 ], [ 0.877946511914043, 51.730634746812456 ] ] ], [ [ [ 0.895109779573055, 51.773168839250239 ], [ 0.895554812764317, 51.774956616480502 ], [ 0.895328750852483, 51.772105780358771 ], [ 0.895109779573055, 51.773168839250239 ] ] ], [ [ [ 0.892195352350733, 51.771801629844035 ], [ 0.885191447627307, 51.777473502642636 ], [ 0.884222278484003, 51.779076593623152 ], [ 0.890665486951483, 51.776034853264704 ], [ 0.892195352350733, 51.771801629844035 ] ] ], [ [ [ 0.964474664042664, 51.808789411799154 ], [ 1.005905022090951, 51.79926284493294 ], [ 0.989376071228518, 51.787501425610031 ], [ 0.944172312638912, 51.774468653308517 ], [ 0.899703737210556, 51.776578382360888 ], [ 0.90317485226643, 51.78741734237704 ], [ 0.926448381835302, 51.801559144270065 ], [ 0.964474664042664, 51.808789411799154 ] ] ], [ [ [ 1.025515068748248, 51.803323948067764 ], [ 1.035990973837507, 51.804383040388444 ], [ 1.039599841275439, 51.804243868312973 ], [ 1.025515068748248, 51.803323948067764 ] ] ], [ [ [ 0.972456622756107, 51.811024203214998 ], [ 0.97743240885162, 51.807950052935496 ], [ 0.969118659803206, 51.811189534482196 ], [ 0.972456622756107, 51.811024203214998 ] ] ], [ [ [ 0.984539463333947, 51.813272196829715 ], [ 0.978357588254478, 51.814937305917944 ], [ 0.975456330465137, 51.817527274991853 ], [ 0.984539463333947, 51.813272196829715 ] ] ], [ [ [ 1.269233717916998, 51.858762790534819 ], [ 1.267447134392647, 51.860186810819698 ], [ 1.269976984527169, 51.859316855322874 ], [ 1.269233717916998, 51.858762790534819 ] ] ], [ [ [ 1.265416628434124, 51.870814316078437 ], [ 1.268488855840406, 51.865415958069278 ], [ 1.263305396148415, 51.863954485588401 ], [ 1.251385111753721, 51.870935231200718 ], [ 1.265416628434124, 51.870814316078437 ] ] ], [ [ [ 1.258932341305516, 51.8828685917101 ], [ 1.258985030374698, 51.876307561864515 ], [ 1.250231551045158, 51.876957351909354 ], [ 1.244527616016837, 51.868825759604334 ], [ 1.225880904097903, 51.875054818056483 ], [ 1.229394359551603, 51.881415341635623 ], [ 1.258932341305516, 51.8828685917101 ] ] ], [ [ [ 1.263505747833135, 51.872977458837049 ], [ 1.259612944015695, 51.875586794947374 ], [ 1.262184984682117, 51.880681798778944 ], [ 1.263505747833135, 51.872977458837049 ] ] ], [ [ [ 1.212512125340562, 51.88224394084034 ], [ 1.210495427454259, 51.881721601282912 ], [ 1.209832376722818, 51.882246980873838 ], [ 1.212512125340562, 51.88224394084034 ] ] ], [ [ [ 1.206366652507309, 51.883682591727386 ], [ 1.205085803448638, 51.88324801894229 ], [ 1.205323780337403, 51.883671454614309 ], [ 1.206366652507309, 51.883682591727386 ] ] ], [ [ [ 1.229728346705955, 51.884916630289865 ], [ 1.221871341902638, 51.882076864414969 ], [ 1.219075268031715, 51.881530157102119 ], [ 1.216499797905621, 51.882158292627651 ], [ 1.216270397177081, 51.88106277388809 ], [ 1.213611255632398, 51.880701969915258 ], [ 1.211969806251851, 51.880957293041803 ], [ 1.216401013158485, 51.882301305487317 ], [ 1.221155116934749, 51.882100987779125 ], [ 1.222307274068539, 51.883964503300881 ], [ 1.229759561681756, 51.885169411122448 ], [ 1.221023359729525, 51.888486917250205 ], [ 1.23009443559798, 51.885400357995834 ], [ 1.229728346705955, 51.884916630289865 ] ] ], [ [ [ 1.23082159594877, 51.902336358494765 ], [ 1.244588113525043, 51.895501191510071 ], [ 1.244612074019114, 51.888049658262887 ], [ 1.2390213431891, 51.891195315469886 ], [ 1.236447716930175, 51.891792354239669 ], [ 1.234965077057675, 51.891126208168977 ], [ 1.242458256490174, 51.886480212734895 ], [ 1.230835268356901, 51.888250072629226 ], [ 1.23082159594877, 51.902336358494765 ] ] ], [ [ [ 1.21793821539445, 51.897870538496285 ], [ 1.227940874316591, 51.898055064656447 ], [ 1.228866476795765, 51.895616491793213 ], [ 1.21793821539445, 51.897870538496285 ] ] ] ] } },
{ "type": "Feature", "properties": { "area_name": "Greater Manchester" }, "geometry": { "type": "Polygon", "coordinates": [ [ [ -2.027318114610842, 53.432389729433581 ], [ -2.013698907212586, 53.415873893703257 ], [ -1.992331620507523, 53.415176970023623 ], [ -2.004644221410369, 53.386311250835597 ], [ -2.021473090013755, 53.375043079024699 ], [ -2.033776314354985, 53.375525589116322 ], [ -2.028624899817058, 53.370718046880391 ], [ -2.030373881512892, 53.370098296150125 ], [ -2.04056448499292, 53.374071802431615 ], [ -2.065040868373142, 53.357707943909354 ], [ -2.09495436520062, 53.366020278612417 ], [ -2.123196288675389, 53.361929757571794 ], [ -2.139026035010909, 53.367300113111213 ], [ -2.154165377252425, 53.327778187464865 ], [ -2.179680686204234, 53.330253873810555 ], [ -2.194163443093659, 53.338633764643639 ], [ -2.180977823128128, 53.344027039861771 ], [ -2.185441675346044, 53.352642988083311 ], [ -2.223047275308684, 53.359783848882365 ], [ -2.256448500248818, 53.360660494425744 ], [ -2.267077731216825, 53.350557286667943 ], [ -2.301328647795322, 53.340106315610328 ], [ -2.296931420572085, 53.348567601510169 ], [ -2.332906557882842, 53.365475556305903 ], [ -2.356588650112547, 53.368531565743595 ], [ -2.36945468551802, 53.363661903986582 ], [ -2.427838606776743, 53.388923589998448 ], [ -2.47571325475627, 53.394187667257533 ], [ -2.448995240845176, 53.422858825954634 ], [ -2.478154078845243, 53.443401387552143 ], [ -2.496335728550663, 53.480913759800366 ], [ -2.552639070984584, 53.467797620145532 ], [ -2.549076105488052, 53.461469913442443 ], [ -2.570390181255374, 53.458459516237696 ], [ -2.576743082827428, 53.446040904202562 ], [ -2.588660776342857, 53.456104832274143 ], [ -2.615491287236067, 53.463804950103352 ], [ -2.607864346536455, 53.470811973387455 ], [ -2.612139089674892, 53.481122528682079 ], [ -2.645540454682248, 53.480236609201704 ], [ -2.666321338202924, 53.499752708349874 ], [ -2.69889267119885, 53.502016033525997 ], [ -2.710006552448396, 53.514626230490997 ], [ -2.723777704309819, 53.51035044393452 ], [ -2.730520738514024, 53.520584278912295 ], [ -2.717925316508212, 53.52719529466868 ], [ -2.718607972745987, 53.543544077861839 ], [ -2.704214351225434, 53.562634168357867 ], [ -2.719223511080669, 53.576097705253105 ], [ -2.701405660342229, 53.590604873678998 ], [ -2.693377225405354, 53.589392400361554 ], [ -2.689314162592381, 53.604286378349421 ], [ -2.634593981719444, 53.608267231388986 ], [ -2.622788780770144, 53.593601763136306 ], [ -2.595927470564985, 53.610799482277734 ], [ -2.57400450692478, 53.594275476249571 ], [ -2.511324711832489, 53.626979023842928 ], [ -2.472994739427504, 53.616615880365288 ], [ -2.453782711255019, 53.621958349728608 ], [ -2.45027225977679, 53.641415978587283 ], [ -2.438726368945661, 53.646029403526384 ], [ -2.421698291456269, 53.62381948168445 ], [ -2.401211299686823, 53.62458294386046 ], [ -2.397847740265117, 53.632191966897899 ], [ -2.370329839907725, 53.631518111503887 ], [ -2.362642977922701, 53.655972599825326 ], [ -2.371237960933464, 53.667064667526951 ], [ -2.355571470560892, 53.664491280414744 ], [ -2.353340255451699, 53.658466799061564 ], [ -2.315561271827087, 53.655061602618837 ], [ -2.298960683891757, 53.666674743851615 ], [ -2.282845940785722, 53.620231338632927 ], [ -2.266479518698485, 53.614522736966954 ], [ -2.256771378472762, 53.620381850021737 ], [ -2.269867689966554, 53.646120478841389 ], [ -2.233081140361535, 53.668830982007258 ], [ -2.217730050286987, 53.668965069668758 ], [ -2.205229682541199, 53.654332845047563 ], [ -2.182408277491218, 53.648241686285878 ], [ -2.185397363861899, 53.63820805213259 ], [ -2.161354096489009, 53.641358234831159 ], [ -2.163853780857057, 53.654850605218904 ], [ -2.148137938041363, 53.681994682690295 ], [ -2.142257652232621, 53.677990416157009 ], [ -2.134127084574707, 53.685718827471902 ], [ -2.118085055889836, 53.671229790174309 ], [ -2.09290665720104, 53.670145582452491 ], [ -2.083167276209585, 53.678059634167504 ], [ -2.051242230665624, 53.68367632508587 ], [ -2.054392822950388, 53.673016796204635 ], [ -2.037095612668322, 53.66232753931935 ], [ -2.04114380426994, 53.640830084337303 ], [ -2.029997658795647, 53.636154165358306 ], [ -2.024587496940728, 53.617379930623279 ], [ -2.009471964137068, 53.616764623107194 ], [ -1.978245544532647, 53.586772889216697 ], [ -1.94640174090948, 53.571490035459838 ], [ -1.942727457450271, 53.561625472830698 ], [ -1.912886024914683, 53.551627794126894 ], [ -1.909622293364253, 53.538374768104923 ], [ -1.926782533655177, 53.520931966057127 ], [ -1.916768260804111, 53.514478969471881 ], [ -1.921974739787748, 53.509937939460109 ], [ -1.951334898822851, 53.504181982174963 ], [ -1.963388350592462, 53.509810293629947 ], [ -1.971321709248578, 53.504542546499245 ], [ -1.97463333358815, 53.487918322118247 ], [ -1.987822225485953, 53.481093652701269 ], [ -1.985564383006182, 53.455742372604313 ], [ -2.008307279705846, 53.44143593692565 ], [ -2.004217928263161, 53.435905537303285 ], [ -2.01365709353258, 53.439866940918691 ], [ -2.027318114610842, 53.432389729433581 ] ] ] } },
{ "type": "Feature", "properties": { "area_name": "Halton" }, "geometry": { "type": "MultiPolygon", "coordinates": [ [ [ [ -2.630622525652861, 53.364034220795823 ], [ -2.631468088386851, 53.346018027871366 ], [ -2.614137723198979, 53.347645589487428 ], [ -2.606607257136015, 53.342980289123979 ], [ -2.61912629510293, 53.331055244168681 ], [ -2.595224390093529, 53.3224389027135 ], [ -2.609043073425062, 53.312074229317702 ], [ -2.616739767741108, 53.320611815059522 ], [ -2.624123951869632, 53.309383195127516 ], [ -2.645062430983038, 53.310120314465372 ], [ -2.641558015403083, 53.305020065382585 ], [ -2.68538001329189, 53.315298616699629 ], [ -2.700776521444727, 53.30579957318465 ], [ -2.723524896623466, 53.31312450274028 ], [ -2.737692933261369, 53.306627714408769 ], [ -2.761965792207895, 53.324745949427566 ], [ -2.753772010557857, 53.343431062186738 ], [ -2.718661736491156, 53.344915170299018 ], [ -2.69951503221644, 53.356666808196046 ], [ -2.674640368606193, 53.353648694938094 ], [ -2.630622525652861, 53.364034220795823 ] ] ], [ [ [ -2.745174873442702, 53.402079574824732 ], [ -2.715226852099206, 53.399018730676076 ], [ -2.712803248872312, 53.390609856403373 ], [ -2.690632434692753, 53.385372117831352 ], [ -2.697724267750624, 53.3792967027277 ], [ -2.693378115146436, 53.361800184248587 ], [ -2.728464039824761, 53.354504338747454 ], [ -2.734308107548666, 53.34775834206917 ], [ -2.758670396062201, 53.349537607104978 ], [ -2.758449459931023, 53.351139028607491 ], [ -2.764547364831002, 53.355172958184852 ], [ -2.759132536785543, 53.349591297173092 ], [ -2.778278444010507, 53.332597596960866 ], [ -2.780413225969954, 53.334952223126336 ], [ -2.784287498659663, 53.336415374144359 ], [ -2.777707909596338, 53.329218795638774 ], [ -2.789806255218832, 53.322340983693351 ], [ -2.82666098174725, 53.331641081695075 ], [ -2.83245729832354, 53.337273682995836 ], [ -2.818779793484927, 53.339755802347902 ], [ -2.809064048297223, 53.355065457821638 ], [ -2.787301032696359, 53.356274434080099 ], [ -2.776670808566831, 53.381042746254273 ], [ -2.757653798204641, 53.380721843472998 ], [ -2.745174873442702, 53.402079574824732 ] ] ] ] } },
{ "type": "Feature", "properties": { "area_name": "Hartlepool" }, "geometry": { "type": "MultiPolygon", "coordinates": [ [ [ [ -1.268210312469652, 54.726080364688244 ], [ -1.177759417194626, 54.699265481890322 ], [ -1.173966375733325, 54.691812911461376 ], [ -1.19631461980382, 54.698554113775145 ], [ -1.187494873995005, 54.693898528378774 ], [ -1.192626524125183, 54.688537968743738 ], [ -1.197867696768976, 54.691794566769353 ], [ -1.199110433978956, 54.680757867829044 ], [ -1.176092573438115, 54.653617569561732 ], [ -1.157786083013701, 54.648369130113153 ], [ -1.168784456421911, 54.644277809297193 ], [ -1.164747774166823, 54.632103209402665 ], [ -1.188595626122061, 54.632701153411162 ], [ -1.209949204039764, 54.62190512246211 ], [ -1.232035844946162, 54.625850451364876 ], [ -1.233100168852033, 54.631109180770181 ], [ -1.235935111787561, 54.633665911166013 ], [ -1.240722255507728, 54.62475577335929 ], [ -1.253817543252056, 54.627475716182111 ], [ -1.256675688409619, 54.623378157608428 ], [ -1.299017681012833, 54.627995524973635 ], [ -1.298169835549035, 54.635498293250109 ], [ -1.316349832189406, 54.645223614254888 ], [ -1.328640083537052, 54.644173462634505 ], [ -1.335042166208891, 54.631301787516477 ], [ -1.382681307107705, 54.64438442855888 ], [ -1.341208366651654, 54.650232196649675 ], [ -1.347837234171794, 54.662410195608814 ], [ -1.330931706783335, 54.682123261238488 ], [ -1.344462181703857, 54.691116593740048 ], [ -1.319480992280145, 54.691278215623477 ], [ -1.301312692362804, 54.708090775984118 ], [ -1.305506722734269, 54.717511466348355 ], [ -1.268210312469652, 54.726080364688244 ] ] ], [ [ [ -1.242505175800425, 54.722420388106038 ], [ -1.241920603747995, 54.722713301063322 ], [ -1.241956512773628, 54.722452907475109 ], [ -1.242505175800425, 54.722420388106038 ] ] ] ] } },
{ "type": "Feature", "properties": { "area_name": "Herefordshire, County of" }, "geometry": { "type": "Polygon", "coordinates": [ [ [ -2.855442404724502, 52.395284495790278 ], [ -2.805433440952301, 52.388238678203585 ], [ -2.807389827014332, 52.375954419701756 ], [ -2.7921131752606, 52.374520474996437 ], [ -2.792421137869005, 52.356850572475594 ], [ -2.732768088194203, 52.355519402670815 ], [ -2.748381423388334, 52.334889340357797 ], [ -2.766988291249722, 52.336099651599582 ], [ -2.737173509224915, 52.319463109629623 ], [ -2.72466958001875, 52.319835387400708 ], [ -2.712395333757573, 52.308123673966193 ], [ -2.679812849766344, 52.312009905423736 ], [ -2.689287666552512, 52.316188544654146 ], [ -2.667251460834469, 52.342184829695505 ], [ -2.623937277974747, 52.321380641768314 ], [ -2.628076384786958, 52.313422024681884 ], [ -2.619076596950481, 52.30561827951378 ], [ -2.636327922575803, 52.308939306621298 ], [ -2.663207442053494, 52.303923999078798 ], [ -2.639878934229614, 52.286362358720474 ], [ -2.598969978397841, 52.28352837835601 ], [ -2.596452026705768, 52.276579871921555 ], [ -2.63088163481286, 52.257440078325004 ], [ -2.628872796035513, 52.240336584901598 ], [ -2.576143258902767, 52.247739735209812 ], [ -2.574208209552596, 52.252718173573989 ], [ -2.531675790957872, 52.253263596799819 ], [ -2.525822269586392, 52.248083482079984 ], [ -2.515854687820227, 52.255904172512047 ], [ -2.495778958029303, 52.256870383171581 ], [ -2.503115722443732, 52.27743627014037 ], [ -2.475963430369367, 52.285624012116166 ], [ -2.451405726352123, 52.285069585877594 ], [ -2.427998633996288, 52.270596946319046 ], [ -2.468101633396786, 52.256025046066235 ], [ -2.474704334268539, 52.241346132803997 ], [ -2.464860093522001, 52.23436112802068 ], [ -2.423067729732661, 52.237247884754581 ], [ -2.384249040376398, 52.22458019264235 ], [ -2.404043547125138, 52.221235248237001 ], [ -2.392680941330629, 52.208602530325912 ], [ -2.407865644470804, 52.202709010830489 ], [ -2.422013266537813, 52.172400921331068 ], [ -2.435177822937612, 52.16820485228952 ], [ -2.415086304505569, 52.145198656547635 ], [ -2.393974596963761, 52.146737464330087 ], [ -2.37932355384305, 52.155099947847724 ], [ -2.358724626997502, 52.151884699928367 ], [ -2.344611659238422, 52.132580116625903 ], [ -2.356093037477566, 52.127071645421601 ], [ -2.34912190696824, 52.0956354210618 ], [ -2.33830236629787, 52.095438627014175 ], [ -2.337966883726018, 52.089874414898674 ], [ -2.339429287406818, 52.06891399652671 ], [ -2.351524367607059, 52.05643547468123 ], [ -2.351381677894917, 52.021349791007751 ], [ -2.392893853332192, 52.012949816395704 ], [ -2.399019683867184, 51.996137209911176 ], [ -2.41319718818183, 51.994081562132507 ], [ -2.437294644315962, 51.997158361862454 ], [ -2.434545106195378, 52.013133415022175 ], [ -2.463543260379065, 52.014402001359102 ], [ -2.466206041209133, 52.023713983000299 ], [ -2.478933813860634, 52.022521081347165 ], [ -2.491253493919753, 52.010482066669056 ], [ -2.470980913169604, 51.994769032287579 ], [ -2.494913667129893, 51.981066884324363 ], [ -2.492245344021061, 51.964120495323492 ], [ -2.500906828664253, 51.960600902348489 ], [ -2.46548742320462, 51.951688057639515 ], [ -2.466043144881657, 51.927966178047015 ], [ -2.448258043057981, 51.918712642032119 ], [ -2.43965553169672, 51.89706535249254 ], [ -2.465213047529859, 51.892983166156178 ], [ -2.487794082960249, 51.880409556974456 ], [ -2.508623580623756, 51.885161154406958 ], [ -2.531622900870709, 51.860764019755131 ], [ -2.580639363881705, 51.861664182974593 ], [ -2.58303578613573, 51.849564791307451 ], [ -2.601214830649008, 51.856209334163196 ], [ -2.625464689919707, 51.838957593992468 ], [ -2.63670769584576, 51.84308888607071 ], [ -2.650398061948392, 51.826118810426202 ], [ -2.666194730321508, 51.835617567833303 ], [ -2.682859608473576, 51.838450364642014 ], [ -2.693362748908632, 51.833867274175113 ], [ -2.697333897899366, 51.844792249049824 ], [ -2.715125360407324, 51.840238397407319 ], [ -2.719602187842312, 51.848913571160104 ], [ -2.738845501038686, 51.83661128414137 ], [ -2.778795383983247, 51.865853331031396 ], [ -2.768424973926059, 51.880534745334423 ], [ -2.802102628001055, 51.890616395749419 ], [ -2.821129336909593, 51.905425589496694 ], [ -2.836096657240534, 51.90603856585814 ], [ -2.84201393591312, 51.917753078305559 ], [ -2.861915661335638, 51.914011657830223 ], [ -2.844930770457373, 51.922019102619366 ], [ -2.870017195491645, 51.926825438751635 ], [ -2.877953240771443, 51.93383076926213 ], [ -2.952329245409849, 51.906264690065882 ], [ -2.971792713532562, 51.904959172559842 ], [ -2.976659670541143, 51.927483922228873 ], [ -2.999237013175359, 51.923451571746526 ], [ -3.008117130726127, 51.927124239278044 ], [ -3.025938138487967, 51.957275720428797 ], [ -3.068537314371785, 51.984446406306049 ], [ -3.099192720815334, 52.022679328974966 ], [ -3.08628029592171, 52.040187792497498 ], [ -3.09077459399858, 52.050818602515918 ], [ -3.125889598104732, 52.078303756451888 ], [ -3.122709054808805, 52.103150094968861 ], [ -3.105459828394269, 52.105378358318475 ], [ -3.104979535238086, 52.116719529075567 ], [ -3.141915031816582, 52.127858839864231 ], [ -3.135868363023428, 52.137899876801718 ], [ -3.093686202752534, 52.144297430587436 ], [ -3.072631373496153, 52.155635010081966 ], [ -3.082540426197354, 52.163038327704122 ], [ -3.098892668965071, 52.154725185144379 ], [ -3.122427134585552, 52.163410777935638 ], [ -3.094614744837532, 52.183813475304198 ], [ -3.102081023344423, 52.202710960567998 ], [ -3.072221701064684, 52.212947895486678 ], [ -3.073037655898453, 52.235866868224832 ], [ -3.044215528370072, 52.237917276902714 ], [ -3.048318991550768, 52.250222421801546 ], [ -3.03617135649414, 52.256649240620945 ], [ -3.005502559737605, 52.264260749409573 ], [ -2.977502673848182, 52.259762386974309 ], [ -2.949621076325419, 52.269514639364317 ], [ -3.011788008241336, 52.277484399956975 ], [ -3.000867911089059, 52.321753596249728 ], [ -2.966802572939856, 52.329436576716311 ], [ -2.954652325938864, 52.349141868892097 ], [ -2.933150223824978, 52.350039211034904 ], [ -2.938274893911526, 52.361516287678441 ], [ -2.920386507876638, 52.36828025041212 ], [ -2.900806481047661, 52.367257009944346 ], [ -2.922312356896229, 52.375133912506207 ], [ -2.917686973572495, 52.386274872594058 ], [ -2.89306221464457, 52.379643435632104 ], [ -2.893136407921445, 52.37407512441527 ], [ -2.888458203371719, 52.385140699191687 ], [ -2.855442404724502, 52.395284495790278 ] ] ] } },
{ "type": "Feature", "properties": { "area_name": "Hertfordshire" }, "geometry": { "type": "Polygon", "coordinates": [ [ [ -0.316696233005658, 51.640531756730702 ], [ -0.404071959912372, 51.613180419329147 ], [ -0.440596688777639, 51.620069989856049 ], [ -0.457151939451292, 51.612291198989254 ], [ -0.497247026906867, 51.631653961182749 ], [ -0.496707430869065, 51.601376420938507 ], [ -0.51957231470322, 51.600970115182939 ], [ -0.539281998468085, 51.638036335444419 ], [ -0.53094950472438, 51.649130027587297 ], [ -0.536913511339263, 51.660620591398654 ], [ -0.52279960967264, 51.658393773471737 ], [ -0.521016659928957, 51.66804122392702 ], [ -0.51474026282844, 51.66544879046134 ], [ -0.505129586714041, 51.673072494955157 ], [ -0.510919005921821, 51.679812617487642 ], [ -0.548718276514115, 51.682666727656802 ], [ -0.544039262975635, 51.69681234032511 ], [ -0.563232247559562, 51.711874300725746 ], [ -0.550105369665809, 51.730568841270937 ], [ -0.563722842973579, 51.739610917267569 ], [ -0.576192869022908, 51.73781593168804 ], [ -0.586403198571237, 51.75210923374042 ], [ -0.612959917133559, 51.747420827332256 ], [ -0.668750931704302, 51.765720104842188 ], [ -0.690216404259803, 51.792331724084335 ], [ -0.682675171098971, 51.797201836556304 ], [ -0.709319783732468, 51.820531776199793 ], [ -0.72342656291899, 51.817616930291102 ], [ -0.745701728314909, 51.842085877069501 ], [ -0.717471173848043, 51.857103838369305 ], [ -0.696382131095461, 51.85812637408543 ], [ -0.686792794218034, 51.849232365752762 ], [ -0.695475985744694, 51.841102662591865 ], [ -0.667239448287406, 51.815802289023658 ], [ -0.647795652602712, 51.813597708262506 ], [ -0.632964914949804, 51.819937957594419 ], [ -0.581850044048011, 51.806897318215036 ], [ -0.557163248986872, 51.8309580794783 ], [ -0.543204483644418, 51.815455262717222 ], [ -0.519753093984634, 51.805087241751636 ], [ -0.502307564395041, 51.815450485330388 ], [ -0.511218114079431, 51.825885175457998 ], [ -0.501843640756462, 51.836786337540204 ], [ -0.491906830287073, 51.835270141857116 ], [ -0.490958071165784, 51.84281098129415 ], [ -0.47122024894122, 51.845459532625256 ], [ -0.478323417515782, 51.853128015738271 ], [ -0.469708030095457, 51.855890000294877 ], [ -0.447548798744649, 51.847593457614913 ], [ -0.421525425916022, 51.850197326307544 ], [ -0.373290585005767, 51.829246616626335 ], [ -0.363332211505965, 51.842097128698327 ], [ -0.339510457399111, 51.849597824060403 ], [ -0.355239949367656, 51.867247590091864 ], [ -0.349923089488736, 51.878700590630459 ], [ -0.37751399961894, 51.898425477247471 ], [ -0.389240472203468, 51.925772892871763 ], [ -0.405634408479772, 51.932445783426004 ], [ -0.404019830900299, 51.955565621336923 ], [ -0.390291545179918, 51.977719255903942 ], [ -0.379655745333707, 51.977948345371921 ], [ -0.382938071037397, 51.951404381448931 ], [ -0.37413073686941, 51.947760163712935 ], [ -0.350251211684969, 51.957568761274018 ], [ -0.349290592135373, 51.971160553165532 ], [ -0.363758407504073, 51.975200095767548 ], [ -0.36718345852709, 51.983751893527582 ], [ -0.311582607994208, 51.982101083503565 ], [ -0.295352546796742, 51.995395237047667 ], [ -0.300081008581485, 52.000771349986117 ], [ -0.28392039497102, 52.001811120774015 ], [ -0.273928241156616, 51.981200928474671 ], [ -0.260282612505082, 51.979696330296015 ], [ -0.257476103857675, 51.985377166045772 ], [ -0.247916531500162, 51.985164294622194 ], [ -0.244105428826437, 51.999014130323708 ], [ -0.201282557233441, 52.009815323739709 ], [ -0.219519079684099, 52.036731229807501 ], [ -0.195008449115432, 52.062404527428278 ], [ -0.172645796097073, 52.060199490627319 ], [ -0.16419237788535, 52.077024668714373 ], [ -0.157307255633291, 52.080536382129679 ], [ -0.147532301202955, 52.069392564879351 ], [ -0.155147976546795, 52.053050865137614 ], [ -0.133757435750365, 52.046222851560231 ], [ -0.12102672549804, 52.019511747531567 ], [ -0.024441418377971, 52.063305603241091 ], [ 0.002288761190062, 52.050139816652297 ], [ 0.040277621222417, 52.053316872943263 ], [ 0.052069549042946, 52.02462082845333 ], [ 0.074122028846226, 52.001397345105495 ], [ 0.069416079492856, 51.982977051992407 ], [ 0.096433082977216, 51.984316432757502 ], [ 0.106984129008326, 51.971808800637596 ], [ 0.124831880672985, 51.923530541224999 ], [ 0.12473500491121, 51.884577593439644 ], [ 0.183874047204807, 51.893359269840587 ], [ 0.174949127529514, 51.882804759363324 ], [ 0.195566976297101, 51.868078794434041 ], [ 0.170441077851015, 51.861614656832138 ], [ 0.173371502807071, 51.849762455964409 ], [ 0.164807699421063, 51.849643440536369 ], [ 0.161182047614425, 51.825940379231952 ], [ 0.172555746620436, 51.816297652302815 ], [ 0.158281847242239, 51.813510303012912 ], [ 0.14814677794072, 51.795946573746768 ], [ 0.125582427977148, 51.79515086409944 ], [ 0.099227485620308, 51.783224800858875 ], [ 0.060841927731422, 51.783521001626312 ], [ 0.051721173810947, 51.776048726255844 ], [ 0.018109645063263, 51.769689451013257 ], [ 0.001230914144272, 51.745131313238346 ], [ -0.013536727789666, 51.742212085261784 ], [ -0.019756980681667, 51.703270429720412 ], [ -0.011945043476099, 51.680875053165046 ], [ -0.062043343313263, 51.683005500951936 ], [ -0.105804719375074, 51.691872740800768 ], [ -0.163517995157095, 51.688111482427878 ], [ -0.172498209188323, 51.673087932779794 ], [ -0.191091815027094, 51.663893473051125 ], [ -0.20337761103217, 51.67012304410185 ], [ -0.21215994490589, 51.661350276843564 ], [ -0.250607562708087, 51.65605380973922 ], [ -0.257356696583041, 51.641828704165995 ], [ -0.263296201466858, 51.644830172071032 ], [ -0.296151092068131, 51.635443508327825 ], [ -0.316696233005658, 51.640531756730702 ] ] ] } },
{ "type": "Feature", "properties": { "area_name": "Kingston upon Hull, City of" }, "geometry": { "type": "MultiPolygon", "coordinates": [ [ [ [ -0.351951453780181, 53.783560822408724 ], [ -0.348398782839548, 53.775428933357588 ], [ -0.346978149625763, 53.774970685585423 ], [ -0.342206456558798, 53.775215822665324 ], [ -0.342197935319963, 53.772736504768439 ], [ -0.340661051123567, 53.771228440985276 ], [ -0.328338454014264, 53.765990064378542 ], [ -0.333500210689749, 53.763954876969073 ], [ -0.336530022588981, 53.759999485582924 ], [ -0.336154171170955, 53.758570387574849 ], [ -0.334127189488737, 53.756969132044745 ], [ -0.330057169714999, 53.756285953376427 ], [ -0.32891009023328, 53.753886938554146 ], [ -0.333190019924416, 53.751752277630096 ], [ -0.332628864200098, 53.738269697797364 ], [ -0.419201363689776, 53.719558160752221 ], [ -0.4221228712288, 53.731755303578019 ], [ -0.401933736218644, 53.749966641505111 ], [ -0.421181735010006, 53.75375352279854 ], [ -0.418198447486922, 53.760611484961132 ], [ -0.388104116190789, 53.769324615297023 ], [ -0.392213370626863, 53.791112613901909 ], [ -0.359597089695946, 53.793359490744308 ], [ -0.359646254340059, 53.792021690303592 ], [ -0.356431177042102, 53.789954224554876 ], [ -0.348096678506454, 53.786947005697741 ], [ -0.348399694551144, 53.785531801400005 ], [ -0.351264974272737, 53.784577939571811 ], [ -0.351951453780181, 53.783560822408724 ] ] ], [ [ [ -0.31612658342038, 53.81325033171376 ], [ -0.278242975368585, 53.782039601235034 ], [ -0.252317303172697, 53.781307617278991 ], [ -0.254194123954158, 53.763479616877653 ], [ -0.241428253956903, 53.755034555167327 ], [ -0.250174792116597, 53.733272739642381 ], [ -0.286741266201679, 53.742535078009844 ], [ -0.331282656395535, 53.738303097294526 ], [ -0.328530570023831, 53.75374231457338 ], [ -0.329725591151322, 53.756423362158479 ], [ -0.336159988145997, 53.759689617692736 ], [ -0.32800365446357, 53.766053712746526 ], [ -0.332146784444593, 53.77073364591179 ], [ -0.339036823364936, 53.770782560673524 ], [ -0.341795100566096, 53.775256877301366 ], [ -0.348111307966465, 53.775561607288566 ], [ -0.348047947820974, 53.787298706927601 ], [ -0.365184319590331, 53.803346228401516 ], [ -0.31612658342038, 53.81325033171376 ] ] ] ] } },
{ "type": "Feature", "properties": { "area_name": "Lancashire" }, "geometry": { "type": "MultiPolygon", "coordinates": [ [ [ [ -2.831156266056055, 53.718986241638518 ], [ -2.824472093609963, 53.702184644215968 ], [ -2.831249299017372, 53.701575123171402 ], [ -2.833194817625694, 53.699917627884965 ], [ -2.833936042973221, 53.697800197266659 ], [ -2.833360229090473, 53.695334195597106 ], [ -2.832389980596777, 53.694288402781488 ], [ -2.830093344340872, 53.69356190347979 ], [ -2.829419055650531, 53.690540182828215 ], [ -2.825383402000656, 53.687062592718483 ], [ -2.818925231130359, 53.68636179728432 ], [ -2.823173357216325, 53.683995683586026 ], [ -2.824415354122969, 53.680762098226566 ], [ -2.809155734683195, 53.659994199083933 ], [ -2.810969573947563, 53.648143250529003 ], [ -2.805922797884685, 53.633154033502656 ], [ -2.80804779885607, 53.630396422320693 ], [ -2.808227385667009, 53.629111655438038 ], [ -2.807726528061237, 53.62814428192582 ], [ -2.801040839880006, 53.624999214403104 ], [ -2.807917454095862, 53.628798252890427 ], [ -2.805805292399016, 53.632701806027036 ], [ -2.806195260346587, 53.641255296374098 ], [ -2.810743966605724, 53.648133093968518 ], [ -2.808597412985186, 53.653753706720927 ], [ -2.808694055530871, 53.65864366134111 ], [ -2.809899977603228, 53.662346830772627 ], [ -2.82405463507046, 53.680664810071214 ], [ -2.816237846290047, 53.687787729305683 ], [ -2.825540868132622, 53.687526207478378 ], [ -2.829624442510721, 53.693899521191561 ], [ -2.832477252969905, 53.694950240760591 ], [ -2.833331062665187, 53.697537453441981 ], [ -2.823673932340534, 53.702191035204578 ], [ -2.826630690969082, 53.715862645347656 ], [ -2.822982193140493, 53.715410487477357 ], [ -2.821552535888621, 53.718635436037303 ], [ -2.819184418763893, 53.71655107720985 ], [ -2.81739331253981, 53.717018123950126 ], [ -2.8168875669506, 53.71774064214371 ], [ -2.821579730358095, 53.718708953994579 ], [ -2.827099468853335, 53.716200068045659 ], [ -2.835435483511223, 53.724326116337949 ], [ -2.824411815494391, 53.730785110070066 ], [ -2.8358060696936, 53.724747781460266 ], [ -2.842990743024719, 53.728953422488892 ], [ -2.838762258678547, 53.72867030859063 ], [ -2.834324548328227, 53.730447732583023 ], [ -2.844942691276695, 53.73369810265941 ], [ -2.836885427259128, 53.735900174002488 ], [ -2.834355609408513, 53.737678633421247 ], [ -2.845380489701547, 53.734136341899642 ], [ -2.844688409849542, 53.730089276637244 ], [ -2.854834988423923, 53.735315039572669 ], [ -2.822333915772251, 53.743686850658534 ], [ -2.818637582551081, 53.739882241791115 ], [ -2.82659632303492, 53.739293690795463 ], [ -2.832025001016318, 53.736965887753506 ], [ -2.828983372116659, 53.73332153069407 ], [ -2.83174390023681, 53.73693368393085 ], [ -2.81779638685724, 53.739505084211402 ], [ -2.820071740408207, 53.744314459449633 ], [ -2.776139197422719, 53.753462348211478 ], [ -2.773945286853205, 53.748053014818488 ], [ -2.774413359588611, 53.75338363160828 ], [ -2.752486447154296, 53.756956477041662 ], [ -2.724147467330908, 53.756941800735717 ], [ -2.71681795191778, 53.7495121534254 ], [ -2.710093686881892, 53.747608935709685 ], [ -2.696290363106213, 53.751576455518887 ], [ -2.690353215498804, 53.748900860381241 ], [ -2.685000267131486, 53.748812938375082 ], [ -2.680896753139419, 53.746185701501446 ], [ -2.679996502408772, 53.745782686852429 ], [ -2.67890553892844, 53.745605575893755 ], [ -2.679679988174056, 53.752531101671337 ], [ -2.67305952043832, 53.749361478750735 ], [ -2.667998214792251, 53.748158418004451 ], [ -2.663743098196727, 53.748827419216653 ], [ -2.661921960743929, 53.750183927489523 ], [ -2.677831134056586, 53.753180636752688 ], [ -2.681612540481749, 53.75227744205209 ], [ -2.687257800592594, 53.74925032067646 ], [ -2.697495293462852, 53.752356815999519 ], [ -2.710294939398615, 53.748212651229437 ], [ -2.719093326310187, 53.756564171347733 ], [ -2.730430178741856, 53.758537730014034 ], [ -2.750059025446501, 53.758539615315378 ], [ -2.787907346165311, 53.753258811647477 ], [ -2.789288182007786, 53.756370453746641 ], [ -2.792306048411931, 53.760699064501708 ], [ -2.795574361148511, 53.762113737118185 ], [ -2.788237211825704, 53.765526528019905 ], [ -2.790113022200447, 53.765808091874852 ], [ -2.795782022055674, 53.762025172128922 ], [ -2.788499711010042, 53.753225253857316 ], [ -2.855742661212637, 53.738503917306431 ], [ -2.858740991161659, 53.750597845640463 ], [ -2.858808928887714, 53.73779706505789 ], [ -2.951541454701635, 53.733006725259372 ], [ -2.937831762447868, 53.736414475793445 ], [ -2.932770447042666, 53.741099193608562 ], [ -2.92818292675975, 53.738299879960238 ], [ -2.925029907288478, 53.737353518324383 ], [ -2.911538289816223, 53.736569771644881 ], [ -2.916039119519952, 53.744295117263349 ], [ -2.916983833682059, 53.737474694111 ], [ -2.92270623262718, 53.737234812929024 ], [ -2.936782983927974, 53.744606620805072 ], [ -2.943595027480632, 53.736250576563386 ], [ -2.974771140659115, 53.733925549850667 ], [ -3.015468210831355, 53.738587800722222 ], [ -3.039020547386339, 53.747480412583791 ], [ -3.056714351222322, 53.773215172688154 ], [ -3.032768422722877, 53.78073418380783 ], [ -3.02880431270659, 53.773102046563352 ], [ -2.996481199913325, 53.774489696179373 ], [ -3.003890515735271, 53.791327845339701 ], [ -2.983360904044863, 53.793789135587083 ], [ -2.994514507183026, 53.817657379897511 ], [ -3.011672058255916, 53.825575504313967 ], [ -3.00764535732738, 53.834026973634849 ], [ -3.015561032894045, 53.840696060273707 ], [ -3.019116026337299, 53.837075073176436 ], [ -3.019755837322198, 53.868585327175758 ], [ -3.047956602775978, 53.875718135793051 ], [ -3.044778281262944, 53.923192168003077 ], [ -3.006095950438614, 53.928050801921842 ], [ -3.012521307472048, 53.91980854372737 ], [ -3.005723412945553, 53.918638794392955 ], [ -3.006940129270825, 53.901562681180799 ], [ -3.008430052290751, 53.907559696400476 ], [ -3.00915250942916, 53.901411075386712 ], [ -3.011691520911382, 53.904825001193409 ], [ -3.013359889012693, 53.905207308747599 ], [ -3.015068568960939, 53.904426176106099 ], [ -2.968816241063038, 53.87396625564655 ], [ -2.978996600877348, 53.870790774156205 ], [ -2.982208910113112, 53.857625488254904 ], [ -2.959990217749966, 53.861032116372172 ], [ -2.943951254647129, 53.850069692192342 ], [ -2.920682749548679, 53.856509930949784 ], [ -2.912331019912108, 53.859774436015066 ], [ -2.910889654584786, 53.863695256907953 ], [ -2.906320152844745, 53.864395887460788 ], [ -2.896106743108079, 53.860445894589361 ], [ -2.878928590396151, 53.860391410378988 ], [ -2.868965483485218, 53.86585149633801 ], [ -2.865153088169619, 53.859218813967701 ], [ -2.847600738847758, 53.857397269596987 ], [ -2.845890779669861, 53.858023230078217 ], [ -2.845362173168728, 53.85880173553825 ], [ -2.846874496476289, 53.863217737519719 ], [ -2.843776990069237, 53.86170348628572 ], [ -2.838473850880325, 53.863780077115301 ], [ -2.836506934738622, 53.865036867604083 ], [ -2.832608754880358, 53.862779196659631 ], [ -2.82487319844773, 53.863221817099884 ], [ -2.836919158639837, 53.865119380200788 ], [ -2.847148858736234, 53.863325456067685 ], [ -2.847667147399229, 53.857523533503951 ], [ -2.865028987116796, 53.859467782429086 ], [ -2.868270652002105, 53.866077635566704 ], [ -2.873287663914925, 53.865651137292062 ], [ -2.879153475133881, 53.86060188375729 ], [ -2.909415590446574, 53.86492973300907 ], [ -2.944738669066378, 53.85229617378009 ], [ -2.958540196777785, 53.862586092176159 ], [ -2.972295115590654, 53.864607423943546 ], [ -2.966427011219212, 53.877406441515078 ], [ -2.963352002108361, 53.87743656028109 ], [ -2.962994040991318, 53.878076698369426 ], [ -2.985187843208086, 53.889797855445465 ], [ -2.995646262772969, 53.905440031839966 ], [ -2.984950467133317, 53.904223185696111 ], [ -2.990828561841076, 53.911478619813288 ], [ -2.996733969100733, 53.908929214522587 ], [ -2.999334062624916, 53.928563871877586 ], [ -2.968285459167263, 53.939565400223813 ], [ -2.915013773917301, 53.951500471538509 ], [ -2.918926748705224, 53.942589019163748 ], [ -2.890604088039234, 53.9395680537028 ], [ -2.88560462316787, 53.943965140543639 ], [ -2.894331425413278, 53.946529476202471 ], [ -2.874408755193531, 53.94581153974692 ], [ -2.857267056492709, 53.965281857046016 ], [ -2.842448971913318, 53.956045463027145 ], [ -2.835653068366884, 53.954265677232584 ], [ -2.854172255430851, 53.965333565235426 ], [ -2.846750439379826, 53.963981289065494 ], [ -2.843712183731753, 53.964262422365678 ], [ -2.842060753681555, 53.964834862427956 ], [ -2.842027279633406, 53.963477009869379 ], [ -2.843795568350798, 53.964089266944264 ], [ -2.846215500610009, 53.963458361788859 ], [ -2.846615532372832, 53.96251449841931 ], [ -2.845824500530579, 53.961462182834801 ], [ -2.835870300191578, 53.963751904721491 ], [ -2.842007094855221, 53.965121955839535 ], [ -2.850825673377409, 53.964848595745892 ], [ -2.84123228080951, 53.965930912004737 ], [ -2.843997350749621, 53.96819087184037 ], [ -2.866986718390384, 53.968472947001175 ], [ -2.879049288564093, 53.979108879217527 ], [ -2.856092119993516, 53.999568617595223 ], [ -2.834060178840553, 53.998658491610989 ], [ -2.832326998061165, 53.994826364120627 ], [ -2.830399596473075, 53.997235886744143 ], [ -2.83070305460832, 53.995468556347291 ], [ -2.829298653353009, 53.995109751612532 ], [ -2.826570030930446, 53.995971622475842 ], [ -2.827754918130788, 53.995568894868619 ], [ -2.827571701910738, 53.995252882385913 ], [ -2.825222967248512, 53.994500566909274 ], [ -2.823436583342413, 53.995264214641338 ], [ -2.823244693417355, 53.99473883599385 ], [ -2.822995379049271, 53.995168370049861 ], [ -2.824032172679106, 53.9954533723567 ], [ -2.82748554072887, 53.995369420299113 ], [ -2.82579102812488, 53.995533873091276 ], [ -2.826556121155344, 53.996347414251872 ], [ -2.829312514301955, 53.995423335330408 ], [ -2.828770901789069, 53.996954124354325 ], [ -2.832746727772725, 53.998506717119142 ], [ -2.828324576018731, 54.036154402088385 ], [ -2.831863947084168, 54.032409873337926 ], [ -2.842355485867735, 54.045002550843179 ], [ -2.809562650080439, 54.054718116050239 ], [ -2.799632588398771, 54.051969573239312 ], [ -2.792464252882945, 54.05783036517915 ], [ -2.791723382278595, 54.062250066126829 ], [ -2.793837656686646, 54.062796967182827 ], [ -2.795773778877366, 54.061135802624506 ], [ -2.799999899962366, 54.0530402783141 ], [ -2.808800454922578, 54.055586078670025 ], [ -2.814817309134927, 54.054786880615495 ], [ -2.838977337570452, 54.049628864701049 ], [ -2.849731909079938, 54.043129695155812 ], [ -2.836614444538142, 54.032447909328184 ], [ -2.840094451612606, 54.030808513010975 ], [ -2.84121782863509, 54.028526716536987 ], [ -2.833463840737135, 54.028510625925293 ], [ -2.843754254161145, 54.021400397446143 ], [ -2.834400277820976, 54.012150618486061 ], [ -2.853292984977011, 54.005546642139493 ], [ -2.85276484044702, 54.009415208213561 ], [ -2.850150165512512, 54.007206520966918 ], [ -2.844735109668434, 54.012936767650821 ], [ -2.845002818784585, 54.014851112688881 ], [ -2.86078639547685, 54.003862785050956 ], [ -2.862717782505802, 54.008648503062666 ], [ -2.867327419283019, 54.011505848738352 ], [ -2.869899714319207, 54.010017726595045 ], [ -2.867823657809216, 54.012619468685337 ], [ -2.870904421531154, 54.014504426284169 ], [ -2.870005006897542, 54.008409018946942 ], [ -2.865357093807318, 54.007375707215687 ], [ -2.868758773755634, 54.006011958012863 ], [ -2.864811133130626, 54.004961876854566 ], [ -2.877902785197235, 54.00629873246308 ], [ -2.871924508105844, 54.002787517086297 ], [ -2.881045320394972, 53.989441244658082 ], [ -2.882676235991884, 53.990113260612347 ], [ -2.884520753724575, 53.998052269088745 ], [ -2.887507389227268, 54.001694647844019 ], [ -2.886114848743894, 53.99101191586756 ], [ -2.900232964202763, 53.9920214784173 ], [ -2.903422485354581, 54.020551471788309 ], [ -2.924426979785459, 54.031315740194728 ], [ -2.905980396158451, 54.039708015820317 ], [ -2.878733685988142, 54.074588247304561 ], [ -2.84722105665378, 54.077490047334607 ], [ -2.819589959015483, 54.088785956695148 ], [ -2.817059499247148, 54.091028551171476 ], [ -2.817054442714682, 54.092093639523199 ], [ -2.815484019598628, 54.092862866082015 ], [ -2.816391982381003, 54.094640784411752 ], [ -2.814340102732128, 54.094879387117729 ], [ -2.815867051468747, 54.095395725176601 ], [ -2.816623880998782, 54.094536749531336 ], [ -2.815656140979282, 54.092907536855087 ], [ -2.817071398652895, 54.092256203469724 ], [ -2.82047535714177, 54.088564213289104 ], [ -2.825436197990074, 54.087555095435583 ], [ -2.826948923006831, 54.099966745056093 ], [ -2.808581258869451, 54.108137456682229 ], [ -2.785089830961861, 54.135036935588715 ], [ -2.794636844150847, 54.127742755282569 ], [ -2.804778967362429, 54.13135313666988 ], [ -2.804290215102281, 54.123031064099884 ], [ -2.820722128196528, 54.122972242261909 ], [ -2.828006397166708, 54.143509666158899 ], [ -2.84170792810041, 54.147232619656336 ], [ -2.836350787417276, 54.150561267452616 ], [ -2.862985526785748, 54.155477399388076 ], [ -2.86949241460619, 54.176676661586427 ], [ -2.837217667569349, 54.174162353921147 ], [ -2.815626126772864, 54.182103758952898 ], [ -2.81633398472073, 54.18979958764794 ], [ -2.799230400377403, 54.197721870943752 ], [ -2.768232721773797, 54.185953877460094 ], [ -2.749301944730317, 54.188944702329636 ], [ -2.734387520693895, 54.18410058863126 ], [ -2.736489881115597, 54.169016411037703 ], [ -2.679876535498629, 54.161123970903645 ], [ -2.63996406002005, 54.20203481789909 ], [ -2.605751922497439, 54.194343187492748 ], [ -2.557792373940252, 54.198657902120409 ], [ -2.459581943299329, 54.239557462870792 ], [ -2.4799553362041, 54.202301565129837 ], [ -2.528719029404991, 54.169500611193527 ], [ -2.533295125564552, 54.158246017977326 ], [ -2.560502768700896, 54.153040836627866 ], [ -2.563327500286997, 54.122694569262784 ], [ -2.544762232832252, 54.117118771343101 ], [ -2.524007488601656, 54.09461071853999 ], [ -2.509523875736916, 54.095413527152978 ], [ -2.464345175668486, 54.075267351407 ], [ -2.47054422454467, 54.050842681934164 ], [ -2.458772961683796, 54.040483155940102 ], [ -2.425824451018551, 54.038082465144711 ], [ -2.374070423455111, 54.049076718541393 ], [ -2.361997001435514, 54.040657219435687 ], [ -2.357321085548419, 54.019104425068399 ], [ -2.343538242817464, 54.017314735865028 ], [ -2.339378620818578, 54.008780173678829 ], [ -2.350286554448103, 54.012187551032063 ], [ -2.353569262428461, 54.003773544252716 ], [ -2.352355623250406, 53.994660881925043 ], [ -2.339921064233174, 53.989414638638834 ], [ -2.318826189459583, 53.993715588446278 ], [ -2.294317309934687, 53.974419521593951 ], [ -2.230342064465399, 53.981516697979124 ], [ -2.221059524038137, 53.977913904358104 ], [ -2.232012417746455, 53.971216263273917 ], [ -2.225733194246805, 53.96108559091963 ], [ -2.196014951056948, 53.969562000739948 ], [ -2.179463568492904, 53.945971742082982 ], [ -2.182278534306312, 53.935376328613742 ], [ -2.171676106644612, 53.937673964609672 ], [ -2.162873759252138, 53.927255941885448 ], [ -2.12434683202464, 53.923186591613614 ], [ -2.107463510772867, 53.908028848391361 ], [ -2.113172991521029, 53.904597442466851 ], [ -2.103016179442937, 53.890927162499054 ], [ -2.082454987054492, 53.87754044032291 ], [ -2.089912345986424, 53.868167937430677 ], [ -2.081188420516607, 53.86995736402443 ], [ -2.046127643579235, 53.850127239861344 ], [ -2.046922238450509, 53.829496120778821 ], [ -2.128356973997117, 53.79901678274576 ], [ -2.124814201154105, 53.78804082772772 ], [ -2.13636174569531, 53.780090040501861 ], [ -2.131301987719187, 53.751361926913013 ], [ -2.14540701030162, 53.736040771998589 ], [ -2.173293689123188, 53.722996996562202 ], [ -2.162582841959915, 53.699206156648522 ], [ -2.145254392459008, 53.692279743618926 ], [ -2.163853780857057, 53.654850605218904 ], [ -2.161354096489009, 53.641358234831159 ], [ -2.185397363861899, 53.63820805213259 ], [ -2.182408277491218, 53.648241686285878 ], [ -2.205229682541199, 53.654332845047563 ], [ -2.225824944204263, 53.6707521896465 ], [ -2.269867689966554, 53.646120478841389 ], [ -2.256771378472762, 53.620381850021737 ], [ -2.271789587702613, 53.614498201607852 ], [ -2.295739069567971, 53.641479814793264 ], [ -2.295693001312229, 53.664281219157708 ], [ -2.300105735534387, 53.667010732167405 ], [ -2.315561271827087, 53.655061602618837 ], [ -2.333403960380909, 53.655170506878143 ], [ -2.371237960933464, 53.667064667526951 ], [ -2.374425738807082, 53.687238626352745 ], [ -2.400151695127259, 53.692471004923171 ], [ -2.433870188806612, 53.719166166392903 ], [ -2.440068667508429, 53.749402989808509 ], [ -2.451781359876098, 53.756439323001914 ], [ -2.446318070746516, 53.766574998895102 ], [ -2.467048715605865, 53.781468332238525 ], [ -2.477088752057007, 53.781033308716637 ], [ -2.480827800722895, 53.773977102607809 ], [ -2.509414068515886, 53.769201359536694 ], [ -2.523251724616641, 53.760393600566552 ], [ -2.547698953732603, 53.758785126657493 ], [ -2.564662580891051, 53.743631449545354 ], [ -2.555184821872437, 53.725252678939121 ], [ -2.540802872225743, 53.719654121663623 ], [ -2.539585336319939, 53.702084974547525 ], [ -2.515700442890063, 53.692390369953138 ], [ -2.532346383581143, 53.664886273125191 ], [ -2.520063409936466, 53.630465678305725 ], [ -2.511324711832489, 53.626979023842928 ], [ -2.57400450692478, 53.594275476249571 ], [ -2.595927470564985, 53.610799482277734 ], [ -2.622788780770144, 53.593601763136306 ], [ -2.634593981719444, 53.608267231388986 ], [ -2.689314162592381, 53.604286378349421 ], [ -2.693377225405354, 53.589392400361554 ], [ -2.701405660342229, 53.590604873678998 ], [ -2.719223511080669, 53.576097705253105 ], [ -2.704214351225434, 53.562634168357867 ], [ -2.718607972745987, 53.543544077861839 ], [ -2.719726681400012, 53.525695054951797 ], [ -2.759831611836259, 53.512521218073068 ], [ -2.770015165797607, 53.51410455206679 ], [ -2.782477035835386, 53.53141388724876 ], [ -2.816740995068592, 53.512158432931543 ], [ -2.825574966054977, 53.482765869994687 ], [ -2.844422023662017, 53.484114590627286 ], [ -2.849837453497248, 53.493123330791434 ], [ -2.861381020033093, 53.491067649199181 ], [ -2.887995540013526, 53.503812987157119 ], [ -2.892390439709227, 53.511130319160067 ], [ -2.881717719698664, 53.520528112629655 ], [ -2.923010936032188, 53.525204200850361 ], [ -2.94785097760683, 53.544323854763874 ], [ -2.977283515807025, 53.546206428494997 ], [ -2.962999089148818, 53.52288693356769 ], [ -2.9759953122296, 53.515275009282561 ], [ -3.01650201524835, 53.535749090202799 ], [ -3.046701123068954, 53.54294199212741 ], [ -3.040591368348572, 53.564986325405563 ], [ -3.022622791042632, 53.569581763977823 ], [ -3.020711934316322, 53.583659126560562 ], [ -3.035988784221387, 53.587202365269938 ], [ -3.028080301474895, 53.603066422602041 ], [ -2.997335799694604, 53.626869707731544 ], [ -2.981824911751579, 53.622189072284847 ], [ -2.96777016262887, 53.631047673390576 ], [ -2.940144762617218, 53.658594867093512 ], [ -2.956217972350474, 53.697473186230468 ], [ -2.941530702575436, 53.69652352610003 ], [ -2.955107624412899, 53.704422946697811 ], [ -2.943783763249586, 53.708135963997307 ], [ -2.937120366663773, 53.704504817861469 ], [ -2.928844324453479, 53.704491089186952 ], [ -2.948245310543115, 53.711767115367856 ], [ -2.939848406365744, 53.724200489085966 ], [ -2.93301045976406, 53.725174356652175 ], [ -2.9336764746969, 53.723015541209953 ], [ -2.932313104463101, 53.718727893917524 ], [ -2.931106425526696, 53.724880868293056 ], [ -2.928256460570402, 53.716115003159729 ], [ -2.927179856051403, 53.720695754469816 ], [ -2.915508365164207, 53.713325137008042 ], [ -2.929350318947294, 53.724146668484444 ], [ -2.915095966263501, 53.726083749750714 ], [ -2.894711845721229, 53.708870333348713 ], [ -2.912818292022541, 53.726938846324103 ], [ -2.90430306456385, 53.72890806931202 ], [ -2.906154855732541, 53.726350360024313 ], [ -2.905607223344326, 53.724212565285619 ], [ -2.903069714659785, 53.722495162404719 ], [ -2.899066146615667, 53.721520374498269 ], [ -2.904717068294664, 53.72701198720879 ], [ -2.896278525182979, 53.722985700148875 ], [ -2.894579560650999, 53.730049792559043 ], [ -2.891144629044476, 53.725671083779041 ], [ -2.888781983723447, 53.730710446493177 ], [ -2.886123788486276, 53.726844460603644 ], [ -2.864670513590985, 53.733907888657697 ], [ -2.831156266056055, 53.718986241638518 ] ] ], [ [ [ -2.940148898549362, 53.853911465036745 ], [ -2.939494754460434, 53.852127930133058 ], [ -2.94403564166453, 53.851455015621298 ], [ -2.940148898549362, 53.853911465036745 ] ] ], [ [ [ -2.898295937228765, 53.987774762012691 ], [ -2.899236441161558, 53.990723882322833 ], [ -2.893333372801429, 53.989565322338663 ], [ -2.898295937228765, 53.987774762012691 ] ] ], [ [ [ -2.841246729095035, 54.022321259845498 ], [ -2.834029926339389, 54.022394922798874 ], [ -2.835302999638194, 54.017143430680534 ], [ -2.841246729095035, 54.022321259845498 ] ] ], [ [ [ -2.805603246846669, 54.12107104141802 ], [ -2.800646504858606, 54.122445095523958 ], [ -2.80556555465961, 54.120390022569431 ], [ -2.805603246846669, 54.12107104141802 ] ] ], [ [ [ -2.828537194331857, 54.141496356918822 ], [ -2.828299004223394, 54.140530017551548 ], [ -2.831155775370667, 54.140933645766737 ], [ -2.828537194331857, 54.141496356918822 ] ] ], [ [ [ -2.792987125188873, 54.061138932736696 ], [ -2.794561885595993, 54.061197743627353 ], [ -2.793575687250493, 54.062199208447204 ], [ -2.792987125188873, 54.061138932736696 ] ] ] ] } },
{ "type": "Feature", "properties": { "area_name": "Leicester" }, "geometry": { "type": "Polygon", "coordinates": [ [ [ -1.154629206611956, 52.689854464488036 ], [ -1.143269482376217, 52.687137996341541 ], [ -1.128258830448958, 52.665092260088848 ], [ -1.118819278449917, 52.673167367015495 ], [ -1.05675267373291, 52.663813100278198 ], [ -1.046212875108231, 52.638065846807997 ], [ -1.074338928414312, 52.613423299338628 ], [ -1.096642169549972, 52.616360771915502 ], [ -1.103659387565137, 52.595893366759746 ], [ -1.126806304086575, 52.595625717118693 ], [ -1.153107825842362, 52.580650436533162 ], [ -1.160950219915656, 52.582512346109858 ], [ -1.159559960986195, 52.591695712004181 ], [ -1.174166232341351, 52.59282958513856 ], [ -1.165566693717619, 52.613063397289935 ], [ -1.215987738379242, 52.634515246150279 ], [ -1.209011519401778, 52.642073485105293 ], [ -1.190662407501237, 52.640375476867852 ], [ -1.177993917901099, 52.678088243820227 ], [ -1.154629206611956, 52.689854464488036 ] ] ] } },
{ "type": "Feature", "properties": { "area_name": "Leicestershire" }, "geometry": { "type": "Polygon", "coordinates": [ [ [ -0.808433891263057, 52.645891855938387 ], [ -0.801761528535471, 52.638821196169175 ], [ -0.810968078448886, 52.625966195631761 ], [ -0.805834996742477, 52.620669662855107 ], [ -0.818634973768008, 52.610902409304899 ], [ -0.820961095281323, 52.596436868583638 ], [ -0.792446633968123, 52.597596162059695 ], [ -0.765385280313846, 52.582511024643821 ], [ -0.759906463366949, 52.564888415666836 ], [ -0.738877576031299, 52.548865691887421 ], [ -0.742219689511135, 52.539468492777146 ], [ -0.715642369503548, 52.522373674873648 ], [ -0.756169754208924, 52.510977740972983 ], [ -0.774880077785143, 52.518259150470321 ], [ -0.787795105210328, 52.513694622608867 ], [ -0.81087995876871, 52.519350005088363 ], [ -0.820134786307556, 52.515523702797303 ], [ -0.868769936062913, 52.52696402319593 ], [ -0.883421394369109, 52.513791130104465 ], [ -0.882138426909804, 52.493148834280362 ], [ -0.898060694117732, 52.486901513249023 ], [ -0.884547647629333, 52.481289873789258 ], [ -0.882482470091074, 52.471145396382582 ], [ -0.901293902700923, 52.459739234534766 ], [ -0.942204781594337, 52.467755706563722 ], [ -0.951888875188085, 52.477388746116461 ], [ -1.000704931812953, 52.470923577164356 ], [ -1.044523022184182, 52.44573145546827 ], [ -1.034286472379132, 52.436268708644214 ], [ -1.049873189271922, 52.422245916905339 ], [ -1.084394437862072, 52.436281487326333 ], [ -1.098217388083949, 52.425038294920228 ], [ -1.129282668195496, 52.416086554269654 ], [ -1.142282251717802, 52.399687892568444 ], [ -1.184005522155044, 52.392154383110089 ], [ -1.201626583148617, 52.396714980064097 ], [ -1.240755340294694, 52.440117794609378 ], [ -1.307837172728517, 52.494522285682393 ], [ -1.522876993713951, 52.570582995968337 ], [ -1.52716402122746, 52.582720351375258 ], [ -1.560765207457065, 52.596138473781885 ], [ -1.554467839876077, 52.614718536350637 ], [ -1.566936896748183, 52.620632398293374 ], [ -1.571367255845372, 52.635113084527923 ], [ -1.546999946047546, 52.642252972393315 ], [ -1.542428688647334, 52.653609284184 ], [ -1.552812860831208, 52.668445134164905 ], [ -1.589651364712147, 52.68724366080275 ], [ -1.586291382109125, 52.694481282393035 ], [ -1.597547200177406, 52.70040464743397 ], [ -1.550086332664233, 52.720261361324873 ], [ -1.544643707208136, 52.731669150799348 ], [ -1.562499192211079, 52.750569593051289 ], [ -1.552793638241749, 52.763315744870511 ], [ -1.539198193913501, 52.760079629615873 ], [ -1.503950223361384, 52.767444786124678 ], [ -1.494071190886312, 52.759071513330177 ], [ -1.46876435882859, 52.766773830272271 ], [ -1.455890070689868, 52.777076949170166 ], [ -1.462786195561475, 52.786845894310744 ], [ -1.442509311554377, 52.792886911254044 ], [ -1.443568702462179, 52.802726487873407 ], [ -1.417711947656811, 52.801597464839993 ], [ -1.381539841534901, 52.845799679965239 ], [ -1.358062547566812, 52.856069729216486 ], [ -1.351179110107186, 52.853270745463952 ], [ -1.344868647979524, 52.867514189314711 ], [ -1.325338771587028, 52.865962966877845 ], [ -1.306000630148435, 52.877061526603917 ], [ -1.267894535343112, 52.873349378146727 ], [ -1.275288482755193, 52.86036074636192 ], [ -1.264549679154608, 52.85808780427984 ], [ -1.272242193344362, 52.849257070261153 ], [ -1.270890747182272, 52.823729978520376 ], [ -1.260082172786757, 52.819206059060619 ], [ -1.260027815730896, 52.807112843077718 ], [ -1.241517873992816, 52.80527631081889 ], [ -1.225742541366714, 52.791618024447232 ], [ -1.211245058124281, 52.794909900814979 ], [ -1.197735043088296, 52.789391373932368 ], [ -1.175173746280864, 52.803160927860034 ], [ -1.130899537663041, 52.805806275246752 ], [ -1.119965408347374, 52.818798596930492 ], [ -1.078711453815, 52.824227403469813 ], [ -1.06946890373189, 52.822200956426464 ], [ -1.071745162856443, 52.813990448596265 ], [ -1.042196835799596, 52.81452886115455 ], [ -1.021940035179572, 52.822031101234607 ], [ -0.989010641725535, 52.818229462412191 ], [ -0.975057694057651, 52.829207756839146 ], [ -0.977080559276628, 52.840716864245877 ], [ -0.959410149035677, 52.843829328386455 ], [ -0.928126735344985, 52.866062458127558 ], [ -0.940578868359906, 52.876835152247651 ], [ -0.916929842253032, 52.87891068176085 ], [ -0.857637942678114, 52.905621384053035 ], [ -0.860488964088533, 52.915796427792934 ], [ -0.82254437368658, 52.94412190571331 ], [ -0.832861081067096, 52.949578851681892 ], [ -0.820027235174936, 52.960443020367713 ], [ -0.81285613773875, 52.957442764780971 ], [ -0.797281055459505, 52.976191665993085 ], [ -0.780096588436788, 52.977277858668188 ], [ -0.778442655475203, 52.959292122448858 ], [ -0.75495527370719, 52.949534532297498 ], [ -0.776864114464199, 52.904787658390788 ], [ -0.758473141625309, 52.900468751285388 ], [ -0.766597229903197, 52.886777260397608 ], [ -0.742727880767691, 52.883136027491943 ], [ -0.682049525724214, 52.811775224086006 ], [ -0.683244780948613, 52.795146914866052 ], [ -0.664111069856255, 52.756690744921947 ], [ -0.684438322204922, 52.75646029982645 ], [ -0.696253167004789, 52.746473198888992 ], [ -0.751524290986459, 52.73671654730353 ], [ -0.776493195163451, 52.743914390265502 ], [ -0.813581518827109, 52.728944159286691 ], [ -0.821761591666461, 52.715655635729966 ], [ -0.786054599194412, 52.694721552506536 ], [ -0.782126314403396, 52.670456317463604 ], [ -0.808433891263057, 52.645891855938387 ] ], [ [ -1.172981017079758, 52.682643627588185 ], [ -1.190662407501237, 52.640375476867852 ], [ -1.209011519401778, 52.642073485105293 ], [ -1.215987738379242, 52.634515246150279 ], [ -1.165566693717619, 52.613063397289935 ], [ -1.174166232341351, 52.59282958513856 ], [ -1.158000510567325, 52.590648087193635 ], [ -1.159337380507682, 52.58164775539155 ], [ -1.149504371800994, 52.581005798165322 ], [ -1.145996858878209, 52.588117770475115 ], [ -1.12017939995055, 52.597525733136173 ], [ -1.103659387565137, 52.595893366759746 ], [ -1.096642169549972, 52.616360771915502 ], [ -1.074338928414312, 52.613423299338628 ], [ -1.046970866533768, 52.634601787055203 ], [ -1.05675267373291, 52.663813100278198 ], [ -1.118819278449917, 52.673167367015495 ], [ -1.128258830448958, 52.665092260088848 ], [ -1.147525554582596, 52.690643266743749 ], [ -1.161040269780337, 52.690529287513243 ], [ -1.172981017079758, 52.682643627588185 ] ] ] } },
{ "type": "Feature", "properties": { "area_name": "Lincolnshire" }, "geometry": { "type": "MultiPolygon", "coordinates": [ [ [ [ -0.069896472866316, 52.864366659903766 ], [ -0.090867994114955, 52.853320767465263 ], [ -0.101060113493897, 52.845892463288699 ], [ -0.13518333920718, 52.799687086597537 ], [ -0.090240536954496, 52.853031962653461 ], [ -0.08154691535765, 52.855975618931211 ], [ -0.068959954699596, 52.864145543649215 ], [ -0.036994724752376, 52.872390064530073 ], [ 0.032511942771219, 52.900169393366731 ], [ 0.068540448142147, 52.918711438826243 ], [ 0.069147120764207, 52.908192319236413 ], [ 0.05831606096496, 52.904581863863328 ], [ 0.056365661889255, 52.903369512326442 ], [ 0.073367020270403, 52.906061610180885 ], [ 0.082547274950944, 52.89993371874472 ], [ 0.076979619630957, 52.898051417726805 ], [ 0.145002474488314, 52.885069407703959 ], [ 0.135847087658916, 52.874590848484331 ], [ 0.150274849608844, 52.882370237560707 ], [ 0.170855507572948, 52.877104591782235 ], [ 0.214254419275362, 52.828929404369077 ], [ 0.197496846670164, 52.829677866761386 ], [ 0.215066215314921, 52.828458398934487 ], [ 0.208952723290735, 52.820139478940561 ], [ 0.214762318902281, 52.822834656990409 ], [ 0.19983647972327, 52.775045981669713 ], [ 0.171211899964633, 52.73820305850613 ], [ 0.132960848670787, 52.739284852511268 ], [ 0.088997361551361, 52.723610118413788 ], [ 0.063172038997221, 52.727110346664453 ], [ 0.044134721131028, 52.714362529842404 ], [ 0.048982120599497, 52.68197725256254 ], [ 0.02148376046952, 52.664868218146282 ], [ -0.031287499392889, 52.661513844817918 ], [ -0.0638013691732, 52.675205256688535 ], [ -0.087853327991099, 52.666761231186101 ], [ -0.102211951725566, 52.672187035836984 ], [ -0.141077494884424, 52.651488262904202 ], [ -0.180034850305234, 52.660541785441495 ], [ -0.192882334769785, 52.652419159779136 ], [ -0.206051866100491, 52.668053859503452 ], [ -0.260257664529516, 52.651424397415163 ], [ -0.289515371235991, 52.670325417974972 ], [ -0.335049521340315, 52.674847017469013 ], [ -0.350159788586759, 52.661625381110959 ], [ -0.405693306117929, 52.648027482029185 ], [ -0.452706040513127, 52.654258993773027 ], [ -0.453047758054076, 52.649226944845275 ], [ -0.475842738396973, 52.648696097780849 ], [ -0.495037087735312, 52.640217918780067 ], [ -0.523596944311425, 52.665214722204809 ], [ -0.506685228327191, 52.65950696516137 ], [ -0.456202419947842, 52.670374282446105 ], [ -0.434065843223704, 52.683685672294757 ], [ -0.430454101473944, 52.705402160728639 ], [ -0.49454150316974, 52.709633401910288 ], [ -0.512651962057352, 52.719660600050751 ], [ -0.542444414968969, 52.723261665959285 ], [ -0.539984850933079, 52.738381948321525 ], [ -0.566121223774563, 52.744967941262622 ], [ -0.572646799363547, 52.75308935890952 ], [ -0.605454123606444, 52.750473231757063 ], [ -0.608603665337244, 52.759693750225019 ], [ -0.664111069856255, 52.756690744921947 ], [ -0.683244780948613, 52.795146914866052 ], [ -0.682049525724214, 52.811775224086006 ], [ -0.742727880767691, 52.883136027491943 ], [ -0.766597229903197, 52.886777260397608 ], [ -0.758473141625309, 52.900468751285388 ], [ -0.776864114464199, 52.904787658390788 ], [ -0.755318225682803, 52.951356973799875 ], [ -0.778442655475203, 52.959292122448858 ], [ -0.777559792429703, 52.983784659040232 ], [ -0.804065797389938, 53.006363061845718 ], [ -0.788418943178859, 53.025831896012328 ], [ -0.7608314979783, 53.029389020628379 ], [ -0.749555961225292, 53.055094821277279 ], [ -0.731078800429072, 53.054324775590402 ], [ -0.71367258903759, 53.060299424219274 ], [ -0.713470670871895, 53.066025475378282 ], [ -0.701543271816188, 53.063642213413978 ], [ -0.695136370345176, 53.066269046171051 ], [ -0.698486327159705, 53.075446457110672 ], [ -0.710362226244217, 53.079356794442901 ], [ -0.706153282718319, 53.083357367495672 ], [ -0.729589475568725, 53.097799966356078 ], [ -0.716758823709089, 53.116163903793129 ], [ -0.732410575500542, 53.127780707465178 ], [ -0.71537830433141, 53.136861959482133 ], [ -0.723234772522171, 53.15508289737275 ], [ -0.718162221014504, 53.177266746598804 ], [ -0.764140144685998, 53.181522734918047 ], [ -0.730570224339646, 53.210735323073919 ], [ -0.714754094973205, 53.207586698081805 ], [ -0.697617447737793, 53.220216081320103 ], [ -0.675873248361427, 53.217623050486914 ], [ -0.666509976008592, 53.233430091381763 ], [ -0.688027788304348, 53.25837008336967 ], [ -0.734151496719492, 53.253982911183016 ], [ -0.735084335392416, 53.243852760814846 ], [ -0.777702059027755, 53.250561086391059 ], [ -0.76980542896926, 53.252679573064697 ], [ -0.763653620622174, 53.273069431087777 ], [ -0.777223634773925, 53.283842803990829 ], [ -0.762553613952536, 53.299163024006631 ], [ -0.758154146493901, 53.292538026709664 ], [ -0.745220150068618, 53.292944730104153 ], [ -0.748512088177957, 53.322654815823746 ], [ -0.765932195548548, 53.330100473625642 ], [ -0.756180338051921, 53.339405590710754 ], [ -0.764290618939792, 53.346323462552263 ], [ -0.758091505812796, 53.353856823378933 ], [ -0.774569924220109, 53.364925650002874 ], [ -0.790407722289297, 53.363461032345796 ], [ -0.774673070022497, 53.377725518261109 ], [ -0.77464317052659, 53.379133815954077 ], [ -0.780932854724998, 53.383513002712817 ], [ -0.789712758100223, 53.385810057682527 ], [ -0.777228094647217, 53.389291110918194 ], [ -0.77649089699166, 53.396489268299767 ], [ -0.788036607244838, 53.415231576171607 ], [ -0.817378953307224, 53.426531030261003 ], [ -0.819918147725047, 53.440705816019772 ], [ -0.785220985848816, 53.461913844569587 ], [ -0.767233036218742, 53.49888403581943 ], [ -0.751055514157447, 53.500516622557271 ], [ -0.738576514281567, 53.519826167809654 ], [ -0.624488515643945, 53.512817800763386 ], [ -0.634055844335873, 53.485377537837543 ], [ -0.629750119087389, 53.458197065339569 ], [ -0.551790538860853, 53.459497965251821 ], [ -0.471746676045314, 53.474850875475006 ], [ -0.486627315435958, 53.480448241914956 ], [ -0.480683755921943, 53.49622373912181 ], [ -0.48838081968514, 53.504838703518139 ], [ -0.405071445930975, 53.517595385673637 ], [ -0.408142055837813, 53.532087640786578 ], [ -0.421859271307515, 53.534426912859971 ], [ -0.43066162754181, 53.54631608730859 ], [ -0.499757778297629, 53.538898550355952 ], [ -0.490905881374503, 53.545852727657376 ], [ -0.467015369248011, 53.548939636085414 ], [ -0.465668591247775, 53.556002315840956 ], [ -0.450772730316977, 53.557945256917399 ], [ -0.428997252238201, 53.574503576258806 ], [ -0.419665615743934, 53.563751711575463 ], [ -0.356320386381659, 53.556031910482744 ], [ -0.335935251874219, 53.558605063080762 ], [ -0.303419654651967, 53.590768268376571 ], [ -0.3085503447871, 53.614306857519544 ], [ -0.300925403860271, 53.616366189930034 ], [ -0.24847176153786, 53.593641484923616 ], [ -0.251391453738768, 53.584630862544302 ], [ -0.23466455210294, 53.586228059123009 ], [ -0.222554666342478, 53.567994116159106 ], [ -0.191687803292215, 53.568442085873883 ], [ -0.18752489455552, 53.563589402995014 ], [ -0.219878096826339, 53.532582925162203 ], [ -0.21058511770795, 53.531682783205092 ], [ -0.204082156704417, 53.511743294945212 ], [ -0.210601338780095, 53.486264508168709 ], [ -0.188561687778261, 53.484513881048045 ], [ -0.181801676686103, 53.468625204473362 ], [ -0.153676948584964, 53.465653377671138 ], [ -0.149225121543265, 53.446675283124456 ], [ -0.131877004367683, 53.435914937710393 ], [ -0.120341463396074, 53.433540412005378 ], [ -0.082206617178562, 53.451126202259132 ], [ -0.107817421628929, 53.469838046392141 ], [ -0.089800370409605, 53.477657537909522 ], [ -0.095484797128431, 53.485964128024342 ], [ -0.075258087558398, 53.48931062292548 ], [ -0.060540280877355, 53.519723731837601 ], [ -0.046608603598716, 53.520073136933789 ], [ -0.039595248562596, 53.513090926433996 ], [ 0.017279995689757, 53.525333799978604 ], [ 0.032396518377369, 53.517918092465351 ], [ 0.038063835994057, 53.513773379575134 ], [ 0.038487803198548, 53.510854272813127 ], [ 0.040168382211057, 53.509985028021539 ], [ 0.038278442191007, 53.513813771299155 ], [ 0.043715241415423, 53.513896239424874 ], [ 0.038081102856454, 53.516584272033569 ], [ 0.044089502329252, 53.514088519737527 ], [ 0.043622813240074, 53.513542712592738 ], [ 0.040792578330829, 53.513747496941519 ], [ 0.038831392993042, 53.513173239148237 ], [ 0.04064859995334, 53.510594446710435 ], [ 0.040633050188515, 53.507979504803473 ], [ 0.041113404833608, 53.510443568069 ], [ 0.039276131955888, 53.513106317717757 ], [ 0.04812567348601, 53.507583437459701 ], [ 0.044945738774169, 53.513953406811822 ], [ 0.052322712633698, 53.513639973615597 ], [ 0.053086865200372, 53.505049417931303 ], [ 0.062443180649037, 53.510967423278082 ], [ 0.052383180609656, 53.513892455287092 ], [ 0.05436364834916, 53.513488939882983 ], [ 0.05599966446579, 53.513541719768618 ], [ 0.061251958740498, 53.514297223614157 ], [ 0.047388773210959, 53.514633486103129 ], [ 0.050894843960429, 53.519395648157598 ], [ 0.040103684187393, 53.526406447202604 ], [ 0.077810756071174, 53.511227173187287 ], [ 0.080284706890989, 53.516963884072041 ], [ 0.088242454256401, 53.514866171420032 ], [ 0.078285916835793, 53.507283936872419 ], [ 0.093133705148778, 53.493989994394013 ], [ 0.081392469769438, 53.494756962816687 ], [ 0.101775822352779, 53.492752290591888 ], [ 0.092574764028813, 53.489160377484183 ], [ 0.101891325315274, 53.492191968790628 ], [ 0.104912487312006, 53.487719211879266 ], [ 0.096540879625755, 53.486992547874053 ], [ 0.105336592821016, 53.482495628619276 ], [ 0.11070949164773, 53.482278566957227 ], [ 0.111489013681856, 53.48231513879395 ], [ 0.112615607272606, 53.482724057150534 ], [ 0.102110104007939, 53.484637263290253 ], [ 0.104985473709775, 53.486392771770284 ], [ 0.105849803547746, 53.487774617898765 ], [ 0.105679799612772, 53.488572346891551 ], [ 0.107592046927586, 53.485458591848214 ], [ 0.108382609676308, 53.487479126521009 ], [ 0.109246508819574, 53.48648035187928 ], [ 0.11281491188226, 53.484520373015698 ], [ 0.113621342985213, 53.484187856801981 ], [ 0.114902719208196, 53.484192153376867 ], [ 0.114904125800881, 53.483443810993442 ], [ 0.11878419378473, 53.483805132610541 ], [ 0.118243822917602, 53.485059859020481 ], [ 0.113651377943162, 53.484306895289691 ], [ 0.104194827756197, 53.491735182568895 ], [ 0.121507649346119, 53.483802656512438 ], [ 0.110123222535957, 53.489383990251063 ], [ 0.117851418433693, 53.49466925872877 ], [ 0.10895191105919, 53.50426724502379 ], [ 0.136447346269383, 53.495406271116579 ], [ 0.128580204235594, 53.484566900942937 ], [ 0.143841439213176, 53.48193949641319 ], [ 0.147480781764006, 53.494101796090796 ], [ 0.163576229213615, 53.482112385658588 ], [ 0.168035009692018, 53.476536682277768 ], [ 0.157363583699168, 53.478904612482431 ], [ 0.191423587307812, 53.449368092286953 ], [ 0.185134679973091, 53.443389636932359 ], [ 0.193848514873385, 53.442827112393026 ], [ 0.200649380821578, 53.43611021132768 ], [ 0.187807842703269, 53.437682141965347 ], [ 0.212513973203524, 53.421257214859622 ], [ 0.21059304323048, 53.417302828741811 ], [ 0.192084883013451, 53.418281500807836 ], [ 0.189538922343318, 53.417293419516966 ], [ 0.21058037191806, 53.416942545721852 ], [ 0.208979148244783, 53.415664969007665 ], [ 0.207794544156574, 53.416182255394851 ], [ 0.207173716479317, 53.41546910315413 ], [ 0.203003258379473, 53.415633337522578 ], [ 0.201356147831645, 53.415122493746424 ], [ 0.203990598476695, 53.41397795280934 ], [ 0.208509288045888, 53.415571170278675 ], [ 0.206355751762278, 53.409959582681743 ], [ 0.208539787153827, 53.415259536060546 ], [ 0.212098509375826, 53.415893109883029 ], [ 0.208123488945162, 53.410478015110456 ], [ 0.217751170214057, 53.413356316263105 ], [ 0.22835959602785, 53.405840507459828 ], [ 0.242665626176509, 53.372767856761747 ], [ 0.337182869836993, 53.240324444896338 ], [ 0.355625553354685, 53.192031265363354 ], [ 0.348208779564328, 53.109157064811278 ], [ 0.344909751154139, 53.105122177500682 ], [ 0.33761050317105, 53.101495828453693 ], [ 0.343415399222058, 53.10539077920923 ], [ 0.345334312234532, 53.107515333483967 ], [ 0.340673292636256, 53.103977402471145 ], [ 0.343359691475698, 53.111537289815978 ], [ 0.342491760469091, 53.119373924132496 ], [ 0.343124278085505, 53.111467299235422 ], [ 0.336991272107793, 53.101316481622895 ], [ 0.33389492163744, 53.086563523549906 ], [ 0.316509299827853, 53.093739218526508 ], [ 0.320492337369194, 53.095451726755712 ], [ 0.319223754327525, 53.101239825914242 ], [ 0.317648542020653, 53.102122777251076 ], [ 0.314542098295268, 53.101638384119738 ], [ 0.313612365863017, 53.103326102928307 ], [ 0.30860198898478, 53.105646898486029 ], [ 0.308576736490678, 53.107797144984801 ], [ 0.307321323787544, 53.109938880894788 ], [ 0.303752205142959, 53.111400737818713 ], [ 0.307171297304831, 53.109843787430734 ], [ 0.308475758266015, 53.105549546852075 ], [ 0.314327101098388, 53.101585023165036 ], [ 0.319043510356763, 53.10122796145896 ], [ 0.316079569263379, 53.093969663664701 ], [ 0.318861701657381, 53.091044625522187 ], [ 0.311632369876663, 53.094876132890057 ], [ 0.313986978495863, 53.091714960788899 ], [ 0.304634416654136, 53.09168699543099 ], [ 0.304377760803078, 53.091244212384353 ], [ 0.301469888031749, 53.091524372948832 ], [ 0.299177166050358, 53.090681284116371 ], [ 0.293961630840922, 53.088010020426552 ], [ 0.316968325796541, 53.090551937806246 ], [ 0.240994112715438, 53.046738541960487 ], [ 0.151416820990373, 53.008081200042803 ], [ 0.093427355210332, 52.959419581754645 ], [ 0.078283769883184, 52.933652354496829 ], [ 0.051373085647686, 52.931454281155389 ], [ 0.025366484962796, 52.939476133981906 ], [ -0.008922698992155, 52.966937945529104 ], [ -0.013020070839744, 52.968350627453773 ], [ -0.024966081326415, 52.967181363715902 ], [ -0.021722147469262, 52.973161055507092 ], [ -0.023407770953538, 52.976464400263161 ], [ -0.029706204858526, 52.981485062939136 ], [ -0.026087396359226, 52.966560755393559 ], [ -0.010225926723963, 52.966770966864871 ], [ 0.02595807275636, 52.938122823707488 ], [ 0.050307326512531, 52.93062754014943 ], [ 0.07836871147526, 52.932009133920324 ], [ 0.05166476081989, 52.917171775067217 ], [ 0.045871839983843, 52.922045829141744 ], [ 0.044751861536084, 52.925680329236208 ], [ 0.042633388959111, 52.92779905105418 ], [ 0.045047895947016, 52.9226812837803 ], [ 0.049746689912448, 52.917533953949231 ], [ 0.049334198672933, 52.91648464555638 ], [ 0.040607727873215, 52.923133456681121 ], [ 0.036912601404181, 52.924373772909867 ], [ 0.032759582304453, 52.92400615798978 ], [ 0.033119709829383, 52.925595865772316 ], [ 0.032411622806448, 52.926645522497367 ], [ 0.031594448056187, 52.924730969779098 ], [ 0.033208491114871, 52.923617264734609 ], [ 0.03841160844989, 52.923126206855706 ], [ 0.029605804920521, 52.921400598203427 ], [ 0.039318635334362, 52.922831923569689 ], [ 0.043803985360849, 52.917180515558137 ], [ 0.053161351762965, 52.9158557276482 ], [ 0.038369008865974, 52.905845639508918 ], [ 0.035681083426204, 52.906906806036133 ], [ 0.03820768286798, 52.909282913325264 ], [ 0.037085526261878, 52.912434574772099 ], [ 0.035824622036612, 52.913329203249774 ], [ 0.037745817270821, 52.909360067584707 ], [ 0.034983039073908, 52.907052731488044 ], [ 0.036062977949878, 52.903793021920727 ], [ 0.030479874332184, 52.904440638909954 ], [ 0.020831415460578, 52.904041468928639 ], [ 0.03643596433905, 52.903280442180957 ], [ 0.004995527255492, 52.894392985248629 ], [ 0.009734842584284, 52.892943575380286 ], [ -0.069896472866316, 52.864366659903766 ] ] ], [ [ [ -0.775765457066883, 53.379053639067713 ], [ -0.780564290561244, 53.382520430701014 ], [ -0.775651491358405, 53.379358102514452 ], [ -0.775765457066883, 53.379053639067713 ] ] ], [ [ [ 0.24523522287091, 52.822158588215537 ], [ 0.268739910842889, 52.81580510765518 ], [ 0.253163714769909, 52.797334319998292 ], [ 0.260890187672437, 52.796035527807589 ], [ 0.245069469703321, 52.784503393298799 ], [ 0.272193506817293, 52.772785432892036 ], [ 0.233148448666584, 52.760245011980942 ], [ 0.186308486586722, 52.735328958372158 ], [ 0.172042351690975, 52.737863263078751 ], [ 0.195381275867114, 52.765591479406261 ], [ 0.204357982517966, 52.781548149734284 ], [ 0.216799228217161, 52.820861706191273 ], [ 0.24523522287091, 52.822158588215537 ] ] ], [ [ [ 0.214805158202345, 52.824085438130219 ], [ 0.213763610484206, 52.826517222045361 ], [ 0.215396941533881, 52.827723036040197 ], [ 0.214805158202345, 52.824085438130219 ] ] ], [ [ [ 0.192485323169428, 53.447496585489837 ], [ 0.192179025003772, 53.447982295011542 ], [ 0.19264677104678, 53.447561049522847 ], [ 0.192485323169428, 53.447496585489837 ] ] ], [ [ [ 0.19234518733731, 53.448313687587302 ], [ 0.191613318389052, 53.448694826790458 ], [ 0.191559853309676, 53.449031149433537 ], [ 0.19234518733731, 53.448313687587302 ] ] ], [ [ [ 0.105632342500251, 53.487918697219527 ], [ 0.104887347817474, 53.48654193957308 ], [ 0.103514687788226, 53.486491494008192 ], [ 0.105268789045876, 53.487852282679775 ], [ 0.105202524748966, 53.488888221157666 ], [ 0.105632342500251, 53.487918697219527 ] ] ] ] } },
{ "type": "Feature", "properties": { "area_name": "Luton" }, "geometry": { "type": "Polygon", "coordinates": [ [ [ -0.426066069658023, 51.926680167684495 ], [ -0.419091634432003, 51.912295405232541 ], [ -0.402462559099442, 51.909695273626816 ], [ -0.385641198385944, 51.915672700834492 ], [ -0.37751399961894, 51.898425477247471 ], [ -0.349923089488736, 51.878700590630459 ], [ -0.369779927011005, 51.868107259499169 ], [ -0.395884821125126, 51.870572842052432 ], [ -0.422094568178977, 51.854473333925263 ], [ -0.455299940411251, 51.882278372559163 ], [ -0.483965814708367, 51.888291627045106 ], [ -0.50594855366008, 51.900604409961517 ], [ -0.48230206126681, 51.907786448417298 ], [ -0.478522789723548, 51.917322681471248 ], [ -0.485727262077519, 51.922692735052259 ], [ -0.426066069658023, 51.926680167684495 ] ] ] } },
{ "type": "Feature", "properties": { "area_name": "Merseyside" }, "geometry": { "type": "MultiPolygon", "coordinates": [ [ [ [ -3.122863890152222, 53.322147878801339 ], [ -3.103067836626301, 53.309064599491556 ], [ -3.095908075092717, 53.304702545216408 ], [ -3.110717358716006, 53.296274800182829 ], [ -3.11640113317491, 53.303243181250977 ], [ -3.114841964598784, 53.303819592120888 ], [ -3.109164913651866, 53.301793332055077 ], [ -3.10697660349125, 53.302124692006743 ], [ -3.120015254281256, 53.309856796359853 ], [ -3.122863890152222, 53.322147878801339 ] ] ], [ [ [ -3.040321841372392, 53.442880781530533 ], [ -3.002520684221725, 53.374715548716672 ], [ -2.931602727848622, 53.306052556367824 ], [ -2.939551500033901, 53.310399319774298 ], [ -2.94938205610537, 53.303152698444542 ], [ -2.968033614409802, 53.301239091996443 ], [ -2.992738183002631, 53.307092829768145 ], [ -3.026140062542179, 53.297732885773584 ], [ -3.048391314425016, 53.310944817796738 ], [ -3.059659749366359, 53.308988071235049 ], [ -3.074166089111067, 53.31636512324679 ], [ -3.095523161512, 53.30490833823935 ], [ -3.198519693486162, 53.37572977152881 ], [ -3.200368970108757, 53.387497761934647 ], [ -3.177607390976312, 53.399709691955337 ], [ -3.056715547006668, 53.440076125234185 ], [ -3.040321841372392, 53.442880781530533 ] ] ], [ [ [ -3.204342683659696, 53.370173374236415 ], [ -3.206233971483238, 53.370988467230127 ], [ -3.207107778695536, 53.372336097821311 ], [ -3.205073319425258, 53.371882930143855 ], [ -3.204342683659696, 53.370173374236415 ] ] ], [ [ [ -3.217337051769841, 53.376260239415437 ], [ -3.219108341398386, 53.376697909540106 ], [ -3.222209449528623, 53.37921372373247 ], [ -3.217337051769841, 53.376260239415437 ] ] ], [ [ [ -3.226243826041656, 53.380500940208009 ], [ -3.22874031544747, 53.384707368584621 ], [ -3.22374155950182, 53.37948298048638 ], [ -3.226243826041656, 53.380500940208009 ] ] ], [ [ [ -2.965278117266426, 53.698186993857568 ], [ -2.969769572461918, 53.693005693560394 ], [ -2.971489931182726, 53.69214772925946 ], [ -2.958304264217726, 53.687569171595058 ], [ -2.952056368427489, 53.69065442310945 ], [ -2.95408653757222, 53.682056050012449 ], [ -2.952025720527564, 53.68030351635403 ], [ -2.944221382909864, 53.677747865014368 ], [ -2.940144762617218, 53.658594867093512 ], [ -2.966512144937363, 53.63184883591569 ], [ -2.981824911751579, 53.622189072284847 ], [ -2.997335799694604, 53.626869707731544 ], [ -3.032150905034436, 53.598513659915767 ], [ -3.035988784221387, 53.587202365269938 ], [ -3.020711934316322, 53.583659126560562 ], [ -3.021583169670235, 53.573999615093783 ], [ -3.040591368348572, 53.564986325405563 ], [ -3.043888865089559, 53.540334665591949 ], [ -3.025093258685388, 53.538989889364828 ], [ -2.9759953122296, 53.515275009282561 ], [ -2.962999089148818, 53.52288693356769 ], [ -2.977283515807025, 53.546206428494997 ], [ -2.94785097760683, 53.544323854763874 ], [ -2.923010936032188, 53.525204200850361 ], [ -2.881717719698664, 53.520528112629655 ], [ -2.892390439709227, 53.511130319160067 ], [ -2.869683435425377, 53.493964796588415 ], [ -2.849837453497248, 53.493123330791434 ], [ -2.844422023662017, 53.484114590627286 ], [ -2.825574966054977, 53.482765869994687 ], [ -2.816740995068592, 53.512158432931543 ], [ -2.782477035835386, 53.53141388724876 ], [ -2.76887267638368, 53.513555511955524 ], [ -2.730520738514024, 53.520584278912295 ], [ -2.723777704309819, 53.51035044393452 ], [ -2.710006552448396, 53.514626230490997 ], [ -2.69889267119885, 53.502016033525997 ], [ -2.666321338202924, 53.499752708349874 ], [ -2.645540454682248, 53.480236609201704 ], [ -2.612139089674892, 53.481122528682079 ], [ -2.607864346536455, 53.470811973387455 ], [ -2.615491287236067, 53.463804950103352 ], [ -2.588660776342857, 53.456104832274143 ], [ -2.576743082827428, 53.446040904202562 ], [ -2.585296402710668, 53.439790842458819 ], [ -2.598685596821478, 53.450397563098257 ], [ -2.596231048465773, 53.442649960814585 ], [ -2.627463060597413, 53.43439655009756 ], [ -2.639540738422963, 53.444406062380253 ], [ -2.677168039468756, 53.452736956192915 ], [ -2.682067265994287, 53.438871016308589 ], [ -2.668772535271716, 53.441027990743336 ], [ -2.675268392253481, 53.43294926106806 ], [ -2.663784490405671, 53.428444705180283 ], [ -2.672320142383953, 53.422008679516509 ], [ -2.666856394124441, 53.416247900414795 ], [ -2.676316993756312, 53.387603312834528 ], [ -2.7050417838661, 53.38672966268846 ], [ -2.715226852099206, 53.399018730676076 ], [ -2.745174873442702, 53.402079574824732 ], [ -2.757653798204641, 53.380721843472998 ], [ -2.776670808566831, 53.381042746254273 ], [ -2.787301032696359, 53.356274434080099 ], [ -2.809064048297223, 53.355065457821638 ], [ -2.836410295124675, 53.327002242592613 ], [ -2.878158609202674, 53.33418279873105 ], [ -2.983067004053653, 53.38470232789107 ], [ -3.00313087433655, 53.412561149010699 ], [ -3.008754151573939, 53.439168614627306 ], [ -3.041479871250348, 53.46559643972644 ], [ -3.040263356326181, 53.474306479488021 ], [ -3.065064285090835, 53.504780459171933 ], [ -3.062228915967006, 53.529162731164504 ], [ -3.072331171683725, 53.521719672817227 ], [ -3.104770813959002, 53.547188961498009 ], [ -3.09750187477952, 53.574408369021121 ], [ -3.042726058514558, 53.636313679335878 ], [ -2.97384741305952, 53.69101130970175 ], [ -2.977147655283835, 53.696519544871784 ], [ -2.965278117266426, 53.698186993857568 ] ] ], [ [ [ -2.950328951329667, 53.691549914897394 ], [ -2.944445279786736, 53.679026061390438 ], [ -2.953852487498096, 53.682217910065219 ], [ -2.950328951329667, 53.691549914897394 ] ] ], [ [ [ -2.95521567830594, 53.696487059110815 ], [ -2.957328994143427, 53.691035744834743 ], [ -2.962235951444887, 53.695830425995176 ], [ -2.95521567830594, 53.696487059110815 ] ] ], [ [ [ -2.956217972350474, 53.697473186230468 ], [ -2.958179891717924, 53.697427842893056 ], [ -2.958316524098623, 53.697975046988667 ], [ -2.956217972350474, 53.697473186230468 ] ] ] ] } },
{ "type": "Feature", "properties": { "area_name": "Middlesbrough" }, "geometry": { "type": "MultiPolygon", "coordinates": [ [ [ [ -1.252994059100411, 54.590399316397914 ], [ -1.204800690276574, 54.579975683057469 ], [ -1.203713272318239, 54.577027068993509 ], [ -1.21871482562298, 54.576141624949408 ], [ -1.219636132764508, 54.572614753188482 ], [ -1.218452021988582, 54.576131840326298 ], [ -1.208881763118905, 54.574638938949235 ], [ -1.211205451457072, 54.576473083567038 ], [ -1.203614111362164, 54.576955418894613 ], [ -1.20280191919277, 54.580285174044953 ], [ -1.201728950989132, 54.577554124090668 ], [ -1.177860912958975, 54.568557382834904 ], [ -1.166625624934182, 54.554063418641704 ], [ -1.198744918050809, 54.544246207978404 ], [ -1.161553757159202, 54.525047511545985 ], [ -1.159726536702197, 54.515834654773023 ], [ -1.137305747031041, 54.514906637243314 ], [ -1.146680132821266, 54.501359299149385 ], [ -1.256356175298265, 54.511364343032405 ], [ -1.282286387763058, 54.518397895442448 ], [ -1.285373704075211, 54.536231272760396 ], [ -1.270625997563628, 54.55638126084915 ], [ -1.281759174304968, 54.565261425777663 ], [ -1.262224582416708, 54.569612303084313 ], [ -1.252994059100411, 54.590399316397914 ] ] ], [ [ [ -1.197048023518594, 54.58178034392504 ], [ -1.200826129278628, 54.577599394102982 ], [ -1.202459358937725, 54.580397053662786 ], [ -1.197048023518594, 54.58178034392504 ] ] ] ] } },
{ "type": "Feature", "properties": { "area_name": "Norfolk" }, "geometry": { "type": "MultiPolygon", "coordinates": [ [ [ [ 1.068463402038779, 52.378441726609296 ], [ 0.967442129907831, 52.370093693105225 ], [ 0.93020421834302, 52.388819022806324 ], [ 0.904899799174569, 52.385764064679599 ], [ 0.86555590619365, 52.390523688411108 ], [ 0.855412096618001, 52.399422319148677 ], [ 0.840903152495657, 52.400777509510874 ], [ 0.808144987111431, 52.389505771454196 ], [ 0.773407610193224, 52.386308425487563 ], [ 0.765939193980861, 52.390338725899305 ], [ 0.746883177844138, 52.383345458302884 ], [ 0.737562665207928, 52.395119251235158 ], [ 0.694711295478715, 52.396843585785 ], [ 0.672409097913908, 52.404770812101546 ], [ 0.673794670565745, 52.415303032113322 ], [ 0.718879255834709, 52.44956045900269 ], [ 0.683948969160185, 52.45314641598506 ], [ 0.668303007496343, 52.462064168826096 ], [ 0.642196189957691, 52.451028673733745 ], [ 0.620375820133973, 52.454418919173008 ], [ 0.615576262108082, 52.448889666363669 ], [ 0.554797249535212, 52.456009857934731 ], [ 0.523811800776257, 52.448182211777905 ], [ 0.445515429224387, 52.447354055744675 ], [ 0.429320797687941, 52.436409170937971 ], [ 0.42850628646617, 52.454634872057746 ], [ 0.380684903276552, 52.479521609403314 ], [ 0.367041366837169, 52.50115578343722 ], [ 0.345012703214918, 52.501667382154324 ], [ 0.309340137846971, 52.513604446390914 ], [ 0.256455405581027, 52.507696826711843 ], [ 0.246019617768984, 52.499873917092437 ], [ 0.261159871063089, 52.51201474236003 ], [ 0.342193572620949, 52.583810392351744 ], [ 0.341785736799012, 52.590613530161242 ], [ 0.353953055126343, 52.597360629318842 ], [ 0.359840198072215, 52.602985577478101 ], [ 0.364889137157254, 52.610103432645722 ], [ 0.368765815088149, 52.640017934602177 ], [ 0.366732567109855, 52.654700698780893 ], [ 0.361061257646561, 52.666590292954552 ], [ 0.373380073153344, 52.687629290116114 ], [ 0.372151121935362, 52.693128030519851 ], [ 0.355509974619932, 52.707288209275809 ], [ 0.354563496884716, 52.713931142254459 ], [ 0.376757632786205, 52.729665942496304 ], [ 0.396641741374915, 52.750366327822029 ], [ 0.374592123762999, 52.784282030541547 ], [ 0.380247823424666, 52.782290327209765 ], [ 0.381423339725158, 52.788744258645337 ], [ 0.373867623481269, 52.785602107393835 ], [ 0.357749773038012, 52.812525881555324 ], [ 0.42994195886024, 52.851831751136089 ], [ 0.444759754789864, 52.853285241333381 ], [ 0.445445270053527, 52.873878101873707 ], [ 0.489483894063026, 52.947230720426681 ], [ 0.540932412916207, 52.974884082262534 ], [ 0.534218350865227, 52.974442111727292 ], [ 0.56266456957312, 52.976556488015575 ], [ 0.572063097903141, 52.96399973151653 ], [ 0.586408394731577, 52.973146699646144 ], [ 0.583714288226172, 52.970358536788702 ], [ 0.586922262390946, 52.965916058310931 ], [ 0.588573587260806, 52.970869601259665 ], [ 0.590846866381959, 52.965324305890718 ], [ 0.602210354636836, 52.967016381119969 ], [ 0.590071367648749, 52.976686077064635 ], [ 0.617846095762473, 52.973607355676023 ], [ 0.616276424007989, 52.968485144047307 ], [ 0.626017720998002, 52.970953389023101 ], [ 0.619869649987349, 52.973742589986202 ], [ 0.674027701674913, 52.976133713471881 ], [ 0.667555824575776, 52.970125148570453 ], [ 0.656543728149983, 52.973320314869959 ], [ 0.635623437987346, 52.968239170061608 ], [ 0.643530287782783, 52.96613655319878 ], [ 0.681478121173731, 52.967148338345908 ], [ 0.688407456342088, 52.970856467458383 ], [ 0.684688754896803, 52.967237684129323 ], [ 0.702005782876667, 52.973494646742715 ], [ 0.685083899165199, 52.971112363751978 ], [ 0.680791066253577, 52.969354272923354 ], [ 0.675273070394446, 52.971505426746539 ], [ 0.695132163531678, 52.978149430296945 ], [ 0.702333070104253, 52.973320852079205 ], [ 0.716419405726405, 52.971744344061221 ], [ 0.717685332168997, 52.971670433354298 ], [ 0.721192546593775, 52.974694189278466 ], [ 0.725106213364141, 52.973659429529469 ], [ 0.730892458611357, 52.973551748504782 ], [ 0.736171185984167, 52.975313224957709 ], [ 0.752121101030334, 52.97285507920418 ], [ 0.743694223430597, 52.965351002304232 ], [ 0.73681430006192, 52.967294614272085 ], [ 0.746444047405761, 52.969163933334265 ], [ 0.747613084583994, 52.970991961102712 ], [ 0.735755239909925, 52.967410725638921 ], [ 0.738023168312056, 52.973198798548978 ], [ 0.731650111671095, 52.972740336676132 ], [ 0.735284465487321, 52.967974575052281 ], [ 0.729948587195181, 52.963425056959046 ], [ 0.729331255558343, 52.961616559854136 ], [ 0.731453435289821, 52.960720735022946 ], [ 0.757863182299172, 52.969320228527138 ], [ 0.754278488348123, 52.974665540568246 ], [ 0.761320796541881, 52.975798729833876 ], [ 0.750533108811902, 52.976557910902969 ], [ 0.75740621807058, 52.978212294347237 ], [ 0.812361284639057, 52.970260957920921 ], [ 0.824104885038863, 52.977275942573677 ], [ 0.81137091271949, 52.976273187529827 ], [ 0.830770964642398, 52.978110039133973 ], [ 0.835806046022582, 52.978194986404446 ], [ 0.852192910753783, 52.973140229814632 ], [ 0.850978587489869, 52.957753032493812 ], [ 0.869900120138662, 52.95487034338381 ], [ 0.87021773214902, 52.957866103753993 ], [ 0.875390559284306, 52.958624041138179 ], [ 0.875368502759972, 52.960310636541273 ], [ 0.8803132816271, 52.958596493987827 ], [ 0.886720259807836, 52.958786264227449 ], [ 0.89148485843479, 52.961654040089542 ], [ 0.897557488403689, 52.95942072981989 ], [ 0.907866988593985, 52.962348500377303 ], [ 0.907591196886135, 52.958462442952332 ], [ 0.91177136148236, 52.963315757200711 ], [ 0.91879962072465, 52.959054410134982 ], [ 0.919684484708312, 52.965619611191833 ], [ 0.935770252041742, 52.962769100779646 ], [ 0.928993840948098, 52.957174032532862 ], [ 0.944857658289921, 52.963838167777773 ], [ 0.945991298209605, 52.958872286027876 ], [ 0.958197840764446, 52.957104019397512 ], [ 0.983970593688778, 52.963771167675169 ], [ 0.979065722653263, 52.960365608474 ], [ 0.982684474666056, 52.957639967897769 ], [ 0.983767564090544, 52.959289877553253 ], [ 0.995880459063176, 52.956272797862603 ], [ 0.99864429039177, 52.956209344493587 ], [ 0.998925715282688, 52.957929717986694 ], [ 1.001057027638697, 52.957139389318726 ], [ 1.00261355733515, 52.957918376603885 ], [ 1.003627662315073, 52.957102284157891 ], [ 1.004614427720233, 52.957652852650824 ], [ 1.005186493628428, 52.956668975120792 ], [ 1.007052607387914, 52.955900534178618 ], [ 1.008062481352118, 52.956569191818666 ], [ 1.008235747938839, 52.958527893213684 ], [ 1.009157600592786, 52.958764427770568 ], [ 1.009566544698834, 52.95751308369389 ], [ 1.015432458024772, 52.955462355262604 ], [ 1.017650575369354, 52.956565169759941 ], [ 1.018579244970332, 52.964078305946984 ], [ 1.023730872665815, 52.965889683763585 ], [ 1.026249974819702, 52.965811140276585 ], [ 1.024072601780573, 52.965600413203106 ], [ 1.023332715172045, 52.964517648631322 ], [ 1.025484507192898, 52.964512317277531 ], [ 1.028703628812105, 52.96505256828685 ], [ 1.028322735330584, 52.965824857752452 ], [ 1.035883907371862, 52.967089552668739 ], [ 1.043421263727541, 52.965868799995562 ], [ 1.044696856093438, 52.964564541038882 ], [ 1.042779627099468, 52.965512941368381 ], [ 1.043387884456557, 52.961452442235043 ], [ 1.045814610166207, 52.959492774263147 ], [ 1.044696218289011, 52.959175230777817 ], [ 1.040718864781508, 52.952540693756944 ], [ 1.046031558985012, 52.959422462954024 ], [ 1.046375621166319, 52.965731913353956 ], [ 0.995665104283313, 52.97692610594617 ], [ 0.981776415483972, 52.970665106659595 ], [ 0.988448080292685, 52.977243667763148 ], [ 0.978881228314842, 52.97147423486917 ], [ 0.971530135003166, 52.975208599659545 ], [ 0.97024774155457, 52.970544776000906 ], [ 0.968167037598713, 52.973003182676784 ], [ 0.973695362606277, 52.978730745541107 ], [ 0.957846429266131, 52.96940192809479 ], [ 0.965779823072147, 52.977622907743545 ], [ 0.978289997659253, 52.980006790279617 ], [ 0.993979214408432, 52.977731177512297 ], [ 1.124599827470423, 52.951237441696286 ], [ 1.251165186323303, 52.94176652754652 ], [ 1.300991279070476, 52.932747339643818 ], [ 1.413873668431203, 52.890675176172401 ], [ 1.586690883049938, 52.801631513191317 ], [ 1.658622113878329, 52.755587115624543 ], [ 1.699316612246419, 52.719171766964173 ], [ 1.745211245038982, 52.626249961907014 ], [ 1.739799496001194, 52.573011811693689 ], [ 1.733655850968375, 52.574133298273324 ], [ 1.725677900163937, 52.604034363593037 ], [ 1.71997777546934, 52.61071694329469 ], [ 1.72316434958295, 52.612170994050416 ], [ 1.723762148664611, 52.61404197548741 ], [ 1.722264123606361, 52.619597493497331 ], [ 1.725380753484758, 52.621002423047528 ], [ 1.726661576102398, 52.623133418868328 ], [ 1.725190424927238, 52.627317325650729 ], [ 1.721366341209269, 52.63039692154674 ], [ 1.716767952591003, 52.631431026351649 ], [ 1.710084041840481, 52.631023744949921 ], [ 1.70604876349654, 52.629788402450878 ], [ 1.702834969671561, 52.625974531859576 ], [ 1.698233631891734, 52.625957431395101 ], [ 1.69284071584792, 52.621528696293311 ], [ 1.687704307906718, 52.627757576642786 ], [ 1.679149356060043, 52.62964920869986 ], [ 1.653027391566727, 52.63207481885869 ], [ 1.638960865665148, 52.630413393249256 ], [ 1.633641607524945, 52.632794887952272 ], [ 1.622281655979518, 52.633502931720614 ], [ 1.616237622595664, 52.632367394735184 ], [ 1.611364061301284, 52.625234328545986 ], [ 1.604278077632501, 52.624315276800019 ], [ 1.598020942682288, 52.628483021392377 ], [ 1.593425291434087, 52.629040901166171 ], [ 1.5938171375098, 52.632070003351245 ], [ 1.591750267303754, 52.634411028180878 ], [ 1.592864096084456, 52.636635706442554 ], [ 1.589806405627927, 52.638634401288989 ], [ 1.583345658981222, 52.636685940620687 ], [ 1.574775405391756, 52.639622732369823 ], [ 1.568305400560716, 52.637989436095609 ], [ 1.569948235734308, 52.648041403651433 ], [ 1.568294185127159, 52.64913911663983 ], [ 1.558886728323442, 52.650296592001531 ], [ 1.557572502205352, 52.651321871735945 ], [ 1.557158042235641, 52.653610777416866 ], [ 1.560480134543738, 52.658396587092831 ], [ 1.562370375296969, 52.665173566459409 ], [ 1.562016212676794, 52.667547017881709 ], [ 1.545450433682296, 52.695655623406701 ], [ 1.570545380848089, 52.701061780664624 ], [ 1.576581871456473, 52.7041742225855 ], [ 1.57968492321131, 52.708704424104305 ], [ 1.585324527840557, 52.711326552950027 ], [ 1.612105645497004, 52.715331044527701 ], [ 1.619392487888637, 52.717366168638058 ], [ 1.632833578819622, 52.72603000087036 ], [ 1.613186167903446, 52.715788277623311 ], [ 1.611285417417331, 52.718576934451427 ], [ 1.607144448049731, 52.720734943540542 ], [ 1.612276647904959, 52.715715284625951 ], [ 1.597237751835265, 52.714460493822642 ], [ 1.580171517082665, 52.710070336620277 ], [ 1.570599305436739, 52.701649278694248 ], [ 1.549304930840249, 52.698912984231626 ], [ 1.548927944317935, 52.700068345268683 ], [ 1.5452036254118, 52.702048890775387 ], [ 1.54527543826086, 52.703463326059186 ], [ 1.538365906506992, 52.707422337361272 ], [ 1.534827484724215, 52.707687197035199 ], [ 1.539029996628596, 52.703536799435589 ], [ 1.548778214263117, 52.699974795501795 ], [ 1.544596486173526, 52.694800655695701 ], [ 1.545675770384698, 52.680035833949447 ], [ 1.535647347823895, 52.683778697987783 ], [ 1.526378086583544, 52.682365115542311 ], [ 1.522915798604022, 52.685902146836241 ], [ 1.513481076212443, 52.689410462865304 ], [ 1.514532898439441, 52.690471136056097 ], [ 1.5148930301798, 52.69710440429089 ], [ 1.504747178213534, 52.705462909459918 ], [ 1.495584433159719, 52.70573999895111 ], [ 1.508070744810451, 52.715561107083353 ], [ 1.506538689696083, 52.725810250296931 ], [ 1.507711984443513, 52.715722832811942 ], [ 1.494793281008518, 52.706530540257113 ], [ 1.495598949543732, 52.705403192633959 ], [ 1.498067328504246, 52.704312183751867 ], [ 1.504618247696276, 52.705276949608105 ], [ 1.514524093279797, 52.697155827617969 ], [ 1.513940300249174, 52.689985951304564 ], [ 1.508919997303408, 52.692002897741396 ], [ 1.50565963855117, 52.689057658111579 ], [ 1.501528213993394, 52.690495732249836 ], [ 1.494436460832344, 52.687383708395473 ], [ 1.489742622437804, 52.693071467766856 ], [ 1.481158832048323, 52.694601265317914 ], [ 1.474033635064854, 52.689437475855044 ], [ 1.472166561848714, 52.693325484768764 ], [ 1.467780018054829, 52.694738361151998 ], [ 1.468855627918854, 52.697659590205539 ], [ 1.461076738181496, 52.705952083822297 ], [ 1.440887140518488, 52.701363450872975 ], [ 1.43391948178882, 52.689658634941694 ], [ 1.429669174762001, 52.691592280472918 ], [ 1.423660543883504, 52.690774117009013 ], [ 1.416459971499602, 52.694001311787844 ], [ 1.423321101583543, 52.698745319994778 ], [ 1.423936278978422, 52.701779161588654 ], [ 1.415585559762956, 52.69421540527533 ], [ 1.418610066490083, 52.691644027369193 ], [ 1.425919842155214, 52.69013856506605 ], [ 1.42941843761189, 52.691282956275202 ], [ 1.434115923366407, 52.689374742105962 ], [ 1.441758661341343, 52.701300352698674 ], [ 1.461030982353061, 52.705393096433426 ], [ 1.467173844043162, 52.694598715037408 ], [ 1.473532975320774, 52.689209324188774 ], [ 1.483894586237392, 52.693134831445676 ], [ 1.49505664983597, 52.686921097280973 ], [ 1.501805890920736, 52.690192514927389 ], [ 1.504707599131321, 52.688684702576694 ], [ 1.511444199094805, 52.689979948770336 ], [ 1.518564555570918, 52.6869156487532 ], [ 1.513589977425794, 52.681647999211776 ], [ 1.509571616474144, 52.686069059104106 ], [ 1.507270778643179, 52.675724745363723 ], [ 1.516433579490194, 52.68176685049076 ], [ 1.518872752480676, 52.686680737435857 ], [ 1.527112310992728, 52.681743335566104 ], [ 1.535212701596408, 52.683418417323637 ], [ 1.542991657461516, 52.679456008355068 ], [ 1.546083828961349, 52.679702519855134 ], [ 1.549814614258851, 52.681125138346353 ], [ 1.561715492912498, 52.666433581123556 ], [ 1.556531933303126, 52.654114382166846 ], [ 1.556849563119505, 52.6513067213669 ], [ 1.55936083153851, 52.649688713874809 ], [ 1.567544863558869, 52.648836110441685 ], [ 1.569662881870215, 52.647153277630828 ], [ 1.567437004086548, 52.637928370574997 ], [ 1.583802737623153, 52.636345605197377 ], [ 1.590109890967207, 52.63811611424368 ], [ 1.592517369632187, 52.629054975884102 ], [ 1.599757699275948, 52.625027619612837 ], [ 1.606200831943619, 52.623828561080963 ], [ 1.61115215953386, 52.624779380839257 ], [ 1.622349962341041, 52.63327418059486 ], [ 1.624533323099353, 52.631628800078829 ], [ 1.643165300995615, 52.629901759682298 ], [ 1.679162440112497, 52.629259335238466 ], [ 1.692406769769269, 52.621272399582651 ], [ 1.703022515381091, 52.625727605303304 ], [ 1.710069445088162, 52.630641928186463 ], [ 1.724873255383046, 52.626837997050778 ], [ 1.721822952858144, 52.619954071492948 ], [ 1.722484978856301, 52.611931524626883 ], [ 1.706006940133094, 52.619524975561859 ], [ 1.65789913759528, 52.603857687340344 ], [ 1.638637899001107, 52.587408820740066 ], [ 1.636065388793361, 52.581813272396801 ], [ 1.629624187743348, 52.580988428426103 ], [ 1.62726470188697, 52.579863639237203 ], [ 1.619812368181513, 52.573593416525064 ], [ 1.613067724445509, 52.575233369206529 ], [ 1.607120224270586, 52.574164671998844 ], [ 1.591899553205927, 52.558286789654169 ], [ 1.554795882934682, 52.559804566084772 ], [ 1.541823977812848, 52.555491537308491 ], [ 1.539725902149659, 52.556521244369023 ], [ 1.538446016123584, 52.560619578160512 ], [ 1.536369628825238, 52.562179235909561 ], [ 1.52238176278645, 52.562683909205141 ], [ 1.524851489672203, 52.569973036016691 ], [ 1.522951034330574, 52.572908719715755 ], [ 1.518413448094245, 52.575805915728665 ], [ 1.514780058049042, 52.576560622008053 ], [ 1.497769084217748, 52.571294192352177 ], [ 1.491690492286941, 52.578741984248509 ], [ 1.488155097117417, 52.580775537476399 ], [ 1.488271195103044, 52.584837474467868 ], [ 1.484660534399067, 52.587753660111289 ], [ 1.46897853311908, 52.587017430614097 ], [ 1.466279586459692, 52.591622372420282 ], [ 1.462480969439635, 52.594184495949129 ], [ 1.454515385203404, 52.594535171905527 ], [ 1.453644412474748, 52.601351114546596 ], [ 1.433464544792601, 52.612425429212429 ], [ 1.437656450810304, 52.617552625279295 ], [ 1.434673589128831, 52.620031639579949 ], [ 1.432799214755213, 52.620138190559004 ], [ 1.429395967013311, 52.618288765584509 ], [ 1.422071013191488, 52.622304354549897 ], [ 1.413680172391651, 52.621172412400163 ], [ 1.40800026014124, 52.618009261501918 ], [ 1.407050126988589, 52.613940785741896 ], [ 1.40332316999494, 52.614657817767245 ], [ 1.400727439520789, 52.61317739324118 ], [ 1.398939973296375, 52.60851234047184 ], [ 1.387624468996579, 52.604589909445764 ], [ 1.381371192256162, 52.606371477792052 ], [ 1.376608913295011, 52.620653899622845 ], [ 1.370101566969919, 52.623798353687981 ], [ 1.363553625570707, 52.624172598055537 ], [ 1.350452930614567, 52.621265957491495 ], [ 1.347810865770838, 52.62384279213213 ], [ 1.345307344207648, 52.62399812316103 ], [ 1.34535972903626, 52.625168530294282 ], [ 1.345070841328728, 52.623997612754721 ], [ 1.341831824954799, 52.625826707872143 ], [ 1.331897135473827, 52.626217422900403 ], [ 1.310830379754183, 52.620154169144122 ], [ 1.303314359073951, 52.625682141687413 ], [ 1.305535678213178, 52.627406268012045 ], [ 1.307727413011753, 52.630263484241198 ], [ 1.309117362966242, 52.632932628096064 ], [ 1.308672845015844, 52.63438673961258 ], [ 1.302438425809949, 52.63539725118639 ], [ 1.292160976380973, 52.631691264610041 ], [ 1.288140971123896, 52.633234790031381 ], [ 1.292071327650751, 52.631521080266992 ], [ 1.308381405998338, 52.634266276200634 ], [ 1.302847583255113, 52.626116970959544 ], [ 1.30410954227794, 52.622800858924933 ], [ 1.310602272342098, 52.619990569399299 ], [ 1.32292753304111, 52.621073358899167 ], [ 1.320805535541056, 52.619904377332574 ], [ 1.320224174821079, 52.61919399640766 ], [ 1.320290384794851, 52.616243999651005 ], [ 1.315199088799755, 52.615548516058169 ], [ 1.312325209843089, 52.612978608982843 ], [ 1.320337230711956, 52.615984565725164 ], [ 1.333345158395693, 52.625998574440203 ], [ 1.350643700173729, 52.620881019056263 ], [ 1.369505539684816, 52.6235428113756 ], [ 1.381138263986371, 52.605649629975531 ], [ 1.387523959313693, 52.604015379186848 ], [ 1.399264090260379, 52.607776321815223 ], [ 1.401755316717286, 52.613209008496419 ], [ 1.407763742713426, 52.613521806692326 ], [ 1.414753049951918, 52.620963380064552 ], [ 1.428975000716321, 52.617781112164245 ], [ 1.434071067903532, 52.619716347677063 ], [ 1.432547638244128, 52.611980744750056 ], [ 1.453634853974204, 52.594344122040184 ], [ 1.468737712425656, 52.586399401546394 ], [ 1.484980223671486, 52.586702720582736 ], [ 1.487569804509293, 52.579913165951602 ], [ 1.497827556437267, 52.570768101598198 ], [ 1.518370190123089, 52.575210884120814 ], [ 1.521778110425391, 52.562370897215615 ], [ 1.537973133869752, 52.560227182975453 ], [ 1.53871566867054, 52.556877072100711 ], [ 1.540312465263333, 52.555394686764465 ], [ 1.53986160480758, 52.554212838489519 ], [ 1.540876886630864, 52.552803613778288 ], [ 1.537906092533298, 52.552999561537874 ], [ 1.536400448998351, 52.551874436725619 ], [ 1.533134819378666, 52.553100834338089 ], [ 1.530651524898456, 52.552477942950965 ], [ 1.530230485303474, 52.552030904196876 ], [ 1.530468252542997, 52.550068445813828 ], [ 1.527047737873444, 52.548942794997714 ], [ 1.523476135219183, 52.543593335864287 ], [ 1.516763061182786, 52.542589744380741 ], [ 1.51502171749672, 52.541844628627146 ], [ 1.514539399666867, 52.541052179512384 ], [ 1.50670440841264, 52.541528538517127 ], [ 1.498533767858922, 52.539105573633734 ], [ 1.486960981204514, 52.538986010700775 ], [ 1.480690486643232, 52.537702005653351 ], [ 1.498650830623716, 52.53898248676056 ], [ 1.506754694872058, 52.541382239844431 ], [ 1.514554125993246, 52.540867359340972 ], [ 1.519044154249614, 52.541765461838644 ], [ 1.523749049900752, 52.543556421642073 ], [ 1.530572899795069, 52.549938501916465 ], [ 1.53082894977535, 52.552445662755801 ], [ 1.536286793305986, 52.551745619142672 ], [ 1.540327586283118, 52.552524146749143 ], [ 1.554199289106773, 52.559271143645354 ], [ 1.574296668651318, 52.55825348831921 ], [ 1.646273653232864, 52.515159361791312 ], [ 1.653965392446965, 52.501312030197298 ], [ 1.671828162519506, 52.503686197470579 ], [ 1.682038952129371, 52.495234592505831 ], [ 1.659016811889383, 52.468756880647341 ], [ 1.648697512017738, 52.473603025200731 ], [ 1.633521888956818, 52.462871445139157 ], [ 1.618223051605836, 52.463445292050707 ], [ 1.580034390650238, 52.480147488133944 ], [ 1.557444546748018, 52.45777243351872 ], [ 1.529907239545574, 52.468412128718391 ], [ 1.519316498830947, 52.466214112621522 ], [ 1.517445811941075, 52.470766986133825 ], [ 1.516048372095007, 52.471600976465467 ], [ 1.521163641511199, 52.461905651288518 ], [ 1.481219889583144, 52.472380302934766 ], [ 1.446487407615418, 52.455997345719993 ], [ 1.420122648702522, 52.471023586596225 ], [ 1.410990566749148, 52.461573915374359 ], [ 1.43324090803959, 52.455936877870968 ], [ 1.432192798659357, 52.44515635825941 ], [ 1.407886381681013, 52.444386733868924 ], [ 1.392043909569954, 52.434022778046476 ], [ 1.363731408090849, 52.427494101795496 ], [ 1.356343320336266, 52.4211575130903 ], [ 1.361227342591029, 52.413175859141276 ], [ 1.322675558853341, 52.38908448811452 ], [ 1.284943710308405, 52.390176049615398 ], [ 1.259302907183104, 52.370866244180775 ], [ 1.214050502411447, 52.35539180538283 ], [ 1.195312303257644, 52.361433342405768 ], [ 1.182348447739742, 52.358763388851962 ], [ 1.115029055454935, 52.371336420465504 ], [ 1.07915468593733, 52.372364505784383 ], [ 1.068463402038779, 52.378441726609296 ] ] ], [ [ [ 0.338199137389671, 52.815077933457395 ], [ 0.362430801559108, 52.79663917022831 ], [ 0.392221615074806, 52.747990982577605 ], [ 0.357005634887423, 52.720230684955396 ], [ 0.349393356309774, 52.702472316475721 ], [ 0.354660513445578, 52.705616461360364 ], [ 0.371274950143057, 52.692143893884911 ], [ 0.359739832417649, 52.666220986068986 ], [ 0.367712571292256, 52.64098762160144 ], [ 0.364179236739031, 52.610827058908832 ], [ 0.340979532187619, 52.590722988758884 ], [ 0.340287223855613, 52.583107173785741 ], [ 0.245564448377978, 52.500540751703518 ], [ 0.238769996373596, 52.509167584954319 ], [ 0.206103431228302, 52.519617194409008 ], [ 0.230571329518351, 52.527892032928591 ], [ 0.205828131959571, 52.533832671648099 ], [ 0.213125972228598, 52.538153549846371 ], [ 0.203853019691703, 52.545386803984528 ], [ 0.211217462603524, 52.545217962031671 ], [ 0.21460692134827, 52.549088407981806 ], [ 0.205121176296516, 52.547882623597353 ], [ 0.204689887161945, 52.554637939448654 ], [ 0.217220131536116, 52.560575694369646 ], [ 0.205613502637574, 52.565550881961158 ], [ 0.218468174883091, 52.572208094925173 ], [ 0.215762604513879, 52.579427743174101 ], [ 0.19952685752128, 52.582739975468698 ], [ 0.191582480668137, 52.601498822204327 ], [ 0.217369763149999, 52.614506914651493 ], [ 0.210848013871584, 52.617909848528249 ], [ 0.219283521930062, 52.62179375533038 ], [ 0.16990951351827, 52.650416604059281 ], [ 0.18382604944515, 52.655642946774243 ], [ 0.184701252414599, 52.677875122043083 ], [ 0.154844526485937, 52.680773946422612 ], [ 0.156972268014836, 52.708215397193214 ], [ 0.172042351690975, 52.737863263078751 ], [ 0.186308486586722, 52.735328958372158 ], [ 0.233148448666584, 52.760245011980942 ], [ 0.272193506817293, 52.772785432892036 ], [ 0.245069469703321, 52.784503393298799 ], [ 0.260890187672437, 52.796035527807589 ], [ 0.253163714769909, 52.797334319998292 ], [ 0.268739910842889, 52.81580510765518 ], [ 0.28754218063408, 52.81921238293193 ], [ 0.338199137389671, 52.815077933457395 ] ] ], [ [ [ 0.997939822738665, 52.958810702847401 ], [ 0.993977128981177, 52.957389112920225 ], [ 0.992043777213792, 52.957684230063826 ], [ 0.997939822738665, 52.958810702847401 ] ] ], [ [ [ 0.865803811842544, 52.960450959665792 ], [ 0.868929399188262, 52.957659830950774 ], [ 0.857288523441305, 52.957627492188607 ], [ 0.862968707520666, 52.961221624615703 ], [ 0.865803811842544, 52.960450959665792 ] ] ], [ [ [ 0.986623187732092, 52.963405046916108 ], [ 1.014474435709261, 52.963499113954285 ], [ 1.015155352460366, 52.955759852855891 ], [ 1.013060063905938, 52.958647506361054 ], [ 1.009836001223791, 52.960061959919521 ], [ 1.012984980979715, 52.95808197588633 ], [ 1.010303121918998, 52.957505208041809 ], [ 1.010308473497231, 52.958782025608137 ], [ 1.007905450433029, 52.958875280396327 ], [ 1.006888349398521, 52.95604407852251 ], [ 1.004796261531606, 52.957762458757593 ], [ 1.002543247922339, 52.958085618097485 ], [ 1.001081409416957, 52.957276360149613 ], [ 0.999924440763278, 52.958180569271896 ], [ 0.997826946002948, 52.95814809955673 ], [ 0.998157624140791, 52.958880742936913 ], [ 0.996906779135318, 52.958881736499279 ], [ 0.998225911636583, 52.960641568563233 ], [ 0.990339253176348, 52.960452809216932 ], [ 0.986623187732092, 52.963405046916108 ] ] ], [ [ [ 0.961783078911833, 52.961560387895879 ], [ 0.946182725111512, 52.959037495870312 ], [ 0.945840006562801, 52.963697806272677 ], [ 0.961783078911833, 52.961560387895879 ] ] ], [ [ [ 0.738059899607803, 52.965700400620115 ], [ 0.731500732703063, 52.964257108505812 ], [ 0.731217732383079, 52.961375378344215 ], [ 0.730687922267447, 52.963813604811435 ], [ 0.734557872744596, 52.966893375974074 ], [ 0.738059899607803, 52.965700400620115 ] ] ], [ [ [ 0.865839208562807, 52.967849870912524 ], [ 0.874493953449285, 52.964881918556479 ], [ 0.874941577301427, 52.963952070693516 ], [ 0.873768787266004, 52.963245776713556 ], [ 0.872432347774955, 52.961643297811833 ], [ 0.872387879373612, 52.960344083706858 ], [ 0.864371149696512, 52.961823570253259 ], [ 0.865839208562807, 52.967849870912524 ] ] ], [ [ [ 0.900874931621115, 52.969330288529235 ], [ 0.905063354882319, 52.9630465687179 ], [ 0.897466269298214, 52.959615391848338 ], [ 0.891526546492523, 52.961876935062634 ], [ 0.886634811084703, 52.958956497857557 ], [ 0.875422010896525, 52.960600692653017 ], [ 0.871925695321545, 52.959055868964107 ], [ 0.875313281734388, 52.964166982799291 ], [ 0.879816572903235, 52.963063340859343 ], [ 0.885304178119232, 52.964040728324633 ], [ 0.875433399316464, 52.96438348790285 ], [ 0.875893069986624, 52.967470214814256 ], [ 0.880117286621288, 52.96742812165234 ], [ 0.880822363424393, 52.965421921042839 ], [ 0.883497744814374, 52.964937066219932 ], [ 0.889714791786849, 52.966953145277046 ], [ 0.892753537125822, 52.968853007155047 ], [ 0.892994608546388, 52.970097973021154 ], [ 0.900874931621115, 52.969330288529235 ] ] ], [ [ [ 1.024089977439597, 52.965486663413429 ], [ 1.025460749463243, 52.964619935033546 ], [ 1.023557775686749, 52.964669291154358 ], [ 1.024089977439597, 52.965486663413429 ] ] ], [ [ [ 1.027940113360638, 52.965741987921966 ], [ 1.027292525207682, 52.964830452334077 ], [ 1.026157508912936, 52.965276634532053 ], [ 1.027940113360638, 52.965741987921966 ] ] ], [ [ [ 0.887497997034118, 52.969022235248595 ], [ 0.883307535386398, 52.965122429280242 ], [ 0.879467980466066, 52.967899773431647 ], [ 0.865328479625439, 52.969495191876774 ], [ 0.862802268714286, 52.965642651906116 ], [ 0.8602498918767, 52.964363385464772 ], [ 0.859348350715091, 52.96451367942246 ], [ 0.857421309701425, 52.964087054994017 ], [ 0.863396819896843, 52.96197565089934 ], [ 0.854543887734389, 52.957894909972353 ], [ 0.852293440375729, 52.958385995811128 ], [ 0.86813661461445, 52.979484409239234 ], [ 0.887497997034118, 52.969022235248595 ] ] ], [ [ [ 0.734519312724925, 52.975999579474433 ], [ 0.721071975519805, 52.974861504038728 ], [ 0.716580504959116, 52.972032899915384 ], [ 0.705308988310588, 52.975986681737773 ], [ 0.734519312724925, 52.975999579474433 ] ] ], [ [ [ 0.746420141439846, 52.980551102538378 ], [ 0.714486376370207, 52.977024550173383 ], [ 0.694509088983989, 52.983911199251608 ], [ 0.681316624170257, 52.977432430581281 ], [ 0.684001628708941, 52.987627969948598 ], [ 0.663610621689291, 52.982236686985516 ], [ 0.662260562357447, 52.986083984940862 ], [ 0.678419865944548, 52.988374353779385 ], [ 0.696254745213597, 52.987585264659103 ], [ 0.746420141439846, 52.980551102538378 ] ] ], [ [ [ 1.649470838571147, 52.579462080590552 ], [ 1.634575590142059, 52.573308850965752 ], [ 1.625094685436747, 52.554175243634326 ], [ 1.610069666568922, 52.550872495732634 ], [ 1.607322777074007, 52.548417179469062 ], [ 1.605776422239182, 52.545431400895474 ], [ 1.605739907726972, 52.542522794822268 ], [ 1.608731587888901, 52.540562465854535 ], [ 1.613048225042254, 52.539954827069813 ], [ 1.619112646672592, 52.540545581791115 ], [ 1.620526130570288, 52.53981422523583 ], [ 1.618163635617609, 52.53394475509085 ], [ 1.620481090778059, 52.532586691251225 ], [ 1.579170958534648, 52.556131791525701 ], [ 1.59311677838635, 52.55826510255951 ], [ 1.607702543740146, 52.573831205003991 ], [ 1.620327553332734, 52.573198979056663 ], [ 1.625782549939014, 52.575130296026714 ], [ 1.637535067465485, 52.582139558399504 ], [ 1.639734044109831, 52.587537898124218 ], [ 1.649470838571147, 52.579462080590552 ] ] ], [ [ [ 1.724935469395583, 52.603312078176813 ], [ 1.732459279666496, 52.57242337861215 ], [ 1.738631452517825, 52.571951375118594 ], [ 1.73159459941159, 52.568416496257775 ], [ 1.740433717126427, 52.532085004925527 ], [ 1.725979979287761, 52.530616556417321 ], [ 1.702552586740135, 52.544399522325257 ], [ 1.667951582853983, 52.550221784469805 ], [ 1.659130344577557, 52.542225430012273 ], [ 1.636715032430296, 52.53741053112482 ], [ 1.636512142993194, 52.527913991019943 ], [ 1.628839062049688, 52.526093611055948 ], [ 1.621273728731232, 52.539846196901976 ], [ 1.618877369893236, 52.54082351869436 ], [ 1.608081811864763, 52.541111173024511 ], [ 1.605973377645449, 52.544667158587302 ], [ 1.609141164853792, 52.549772029306176 ], [ 1.624525682537795, 52.553198789468304 ], [ 1.634129116010302, 52.561083688306731 ], [ 1.636154401652016, 52.573851263832623 ], [ 1.650533355155308, 52.576188543528666 ], [ 1.650199078258174, 52.593987430475771 ], [ 1.713418297055727, 52.611514868312177 ], [ 1.724935469395583, 52.603312078176813 ] ] ], [ [ [ 1.482355286663847, 52.693936505609749 ], [ 1.482290221659527, 52.693324126107044 ], [ 1.481671971547446, 52.693163323389641 ], [ 1.482355286663847, 52.693936505609749 ] ] ], [ [ [ 1.540497752441939, 52.704839357162719 ], [ 1.541810743268369, 52.703829625344987 ], [ 1.539644679091853, 52.704544664450772 ], [ 1.540497752441939, 52.704839357162719 ] ] ] ] } },
{ "type": "Feature", "properties": { "area_name": "North East Lincolnshire" }, "geometry": { "type": "Polygon", "coordinates": [ [ [ -0.204417325435315, 53.637877679315373 ], [ -0.093209728234862, 53.581048151144159 ], [ -0.079452787830113, 53.576905830620419 ], [ -0.072179651275327, 53.583779284519451 ], [ -0.061840661272277, 53.582512763608861 ], [ 0.017159818345535, 53.526170099587787 ], [ -0.017425120111232, 53.515041066688212 ], [ -0.039595248562596, 53.513090926433996 ], [ -0.046608603598716, 53.520073136933789 ], [ -0.065040779703745, 53.518714284538717 ], [ -0.075258087558398, 53.48931062292548 ], [ -0.095484797128431, 53.485964128024342 ], [ -0.089800370409605, 53.477657537909522 ], [ -0.107817421628929, 53.469838046392141 ], [ -0.082206617178562, 53.451126202259132 ], [ -0.120341463396074, 53.433540412005378 ], [ -0.144497891622348, 53.44087900228994 ], [ -0.158504789611387, 53.461559313773243 ], [ -0.153676948584964, 53.465653377671138 ], [ -0.181801676686103, 53.468625204473362 ], [ -0.188561687778261, 53.484513881048045 ], [ -0.210601338780095, 53.486264508168709 ], [ -0.204082156704417, 53.511743294945212 ], [ -0.21058511770795, 53.531682783205092 ], [ -0.219878096826339, 53.532582925162203 ], [ -0.18752489455552, 53.563589402995014 ], [ -0.191687803292215, 53.568442085873883 ], [ -0.222554666342478, 53.567994116159106 ], [ -0.23466455210294, 53.586228059123009 ], [ -0.251391453738768, 53.584630862544302 ], [ -0.24847176153786, 53.593641484923616 ], [ -0.28303436612369, 53.604474931419773 ], [ -0.292110280673519, 53.613245443632586 ], [ -0.232611480178674, 53.623980650777504 ], [ -0.204417325435315, 53.637877679315373 ] ] ] } },
{ "type": "Feature", "properties": { "area_name": "North Lincolnshire" }, "geometry": { "type": "MultiPolygon", "coordinates": [ [ [ [ -0.689537137186718, 53.677130349288198 ], [ -0.697227464277402, 53.656192032845453 ], [ -0.714563759229319, 53.641975646924784 ], [ -0.714652986535288, 53.627595310266649 ], [ -0.700830607444601, 53.613057560099087 ], [ -0.708529799427376, 53.608141247611549 ], [ -0.72512763683082, 53.609233363550047 ], [ -0.733187630498593, 53.60481820487739 ], [ -0.739752874490735, 53.592633851117483 ], [ -0.731610881791986, 53.584095547852819 ], [ -0.746327430947565, 53.572754711615111 ], [ -0.748484404941926, 53.567830686246865 ], [ -0.747153506487825, 53.556249785465319 ], [ -0.738846021498844, 53.546199118892602 ], [ -0.743500700012451, 53.537224974091771 ], [ -0.743448555016663, 53.511204865408132 ], [ -0.752892039783585, 53.500817151232233 ], [ -0.768331618339415, 53.499419418585511 ], [ -0.785104350608366, 53.463308658087143 ], [ -0.797951501399481, 53.455314278539632 ], [ -0.871916416002869, 53.466290038319634 ], [ -0.873732984233954, 53.461457625153081 ], [ -0.9162462415124, 53.460274959853855 ], [ -0.920243974453028, 53.465486969511339 ], [ -0.900467633164878, 53.475135158303651 ], [ -0.935561222915345, 53.502495862251124 ], [ -0.932090664977784, 53.510651060442399 ], [ -0.950005391259758, 53.513636701746719 ], [ -0.946539786862602, 53.527321359093001 ], [ -0.892264341261036, 53.537573517495801 ], [ -0.901262145385112, 53.547887593302853 ], [ -0.890991340825827, 53.566538081458297 ], [ -0.901113854439251, 53.56870339793776 ], [ -0.897922315188668, 53.58325653915162 ], [ -0.865333148355033, 53.637688108285531 ], [ -0.84825866020448, 53.633016331639119 ], [ -0.829147646857413, 53.643215668123375 ], [ -0.805800111495362, 53.64633520316162 ], [ -0.788737751822384, 53.659189449199424 ], [ -0.772130276346828, 53.664054937501412 ], [ -0.774493949432592, 53.656188802218601 ], [ -0.723185049290852, 53.673708571564717 ], [ -0.721762655491544, 53.679340166532484 ], [ -0.702449721694404, 53.677470479335412 ], [ -0.698487735683108, 53.684590685691298 ], [ -0.689537137186718, 53.677130349288198 ] ] ], [ [ [ -0.294212004276976, 53.714125040915562 ], [ -0.275402180827356, 53.704929370208426 ], [ -0.268166042351793, 53.690031233619507 ], [ -0.204417325435315, 53.637877679315373 ], [ -0.232611480178674, 53.623980650777504 ], [ -0.3085503447871, 53.614306857519544 ], [ -0.300738755395592, 53.595261794080102 ], [ -0.335935251874219, 53.558605063080762 ], [ -0.356320386381659, 53.556031910482744 ], [ -0.419665615743934, 53.563751711575463 ], [ -0.428997252238201, 53.574503576258806 ], [ -0.450772730316977, 53.557945256917399 ], [ -0.465668591247775, 53.556002315840956 ], [ -0.467015369248011, 53.548939636085414 ], [ -0.490905881374503, 53.545852727657376 ], [ -0.501226284300145, 53.537440030604294 ], [ -0.43066162754181, 53.54631608730859 ], [ -0.421859271307515, 53.534426912859971 ], [ -0.408142055837813, 53.532087640786578 ], [ -0.405071445930975, 53.517595385673637 ], [ -0.48838081968514, 53.504838703518139 ], [ -0.480683755921943, 53.49622373912181 ], [ -0.486627315435958, 53.480448241914956 ], [ -0.471746676045314, 53.474850875475006 ], [ -0.551790538860853, 53.459497965251821 ], [ -0.629750119087389, 53.458197065339569 ], [ -0.634055844335873, 53.485377537837543 ], [ -0.624488515643945, 53.512817800763386 ], [ -0.738576514281567, 53.519826167809654 ], [ -0.736923068186161, 53.545393191220533 ], [ -0.745115186733594, 53.57115815357416 ], [ -0.73017114523594, 53.581629895504044 ], [ -0.730294972816337, 53.586923889987943 ], [ -0.737107494390424, 53.592980800466663 ], [ -0.729358848795129, 53.605339423540968 ], [ -0.705754497653467, 53.606863606879855 ], [ -0.699227251799052, 53.610434258347375 ], [ -0.711637815351367, 53.640847556896439 ], [ -0.695030384497333, 53.653053469320085 ], [ -0.685107364343122, 53.672218836695684 ], [ -0.691390493102545, 53.696756128890328 ], [ -0.6114175048556, 53.714582410390889 ], [ -0.586248902843115, 53.693318757620055 ], [ -0.548705320753631, 53.679604754503245 ], [ -0.523507907677152, 53.676974020512183 ], [ -0.470486939682534, 53.698199734801662 ], [ -0.393529605769077, 53.696854419035049 ], [ -0.387645140169006, 53.702159868161786 ], [ -0.294212004276976, 53.714125040915562 ] ] ], [ [ [ -0.558594537736127, 53.689467321548385 ], [ -0.520765567380902, 53.685199296146784 ], [ -0.535825586733297, 53.681252090902746 ], [ -0.558594537736127, 53.689467321548385 ] ] ] ] } },
{ "type": "Feature", "properties": { "area_name": "North Yorkshire" }, "geometry": { "type": "MultiPolygon", "coordinates": [ [ [ [ -1.199488084834416, 53.925333467664579 ], [ -1.164909807289126, 53.910558091480098 ], [ -1.1543895987535, 53.895910294699263 ], [ -1.13681278894482, 53.895924562576567 ], [ -1.124978024473603, 53.882657813893296 ], [ -1.105331790839941, 53.875824045700973 ], [ -1.127168935879367, 53.865110900140429 ], [ -1.128196488076167, 53.863301857167158 ], [ -1.12772017126221, 53.861930397175662 ], [ -1.118581779373826, 53.854906792263741 ], [ -1.124102730049658, 53.849844608572056 ], [ -1.125202680836955, 53.844696100952476 ], [ -1.128192686027216, 53.84387566199937 ], [ -1.130452775254306, 53.845269049166141 ], [ -1.13246600666615, 53.845670109927653 ], [ -1.133963867980278, 53.845488579588867 ], [ -1.135358266780591, 53.844573747488752 ], [ -1.138939815815453, 53.839726994158895 ], [ -1.142954519125175, 53.839897743571363 ], [ -1.141517118397283, 53.843228382562856 ], [ -1.142465783262246, 53.844777537741791 ], [ -1.144681243066798, 53.846521774113882 ], [ -1.143389611360769, 53.849036445119559 ], [ -1.144481406329007, 53.850061693881038 ], [ -1.15779867679139, 53.851749474411584 ], [ -1.166144276060042, 53.847013451296696 ], [ -1.171265254040486, 53.855552615454478 ], [ -1.173006346751706, 53.856152447942414 ], [ -1.177520876581717, 53.856273345795991 ], [ -1.180195403905726, 53.855326313615222 ], [ -1.182387484719029, 53.85385372564869 ], [ -1.183629224277519, 53.849884021613192 ], [ -1.192132025549223, 53.854339447650261 ], [ -1.200125816880667, 53.855362798497396 ], [ -1.206094077541795, 53.854742688997852 ], [ -1.18317484971693, 53.849642744432195 ], [ -1.172940513281719, 53.855944368091265 ], [ -1.166230540172764, 53.846802828565508 ], [ -1.144362895216375, 53.849760643924789 ], [ -1.145003359760206, 53.846527664358256 ], [ -1.141908194307826, 53.843279715385535 ], [ -1.143210721692534, 53.839705427784921 ], [ -1.141481186341771, 53.839188830607085 ], [ -1.137737344191257, 53.83974442689761 ], [ -1.134528165407326, 53.844953358243188 ], [ -1.129921780256756, 53.844781636045575 ], [ -1.13357431373175, 53.843890363412612 ], [ -1.134455198489666, 53.842668931362219 ], [ -1.128669952913531, 53.833330566527451 ], [ -1.12651613573386, 53.832705508146944 ], [ -1.104109178600133, 53.837077584752755 ], [ -1.088695088962254, 53.831350167690161 ], [ -1.076626709121113, 53.835609127842183 ], [ -1.084687840586819, 53.824470618367982 ], [ -1.083585046517095, 53.821330689792319 ], [ -1.079343887435484, 53.819315410548271 ], [ -1.069353016353684, 53.818028512172319 ], [ -1.062920521173724, 53.813928323021159 ], [ -1.054143266545128, 53.811365194305111 ], [ -1.043202744508864, 53.810215125024648 ], [ -1.04693685428499, 53.807015345586557 ], [ -1.048396632472196, 53.803575419523106 ], [ -1.04864166092538, 53.795834819081541 ], [ -1.047093887203659, 53.790040336475144 ], [ -1.066449182286148, 53.787857373749695 ], [ -1.068139367666858, 53.786108804344977 ], [ -1.067065162033511, 53.786569644634568 ], [ -1.062359253480705, 53.783875097787686 ], [ -1.037586919915238, 53.777304329416296 ], [ -1.024718139943698, 53.775881772842311 ], [ -1.0340561381779, 53.764725469037828 ], [ -1.024540907387347, 53.759502582500943 ], [ -1.01102087631103, 53.763583126277467 ], [ -1.001483288540821, 53.768578940886009 ], [ -0.999549526188714, 53.765615522406236 ], [ -0.995380122943209, 53.764427449072691 ], [ -0.986991752222524, 53.76420317397406 ], [ -0.988742215238345, 53.760927285733608 ], [ -0.98206295755598, 53.753222501792891 ], [ -0.977082877176585, 53.750515038958028 ], [ -0.963902703103915, 53.746505356596685 ], [ -0.96162183641725, 53.735686859034821 ], [ -0.911798849830354, 53.732373062924381 ], [ -0.903645555879695, 53.719758829357318 ], [ -0.957829740900452, 53.714988468125298 ], [ -0.962778344075184, 53.700950867669235 ], [ -0.967990242640816, 53.706973243625477 ], [ -0.9809222087718, 53.705147791588907 ], [ -0.980288066426292, 53.697100363058212 ], [ -1.038871475660515, 53.694053928516098 ], [ -1.053475281533983, 53.696979980987983 ], [ -1.060842775924133, 53.706622348089795 ], [ -1.069010169588115, 53.704342789292603 ], [ -1.071014241962114, 53.708268316167249 ], [ -1.072621580061011, 53.709167924563211 ], [ -1.075431890613769, 53.709240873239523 ], [ -1.080596232356817, 53.708287382841014 ], [ -1.080926905656849, 53.711050267181783 ], [ -1.084377399735523, 53.71493091628912 ], [ -1.084336964571832, 53.717421298877483 ], [ -1.091140000691704, 53.714927561353406 ], [ -1.093781039349947, 53.713024937827633 ], [ -1.0949612054875, 53.716209463085391 ], [ -1.103857367337156, 53.714644915210563 ], [ -1.098855895187923, 53.717821668984449 ], [ -1.098357918974568, 53.719354042583241 ], [ -1.10937700272243, 53.723342786451994 ], [ -1.112460934598191, 53.722632209187339 ], [ -1.114998004319678, 53.719956249163474 ], [ -1.11645668492435, 53.720060490218451 ], [ -1.11670090859521, 53.722870263208662 ], [ -1.120865618818705, 53.726647239664061 ], [ -1.117396309603176, 53.720057525890049 ], [ -1.115429750944373, 53.719313170860772 ], [ -1.109132944146587, 53.722986830063981 ], [ -1.098880637258933, 53.719074838953539 ], [ -1.104155799684343, 53.714434121006263 ], [ -1.094087075551719, 53.712744116343515 ], [ -1.084761699796793, 53.716912203188258 ], [ -1.08474876030989, 53.7145760136208 ], [ -1.081386132691573, 53.710973791073407 ], [ -1.081315085949602, 53.708253346604018 ], [ -1.068933741113319, 53.703961984034791 ], [ -1.081064274172141, 53.684573142557419 ], [ -1.1035673189448, 53.669537843051863 ], [ -1.071186966248834, 53.657885630255905 ], [ -1.050999620494481, 53.657537720261381 ], [ -1.05171307212096, 53.652514285314226 ], [ -1.12174070362805, 53.646699707300243 ], [ -1.135404372043725, 53.63270966076783 ], [ -1.15229487128149, 53.642758210787413 ], [ -1.190310385360119, 53.635898812508209 ], [ -1.209824052859491, 53.643145316485729 ], [ -1.219384071783404, 53.636668920410678 ], [ -1.21746546797846, 53.624206488296721 ], [ -1.232841216456807, 53.621094411892194 ], [ -1.255365457995608, 53.644777303825684 ], [ -1.244413687217958, 53.6924109563871 ], [ -1.198988820227637, 53.694878939645186 ], [ -1.198814444065784, 53.700713921253978 ], [ -1.218439420519743, 53.707076937341242 ], [ -1.219808317819438, 53.714400563854497 ], [ -1.226072053922267, 53.70986611366861 ], [ -1.229569491279568, 53.714887055564027 ], [ -1.269025982466723, 53.715144066767174 ], [ -1.292170251240029, 53.738846617864503 ], [ -1.315353196886807, 53.743663212979627 ], [ -1.312235123762227, 53.75587114740329 ], [ -1.294938312683697, 53.755445323725318 ], [ -1.290544256837825, 53.762751998028847 ], [ -1.313806744441005, 53.781538744502647 ], [ -1.314868320013239, 53.809540210202883 ], [ -1.303619634357207, 53.816518554730543 ], [ -1.336092658687707, 53.83357236482923 ], [ -1.325338397187544, 53.835040371466448 ], [ -1.326553081360291, 53.840405888040777 ], [ -1.352965312521012, 53.856733255950942 ], [ -1.312598446050498, 53.865299232811218 ], [ -1.321777165585676, 53.902903365202874 ], [ -1.300583021591309, 53.90746816698956 ], [ -1.297198422251396, 53.921664708920012 ], [ -1.307304611782357, 53.921477132652875 ], [ -1.29417495032407, 53.927046958137105 ], [ -1.30898683655966, 53.924080747139463 ], [ -1.306956524738228, 53.934407001981654 ], [ -1.344706127606458, 53.939484861067335 ], [ -1.340399478491964, 53.945871483206901 ], [ -1.397176440653807, 53.942518808251577 ], [ -1.409191154882169, 53.935449280910127 ], [ -1.406703630688555, 53.927833261319869 ], [ -1.432338078138576, 53.927434901088674 ], [ -1.434401977420515, 53.910162686980499 ], [ -1.440439758231668, 53.913886790561214 ], [ -1.463093720649704, 53.905998116188243 ], [ -1.498774946750068, 53.91529116592956 ], [ -1.528590307811773, 53.908683517040423 ], [ -1.548787407888921, 53.910898378753195 ], [ -1.551221926136836, 53.903047599941907 ], [ -1.562877471362633, 53.903914759617138 ], [ -1.567733397042237, 53.910784678894935 ], [ -1.582894405357302, 53.909344481288599 ], [ -1.586852994672153, 53.90123672321171 ], [ -1.599988055039626, 53.909761216981529 ], [ -1.620532146669899, 53.903379964719434 ], [ -1.652024417787933, 53.905707870018837 ], [ -1.655078385764407, 53.912469236589608 ], [ -1.684622901578479, 53.910573074994808 ], [ -1.687015190347962, 53.91637377740161 ], [ -1.70707898327784, 53.919116196413746 ], [ -1.71642858507833, 53.917619676591023 ], [ -1.717954462053567, 53.908527598059862 ], [ -1.729013836652142, 53.910306563554876 ], [ -1.745622260635706, 53.922988696333327 ], [ -1.772276681463044, 53.920872481874007 ], [ -1.782440012872732, 53.92942609918871 ], [ -1.798006256105917, 53.929699516774519 ], [ -1.805085806664919, 53.939008142790733 ], [ -1.847685995969886, 53.94075841707167 ], [ -1.836196843611181, 53.931405943447849 ], [ -1.852226657227449, 53.930958436505328 ], [ -1.87501298644693, 53.946040986384546 ], [ -1.87950946615698, 53.962824305363924 ], [ -1.893134677145264, 53.955369272017812 ], [ -1.906270002826405, 53.958364131262258 ], [ -1.927976196948508, 53.950444695629216 ], [ -1.950679713004775, 53.956728642243441 ], [ -1.949358383344587, 53.952998191837708 ], [ -1.966171661866152, 53.951547155659952 ], [ -1.963073042345468, 53.933390120929744 ], [ -1.976863855604499, 53.926403760604671 ], [ -1.953222988445098, 53.91169203573741 ], [ -1.95256390903407, 53.903519180595119 ], [ -1.979346951674341, 53.901165171736643 ], [ -1.980195748800426, 53.871101496819904 ], [ -2.021627758981209, 53.871483074858908 ], [ -2.046127643579235, 53.850127239861344 ], [ -2.081188420516607, 53.86995736402443 ], [ -2.089912345986424, 53.868167937430677 ], [ -2.082454987054492, 53.87754044032291 ], [ -2.103016179442937, 53.890927162499054 ], [ -2.113172991521029, 53.904597442466851 ], [ -2.107463510772867, 53.908028848391361 ], [ -2.12434683202464, 53.923186591613614 ], [ -2.162873759252138, 53.927255941885448 ], [ -2.171676106644612, 53.937673964609672 ], [ -2.182278534306312, 53.935376328613742 ], [ -2.179463568492904, 53.945971742082982 ], [ -2.196014951056948, 53.969562000739948 ], [ -2.225733194246805, 53.96108559091963 ], [ -2.232012417746455, 53.971216263273917 ], [ -2.221059524038137, 53.977913904358104 ], [ -2.230342064465399, 53.981516697979124 ], [ -2.294317309934687, 53.974419521593951 ], [ -2.318826189459583, 53.993715588446278 ], [ -2.339921064233174, 53.989414638638834 ], [ -2.352355623250406, 53.994660881925043 ], [ -2.352308157123779, 54.010526107706937 ], [ -2.339557784160892, 54.009420489367216 ], [ -2.343538242817464, 54.017314735865028 ], [ -2.357321085548419, 54.019104425068399 ], [ -2.361997001435514, 54.040657219435687 ], [ -2.374070423455111, 54.049076718541393 ], [ -2.425824451018551, 54.038082465144711 ], [ -2.464674545897633, 54.043190043296107 ], [ -2.464345175668486, 54.075267351407 ], [ -2.509523875736916, 54.095413527152978 ], [ -2.524007488601656, 54.09461071853999 ], [ -2.544762232832252, 54.117118771343101 ], [ -2.563327500286997, 54.122694569262784 ], [ -2.560502768700896, 54.153040836627866 ], [ -2.533295125564552, 54.158246017977326 ], [ -2.528719029404991, 54.169500611193527 ], [ -2.4799553362041, 54.202301565129837 ], [ -2.46085946879788, 54.226705105559809 ], [ -2.405628314947205, 54.224904071431233 ], [ -2.396775935878657, 54.239369971341176 ], [ -2.37301694089669, 54.240087583435503 ], [ -2.372321519673239, 54.248223280938483 ], [ -2.362313418689668, 54.249741199975993 ], [ -2.34804877007975, 54.237795048662989 ], [ -2.32564308318206, 54.241426580650646 ], [ -2.315510668961328, 54.270273153200115 ], [ -2.325888084770825, 54.2796812809326 ], [ -2.31718817642642, 54.287154041973572 ], [ -2.323028407173063, 54.311071566729581 ], [ -2.309837390137959, 54.324303918899076 ], [ -2.334745189058457, 54.334933907081336 ], [ -2.335763444454988, 54.340424048231384 ], [ -2.359669952612554, 54.350256303600361 ], [ -2.367708012827916, 54.356060252112982 ], [ -2.344643640629734, 54.359618074318753 ], [ -2.317038059884576, 54.376300233506861 ], [ -2.297435975497072, 54.376888485082098 ], [ -2.291982125217062, 54.391476207063072 ], [ -2.305502181790146, 54.397109996299555 ], [ -2.307975353734252, 54.420677714702727 ], [ -2.291848800327056, 54.431452815682924 ], [ -2.292860535916827, 54.439297844122649 ], [ -2.271342985852824, 54.440906477367911 ], [ -2.249534149325359, 54.451933856883208 ], [ -2.189310028496088, 54.448968885276351 ], [ -2.1775025011455, 54.461616235583612 ], [ -2.159261606592219, 54.455473927748066 ], [ -2.116590202999278, 54.462253958027397 ], [ -2.04319144719062, 54.483590001502009 ], [ -2.044722589458719, 54.475176774544082 ], [ -1.996757592228527, 54.466893753851174 ], [ -1.9700530105904, 54.451511656764865 ], [ -1.942536555474316, 54.453385434540785 ], [ -1.859122501948927, 54.481848059630913 ], [ -1.857792623685144, 54.503530146050807 ], [ -1.839425084376726, 54.508427519871361 ], [ -1.792968384893248, 54.484482347823175 ], [ -1.776123229838552, 54.506718379060182 ], [ -1.779686782729964, 54.531863052596542 ], [ -1.73308160286636, 54.527726093763519 ], [ -1.721301281262993, 54.542291551150328 ], [ -1.683620781586142, 54.533469098694205 ], [ -1.657927764406777, 54.534578309661178 ], [ -1.654665816135421, 54.524639413099308 ], [ -1.632284233412487, 54.523998326565433 ], [ -1.640182781961184, 54.517079663208797 ], [ -1.633319929918903, 54.514100566247102 ], [ -1.612098274156063, 54.519981066565094 ], [ -1.600614302484021, 54.517086765599615 ], [ -1.602628515450538, 54.510570667912681 ], [ -1.581059702290757, 54.5128345285897 ], [ -1.591871914128497, 54.504289827440701 ], [ -1.579106462399138, 54.505103454009145 ], [ -1.582928539739918, 54.497064358267011 ], [ -1.555186261877706, 54.484966997563191 ], [ -1.54566363245838, 54.471227292861876 ], [ -1.520139145965609, 54.470827647620247 ], [ -1.530141702178032, 54.475739693234303 ], [ -1.529149885067003, 54.484707586174075 ], [ -1.514122533101734, 54.483763833936926 ], [ -1.511331368876957, 54.475001013495145 ], [ -1.49176592121656, 54.486189231509947 ], [ -1.499042786416916, 54.475667005610795 ], [ -1.475362923800828, 54.473833897871486 ], [ -1.472042388482481, 54.455588264743028 ], [ -1.461720957289476, 54.451138178914142 ], [ -1.454883492168962, 54.454726650119852 ], [ -1.461959487526098, 54.462886269153671 ], [ -1.453411957272062, 54.46596825054403 ], [ -1.463788767535531, 54.473539584985076 ], [ -1.458463449390702, 54.49282813927902 ], [ -1.475551237586857, 54.498568853572834 ], [ -1.462103882352009, 54.504233646125414 ], [ -1.426975197697657, 54.485222910609991 ], [ -1.432952135917079, 54.479954101628749 ], [ -1.417097737868834, 54.476991177574639 ], [ -1.406658810210404, 54.493554823747317 ], [ -1.394762389105113, 54.48556748260463 ], [ -1.383165791137477, 54.486989967310812 ], [ -1.380914043474837, 54.493914694165426 ], [ -1.364405213709103, 54.465941172520154 ], [ -1.350904619026485, 54.473405162191682 ], [ -1.343616559677539, 54.464144119922913 ], [ -1.313103136482288, 54.477265720698753 ], [ -1.300419401808428, 54.475799100904986 ], [ -1.281047560764427, 54.490408233195346 ], [ -1.257390006012631, 54.487309407713916 ], [ -1.256661463431001, 54.501095719867457 ], [ -1.242307544811015, 54.501645642886722 ], [ -1.230591270315283, 54.511869162861309 ], [ -1.118366219924523, 54.498185939841719 ], [ -1.094509455205052, 54.506747093795177 ], [ -1.036836239359586, 54.494031206271963 ], [ -1.023784705153029, 54.502032222861629 ], [ -1.003385045029806, 54.502999145736382 ], [ -0.967812296303983, 54.497255331169228 ], [ -0.95257272816679, 54.488002088714133 ], [ -0.880808720571802, 54.497033255358552 ], [ -0.87576508415057, 54.491150906828537 ], [ -0.848514800008241, 54.487959159154933 ], [ -0.85141195025265, 54.52399055075005 ], [ -0.836645934598339, 54.542619741760113 ], [ -0.815660253517641, 54.552493776365395 ], [ -0.800403247402981, 54.550997165181045 ], [ -0.792211077522282, 54.559451971343037 ], [ -0.775625077040929, 54.557762818933782 ], [ -0.767241218565475, 54.546410072015611 ], [ -0.750931846271884, 54.541891940445929 ], [ -0.744641085096204, 54.528526155492827 ], [ -0.715778539078835, 54.534378784166442 ], [ -0.681813819657957, 54.519431918132881 ], [ -0.670262212506799, 54.500740535736966 ], [ -0.621362359844042, 54.49137053441833 ], [ -0.613021440746808, 54.494312105287392 ], [ -0.615283444522165, 54.474528078115661 ], [ -0.621090843131565, 54.475122045692935 ], [ -0.623105589528657, 54.474594060226686 ], [ -0.633562580149366, 54.468209165843739 ], [ -0.62047572471846, 54.47069932904828 ], [ -0.607250119586358, 54.480224826625481 ], [ -0.612396649040184, 54.494205172444261 ], [ -0.568891565657434, 54.479732773732664 ], [ -0.556932091102218, 54.465105758082572 ], [ -0.52146029980805, 54.446952828207394 ], [ -0.530388256246615, 54.424255713858017 ], [ -0.463678339952913, 54.389165873810214 ], [ -0.432617834650264, 54.340127149567046 ], [ -0.417036309395361, 54.331448754192429 ], [ -0.407750245437005, 54.294257084507713 ], [ -0.384670514488288, 54.287831816628739 ], [ -0.397181918675979, 54.279414879599273 ], [ -0.391389791102941, 54.269000237944418 ], [ -0.374628578565578, 54.261580242596985 ], [ -0.363874300234265, 54.245076733495566 ], [ -0.338667562773421, 54.242595390568574 ], [ -0.312694914196217, 54.228605298563572 ], [ -0.259244398341643, 54.215859632524513 ], [ -0.280118049180781, 54.214894690228483 ], [ -0.282735330994174, 54.195058194145517 ], [ -0.264437708795748, 54.176490538736999 ], [ -0.212527732684561, 54.157573962947154 ], [ -0.221677496616501, 54.137952996716621 ], [ -0.229732846858025, 54.132420473638724 ], [ -0.265405659271958, 54.140538882297186 ], [ -0.304069052352736, 54.136251150728818 ], [ -0.323827618213699, 54.150277805885921 ], [ -0.346382965856708, 54.146854031451731 ], [ -0.374913312568086, 54.154094474204364 ], [ -0.390732812400961, 54.17650227540328 ], [ -0.418235975638482, 54.174045130678714 ], [ -0.433154700454665, 54.164054422682248 ], [ -0.427080356888215, 54.137424152556271 ], [ -0.45852666964456, 54.125955329655667 ], [ -0.454338220037085, 54.11674414838766 ], [ -0.465929824281733, 54.107614530166686 ], [ -0.524600650957576, 54.085456337265974 ], [ -0.563125522403462, 54.093981554088863 ], [ -0.590993170202719, 54.087043989827315 ], [ -0.61551243811111, 54.070475452598068 ], [ -0.660306115673023, 54.063081868780166 ], [ -0.644643279837235, 54.055094652060902 ], [ -0.659473996550037, 54.037151133030818 ], [ -0.678491837609375, 54.037231283775093 ], [ -0.687291061217629, 54.030425513751837 ], [ -0.678406061399455, 54.018219985517185 ], [ -0.683671745307111, 54.008745590233346 ], [ -0.704892918523135, 54.006053954092053 ], [ -0.730479712511774, 54.012682506656873 ], [ -0.734247338844366, 54.030240417852156 ], [ -0.799181495249014, 54.019036490206304 ], [ -0.798978445143699, 54.024072364035256 ], [ -0.843147047866368, 54.021675008103728 ], [ -0.878435151986339, 54.017166496155909 ], [ -0.893526169878844, 53.999749744568184 ], [ -0.913237856689799, 53.992037046847578 ], [ -0.991050631874279, 53.981905315014153 ], [ -0.994768760905639, 53.985311498110882 ], [ -0.971921101740413, 53.996677871300548 ], [ -0.975410430282121, 54.004732228264473 ], [ -0.984772559267515, 54.002661695694847 ], [ -0.979412297216137, 54.017402596877766 ], [ -0.966835870769767, 54.022958584993432 ], [ -0.971124787954797, 54.027674539503479 ], [ -0.98230463198033, 54.030905592560238 ], [ -0.98224337674987, 54.039416744407461 ], [ -1.002330777556879, 54.055327517952172 ], [ -1.014367317699824, 54.049305016710221 ], [ -1.05970217913412, 54.056866357160132 ], [ -1.058724029086085, 54.047828517524273 ], [ -1.088997825288807, 54.048082256933043 ], [ -1.120273707004261, 54.029028754765079 ], [ -1.140788656656855, 54.029842161725377 ], [ -1.14908262863434, 54.002930138621373 ], [ -1.136989827593351, 53.99106521917718 ], [ -1.151904221453972, 53.989160745530448 ], [ -1.172958962900506, 54.001492386902243 ], [ -1.188562390796545, 54.002466032118775 ], [ -1.182095343110374, 53.985328050433083 ], [ -1.200309913771709, 53.989010714101624 ], [ -1.220735388453204, 53.981464654951289 ], [ -1.219913172586112, 53.962619683718515 ], [ -1.199488084834416, 53.925333467664579 ] ] ], [ [ [ -0.99282664947442, 53.875190933448067 ], [ -0.944065199874505, 53.888101600889215 ], [ -0.934967029969334, 53.879999189728807 ], [ -0.922680404198934, 53.879453635647842 ], [ -0.94073973994442, 53.874053263666589 ], [ -0.948126119538832, 53.862095445780064 ], [ -0.940605317948812, 53.823498035635971 ], [ -0.920080644126665, 53.815956251905732 ], [ -0.934471893066464, 53.801836504740194 ], [ -0.928363589430274, 53.765309658210093 ], [ -0.97329847278318, 53.750168093888547 ], [ -0.986178707991204, 53.765207500563733 ], [ -1.001681845954993, 53.769674483384634 ], [ -1.025850289021433, 53.760537006609646 ], [ -1.033276541372816, 53.765511063522837 ], [ -1.021571373728083, 53.770838823782199 ], [ -1.024044069976979, 53.776092010279726 ], [ -1.064407140322061, 53.785286978533179 ], [ -1.046264092437666, 53.79008407604956 ], [ -1.04213523749223, 53.810076276207759 ], [ -1.083857698824631, 53.822550681879669 ], [ -1.076234855578738, 53.83608338834896 ], [ -1.088467152131965, 53.831911100871125 ], [ -1.104799181339983, 53.837572592023413 ], [ -1.126252677506709, 53.833171876443693 ], [ -1.133594614216448, 53.842538684987922 ], [ -1.132737637724174, 53.84363175234985 ], [ -1.127067921068702, 53.843512452851144 ], [ -1.124151846266167, 53.844941904643328 ], [ -1.11807075694754, 53.854916521101899 ], [ -1.1270591038734, 53.864542947984972 ], [ -1.100430514141976, 53.876341095125525 ], [ -1.0911933919138, 53.885797198422736 ], [ -1.064953013154398, 53.874567214449897 ], [ -1.008198339794858, 53.889976021046692 ], [ -0.99282664947442, 53.875190933448067 ] ] ], [ [ [ -0.340905303896267, 54.243431580462762 ], [ -0.337158486790306, 54.242760642891405 ], [ -0.338943287685717, 54.242913787427192 ], [ -0.340905303896267, 54.243431580462762 ] ] ] ] } },
{ "type": "Feature", "properties": { "area_name": "Northamptonshire" }, "geometry": { "type": "Polygon", "coordinates": [ [ [ -0.694097181166383, 52.195252811691311 ], [ -0.749752812035179, 52.166865172342618 ], [ -0.762065622648141, 52.163434589204044 ], [ -0.765349552398896, 52.171087034724863 ], [ -0.777896748425073, 52.168759542998053 ], [ -0.792109235432443, 52.151316925647507 ], [ -0.80760498142301, 52.156966235771421 ], [ -0.814058385766632, 52.142459673272903 ], [ -0.831983513586623, 52.14367068682904 ], [ -0.828221706213472, 52.132597894486707 ], [ -0.880736952446685, 52.126318876557413 ], [ -0.887032523349362, 52.114196648065302 ], [ -0.871466819301335, 52.111740745214938 ], [ -0.869547758906236, 52.100025127387788 ], [ -0.846729881943006, 52.091496489698677 ], [ -0.8314370477072, 52.071935192795038 ], [ -0.838786261405965, 52.064111884671519 ], [ -0.862696213037464, 52.060922112239396 ], [ -0.852462655828527, 52.050829383041744 ], [ -0.859359725873119, 52.044618779073183 ], [ -0.867751900030855, 52.046209297716665 ], [ -0.880311654563912, 52.028682548952212 ], [ -0.890064474107112, 52.031569232497944 ], [ -0.908328934404819, 52.022191349290516 ], [ -0.930225520632517, 52.043115577337467 ], [ -0.933762247008161, 52.062624808072819 ], [ -0.944408605653825, 52.070020386793573 ], [ -0.940073668857576, 52.075830108388345 ], [ -0.951890721107657, 52.081521826948695 ], [ -0.967823391080904, 52.070899342454524 ], [ -1.042129609884332, 52.073925258278479 ], [ -1.026422605885659, 52.064405600684843 ], [ -1.062082043758829, 52.062723896628121 ], [ -1.083292293998166, 52.052349823922732 ], [ -1.122219433359142, 52.044942738339323 ], [ -1.136680003215254, 52.022281908624095 ], [ -1.118103774364507, 52.015415555908767 ], [ -1.13434668363, 51.997286201553621 ], [ -1.163841544228954, 51.993402040000475 ], [ -1.176072951199012, 51.982035554626691 ], [ -1.196278283854128, 51.977421621814131 ], [ -1.241630245753288, 51.986283439945879 ], [ -1.283522295596501, 51.979693679410218 ], [ -1.288875980045898, 51.989715886005833 ], [ -1.278180950481546, 52.014262439329556 ], [ -1.294329174144815, 52.028025393733785 ], [ -1.297593926827663, 52.042737664590405 ], [ -1.312880584264968, 52.051155017654423 ], [ -1.297524518451965, 52.078045783416968 ], [ -1.318175543359482, 52.07991029943733 ], [ -1.321276703695954, 52.086531872851538 ], [ -1.271591153402407, 52.09791620191654 ], [ -1.24803446457929, 52.096842312263639 ], [ -1.308447607471416, 52.143495994890564 ], [ -1.332346169637873, 52.172310068140128 ], [ -1.313148154097425, 52.190453466460916 ], [ -1.2549966053424, 52.197817380497852 ], [ -1.260931155123151, 52.215978758531811 ], [ -1.275290096108133, 52.221999726676344 ], [ -1.284657889345793, 52.238562539030418 ], [ -1.266905272128991, 52.235227868906492 ], [ -1.264812930198864, 52.241866041223275 ], [ -1.235173832592906, 52.249255905644901 ], [ -1.215899132590971, 52.264019586827622 ], [ -1.223581919012174, 52.286822541355761 ], [ -1.233797151451147, 52.290311901045555 ], [ -1.209247889875261, 52.315187623801691 ], [ -1.265279200648985, 52.328360584561317 ], [ -1.233403368023018, 52.346499394055158 ], [ -1.174987115075915, 52.356273329251749 ], [ -1.202598270443886, 52.39678356928539 ], [ -1.184005522155044, 52.392154383110089 ], [ -1.164233998589174, 52.399186980876728 ], [ -1.14948307508616, 52.396991556333042 ], [ -1.129282668195496, 52.416086554269654 ], [ -1.098217388083949, 52.425038294920228 ], [ -1.084394437862072, 52.436281487326333 ], [ -1.049873189271922, 52.422245916905339 ], [ -1.034286472379132, 52.436268708644214 ], [ -1.044523022184182, 52.44573145546827 ], [ -1.000704931812953, 52.470923577164356 ], [ -0.951888875188085, 52.477388746116461 ], [ -0.942204781594337, 52.467755706563722 ], [ -0.901293902700923, 52.459739234534766 ], [ -0.882482470091074, 52.471145396382582 ], [ -0.884547647629333, 52.481289873789258 ], [ -0.898060694117732, 52.486901513249023 ], [ -0.882138426909804, 52.493148834280362 ], [ -0.883421394369109, 52.513791130104465 ], [ -0.868769936062913, 52.52696402319593 ], [ -0.820134786307556, 52.515523702797303 ], [ -0.81087995876871, 52.519350005088363 ], [ -0.787795105210328, 52.513694622608867 ], [ -0.774880077785143, 52.518259150470321 ], [ -0.756169754208924, 52.510977740972983 ], [ -0.715642369503548, 52.522373674873648 ], [ -0.696443826498843, 52.538529179687771 ], [ -0.697846658351248, 52.545684845183928 ], [ -0.688461935712839, 52.546119784352079 ], [ -0.660926278750849, 52.568927862490959 ], [ -0.637861088578535, 52.571794380099647 ], [ -0.603032075864934, 52.588573075645748 ], [ -0.586985198343987, 52.58741084186363 ], [ -0.581485252490737, 52.595865398840516 ], [ -0.571916608025766, 52.585785327292328 ], [ -0.562531064810991, 52.586257066568542 ], [ -0.558130080950651, 52.594465867115744 ], [ -0.544185528372504, 52.592870289118608 ], [ -0.552950692522335, 52.601330801616847 ], [ -0.550142517001477, 52.612232526525226 ], [ -0.511958224940509, 52.643600779453784 ], [ -0.493915144849926, 52.640051723670496 ], [ -0.470971421893589, 52.62374927183469 ], [ -0.497663573595323, 52.586832922278141 ], [ -0.478827869470342, 52.573627096834059 ], [ -0.425040789458133, 52.582394710118535 ], [ -0.415394744957191, 52.578724591829783 ], [ -0.407305032614877, 52.564036706838081 ], [ -0.419608243372131, 52.558943792939914 ], [ -0.402075601303271, 52.548303460684288 ], [ -0.401298999178765, 52.538666559617724 ], [ -0.413618453009506, 52.525661722651556 ], [ -0.354362141889271, 52.506477120085769 ], [ -0.359468937158558, 52.490057855921748 ], [ -0.341608096258544, 52.466925138314274 ], [ -0.370234575832137, 52.439913262469446 ], [ -0.362425684766266, 52.433514410629883 ], [ -0.417090039121884, 52.411582765367747 ], [ -0.415953403167436, 52.403788577445226 ], [ -0.439271998886699, 52.386297566408572 ], [ -0.495962692004102, 52.379499920156626 ], [ -0.488535381515158, 52.374007933685675 ], [ -0.498716301093538, 52.360080398164726 ], [ -0.47735553740669, 52.348393990462029 ], [ -0.483247276591279, 52.340929943957832 ], [ -0.466673815421087, 52.338912437452116 ], [ -0.46538312517514, 52.32293845484979 ], [ -0.476278678629089, 52.31804902288134 ], [ -0.519846526324452, 52.317677777597645 ], [ -0.514068022372521, 52.314682269446799 ], [ -0.542056291643774, 52.289717861870507 ], [ -0.531207717202378, 52.270388546704645 ], [ -0.540921281404196, 52.256512654490074 ], [ -0.565710034134462, 52.253454654156485 ], [ -0.602138885748093, 52.278572646870572 ], [ -0.646915443409193, 52.271165991200547 ], [ -0.653671413536063, 52.268275313251294 ], [ -0.637348637409516, 52.22730424605723 ], [ -0.668153463385879, 52.195021302250986 ], [ -0.694097181166383, 52.195252811691311 ] ] ] } },
{ "type": "Feature", "properties": { "area_name": "Northumberland" }, "geometry": { "type": "MultiPolygon", "coordinates": [ [ [ [ -2.017757947894331, 55.771471439647392 ], [ -2.001699961314336, 55.760947691231067 ], [ -1.992559444297748, 55.761376083015342 ], [ -1.937796425223196, 55.719807476510674 ], [ -1.884081221602321, 55.694462073809476 ], [ -1.885615148703674, 55.683955386989901 ], [ -1.873234548309688, 55.682786866801841 ], [ -1.870012683870948, 55.665916554545184 ], [ -1.841469273001404, 55.642938470854006 ], [ -1.813173388061435, 55.633706828629094 ], [ -1.790093007445837, 55.646788896119645 ], [ -1.783949232693499, 55.644106042146213 ], [ -1.764762424938477, 55.625911631333601 ], [ -1.771813780069267, 55.617351199148644 ], [ -1.786318343515851, 55.616006139510901 ], [ -1.770775247971861, 55.603485882632349 ], [ -1.742322290671971, 55.618564275758807 ], [ -1.722697527029112, 55.616791860574807 ], [ -1.639408986430419, 55.578232374987422 ], [ -1.639639937989863, 55.576740584763321 ], [ -1.643841202197893, 55.576238889392165 ], [ -1.64767368594221, 55.572626157014462 ], [ -1.650073895232062, 55.572542273981576 ], [ -1.651480437822141, 55.572200340942672 ], [ -1.652255416712265, 55.571720025765224 ], [ -1.652143730587281, 55.571257861283897 ], [ -1.647602521263401, 55.572426477478743 ], [ -1.64564404319325, 55.574178374272975 ], [ -1.618806809064564, 55.552178063561207 ], [ -1.632362813231478, 55.550262425239346 ], [ -1.638094463109306, 55.540907689011597 ], [ -1.610575249932066, 55.521718541626143 ], [ -1.618684605789336, 55.514503550823278 ], [ -1.614256801666317, 55.498154101144223 ], [ -1.591115619850268, 55.492408328910734 ], [ -1.586313386178619, 55.446645021704235 ], [ -1.593328673172844, 55.44023394614144 ], [ -1.575340781003465, 55.430879085720768 ], [ -1.580335748366007, 55.406734878106242 ], [ -1.609659965610333, 55.385660837778701 ], [ -1.621258136412961, 55.388304020494765 ], [ -1.609037076048289, 55.395207898618395 ], [ -1.611869078493432, 55.397823646505827 ], [ -1.618390792381828, 55.399700586224476 ], [ -1.619649978011738, 55.399622736401 ], [ -1.622206617231417, 55.398266635602724 ], [ -1.62539505403303, 55.397700456701209 ], [ -1.609808235541495, 55.394814991389921 ], [ -1.623455220384647, 55.389489717140563 ], [ -1.614629274739829, 55.379926665167453 ], [ -1.608471005391312, 55.383944373116378 ], [ -1.588582696800093, 55.345251415029253 ], [ -1.570542603276932, 55.339697316105337 ], [ -1.58199021934575, 55.337596579712375 ], [ -1.59653366103811, 55.34642268384335 ], [ -1.592423243430654, 55.339619440953577 ], [ -1.610033580316484, 55.349904405620016 ], [ -1.612581020795632, 55.349842412450712 ], [ -1.614115263109597, 55.349210175749711 ], [ -1.616464216299758, 55.344222407279219 ], [ -1.622659144324129, 55.347891672006838 ], [ -1.627108016075508, 55.348687072300272 ], [ -1.616379666527763, 55.34399749924669 ], [ -1.610203577557175, 55.349454763490812 ], [ -1.586781524103827, 55.336050244064857 ], [ -1.571995852448933, 55.338560323561829 ], [ -1.549379035535221, 55.321720625601429 ], [ -1.573121031191515, 55.27534475752671 ], [ -1.554352851932367, 55.247296671017963 ], [ -1.525436246277809, 55.227203073203903 ], [ -1.524090007502136, 55.212484262259835 ], [ -1.501722519512771, 55.196330796224906 ], [ -1.499009571050389, 55.185433163085513 ], [ -1.512652490858444, 55.183241014096794 ], [ -1.525063435309581, 55.162626631865514 ], [ -1.540061111169509, 55.161552082782919 ], [ -1.52492064857021, 55.160508969322414 ], [ -1.486687655259447, 55.116452622737619 ], [ -1.498626738996186, 55.128444819920333 ], [ -1.52192604597972, 55.143569374947234 ], [ -1.533154781498512, 55.139089295224657 ], [ -1.541475065449473, 55.143329024286871 ], [ -1.551898627023707, 55.143029889665456 ], [ -1.552358673147177, 55.14453853708325 ], [ -1.558129426157813, 55.146917513588313 ], [ -1.552142187129486, 55.142854657910938 ], [ -1.533967180328086, 55.13762228425 ], [ -1.564467845998876, 55.134254724518698 ], [ -1.566901996417845, 55.133541813633563 ], [ -1.568646892019308, 55.13084948812979 ], [ -1.527759579397999, 55.137141015155969 ], [ -1.50029551068529, 55.127930477228375 ], [ -1.494556620850941, 55.10239347852324 ], [ -1.473383303107994, 55.084378279417678 ], [ -1.477107771662893, 55.084075308400287 ], [ -1.478952098601094, 55.079935196485941 ], [ -1.478071498852593, 55.078393895247288 ], [ -1.471187191967522, 55.085434528102617 ], [ -1.461758404873224, 55.074314197961257 ], [ -1.49227296004339, 55.065909203392721 ], [ -1.487800152248921, 55.05358479557686 ], [ -1.508784516131127, 55.04811954874809 ], [ -1.510270390834436, 55.055001764120099 ], [ -1.532325692191908, 55.054142183717751 ], [ -1.539854256903571, 55.061583541659331 ], [ -1.556166546405413, 55.054228675385708 ], [ -1.575066018112079, 55.055612532159209 ], [ -1.578525494942882, 55.063074066630854 ], [ -1.637879735233613, 55.064761995390974 ], [ -1.647667323060273, 55.079382323911268 ], [ -1.704599687975257, 55.070926715116805 ], [ -1.704093925863885, 55.065821387171852 ], [ -1.713746392423043, 55.065473312492067 ], [ -1.710526545931204, 55.052744078392031 ], [ -1.697913154374237, 55.052372890433588 ], [ -1.694901629729228, 55.042886821074262 ], [ -1.750231650014736, 55.024014307787816 ], [ -1.756549811327977, 55.003256481839323 ], [ -1.773829321569252, 55.00413269243878 ], [ -1.769835219292707, 54.981377571051006 ], [ -1.785000283728803, 54.984707715493705 ], [ -1.812800987190281, 54.976314672367295 ], [ -1.822986927458247, 54.955746065954713 ], [ -1.833691829575582, 54.953285446323981 ], [ -1.826940867214902, 54.930218209536712 ], [ -1.841138860132876, 54.929718155229601 ], [ -1.852711155433837, 54.917406224489703 ], [ -1.821002754316487, 54.905654583453824 ], [ -1.854426502707121, 54.891177258881534 ], [ -1.87040044915742, 54.850665058261391 ], [ -1.914119771987439, 54.839485142538976 ], [ -1.913538081181091, 54.834074019181898 ], [ -1.932672128456243, 54.854179659771319 ], [ -1.949048484516642, 54.852959161619303 ], [ -1.980227595228411, 54.868175793108577 ], [ -2.001042540963019, 54.869645722501076 ], [ -2.039748264531247, 54.848283942955092 ], [ -2.082467624841333, 54.838214671603936 ], [ -2.139781230295887, 54.841863595749082 ], [ -2.143122862430082, 54.826952140087116 ], [ -2.164257346027833, 54.815820805873464 ], [ -2.169462649371814, 54.803602850349776 ], [ -2.198593274335189, 54.806729043196839 ], [ -2.218899446338376, 54.782370365389632 ], [ -2.282670935541087, 54.798245185171126 ], [ -2.308794198531583, 54.790871851105408 ], [ -2.323277649263575, 54.795002044647596 ], [ -2.32737850703288, 54.805325518767177 ], [ -2.348422053099901, 54.807072276972796 ], [ -2.372662876357752, 54.827372592486661 ], [ -2.391825201674663, 54.83342931522796 ], [ -2.411617316947335, 54.856423951507871 ], [ -2.422684112551884, 54.842826246411349 ], [ -2.45222859033801, 54.832018635623434 ], [ -2.460589376930814, 54.834163718947018 ], [ -2.495578501585398, 54.810235826880202 ], [ -2.529616951169173, 54.805942907927914 ], [ -2.567843110079006, 54.8235679229387 ], [ -2.582665459912655, 54.845859802597737 ], [ -2.573346594025935, 54.853539134357796 ], [ -2.605272849270651, 54.883931119553218 ], [ -2.576407980741384, 54.896710130046337 ], [ -2.566214796742452, 54.919231365606734 ], [ -2.545265796191459, 54.929165510297878 ], [ -2.567642553502026, 54.940849595313502 ], [ -2.568419366020199, 54.958284932659154 ], [ -2.595562329107397, 54.963474908289747 ], [ -2.601422648561198, 54.971334292624981 ], [ -2.573303700534087, 54.987632074112483 ], [ -2.573179960059873, 55.016109359820852 ], [ -2.526905201336541, 55.032935080019378 ], [ -2.483042899765163, 55.040014052468322 ], [ -2.503978210261759, 55.062425183752374 ], [ -2.492193196952746, 55.068149079628057 ], [ -2.501227594830144, 55.075220268464811 ], [ -2.486334234749424, 55.083041120477219 ], [ -2.503699982539675, 55.090746218692146 ], [ -2.556940559458325, 55.081034807874502 ], [ -2.568419001778047, 55.096257354695211 ], [ -2.583491741476138, 55.09699212096163 ], [ -2.593551860876378, 55.10511642180748 ], [ -2.598896106620821, 55.124572237736977 ], [ -2.656933720993496, 55.136128523850545 ], [ -2.6832485796106, 55.166627468130315 ], [ -2.674264977328916, 55.173706436980204 ], [ -2.689785050420071, 55.188981358306677 ], [ -2.683326070392088, 55.20188760246721 ], [ -2.666809298192724, 55.221577618069766 ], [ -2.631408361856077, 55.223695311236632 ], [ -2.630223385647969, 55.244788877285352 ], [ -2.611444994885469, 55.247131821584723 ], [ -2.646765801870566, 55.260041375298727 ], [ -2.62665049833835, 55.262218488207331 ], [ -2.609232422331277, 55.283245695097257 ], [ -2.573357284944348, 55.296882122413479 ], [ -2.559035365858473, 55.317832552947515 ], [ -2.5202635651436, 55.323044926624156 ], [ -2.495014662945803, 55.347489649045428 ], [ -2.475179286404039, 55.354765994455221 ], [ -2.414990055035314, 55.358920119798164 ], [ -2.399795947084572, 55.34833081207546 ], [ -2.37890494530643, 55.349167478325541 ], [ -2.337470008319762, 55.36727921440751 ], [ -2.346226125280255, 55.373059451451738 ], [ -2.330013436254238, 55.381239925366955 ], [ -2.344718471930273, 55.39944734786161 ], [ -2.333523486773621, 55.402423894841526 ], [ -2.335622167683566, 55.408206678514915 ], [ -2.313246394311082, 55.406787940143623 ], [ -2.26060389822299, 55.432932827035899 ], [ -2.231274249449239, 55.42842808049668 ], [ -2.194211809643275, 55.445256891996642 ], [ -2.18962965138779, 55.461164827839042 ], [ -2.166528064535681, 55.467467652339778 ], [ -2.201584121598103, 55.47551527975191 ], [ -2.20264175382244, 55.489540731928045 ], [ -2.228838162910974, 55.509518578277756 ], [ -2.224276050249058, 55.522787699847662 ], [ -2.240299478932725, 55.555627616726639 ], [ -2.288529462627197, 55.580050791959465 ], [ -2.289225900072879, 55.603774884249624 ], [ -2.316087825932651, 55.620459831663446 ], [ -2.308619776156815, 55.628877399902287 ], [ -2.32430435167287, 55.626167385477153 ], [ -2.335040829396061, 55.634493023142205 ], [ -2.305783560067458, 55.647045506861275 ], [ -2.23417664172717, 55.641198359093245 ], [ -2.248033280675357, 55.652301105613006 ], [ -2.218445552963973, 55.664261892373744 ], [ -2.218652040713134, 55.67590902106047 ], [ -2.18404735850911, 55.701595991864828 ], [ -2.167222881289978, 55.706038074327033 ], [ -2.176988784685152, 55.718378005110836 ], [ -2.150497694023259, 55.723202429678935 ], [ -2.146042994907525, 55.738444720076068 ], [ -2.117298003144329, 55.73842886020973 ], [ -2.10244649628237, 55.761293848967057 ], [ -2.092101706310826, 55.76215743249017 ], [ -2.055294327767086, 55.757205465202475 ], [ -2.046025036305487, 55.757990104826135 ], [ -2.038128645985136, 55.760125871343924 ], [ -2.031643047222919, 55.769758772078788 ], [ -2.017757947894331, 55.771471439647392 ] ] ], [ [ [ -1.644396830689691, 55.583031634498091 ], [ -1.645701747050624, 55.582219539161677 ], [ -1.648250247275493, 55.584068868246369 ], [ -1.644396830689691, 55.583031634498091 ] ] ], [ [ [ -1.645160573597834, 55.617264348943976 ], [ -1.641959788015475, 55.6163906692803 ], [ -1.642432235979129, 55.615766669063945 ], [ -1.645160573597834, 55.617264348943976 ] ] ], [ [ [ -1.652132968809935, 55.61609644726466 ], [ -1.658643105295672, 55.617105800323159 ], [ -1.655619922985278, 55.618399326702352 ], [ -1.652132968809935, 55.61609644726466 ] ] ], [ [ [ -1.645953224007688, 55.616868588591892 ], [ -1.649879224258976, 55.617263520643952 ], [ -1.648713347369165, 55.617853219905385 ], [ -1.645953224007688, 55.616868588591892 ] ] ], [ [ [ -1.651231687093172, 55.620872271741369 ], [ -1.650105145992186, 55.619530257145634 ], [ -1.651912881305406, 55.62033329022406 ], [ -1.651231687093172, 55.620872271741369 ] ] ], [ [ [ -1.675212144437027, 55.629036485223352 ], [ -1.674090769279965, 55.62905148458097 ], [ -1.673903674175227, 55.628822761859432 ], [ -1.675212144437027, 55.629036485223352 ] ] ], [ [ [ -1.786899452948743, 55.64706194088042 ], [ -1.795046700087406, 55.658147374436105 ], [ -1.787185769597194, 55.65551123230599 ], [ -1.786899452948743, 55.64706194088042 ] ] ], [ [ [ -1.854943033969906, 55.685632922131063 ], [ -1.779197377157617, 55.685628958726731 ], [ -1.77886085198884, 55.667733475713185 ], [ -1.80242589441882, 55.668286668117503 ], [ -1.815578379008524, 55.68241292413002 ], [ -1.842382312461013, 55.67871776591555 ], [ -1.854943033969906, 55.685632922131063 ] ] ], [ [ [ -2.118340142505688, 55.741244677147996 ], [ -2.119180740910206, 55.741649089374775 ], [ -2.119156570055354, 55.742600631070481 ], [ -2.118340142505688, 55.741244677147996 ] ] ], [ [ [ -2.071409505567458, 55.760595264698452 ], [ -2.070488864296018, 55.760819525335577 ], [ -2.067023518404739, 55.761140439678918 ], [ -2.064212706647544, 55.760280281689518 ], [ -2.071409505567458, 55.760595264698452 ] ] ], [ [ [ -2.034382914904318, 55.811071893273088 ], [ -1.984101197309286, 55.764715930419449 ], [ -2.004195933376367, 55.765486860772896 ], [ -2.016559073101664, 55.774653201835321 ], [ -2.034043203811079, 55.771314330344126 ], [ -2.038857894948673, 55.769108868246434 ], [ -2.040481172961849, 55.760642651823808 ], [ -2.065054160599904, 55.763193682490055 ], [ -2.045260012079907, 55.759193486447913 ], [ -2.054812957822246, 55.758213802734275 ], [ -2.066681043771122, 55.76121879643339 ], [ -2.085661745795136, 55.762728159687953 ], [ -2.086114429720674, 55.793048647999122 ], [ -2.034382914904318, 55.811071893273088 ] ] ], [ [ [ -1.536973204676787, 55.335971527181776 ], [ -1.540335454731922, 55.333544579130788 ], [ -1.539748196371513, 55.336748488833081 ], [ -1.536973204676787, 55.335971527181776 ] ] ], [ [ [ -1.621931764855586, 55.631375609441569 ], [ -1.625181711857924, 55.629341420087592 ], [ -1.625534570067589, 55.63231213495358 ], [ -1.621931764855586, 55.631375609441569 ] ] ], [ [ [ -1.625286099565587, 55.63471673787798 ], [ -1.623520312624766, 55.63250724579796 ], [ -1.627937703938898, 55.635161485908228 ], [ -1.625286099565587, 55.63471673787798 ] ] ], [ [ [ -1.624127408675166, 55.636620771965283 ], [ -1.625384775901909, 55.636362244216166 ], [ -1.624725546521877, 55.636862508461547 ], [ -1.624127408675166, 55.636620771965283 ] ] ], [ [ [ -1.629181676337858, 55.63732441177514 ], [ -1.626976035352405, 55.637741836393573 ], [ -1.626662590082812, 55.636959164488509 ], [ -1.629181676337858, 55.63732441177514 ] ] ], [ [ [ -1.630998844599259, 55.639194330799107 ], [ -1.628671530471631, 55.640206245424451 ], [ -1.628251835580451, 55.638558873045177 ], [ -1.630998844599259, 55.639194330799107 ] ] ], [ [ [ -1.620891999899317, 55.640043202489899 ], [ -1.619732567451846, 55.6390314692025 ], [ -1.622930884170544, 55.639144662758817 ], [ -1.620891999899317, 55.640043202489899 ] ] ], [ [ [ -1.607268681131548, 55.641402090859749 ], [ -1.608510647791136, 55.641440200783116 ], [ -1.609957107384472, 55.642483502036654 ], [ -1.607268681131548, 55.641402090859749 ] ] ], [ [ [ -1.610875086432796, 55.643957304207014 ], [ -1.611090538757307, 55.643699210791937 ], [ -1.611421476833969, 55.643972512288286 ], [ -1.610875086432796, 55.643957304207014 ] ] ], [ [ [ -1.606443378038609, 55.643699680101626 ], [ -1.609325015986721, 55.643579493623555 ], [ -1.608575079120517, 55.644699366488716 ], [ -1.606443378038609, 55.643699680101626 ] ] ], [ [ [ -1.611490159606744, 55.646344841870473 ], [ -1.610134813062599, 55.645707983322019 ], [ -1.612254188197705, 55.645884515102644 ], [ -1.611490159606744, 55.646344841870473 ] ] ], [ [ [ -1.613180598466434, 55.646519101286977 ], [ -1.612484547919704, 55.645887039289335 ], [ -1.613196697725796, 55.645852444845396 ], [ -1.613180598466434, 55.646519101286977 ] ] ] ] } },
{ "type": "Feature", "properties": { "area_name": "Nottingham" }, "geometry": { "type": "Polygon", "coordinates": [ [ [ -1.207224260264105, 53.018647147286565 ], [ -1.143516037704561, 53.006481562489832 ], [ -1.153659407107693, 52.99716560095316 ], [ -1.138257836742987, 52.994823833506722 ], [ -1.142491721374506, 52.986268604847112 ], [ -1.122789153324145, 52.983446948898795 ], [ -1.120109941479861, 52.967805218075306 ], [ -1.104061650742202, 52.964062605299816 ], [ -1.086118961890059, 52.948549437099793 ], [ -1.099680504485552, 52.941954800538205 ], [ -1.131603238152119, 52.942837732080477 ], [ -1.141886825207729, 52.931969447807823 ], [ -1.152291923986938, 52.937006329940751 ], [ -1.158607554722221, 52.900042114417047 ], [ -1.176816926031792, 52.889009094556599 ], [ -1.21750388242306, 52.900631520849345 ], [ -1.210509098799887, 52.912250080705562 ], [ -1.199013513876871, 52.909459218540142 ], [ -1.182305201030893, 52.917316460995053 ], [ -1.246825738635116, 52.953079563935866 ], [ -1.231981234221543, 52.967623015542067 ], [ -1.246840688589919, 52.98452376559581 ], [ -1.226081554018807, 52.981154306826298 ], [ -1.203355153414131, 52.987509894246614 ], [ -1.219109591642055, 52.991479820529186 ], [ -1.213940262694688, 52.997376979402212 ], [ -1.224742937519425, 53.008594714990558 ], [ -1.207224260264105, 53.018647147286565 ] ] ] } },
{ "type": "Feature", "properties": { "area_name": "Nottinghamshire" }, "geometry": { "type": "MultiPolygon", "coordinates": [ [ [ [ -0.832861081067096, 52.949578851681892 ], [ -0.82254437368658, 52.94412190571331 ], [ -0.860488964088533, 52.915796427792934 ], [ -0.857637942678114, 52.905621384053035 ], [ -0.916929842253032, 52.87891068176085 ], [ -0.940578868359906, 52.876835152247651 ], [ -0.928126735344985, 52.866062458127558 ], [ -0.959410149035677, 52.843829328386455 ], [ -0.977080559276628, 52.840716864245877 ], [ -0.975057694057651, 52.829207756839146 ], [ -0.989010641725535, 52.818229462412191 ], [ -1.021940035179572, 52.822031101234607 ], [ -1.042196835799596, 52.81452886115455 ], [ -1.071745162856443, 52.813990448596265 ], [ -1.074442009892475, 52.824705715701604 ], [ -1.116948158664528, 52.819556502919561 ], [ -1.130899537663041, 52.805806275246752 ], [ -1.163281454040105, 52.806501889297728 ], [ -1.197735043088296, 52.789391373932368 ], [ -1.211245058124281, 52.794909900814979 ], [ -1.225742541366714, 52.791618024447232 ], [ -1.241517873992816, 52.80527631081889 ], [ -1.260027815730896, 52.807112843077718 ], [ -1.260082172786757, 52.819206059060619 ], [ -1.274029947054466, 52.833677347200414 ], [ -1.264549679154608, 52.85808780427984 ], [ -1.275288482755193, 52.86036074636192 ], [ -1.267894535343112, 52.873349378146727 ], [ -1.240060495112326, 52.880089370062322 ], [ -1.246403594895918, 52.889118423932544 ], [ -1.239627660833038, 52.894218174141628 ], [ -1.246620845162511, 52.90308054658297 ], [ -1.28180616918693, 52.910274243221714 ], [ -1.285781755897784, 52.926045969437268 ], [ -1.277846638977135, 52.935740807717913 ], [ -1.282417347419413, 52.951215943306451 ], [ -1.292504856137721, 52.955554461768294 ], [ -1.294681773977172, 52.986898131114799 ], [ -1.319193637142527, 53.010196599630625 ], [ -1.344592792075817, 53.063262661763908 ], [ -1.331538095818748, 53.081325827791076 ], [ -1.302563170522986, 53.088515499030954 ], [ -1.309253435102828, 53.096750856469576 ], [ -1.301421682630224, 53.104148223249553 ], [ -1.311834807106593, 53.108686365225843 ], [ -1.321782067218869, 53.130631129456226 ], [ -1.314981820231807, 53.135795132120514 ], [ -1.323448520046839, 53.162323646529998 ], [ -1.302039151436301, 53.163808315612762 ], [ -1.288759557046967, 53.171437048402545 ], [ -1.254679632778416, 53.164754802661896 ], [ -1.241690944569111, 53.178130468131855 ], [ -1.198803386309266, 53.183070735996367 ], [ -1.19581815573144, 53.19242628924502 ], [ -1.211059078689871, 53.215770350134072 ], [ -1.201998518697616, 53.235535433015023 ], [ -1.213028163017387, 53.247652249004958 ], [ -1.202618769856137, 53.261098100308914 ], [ -1.174798812028808, 53.265092359817352 ], [ -1.181543139956833, 53.270010877242207 ], [ -1.166488830166423, 53.277634489426291 ], [ -1.180118402021996, 53.287113456424493 ], [ -1.171564005327258, 53.294616798165478 ], [ -1.176676960644789, 53.305158501599493 ], [ -1.187221048221567, 53.303957951417594 ], [ -1.19974399488272, 53.311418923770844 ], [ -1.138717887998113, 53.341363267563246 ], [ -1.141551505982959, 53.346777936507976 ], [ -1.156843388344995, 53.344949811667099 ], [ -1.161949140534285, 53.357889339456733 ], [ -1.138539352591805, 53.355888082941796 ], [ -1.146032618807867, 53.369021665445587 ], [ -1.13053670639305, 53.375551728728524 ], [ -1.133207242079311, 53.392388433357873 ], [ -1.115578922069516, 53.397166218080876 ], [ -1.115956374205319, 53.407329122800263 ], [ -1.108226434913095, 53.405862210411051 ], [ -1.087045572786124, 53.4255244388752 ], [ -1.030948967840598, 53.430959527798102 ], [ -1.023168139857062, 53.424494275747698 ], [ -0.995668475047653, 53.436906459737543 ], [ -0.985976278586231, 53.471652920725127 ], [ -0.953256094984983, 53.484402919302404 ], [ -0.935561222915345, 53.502495862251124 ], [ -0.900467633164878, 53.475135158303651 ], [ -0.920243974453028, 53.465486969511339 ], [ -0.9162462415124, 53.460274959853855 ], [ -0.873732984233954, 53.461457625153081 ], [ -0.871916416002869, 53.466290038319634 ], [ -0.797951501399481, 53.455314278539632 ], [ -0.820291337179467, 53.44152750466062 ], [ -0.818297830569602, 53.425958530693556 ], [ -0.789053342770073, 53.414821197994939 ], [ -0.790772747316767, 53.407247307783024 ], [ -0.77764848932482, 53.396872374860578 ], [ -0.778215773446837, 53.389614942592026 ], [ -0.790738846698345, 53.386105409870105 ], [ -0.782244412984527, 53.382388357787129 ], [ -0.775855045752028, 53.377816747675467 ], [ -0.783087126588742, 53.382044574258572 ], [ -0.77615701544194, 53.377666128405373 ], [ -0.791501793939468, 53.363512564417867 ], [ -0.774408904861736, 53.364095192705797 ], [ -0.759148030993173, 53.353639484822082 ], [ -0.765211969098728, 53.345889828700258 ], [ -0.757215161003143, 53.339664474631981 ], [ -0.766953120767503, 53.330054394676857 ], [ -0.750468310884777, 53.324146862772913 ], [ -0.747870969168505, 53.304445656051215 ], [ -0.751491528760994, 53.293714398741287 ], [ -0.763737263659257, 53.299899834177836 ], [ -0.781043544978074, 53.281595921008616 ], [ -0.764909423459762, 53.272787592536716 ], [ -0.783198181269037, 53.240789229545513 ], [ -0.777805103271592, 53.238896636047173 ], [ -0.784334983177107, 53.22420013387643 ], [ -0.776109474860067, 53.214759786000386 ], [ -0.779060873340042, 53.212927448968465 ], [ -0.775940970776819, 53.207325601905374 ], [ -0.780928978475665, 53.203774664964428 ], [ -0.777563687671599, 53.199761470155387 ], [ -0.791009679870459, 53.190361750868981 ], [ -0.79554400029025, 53.180345788747587 ], [ -0.784922879584562, 53.175786366161219 ], [ -0.794723182121735, 53.181175304894495 ], [ -0.776345060840416, 53.199552094785638 ], [ -0.775212833608617, 53.218001147802873 ], [ -0.782848628428781, 53.225589109686432 ], [ -0.777555714883349, 53.234764356787608 ], [ -0.776511239497339, 53.24675176468741 ], [ -0.735084335392416, 53.243852760814846 ], [ -0.734151496719492, 53.253982911183016 ], [ -0.688027788304348, 53.25837008336967 ], [ -0.666577929334066, 53.239681245880114 ], [ -0.675873248361427, 53.217623050486914 ], [ -0.697617447737793, 53.220216081320103 ], [ -0.714754094973205, 53.207586698081805 ], [ -0.730570224339646, 53.210735323073919 ], [ -0.764140144685998, 53.181522734918047 ], [ -0.718162221014504, 53.177266746598804 ], [ -0.723234772522171, 53.15508289737275 ], [ -0.71537830433141, 53.136861959482133 ], [ -0.732410575500542, 53.127780707465178 ], [ -0.716758823709089, 53.116163903793129 ], [ -0.729589475568725, 53.097799966356078 ], [ -0.706153282718319, 53.083357367495672 ], [ -0.710362226244217, 53.079356794442901 ], [ -0.698486327159705, 53.075446457110672 ], [ -0.695136370345176, 53.066269046171051 ], [ -0.713470670871895, 53.066025475378282 ], [ -0.71367258903759, 53.060299424219274 ], [ -0.731078800429072, 53.054324775590402 ], [ -0.749555961225292, 53.055094821277279 ], [ -0.7608314979783, 53.029389020628379 ], [ -0.788418943178859, 53.025831896012328 ], [ -0.795830635446984, 53.010576146411168 ], [ -0.803650172929448, 53.012933041142482 ], [ -0.777000811383635, 52.977837582180037 ], [ -0.797281055459505, 52.976191665993085 ], [ -0.81285613773875, 52.957442764780971 ], [ -0.820027235174936, 52.960443020367713 ], [ -0.832861081067096, 52.949578851681892 ] ], [ [ -1.221181384976832, 53.007410922819943 ], [ -1.219109591642055, 52.991479820529186 ], [ -1.203355153414131, 52.987509894246614 ], [ -1.226081554018807, 52.981154306826298 ], [ -1.246840688589919, 52.98452376559581 ], [ -1.231981234221543, 52.967623015542067 ], [ -1.246825738635116, 52.953079563935866 ], [ -1.182305201030893, 52.917316460995053 ], [ -1.199013513876871, 52.909459218540142 ], [ -1.210509098799887, 52.912250080705562 ], [ -1.21750388242306, 52.900631520849345 ], [ -1.176816926031792, 52.889009094556599 ], [ -1.158607554722221, 52.900042114417047 ], [ -1.152291923986938, 52.937006329940751 ], [ -1.141886825207729, 52.931969447807823 ], [ -1.131603238152119, 52.942837732080477 ], [ -1.099680504485552, 52.941954800538205 ], [ -1.086118961890059, 52.948549437099793 ], [ -1.104061650742202, 52.964062605299816 ], [ -1.120109941479861, 52.967805218075306 ], [ -1.122789153324145, 52.983446948898795 ], [ -1.142491721374506, 52.986268604847112 ], [ -1.138257836742987, 52.994823833506722 ], [ -1.153659407107693, 52.99716560095316 ], [ -1.14639961028002, 53.008228259406046 ], [ -1.184485344261004, 53.014426654249476 ], [ -1.182749943220676, 53.018549865309154 ], [ -1.207224260264105, 53.018647147286565 ], [ -1.221181384976832, 53.007410922819943 ] ] ], [ [ [ -0.77166682536146, 53.257816406536421 ], [ -0.772085803884692, 53.255853850030228 ], [ -0.772557102107976, 53.25850337150662 ], [ -0.77166682536146, 53.257816406536421 ] ] ] ] } },
{ "type": "Feature", "properties": { "area_name": "Peterborough" }, "geometry": { "type": "Polygon", "coordinates": [ [ [ -0.058039880295576, 52.674072521909181 ], [ -0.032119596405175, 52.665341681148774 ], [ -0.01285828246976, 52.594326435925403 ], [ -0.186995944366577, 52.56848785626098 ], [ -0.181712182644028, 52.566484549846344 ], [ -0.189894691026574, 52.565424024110612 ], [ -0.19788962979821, 52.550787273481014 ], [ -0.18786687910702, 52.541844639305765 ], [ -0.200660056045969, 52.545151597941043 ], [ -0.217680515947139, 52.537905222826829 ], [ -0.234852521025097, 52.543648848614289 ], [ -0.231742987135815, 52.534458612883789 ], [ -0.242463694857823, 52.524703942824267 ], [ -0.274065187087317, 52.518946386833804 ], [ -0.284655931306947, 52.506094962501308 ], [ -0.293307444560033, 52.506871006625481 ], [ -0.332751214222213, 52.546527436900746 ], [ -0.325473489214004, 52.552871149638413 ], [ -0.337330441022008, 52.553629867808738 ], [ -0.348492074678031, 52.564352099282182 ], [ -0.385465048078892, 52.567171776071483 ], [ -0.396853175571633, 52.582980274401486 ], [ -0.478827869470342, 52.573627096834059 ], [ -0.497663573595323, 52.586832922278141 ], [ -0.470973117051466, 52.617935084837249 ], [ -0.47351515133451, 52.628216224397413 ], [ -0.494784652111623, 52.640295627061306 ], [ -0.475842738396973, 52.648696097780849 ], [ -0.453047758054076, 52.649226944845275 ], [ -0.452706040513127, 52.654258993773027 ], [ -0.405693306117929, 52.648027482029185 ], [ -0.350159788586759, 52.661625381110959 ], [ -0.335049521340315, 52.674847017469013 ], [ -0.320536176925944, 52.67508459296387 ], [ -0.289515371235991, 52.670325417974972 ], [ -0.261250974982473, 52.651465050666054 ], [ -0.206051866100491, 52.668053859503452 ], [ -0.192882334769785, 52.652419159779136 ], [ -0.180034850305234, 52.660541785441495 ], [ -0.141077494884424, 52.651488262904202 ], [ -0.102211951725566, 52.672187035836984 ], [ -0.087853327991099, 52.666761231186101 ], [ -0.058039880295576, 52.674072521909181 ] ] ] } },
{ "type": "Feature", "properties": { "area_name": "Redcar and Cleveland" }, "geometry": { "type": "MultiPolygon", "coordinates": [ [ [ [ -1.138731599163216, 54.640681598697491 ], [ -1.118797853260795, 54.628849698324039 ], [ -1.054102722957461, 54.616772901996775 ], [ -1.025208269430608, 54.601011274029801 ], [ -0.984416372159054, 54.589299095341801 ], [ -0.960272381238619, 54.585017538594066 ], [ -0.938324945787077, 54.588744608972497 ], [ -0.896014388828742, 54.571387318091659 ], [ -0.852993887503992, 54.571730537711382 ], [ -0.808794759341234, 54.558560321690528 ], [ -0.788418474784304, 54.560781053734836 ], [ -0.800403247402981, 54.550997165181045 ], [ -0.826968887114216, 54.548561379550392 ], [ -0.848630426739061, 54.529990193498662 ], [ -0.853304682947639, 54.502700126128047 ], [ -0.844123190583107, 54.489535907662152 ], [ -0.894196299476478, 54.496898475987273 ], [ -0.95257272816679, 54.488002088714133 ], [ -0.967812296303983, 54.497255331169228 ], [ -1.003385045029806, 54.502999145736382 ], [ -1.023784705153029, 54.502032222861629 ], [ -1.036836239359586, 54.494031206271963 ], [ -1.094509455205052, 54.506747093795177 ], [ -1.118366219924523, 54.498185939841719 ], [ -1.146183574842054, 54.5028090284668 ], [ -1.137305747031041, 54.514906637243314 ], [ -1.159726536702197, 54.515834654773023 ], [ -1.161553757159202, 54.525047511545985 ], [ -1.198744918050809, 54.544246207978404 ], [ -1.166625624934182, 54.554063418641704 ], [ -1.177860912958975, 54.568557382834904 ], [ -1.200826129278628, 54.577599394102982 ], [ -1.163786023853904, 54.602098735976142 ], [ -1.151380194748451, 54.596151065606371 ], [ -1.160239128125185, 54.604527660111415 ], [ -1.146756095592047, 54.599082510089595 ], [ -1.157577760355596, 54.60543753973338 ], [ -1.14911474962169, 54.614319600862835 ], [ -1.154609800552657, 54.627491741855593 ], [ -1.135431891025343, 54.629620220851521 ], [ -1.141894503657112, 54.638158018024335 ], [ -1.13746086586147, 54.647571893931151 ], [ -1.138731599163216, 54.640681598697491 ] ] ], [ [ [ -1.201728950989132, 54.577554124090668 ], [ -1.200988760719887, 54.577589683062527 ], [ -1.200235413782987, 54.576874730175362 ], [ -1.201728950989132, 54.577554124090668 ] ] ], [ [ [ -1.149394937497155, 54.634670922390853 ], [ -1.150555411514039, 54.633476600907457 ], [ -1.150929992970984, 54.635202937985788 ], [ -1.149394937497155, 54.634670922390853 ] ] ] ] } },
{ "type": "Feature", "properties": { "area_name": "Rutland" }, "geometry": { "type": "Polygon", "coordinates": [ [ [ -0.608603665337244, 52.759693750225019 ], [ -0.605454123606444, 52.750473231757063 ], [ -0.572646799363547, 52.75308935890952 ], [ -0.566121223774563, 52.744967941262622 ], [ -0.539984850933079, 52.738381948321525 ], [ -0.542444414968969, 52.723261665959285 ], [ -0.512651962057352, 52.719660600050751 ], [ -0.49454150316974, 52.709633401910288 ], [ -0.430454101473944, 52.705402160728639 ], [ -0.433188557398032, 52.68546319583853 ], [ -0.456202419947842, 52.670374282446105 ], [ -0.494722665720655, 52.664613271101906 ], [ -0.493876860428395, 52.660697952999108 ], [ -0.523596944311425, 52.665214722204809 ], [ -0.495037087735312, 52.640217918780067 ], [ -0.517408254477216, 52.642360976464559 ], [ -0.540272185326371, 52.625947705959547 ], [ -0.552950692522335, 52.601330801616847 ], [ -0.544185528372504, 52.592870289118608 ], [ -0.558130080950651, 52.594465867115744 ], [ -0.562531064810991, 52.586257066568542 ], [ -0.571916608025766, 52.585785327292328 ], [ -0.581485252490737, 52.595865398840516 ], [ -0.586985198343987, 52.58741084186363 ], [ -0.603032075864934, 52.588573075645748 ], [ -0.637861088578535, 52.571794380099647 ], [ -0.660926278750849, 52.568927862490959 ], [ -0.688461935712839, 52.546119784352079 ], [ -0.697846658351248, 52.545684845183928 ], [ -0.708000198044059, 52.527896071041283 ], [ -0.720918455600705, 52.525843587648836 ], [ -0.742219689511135, 52.539468492777146 ], [ -0.738877576031299, 52.548865691887421 ], [ -0.759906463366949, 52.564888415666836 ], [ -0.765385280313846, 52.582511024643821 ], [ -0.792446633968123, 52.597596162059695 ], [ -0.820961095281323, 52.596436868583638 ], [ -0.818634973768008, 52.610902409304899 ], [ -0.805834996742477, 52.620669662855107 ], [ -0.810968078448886, 52.625966195631761 ], [ -0.801761528535471, 52.638821196169175 ], [ -0.809717806736187, 52.644277528893774 ], [ -0.782126314403396, 52.670456317463604 ], [ -0.786054599194412, 52.694721552506536 ], [ -0.821289443115858, 52.717354568068885 ], [ -0.801199900022881, 52.736722854301696 ], [ -0.776493195163451, 52.743914390265502 ], [ -0.751524290986459, 52.73671654730353 ], [ -0.696253167004789, 52.746473198888992 ], [ -0.684438322204922, 52.75646029982645 ], [ -0.608603665337244, 52.759693750225019 ] ] ] } },
{ "type": "Feature", "properties": { "area_name": "Shropshire" }, "geometry": { "type": "Polygon", "coordinates": [ [ [ -2.380793379565853, 52.998394620551771 ], [ -2.368730416442386, 52.979343129414332 ], [ -2.379763706249532, 52.975980553546776 ], [ -2.386164240104304, 52.953257510089443 ], [ -2.39376652884566, 52.950563629551596 ], [ -2.399153189394352, 52.96061545464601 ], [ -2.412898457173451, 52.961724496860825 ], [ -2.405602386879879, 52.947278664342349 ], [ -2.425269191281655, 52.949983080978541 ], [ -2.437123192787268, 52.943583704276428 ], [ -2.460854998133772, 52.909368605916953 ], [ -2.470841820674667, 52.905854128243256 ], [ -2.457594631391248, 52.879089622997121 ], [ -2.446142445010628, 52.873993063993765 ], [ -2.442020444364773, 52.88065346767462 ], [ -2.41929193938022, 52.886727366914577 ], [ -2.375379596065927, 52.891458041580741 ], [ -2.395735256780763, 52.834406124773551 ], [ -2.407656519410268, 52.834590499269304 ], [ -2.426324540829876, 52.822512230026426 ], [ -2.42757809342162, 52.828363477393673 ], [ -2.440474260864804, 52.820757026074986 ], [ -2.471703918422096, 52.821643791250693 ], [ -2.457606645877199, 52.783391868351096 ], [ -2.488214165047025, 52.780597213388646 ], [ -2.477122527633125, 52.79936403018209 ], [ -2.488375326365719, 52.800410463456672 ], [ -2.486508381147959, 52.805231141519201 ], [ -2.503029957430793, 52.796589785601569 ], [ -2.521991247195309, 52.798936839846782 ], [ -2.537516956324131, 52.785094554914032 ], [ -2.533812281378486, 52.794104472176009 ], [ -2.552945210156076, 52.802918309045147 ], [ -2.561317302375897, 52.799025154814558 ], [ -2.581245085627315, 52.806012979988829 ], [ -2.598009855371505, 52.797954084595446 ], [ -2.592247111426019, 52.776834922240099 ], [ -2.621006007323876, 52.776507130817294 ], [ -2.632333801233927, 52.759575474450706 ], [ -2.643131310722572, 52.767069632321025 ], [ -2.663418069635157, 52.760425974514177 ], [ -2.667364749806166, 52.750182540293842 ], [ -2.658279558724698, 52.730695074042778 ], [ -2.630235891696069, 52.726245639885562 ], [ -2.624286084334631, 52.719488080100469 ], [ -2.597421873174812, 52.718235813133631 ], [ -2.622552528366758, 52.699016753077544 ], [ -2.555650086319451, 52.671082833806182 ], [ -2.548460260270359, 52.654697389913075 ], [ -2.512738538970843, 52.640647232561342 ], [ -2.501775824462176, 52.629003835300125 ], [ -2.444252661362674, 52.615020719892755 ], [ -2.43404455413833, 52.618210413161705 ], [ -2.436636459157368, 52.627079217625926 ], [ -2.418296828993828, 52.633760114199291 ], [ -2.419030327982449, 52.662877163938496 ], [ -2.401965899539238, 52.68248085839538 ], [ -2.403579371700921, 52.70136361680693 ], [ -2.375073821435486, 52.740794151071434 ], [ -2.357930344979847, 52.731197710261064 ], [ -2.314823513667537, 52.732383536672181 ], [ -2.308605785269612, 52.720731370806178 ], [ -2.324836039293662, 52.705321096959061 ], [ -2.303043453077144, 52.682937947441005 ], [ -2.243708032591163, 52.679917738883184 ], [ -2.238920736869155, 52.661889688526728 ], [ -2.247827588388309, 52.656973787536877 ], [ -2.234797319636599, 52.655857755761332 ], [ -2.232898525337391, 52.647679068122244 ], [ -2.255808134207234, 52.60996830541221 ], [ -2.27930947222911, 52.605798747950097 ], [ -2.323802840315532, 52.612938351095096 ], [ -2.32202760453742, 52.593621402821867 ], [ -2.301019753670016, 52.593228111502377 ], [ -2.262806620891408, 52.570295304176639 ], [ -2.260840173464423, 52.563142837214244 ], [ -2.282480504349206, 52.553381387670889 ], [ -2.256409409697889, 52.541781804551391 ], [ -2.269219505928724, 52.530674187769826 ], [ -2.260947535556236, 52.524087843915822 ], [ -2.291393908895206, 52.511665473254411 ], [ -2.312752878758739, 52.489194441623511 ], [ -2.287386564743265, 52.455302701830952 ], [ -2.311754035866017, 52.43751706496554 ], [ -2.36353118673714, 52.439411674354965 ], [ -2.37294877761851, 52.401950262878628 ], [ -2.342185083447462, 52.393163826180327 ], [ -2.335536308865974, 52.385333611253913 ], [ -2.367355240043134, 52.388049260754343 ], [ -2.390676445191044, 52.381514109190753 ], [ -2.410550110206294, 52.387118604296738 ], [ -2.414025618427697, 52.368340385686167 ], [ -2.474773013795868, 52.367131905398573 ], [ -2.474183123610403, 52.360599288543618 ], [ -2.486745905150135, 52.358879601194275 ], [ -2.481798748314628, 52.33106428813722 ], [ -2.513207517194378, 52.3292004339974 ], [ -2.512132165069836, 52.337096764579542 ], [ -2.539152459551895, 52.344125562175151 ], [ -2.562221595157277, 52.333094804155863 ], [ -2.562647124218232, 52.311123159750878 ], [ -2.574855304652234, 52.317562560194709 ], [ -2.610004096741892, 52.306267854764208 ], [ -2.622725639119214, 52.308128976349792 ], [ -2.623937277974747, 52.321380641768314 ], [ -2.636902917620858, 52.324467931300305 ], [ -2.641017785252291, 52.33283454520506 ], [ -2.659340791907403, 52.334265624502827 ], [ -2.666068450008235, 52.342287703406747 ], [ -2.689287666552512, 52.316188544654146 ], [ -2.679812849766344, 52.312009905423736 ], [ -2.712395333757573, 52.308123673966193 ], [ -2.72466958001875, 52.319835387400708 ], [ -2.737173509224915, 52.319463109629623 ], [ -2.766988291249722, 52.336099651599582 ], [ -2.748381423388334, 52.334889340357797 ], [ -2.732768088194203, 52.355519402670815 ], [ -2.792421137869005, 52.356850572475594 ], [ -2.792702059715791, 52.375413761204001 ], [ -2.807389827014332, 52.375954419701756 ], [ -2.805433440952301, 52.388238678203585 ], [ -2.818223745828234, 52.391216509863568 ], [ -2.855442404724502, 52.395284495790278 ], [ -2.888458203371719, 52.385140699191687 ], [ -2.893136407921445, 52.37407512441527 ], [ -2.89306221464457, 52.379643435632104 ], [ -2.917686973572495, 52.386274872594058 ], [ -2.922312356896229, 52.375133912506207 ], [ -2.900806481047661, 52.367257009944346 ], [ -2.920386507876638, 52.36828025041212 ], [ -2.938274893911526, 52.361516287678441 ], [ -2.933150223824978, 52.350039211034904 ], [ -2.960357776607741, 52.349226883550919 ], [ -2.974504271551109, 52.354687825297496 ], [ -3.041058808217575, 52.344294307887978 ], [ -3.065214562855504, 52.35005316931047 ], [ -3.129540681048855, 52.384489174639377 ], [ -3.154445471287512, 52.38770176651532 ], [ -3.172943275351713, 52.406517570558854 ], [ -3.219542617204387, 52.421239107522872 ], [ -3.230684645076008, 52.430469329155152 ], [ -3.23342433627749, 52.451148713354989 ], [ -3.197238932030101, 52.475974766120437 ], [ -3.180590769803968, 52.473821687205096 ], [ -3.111547204791824, 52.498835814758266 ], [ -3.0292040480214, 52.501253080314314 ], [ -3.032380765437424, 52.52371639693159 ], [ -3.003875944477939, 52.519818065180345 ], [ -2.994309658783061, 52.553033208450159 ], [ -3.000568292924839, 52.567966213897584 ], [ -3.014442481702716, 52.575482590983363 ], [ -3.036453491882265, 52.571789344172522 ], [ -3.059818082214084, 52.555545695575923 ], [ -3.087276924313184, 52.551316644288065 ], [ -3.093944150739417, 52.54488739199094 ], [ -3.080752028092096, 52.539128957160933 ], [ -3.085413292098517, 52.534487762867947 ], [ -3.133064528523148, 52.52745567077659 ], [ -3.13716883699176, 52.533921707332944 ], [ -3.111495990024617, 52.54134888981843 ], [ -3.139506591260965, 52.585239218409967 ], [ -3.117414835358073, 52.585748263101422 ], [ -3.089338370239813, 52.599630992120566 ], [ -3.093623963412398, 52.609324274036908 ], [ -3.073189302248459, 52.628947950790568 ], [ -3.059801588001419, 52.630706500961978 ], [ -3.083568874279576, 52.641277825460797 ], [ -3.051115281745819, 52.64735088393337 ], [ -3.038582785449495, 52.675358506984836 ], [ -3.045659168152278, 52.67544910358415 ], [ -3.047050283016735, 52.691251205625548 ], [ -3.034226468274148, 52.693426119482524 ], [ -3.022488377527127, 52.706653371587677 ], [ -3.020359492847821, 52.725087682311262 ], [ -3.000556986640709, 52.720260749668611 ], [ -2.977594346667783, 52.726577176882508 ], [ -2.978105490642176, 52.71534273089901 ], [ -2.961102315266392, 52.716372710954793 ], [ -2.965068118079755, 52.732253554356305 ], [ -2.991032462413773, 52.733703399633313 ], [ -2.991994993633128, 52.743741587079626 ], [ -3.021131728778368, 52.751541133034024 ], [ -3.010838588529476, 52.758434684349282 ], [ -3.017201528816376, 52.767649767239028 ], [ -3.03557657123093, 52.764058398790517 ], [ -3.038978827862975, 52.770386309069757 ], [ -3.052581687048434, 52.76867515179773 ], [ -3.047791303526086, 52.772628182216238 ], [ -3.079517886163808, 52.771499507202471 ], [ -3.091695347929907, 52.786737465822661 ], [ -3.086633912913836, 52.79557877272822 ], [ -3.106102586840778, 52.792941005203659 ], [ -3.118288452995655, 52.783568014660922 ], [ -3.158426228220153, 52.793473654358692 ], [ -3.153190726450393, 52.806354231451067 ], [ -3.168205661688043, 52.807314007214103 ], [ -3.16788777459979, 52.819252195142802 ], [ -3.151260472184406, 52.842550213262093 ], [ -3.163014564204496, 52.847476255946106 ], [ -3.127713351497543, 52.867088444803521 ], [ -3.152416433629556, 52.878733103102455 ], [ -3.135524332195339, 52.884999047238729 ], [ -3.14469480717848, 52.892982054810219 ], [ -3.114163152820594, 52.893963757820877 ], [ -3.109578178029899, 52.918429183095455 ], [ -3.095954459220247, 52.930267485000719 ], [ -3.076514305972153, 52.925464946401391 ], [ -3.034875807764617, 52.929556722958438 ], [ -3.009856280431273, 52.956020877441922 ], [ -2.982022868665857, 52.959182975842872 ], [ -2.975323303464595, 52.968884867738332 ], [ -2.959813853530024, 52.951154260985405 ], [ -2.928889303584302, 52.938663623022009 ], [ -2.88743192997037, 52.952514291054015 ], [ -2.883662743159243, 52.946653339432814 ], [ -2.841015823901896, 52.942608354606087 ], [ -2.800468902755176, 52.8955001779577 ], [ -2.755328242061941, 52.92461357157508 ], [ -2.728543450476728, 52.925163828024345 ], [ -2.724178475350134, 52.957107562737711 ], [ -2.735294132072303, 52.969931924966573 ], [ -2.727336465863071, 52.983215988566798 ], [ -2.699292918737995, 52.995424655606577 ], [ -2.674662765560678, 52.985649057620627 ], [ -2.6326509213509, 52.9966565237292 ], [ -2.621940005514336, 52.98672771167562 ], [ -2.60773403713376, 52.988347366647496 ], [ -2.605679441054054, 52.979380214313245 ], [ -2.594889020737016, 52.979592032757999 ], [ -2.597693674711251, 52.962990825827873 ], [ -2.58620334646981, 52.955299245967858 ], [ -2.561262966624643, 52.964936702790759 ], [ -2.529516139648071, 52.947149599352777 ], [ -2.521319456065146, 52.974285973994995 ], [ -2.506897127422133, 52.96489701629676 ], [ -2.491700665114069, 52.967668457404173 ], [ -2.481152776596692, 52.958802338441558 ], [ -2.434613788373764, 52.969505472721337 ], [ -2.435367324184116, 52.986692892798835 ], [ -2.41086168080901, 52.987909200442871 ], [ -2.406986339851376, 52.995900486476451 ], [ -2.380793379565853, 52.998394620551771 ] ] ] } },
{ "type": "Feature", "properties": { "area_name": "South Yorkshire" }, "geometry": { "type": "Polygon", "coordinates": [ [ [ -1.087045572786124, 53.4255244388752 ], [ -1.133207242079311, 53.392388433357873 ], [ -1.13053670639305, 53.375551728728524 ], [ -1.144915289951779, 53.371231228152126 ], [ -1.138539352591805, 53.355888082941796 ], [ -1.162622723150162, 53.356716520252135 ], [ -1.156843388344995, 53.344949811667099 ], [ -1.141551505982959, 53.346777936507976 ], [ -1.138717887998113, 53.341363267563246 ], [ -1.17448247247102, 53.321370200134403 ], [ -1.192416722850373, 53.318968811940572 ], [ -1.203240351681388, 53.304201724541208 ], [ -1.230688794444806, 53.308538325484783 ], [ -1.254294788390181, 53.30173344640216 ], [ -1.282011342036976, 53.309441527283312 ], [ -1.295677672618906, 53.315016073599082 ], [ -1.288588453604197, 53.326207422746833 ], [ -1.305972548687061, 53.333749841736008 ], [ -1.314957520055936, 53.326501900626134 ], [ -1.328299650276437, 53.328955276603168 ], [ -1.337667706814408, 53.315850651342593 ], [ -1.386740037320529, 53.317613118894911 ], [ -1.386573797333832, 53.334865397497055 ], [ -1.408747724916993, 53.341946283727168 ], [ -1.420868033761327, 53.33454949681083 ], [ -1.44213731683796, 53.337366289095812 ], [ -1.459881413458432, 53.330671247909258 ], [ -1.455224785518581, 53.321850967816282 ], [ -1.467866792046494, 53.317140339071145 ], [ -1.502132975302887, 53.317564132320896 ], [ -1.536769905300545, 53.304730966336685 ], [ -1.561828113247195, 53.306584687412276 ], [ -1.561366009018381, 53.315803666904543 ], [ -1.580535086526574, 53.311720654055335 ], [ -1.58490321434258, 53.321570514713216 ], [ -1.59909441613273, 53.311300829419103 ], [ -1.609202754315012, 53.322646679692738 ], [ -1.625495012944905, 53.316406780512843 ], [ -1.632728193626023, 53.32082204391773 ], [ -1.612304318615326, 53.343201403407008 ], [ -1.590549214189665, 53.345903607696037 ], [ -1.663951781809924, 53.366875850991342 ], [ -1.654717696749474, 53.393010039590315 ], [ -1.694522031287995, 53.401144338507073 ], [ -1.704966109381564, 53.405039263531897 ], [ -1.708532817324863, 53.417322809970891 ], [ -1.72995172145719, 53.415969098999227 ], [ -1.746719612147833, 53.426148478283508 ], [ -1.745264067585084, 53.461975407787577 ], [ -1.768437953009884, 53.464750516080443 ], [ -1.801471575017977, 53.48097563924366 ], [ -1.79628899771968, 53.503136901889604 ], [ -1.810399740963637, 53.506324004422098 ], [ -1.800779389680879, 53.511362562907969 ], [ -1.819524663591628, 53.513411981183708 ], [ -1.822229640309268, 53.521075036513501 ], [ -1.804283438382155, 53.536997821054634 ], [ -1.771783617568109, 53.533842895281317 ], [ -1.741577301833791, 53.541082758734106 ], [ -1.723216995031349, 53.559928956720341 ], [ -1.669533337408112, 53.553218722418343 ], [ -1.648923812784592, 53.561982133773007 ], [ -1.615695899776766, 53.563026987474473 ], [ -1.596195950992898, 53.57697026267715 ], [ -1.602483836376511, 53.584953183361286 ], [ -1.587994587564359, 53.593512332316152 ], [ -1.58997681331282, 53.607097793586703 ], [ -1.560467754155423, 53.60755758879035 ], [ -1.530787370038832, 53.593133731788456 ], [ -1.518685035861459, 53.599695725587068 ], [ -1.496560477991446, 53.597355855741355 ], [ -1.495070802288608, 53.603174037614558 ], [ -1.483828125157477, 53.59481096424831 ], [ -1.446807254634366, 53.612799441378691 ], [ -1.400208803311696, 53.598635894915653 ], [ -1.376788619555355, 53.606473704588488 ], [ -1.356157250167954, 53.595354618474751 ], [ -1.351432241546087, 53.581063557265139 ], [ -1.307937110640823, 53.575385529452859 ], [ -1.27669114815811, 53.589953575817049 ], [ -1.258082583350878, 53.591977142676861 ], [ -1.257695676740121, 53.59983157637916 ], [ -1.247216575147896, 53.600744982790538 ], [ -1.248176981277304, 53.616275003922084 ], [ -1.229060059285786, 53.616860827119716 ], [ -1.232841216456807, 53.621094411892194 ], [ -1.21746546797846, 53.624206488296721 ], [ -1.215643968739406, 53.64196384314674 ], [ -1.190310385360119, 53.635898812508209 ], [ -1.155544270545085, 53.64320092961372 ], [ -1.135404372043725, 53.63270966076783 ], [ -1.12174070362805, 53.646699707300243 ], [ -1.066068776349514, 53.648871684288629 ], [ -1.046342795490615, 53.656698953809666 ], [ -0.990998128809727, 53.661166725740017 ], [ -0.992556578951953, 53.655592544473073 ], [ -0.983259053297231, 53.620776571057611 ], [ -0.995616414442084, 53.612144825165586 ], [ -1.028695407153446, 53.604313653265372 ], [ -1.033152987948275, 53.601763713552188 ], [ -1.040135883425846, 53.602112044428559 ], [ -1.052192518648922, 53.601629253738885 ], [ -1.087173688320286, 53.594748011788447 ], [ -1.091180931752351, 53.592131364437442 ], [ -1.091063616426344, 53.590768700673252 ], [ -1.081347954341524, 53.571872346830226 ], [ -1.091445787186195, 53.563573833754958 ], [ -1.092942182633202, 53.553542171781061 ], [ -1.080948529886349, 53.571628384249038 ], [ -1.087287782730408, 53.594361473303074 ], [ -1.033116571284666, 53.601505445742781 ], [ -0.995833028306032, 53.611806871707948 ], [ -0.986417234585202, 53.616931943480701 ], [ -0.982811799840735, 53.620828501368784 ], [ -0.981426096409974, 53.623877351592448 ], [ -0.989979366514371, 53.658963128297906 ], [ -0.94684020604439, 53.659121886564812 ], [ -0.865333148355033, 53.637688108285531 ], [ -0.897922315188668, 53.58325653915162 ], [ -0.901113854439251, 53.56870339793776 ], [ -0.890991340825827, 53.566538081458297 ], [ -0.901262145385112, 53.547887593302853 ], [ -0.892264341261036, 53.537573517495801 ], [ -0.898070987077528, 53.532738126170024 ], [ -0.943712096900587, 53.530622276661539 ], [ -0.950005391259758, 53.513636701746719 ], [ -0.932090664977784, 53.510651060442399 ], [ -0.935357031105507, 53.502702585599053 ], [ -0.953256094984983, 53.484402919302404 ], [ -0.985976278586231, 53.471652920725127 ], [ -0.995668475047653, 53.436906459737543 ], [ -1.023168139857062, 53.424494275747698 ], [ -1.030948967840598, 53.430959527798102 ], [ -1.087045572786124, 53.4255244388752 ] ] ] } },
{ "type": "Feature", "properties": { "area_name": "Southend-on-Sea" }, "geometry": { "type": "MultiPolygon", "coordinates": [ [ [ [ 0.644639199677369, 51.53822367650659 ], [ 0.635110725441167, 51.531458282413546 ], [ 0.624218593667121, 51.536502400417127 ], [ 0.629865790798006, 51.538276223981264 ], [ 0.644639199677369, 51.53822367650659 ] ] ], [ [ [ 0.634617625433643, 51.57493600329267 ], [ 0.705630704092631, 51.567490722223631 ], [ 0.761129909265798, 51.55296122552744 ], [ 0.786659500480677, 51.552939250276495 ], [ 0.788960115605252, 51.542440059771572 ], [ 0.82122624094927, 51.540659063956966 ], [ 0.782690738459593, 51.521246702729798 ], [ 0.750546967285859, 51.529561779088311 ], [ 0.643996833567183, 51.541073832549927 ], [ 0.625400436056748, 51.538068701886878 ], [ 0.634617625433643, 51.57493600329267 ] ] ] ] } },
{ "type": "Feature", "properties": { "area_name": "Staffordshire" }, "geometry": { "type": "Polygon", "coordinates": [ [ [ -1.704516627568574, 52.731041265922926 ], [ -1.656614328140391, 52.721731251318822 ], [ -1.655048189358831, 52.698781529348381 ], [ -1.635346947191705, 52.702465915081717 ], [ -1.605500729001, 52.696521748223645 ], [ -1.597003848202462, 52.700432469004845 ], [ -1.586291382109125, 52.694481282393035 ], [ -1.604271593162747, 52.673704490808831 ], [ -1.644950444768714, 52.657499805609625 ], [ -1.632950361117316, 52.643558835477499 ], [ -1.64243042523052, 52.640923235745419 ], [ -1.644126302282136, 52.620774165994384 ], [ -1.636023602532778, 52.619599773701701 ], [ -1.648872409301092, 52.598593390624274 ], [ -1.665646796708538, 52.592234845565592 ], [ -1.685906848482112, 52.593331281582365 ], [ -1.68866496885955, 52.588666546602596 ], [ -1.729317160993029, 52.587916802890803 ], [ -1.742414893784991, 52.594308972329628 ], [ -1.788088479602945, 52.587846723934049 ], [ -1.796535343070922, 52.599106856881178 ], [ -1.828066251052198, 52.608704795336017 ], [ -1.853961024117268, 52.601909060683205 ], [ -1.873242865804795, 52.584891972275557 ], [ -1.892272523717119, 52.599136212700721 ], [ -1.885653064651809, 52.614768623388365 ], [ -1.915991384575646, 52.635269881650331 ], [ -1.905090158520235, 52.643191505647572 ], [ -1.918021007183026, 52.649878681278423 ], [ -1.908666389880718, 52.653983749670452 ], [ -1.933575210316034, 52.661593861964924 ], [ -1.945408355474688, 52.65628247779636 ], [ -1.959951347386115, 52.662020973867683 ], [ -1.955080285340659, 52.65412090024752 ], [ -1.964573977709045, 52.640779783091716 ], [ -2.00385215424112, 52.637136902151333 ], [ -2.035515177490891, 52.62178340619608 ], [ -2.030129040204482, 52.616938538750205 ], [ -2.064006632396572, 52.620730363851074 ], [ -2.06733158686504, 52.612060595599139 ], [ -2.083118415344604, 52.612549467439322 ], [ -2.101247104659757, 52.635037542963666 ], [ -2.131649272225045, 52.637607425885349 ], [ -2.137243943933701, 52.629630771131048 ], [ -2.152987792479533, 52.629737309981671 ], [ -2.151558980613973, 52.624575442102994 ], [ -2.168467342472125, 52.619877898419297 ], [ -2.169162190375905, 52.60932292577106 ], [ -2.196401854599112, 52.60660008416987 ], [ -2.189314434259338, 52.588593400815867 ], [ -2.206881676890473, 52.586568241462757 ], [ -2.201808265958657, 52.578764856621326 ], [ -2.180342602812119, 52.574489817510958 ], [ -2.175540391801968, 52.554392166459621 ], [ -2.14096282406818, 52.558524345343855 ], [ -2.133492902546441, 52.554051580445162 ], [ -2.135569629606766, 52.534493560403035 ], [ -2.152215631544796, 52.525681177460335 ], [ -2.14412965272842, 52.517154506717546 ], [ -2.178248874524728, 52.511634004134891 ], [ -2.191754091612237, 52.503382583478256 ], [ -2.167425396788353, 52.471526788542576 ], [ -2.176425681585014, 52.45453788193079 ], [ -2.163815834099986, 52.423243770414572 ], [ -2.192880815107365, 52.423278083445474 ], [ -2.21788194608791, 52.435354094955663 ], [ -2.261507125691073, 52.436926941812708 ], [ -2.294968283516598, 52.44893346380384 ], [ -2.288389405302064, 52.461034093976814 ], [ -2.312752878758739, 52.489194441623511 ], [ -2.291393908895206, 52.511665473254411 ], [ -2.260947535556236, 52.524087843915822 ], [ -2.269219505928724, 52.530674187769826 ], [ -2.256409409697889, 52.541781804551391 ], [ -2.282480504349206, 52.553381387670889 ], [ -2.260840173464423, 52.563142837214244 ], [ -2.262806620891408, 52.570295304176639 ], [ -2.301019753670016, 52.593228111502377 ], [ -2.32202760453742, 52.593621402821867 ], [ -2.323802840315532, 52.612938351095096 ], [ -2.27930947222911, 52.605798747950097 ], [ -2.255808134207234, 52.60996830541221 ], [ -2.232898525337391, 52.647679068122244 ], [ -2.234797319636599, 52.655857755761332 ], [ -2.247827588388309, 52.656973787536877 ], [ -2.238920736869155, 52.661889688526728 ], [ -2.240227866639105, 52.671608497769995 ], [ -2.247732780546698, 52.683059368361185 ], [ -2.303043453077144, 52.682937947441005 ], [ -2.307997997621566, 52.693317230689047 ], [ -2.319910427902954, 52.695382948054572 ], [ -2.324836039293662, 52.705321096959061 ], [ -2.308605785269612, 52.720731370806178 ], [ -2.315209700870226, 52.745466870674818 ], [ -2.368867997668961, 52.777294246356412 ], [ -2.365859186815606, 52.783186328963069 ], [ -2.385000928503193, 52.789508300631582 ], [ -2.371415264197637, 52.7952698705123 ], [ -2.377655324885023, 52.811628162911433 ], [ -2.416347605062263, 52.826991171663053 ], [ -2.393757188330725, 52.836605238489319 ], [ -2.375379596065927, 52.891458041580741 ], [ -2.41929193938022, 52.886727366914577 ], [ -2.442020444364773, 52.88065346767462 ], [ -2.446142445010628, 52.873993063993765 ], [ -2.457594631391248, 52.879089622997121 ], [ -2.470841820674667, 52.905854128243256 ], [ -2.460854998133772, 52.909368605916953 ], [ -2.437123192787268, 52.943583704276428 ], [ -2.425269191281655, 52.949983080978541 ], [ -2.405602386879879, 52.947278664342349 ], [ -2.413452092919727, 52.96139446232845 ], [ -2.399153189394352, 52.96061545464601 ], [ -2.39376652884566, 52.950563629551596 ], [ -2.377131478878825, 52.964951022575924 ], [ -2.379763706249532, 52.975980553546776 ], [ -2.368730416442386, 52.979343129414332 ], [ -2.382951420011562, 53.007205207090017 ], [ -2.370467634648342, 53.014559289754949 ], [ -2.384227086056995, 53.026151211123057 ], [ -2.381248414893893, 53.05253499610388 ], [ -2.348594206998408, 53.05580928113099 ], [ -2.318419976944462, 53.081199135163594 ], [ -2.293375726280118, 53.078309749096029 ], [ -2.253248624136531, 53.093960249914012 ], [ -2.246580311232938, 53.090169201257751 ], [ -2.155645951970156, 53.159601143652857 ], [ -2.141411905885014, 53.156634598966008 ], [ -2.14016687396289, 53.183877873281432 ], [ -2.111789656107252, 53.168606134513958 ], [ -2.070178006581242, 53.17167985443151 ], [ -2.046420693779296, 53.192663508398319 ], [ -2.018182210329588, 53.189034327369825 ], [ -2.000081073786778, 53.193834914099881 ], [ -1.987411408211484, 53.213567509951396 ], [ -1.962367720807761, 53.226223955596005 ], [ -1.95671076901119, 53.213729370990109 ], [ -1.908047852027438, 53.198521491144568 ], [ -1.873976904324673, 53.195342501901919 ], [ -1.816075762689473, 53.158618647207788 ], [ -1.821456873977849, 53.135824546723548 ], [ -1.783729369848062, 53.102810210212944 ], [ -1.782975033815493, 53.093316420151169 ], [ -1.794242838550362, 53.088376252362366 ], [ -1.785647131290788, 53.063093734733833 ], [ -1.775656829404135, 53.0593367787963 ], [ -1.784699547154999, 53.04991311263727 ], [ -1.760057054414741, 53.038899298615263 ], [ -1.75679319677196, 53.030800660110657 ], [ -1.762573571044155, 52.999651393542287 ], [ -1.826115433657705, 52.977469739617419 ], [ -1.829935502042331, 52.945523924321485 ], [ -1.854079734981373, 52.930841435477383 ], [ -1.855599240066643, 52.920807650394934 ], [ -1.842610580074316, 52.912971392814121 ], [ -1.847607635844684, 52.908991137696745 ], [ -1.830002030869072, 52.896571013976001 ], [ -1.832719686591361, 52.886812443009255 ], [ -1.812310050988436, 52.88066563588395 ], [ -1.801381118695407, 52.88615566630493 ], [ -1.791155054947277, 52.880265401921683 ], [ -1.777224176174265, 52.883797211869037 ], [ -1.725326045910871, 52.85964563663736 ], [ -1.705906410976078, 52.866716085718615 ], [ -1.700612888656323, 52.860565803896961 ], [ -1.68998959012001, 52.864417500013154 ], [ -1.626570817088097, 52.854346781583814 ], [ -1.585356421873269, 52.831696888145814 ], [ -1.610328507300318, 52.817032373492978 ], [ -1.591831211018474, 52.809472998857984 ], [ -1.588950831748592, 52.799804720475819 ], [ -1.614350313358843, 52.788256563048215 ], [ -1.611134528359642, 52.78138615212282 ], [ -1.619294382686036, 52.785150448489006 ], [ -1.626963038210733, 52.77975498916873 ], [ -1.638248114353362, 52.786710954385228 ], [ -1.649935431967833, 52.779464454596834 ], [ -1.665609420502985, 52.785145166880753 ], [ -1.696770150653485, 52.752843962832081 ], [ -1.692241687873352, 52.744105224615389 ], [ -1.704516627568574, 52.731041265922926 ] ], [ [ -2.21251428127472, 52.980562222704698 ], [ -2.181609974809467, 52.946190146155779 ], [ -2.174539248402692, 52.947215642670606 ], [ -2.176899241769389, 52.953690701963673 ], [ -2.162595458110819, 52.953348894068853 ], [ -2.145711320810377, 52.976093794021224 ], [ -2.130403664233161, 52.971159447095218 ], [ -2.121657722393162, 52.95606953633645 ], [ -2.084432940921185, 52.965389558034126 ], [ -2.088129111550658, 52.973834031163463 ], [ -2.079240141576268, 52.974482137064506 ], [ -2.091772117462722, 52.985317664820933 ], [ -2.088460866600367, 52.996940495834011 ], [ -2.104948774406058, 52.997676748006668 ], [ -2.103468016256454, 53.010840878726448 ], [ -2.122494592780335, 53.018708042348145 ], [ -2.118804043412355, 53.026428067850048 ], [ -2.131779469758153, 53.047316760879816 ], [ -2.116584217745705, 53.048015825923194 ], [ -2.127438247084638, 53.05372173435881 ], [ -2.125400530979721, 53.064562038124443 ], [ -2.161147605416105, 53.070102930655217 ], [ -2.17853247273257, 53.091531356214468 ], [ -2.198615446458287, 53.092702228732179 ], [ -2.201370712829779, 53.086683024384762 ], [ -2.238761393764138, 53.073322578620761 ], [ -2.202553434675062, 53.02000707132715 ], [ -2.215487321375746, 53.015287480297417 ], [ -2.217782395835304, 53.003970427459763 ], [ -2.204341494623891, 52.981381102149548 ], [ -2.21251428127472, 52.980562222704698 ] ] ] } },
{ "type": "Feature", "properties": { "area_name": "Stockton-on-Tees" }, "geometry": { "type": "MultiPolygon", "coordinates": [ [ [ [ -1.309434651156317, 54.56401779502805 ], [ -1.295867617141049, 54.563975588022963 ], [ -1.281578882612603, 54.564695970215006 ], [ -1.270625997563628, 54.55638126084915 ], [ -1.285373704075211, 54.536231272760396 ], [ -1.282286387763058, 54.518397895442448 ], [ -1.239201710943682, 54.511483251069706 ], [ -1.23436692457905, 54.506129660528288 ], [ -1.256661463431001, 54.501095719867457 ], [ -1.257390006012631, 54.487309407713916 ], [ -1.281047560764427, 54.490408233195346 ], [ -1.300419401808428, 54.475799100904986 ], [ -1.313103136482288, 54.477265720698753 ], [ -1.343616559677539, 54.464144119922913 ], [ -1.344902589783786, 54.472396793244776 ], [ -1.356281584179175, 54.472962979612198 ], [ -1.364405213709103, 54.465941172520154 ], [ -1.374331537916109, 54.474049894580553 ], [ -1.377859437246781, 54.501290891094236 ], [ -1.37122216410334, 54.503636349970591 ], [ -1.360526319200867, 54.503165978125487 ], [ -1.358259633709767, 54.504431937000398 ], [ -1.35769296242554, 54.506593915936911 ], [ -1.359604307413074, 54.511372587848598 ], [ -1.358897433386491, 54.512227108773864 ], [ -1.348088930625588, 54.50317508267451 ], [ -1.344354969110276, 54.503464956709635 ], [ -1.330268893138929, 54.510139790029186 ], [ -1.324085803466669, 54.505956062117782 ], [ -1.315283284358556, 54.505735506513147 ], [ -1.316401129591396, 54.502996565809298 ], [ -1.315276581333058, 54.50218585965834 ], [ -1.315069039428925, 54.505825359922042 ], [ -1.319310727651567, 54.507255782684787 ], [ -1.329951639196382, 54.510272839549344 ], [ -1.336466763868651, 54.508626367356946 ], [ -1.334929558093258, 54.51750255078408 ], [ -1.337906335136031, 54.521515425742606 ], [ -1.335684068714148, 54.525174459499041 ], [ -1.339943040102588, 54.528480288798299 ], [ -1.334072794704051, 54.530954165003251 ], [ -1.334616965943776, 54.535692433809736 ], [ -1.33072649404019, 54.531945848104108 ], [ -1.313797060910562, 54.533538800181056 ], [ -1.310753598142198, 54.537153174018705 ], [ -1.316301117733263, 54.540166546451651 ], [ -1.310457047598962, 54.538242513195392 ], [ -1.307334601182961, 54.538723463021782 ], [ -1.310901140611367, 54.543075582738581 ], [ -1.307658962479218, 54.547595536870261 ], [ -1.310199846686308, 54.554964136521292 ], [ -1.306013267990611, 54.558578155063948 ], [ -1.309434651156317, 54.56401779502805 ] ] ], [ [ [ -1.316349832189406, 54.645223614254888 ], [ -1.298169835549035, 54.635498293250109 ], [ -1.299017681012833, 54.627995524973635 ], [ -1.266780105456873, 54.624147910617793 ], [ -1.234108902144991, 54.628785240858839 ], [ -1.21749387949062, 54.62073545890027 ], [ -1.173545030947639, 54.621493257752938 ], [ -1.167115328077229, 54.629122339566969 ], [ -1.172151731261148, 54.621465769323393 ], [ -1.162030568396836, 54.622606727385786 ], [ -1.160524562662861, 54.610361257859203 ], [ -1.204441309250508, 54.582620011830372 ], [ -1.252504279967412, 54.592385120104552 ], [ -1.262214373911054, 54.572919470502974 ], [ -1.264206514505782, 54.576111206152845 ], [ -1.267920529259764, 54.578201635437978 ], [ -1.283179350713258, 54.584637766108109 ], [ -1.285774845993778, 54.583627686841034 ], [ -1.286975195061564, 54.584090402438598 ], [ -1.287247042299901, 54.584827139691868 ], [ -1.288386696064098, 54.585312849952956 ], [ -1.294769125059309, 54.5865885991496 ], [ -1.296329280530844, 54.586656091193575 ], [ -1.297972069593653, 54.587948070309658 ], [ -1.297664285404254, 54.589468681351399 ], [ -1.298814744888032, 54.590241039842816 ], [ -1.298127508846851, 54.5879076312387 ], [ -1.296405080535516, 54.586567560441722 ], [ -1.267908471589956, 54.577838486784842 ], [ -1.262205980718615, 54.572013526195931 ], [ -1.310226718213736, 54.56446177597558 ], [ -1.311915039186264, 54.54280634791732 ], [ -1.308100395713404, 54.53895431758739 ], [ -1.317369591388656, 54.540325357875268 ], [ -1.314481047499307, 54.534036965139833 ], [ -1.335729043802731, 54.535827956738586 ], [ -1.340698867466717, 54.528849732953411 ], [ -1.338544075767112, 54.507380450470599 ], [ -1.347635747268676, 54.503511452637966 ], [ -1.352815919282388, 54.511087522111225 ], [ -1.359383707111979, 54.51234292164105 ], [ -1.361140353923634, 54.509837629754813 ], [ -1.359755849601777, 54.503851211573341 ], [ -1.37218181498361, 54.50389476956574 ], [ -1.378122327950756, 54.501570842022119 ], [ -1.38307695377871, 54.487456842783672 ], [ -1.395651609740878, 54.485872996442232 ], [ -1.405403027365104, 54.494236167810186 ], [ -1.411303942238495, 54.477561653189262 ], [ -1.431073408871607, 54.479209237105835 ], [ -1.426572518623588, 54.484768053913896 ], [ -1.436311830943762, 54.490969971909102 ], [ -1.421474674152247, 54.519626095526426 ], [ -1.449631134789509, 54.532950349562526 ], [ -1.446744974522759, 54.555657149607207 ], [ -1.411298269109252, 54.564886726665122 ], [ -1.416772486434043, 54.575659813601582 ], [ -1.407345829487534, 54.593752362359567 ], [ -1.423301404973446, 54.603117354562571 ], [ -1.437988705174037, 54.594921147617114 ], [ -1.452207506268776, 54.608754197347551 ], [ -1.412810395258149, 54.616580537047874 ], [ -1.388303299903493, 54.631571610211878 ], [ -1.384513509849077, 54.643113121378718 ], [ -1.368001310656773, 54.643539480151816 ], [ -1.335042166208891, 54.631301787516477 ], [ -1.328640083537052, 54.644173462634505 ], [ -1.316349832189406, 54.645223614254888 ] ] ], [ [ [ -1.225024608691146, 54.625656616875169 ], [ -1.223790341152178, 54.626297574642784 ], [ -1.222828660082402, 54.62596248522555 ], [ -1.225024608691146, 54.625656616875169 ] ] ] ] } },
{ "type": "Feature", "properties": { "area_name": "Stoke-on-Trent" }, "geometry": { "type": "Polygon", "coordinates": [ [ [ -2.198615446458287, 53.092702228732179 ], [ -2.171700170063507, 53.08942989793367 ], [ -2.161147605416105, 53.070102930655217 ], [ -2.125400530979721, 53.064562038124443 ], [ -2.127438247084638, 53.05372173435881 ], [ -2.116584217745705, 53.048015825923194 ], [ -2.131779469758153, 53.047316760879816 ], [ -2.118804043412355, 53.026428067850048 ], [ -2.122494592780335, 53.018708042348145 ], [ -2.103468016256454, 53.010840878726448 ], [ -2.104948774406058, 52.997676748006668 ], [ -2.088460866600367, 52.996940495834011 ], [ -2.091772117462722, 52.985317664820933 ], [ -2.079240141576268, 52.974482137064506 ], [ -2.088129111550658, 52.973834031163463 ], [ -2.084432940921185, 52.965389558034126 ], [ -2.121657722393162, 52.95606953633645 ], [ -2.130403664233161, 52.971159447095218 ], [ -2.145711320810377, 52.976093794021224 ], [ -2.162595458110819, 52.953348894068853 ], [ -2.176899241769389, 52.953690701963673 ], [ -2.174539248402692, 52.947215642670606 ], [ -2.181609974809467, 52.946190146155779 ], [ -2.212213365403375, 52.979638669893603 ], [ -2.204341494623891, 52.981381102149548 ], [ -2.217190900990748, 53.00161904262611 ], [ -2.215487321375746, 53.015287480297417 ], [ -2.202553434675062, 53.02000707132715 ], [ -2.238761393764138, 53.073322578620761 ], [ -2.201370712829779, 53.086683024384762 ], [ -2.198615446458287, 53.092702228732179 ] ] ] } },
{ "type": "Feature", "properties": { "area_name": "Suffolk" }, "geometry": { "type": "MultiPolygon", "coordinates": [ [ [ [ 1.159898072892065, 52.031855715337677 ], [ 1.160441265403388, 52.048911663729363 ], [ 1.157620584327415, 52.051028068907065 ], [ 1.154936860006473, 52.051986811974714 ], [ 1.141735818447604, 52.051799256223148 ], [ 1.141129491782624, 52.05338666784364 ], [ 1.134372415449649, 52.057475474724541 ], [ 1.141551730817874, 52.051566728919781 ], [ 1.158227720105262, 52.05018434262827 ], [ 1.150004286790522, 52.033990706861452 ], [ 1.182286522834834, 52.008531926525087 ], [ 1.203464123603417, 52.004774408430698 ], [ 1.21150206485874, 51.996608152824898 ], [ 1.267273012220681, 51.987855051348596 ], [ 1.274990609397581, 51.955998647436495 ], [ 1.242946643237446, 51.961400582031281 ], [ 1.219691755998057, 51.952858970935345 ], [ 1.187305046602806, 51.955744808305369 ], [ 1.163512421452993, 51.970512165852163 ], [ 1.130283360096992, 51.95352806374774 ], [ 1.086101813806285, 51.958920663925561 ], [ 1.066020703023752, 51.948983132938437 ], [ 1.058783422426326, 51.955918706945802 ], [ 1.063608650841138, 51.948444281626045 ], [ 1.048301142036445, 51.959308019775705 ], [ 1.018666257781447, 51.953207139813564 ], [ 0.998679731684868, 51.963954889863508 ], [ 0.971454253180657, 51.962263152505756 ], [ 0.962458265665732, 51.977153204818372 ], [ 0.943262765786739, 51.970719684874339 ], [ 0.925137632381845, 51.976181933583099 ], [ 0.889656470543503, 51.973374764235302 ], [ 0.850208076190903, 51.960754918570224 ], [ 0.821609879946617, 51.968707172027173 ], [ 0.811549531110948, 51.960743319647982 ], [ 0.787128441958194, 51.963122921408107 ], [ 0.772228277098171, 51.97041318414378 ], [ 0.774600853096269, 51.982580022281198 ], [ 0.759635511515417, 51.985417582326988 ], [ 0.761117213570941, 51.997471527050401 ], [ 0.73849519709695, 52.010686624808066 ], [ 0.740786395768009, 52.031021685905159 ], [ 0.714365071007284, 52.027306213352475 ], [ 0.70649743561496, 52.029512554677211 ], [ 0.712476416178714, 52.034856266840251 ], [ 0.696480693345179, 52.039289385208292 ], [ 0.699368963692257, 52.048424905966556 ], [ 0.716232123640165, 52.048673904082811 ], [ 0.703146582508319, 52.065259570501858 ], [ 0.712726786937473, 52.070980134123026 ], [ 0.684257058892385, 52.086932970048288 ], [ 0.634543094612625, 52.086269134361466 ], [ 0.619317839653324, 52.076556379922856 ], [ 0.60734663879995, 52.080901987116292 ], [ 0.571746863694954, 52.069072970203372 ], [ 0.551341265529376, 52.068740592010371 ], [ 0.542232898111511, 52.05774692105966 ], [ 0.511023643578314, 52.059819197188908 ], [ 0.500788876436285, 52.053802286465107 ], [ 0.487115505157001, 52.069614913663649 ], [ 0.46663637786625, 52.078443668610461 ], [ 0.453592325884467, 52.068135345502618 ], [ 0.438095483137846, 52.072300493735426 ], [ 0.404608250090433, 52.065490751218611 ], [ 0.401681052107846, 52.082583166493905 ], [ 0.390819595688179, 52.088471107605962 ], [ 0.394966353477249, 52.095955863578077 ], [ 0.381772982260547, 52.102688820815466 ], [ 0.389558836795805, 52.117457764818347 ], [ 0.41825214291882, 52.13434222404458 ], [ 0.417246338696903, 52.159292591904986 ], [ 0.435885590752421, 52.159480915993299 ], [ 0.452525065127356, 52.173205606710702 ], [ 0.470700054651652, 52.163244693683566 ], [ 0.477211279752593, 52.167556674438977 ], [ 0.491302634812554, 52.165088094548331 ], [ 0.508621308734972, 52.213965839597435 ], [ 0.543060575509386, 52.216447745147256 ], [ 0.563609701764295, 52.202795505294219 ], [ 0.558848187180789, 52.210886132598588 ], [ 0.56590228873079, 52.217509723007041 ], [ 0.553921303798134, 52.225920593925515 ], [ 0.556874570752123, 52.243901105246898 ], [ 0.566659484723476, 52.247589635900731 ], [ 0.562908297553689, 52.265822634215894 ], [ 0.595053107448146, 52.264636360419544 ], [ 0.600921278870415, 52.283129940547667 ], [ 0.589939569546984, 52.304349246321657 ], [ 0.60272866292424, 52.318627821669445 ], [ 0.622317025644139, 52.307852011281668 ], [ 0.663453475777523, 52.354808804879845 ], [ 0.691163770235591, 52.369906089291597 ], [ 0.712411579156194, 52.394604050484418 ], [ 0.737562665207928, 52.395119251235158 ], [ 0.74981724596364, 52.382907594108801 ], [ 0.765939193980861, 52.390338725899305 ], [ 0.773407610193224, 52.386308425487563 ], [ 0.808144987111431, 52.389505771454196 ], [ 0.840903152495657, 52.400777509510874 ], [ 0.855412096618001, 52.399422319148677 ], [ 0.86555590619365, 52.390523688411108 ], [ 0.904899799174569, 52.385764064679599 ], [ 0.93020421834302, 52.388819022806324 ], [ 0.967442129907831, 52.370093693105225 ], [ 1.068463402038779, 52.378441726609296 ], [ 1.07915468593733, 52.372364505784383 ], [ 1.115029055454935, 52.371336420465504 ], [ 1.182348447739742, 52.358763388851962 ], [ 1.195312303257644, 52.361433342405768 ], [ 1.214050502411447, 52.35539180538283 ], [ 1.259302907183104, 52.370866244180775 ], [ 1.284943710308405, 52.390176049615398 ], [ 1.322675558853341, 52.38908448811452 ], [ 1.361227342591029, 52.413175859141276 ], [ 1.356343320336266, 52.4211575130903 ], [ 1.363731408090849, 52.427494101795496 ], [ 1.392043909569954, 52.434022778046476 ], [ 1.407886381681013, 52.444386733868924 ], [ 1.432192798659357, 52.44515635825941 ], [ 1.43324090803959, 52.455936877870968 ], [ 1.410990566749148, 52.461573915374359 ], [ 1.420122648702522, 52.471023586596225 ], [ 1.446487407615418, 52.455997345719993 ], [ 1.48005070046032, 52.47184270632652 ], [ 1.50807279706801, 52.461644753640179 ], [ 1.52181423539824, 52.461718066614822 ], [ 1.5293858880555, 52.468301780846829 ], [ 1.559327683661002, 52.457297474835997 ], [ 1.568875716977091, 52.474697976985013 ], [ 1.58655687675419, 52.478456618286856 ], [ 1.616832240974593, 52.463311582156933 ], [ 1.634762590856122, 52.462737938531205 ], [ 1.646544239664515, 52.471754533619837 ], [ 1.658642817747079, 52.468083965352804 ], [ 1.681468973011967, 52.489334709749372 ], [ 1.681218392403829, 52.474314987872411 ], [ 1.691075534685638, 52.470074949258247 ], [ 1.716795333027353, 52.472874672870738 ], [ 1.721780573812921, 52.476788815890252 ], [ 1.739092760023008, 52.470890250405887 ], [ 1.756172568032099, 52.471527708632841 ], [ 1.735166396002524, 52.449486026612746 ], [ 1.728506297660366, 52.400162286893462 ], [ 1.675497527811723, 52.313395065765022 ], [ 1.659612357918253, 52.324863482354779 ], [ 1.651780476459146, 52.324916341021215 ], [ 1.644971308214281, 52.329066601665829 ], [ 1.640623851493023, 52.329688331191932 ], [ 1.638731169025739, 52.331186774471604 ], [ 1.63453807915487, 52.332494313400979 ], [ 1.633207970808239, 52.331314684321086 ], [ 1.625953864607553, 52.334600519598169 ], [ 1.631102674774906, 52.331441549943925 ], [ 1.612202293063535, 52.32717437165789 ], [ 1.610557923233843, 52.319751889845229 ], [ 1.601878287886866, 52.329803390168927 ], [ 1.586303801051907, 52.319771094927987 ], [ 1.584563532744246, 52.320957301798771 ], [ 1.581270775338036, 52.32126146434846 ], [ 1.579852113006067, 52.323796027873776 ], [ 1.575901709798414, 52.327158371215418 ], [ 1.573511604286891, 52.328576370203365 ], [ 1.568829872988466, 52.330344277360396 ], [ 1.562557632842558, 52.331746268880352 ], [ 1.557630987200097, 52.332521817295415 ], [ 1.573396191460065, 52.32851060663436 ], [ 1.580476690307101, 52.321207309426164 ], [ 1.587443904389379, 52.319041149941611 ], [ 1.598871742436758, 52.323897468977293 ], [ 1.608001752000314, 52.315489233082666 ], [ 1.632268011559798, 52.321750704239051 ], [ 1.629807261592212, 52.326187090617417 ], [ 1.637239157216972, 52.327535920545927 ], [ 1.638052634040472, 52.330040174088843 ], [ 1.67287249529364, 52.313897776754708 ], [ 1.644960328019616, 52.294725652891799 ], [ 1.631450833433541, 52.272240647811941 ], [ 1.622255994856258, 52.186205423695078 ], [ 1.579659801172568, 52.086035612372918 ], [ 1.485490243924061, 52.055913366022587 ], [ 1.462122181363245, 52.040704037542945 ], [ 1.487997536706692, 52.05927056909244 ], [ 1.51742055290503, 52.067003976655357 ], [ 1.537524726926315, 52.074844993262879 ], [ 1.562500366553706, 52.085867035297326 ], [ 1.56771651354041, 52.091069118089266 ], [ 1.578023499732604, 52.090983045059644 ], [ 1.581351521138516, 52.091530399520217 ], [ 1.567700565512331, 52.091399711383602 ], [ 1.541502418561639, 52.079174227622929 ], [ 1.5408060872882, 52.089585925659847 ], [ 1.554805898889927, 52.089834225951201 ], [ 1.568770266835489, 52.098099922126387 ], [ 1.568715702791472, 52.109791238233655 ], [ 1.586843031056546, 52.119745622287198 ], [ 1.598332026899422, 52.14012473633548 ], [ 1.59315756847799, 52.145539265798632 ], [ 1.575415291237243, 52.144169481346502 ], [ 1.579888739565415, 52.154836381582605 ], [ 1.555547448424017, 52.158682052228315 ], [ 1.55739070456466, 52.162591292952129 ], [ 1.551694014122466, 52.166557118606541 ], [ 1.528949897486997, 52.16506016394942 ], [ 1.511198939757614, 52.155073929828326 ], [ 1.509118328145399, 52.164197994020689 ], [ 1.494717108738661, 52.165204336595004 ], [ 1.50151853609084, 52.164199208068169 ], [ 1.502276375649625, 52.163345584879075 ], [ 1.504922884523036, 52.163614086187138 ], [ 1.507116951865531, 52.162816642074183 ], [ 1.509830032855761, 52.158154899026073 ], [ 1.509236812508846, 52.157622997050076 ], [ 1.505038376839458, 52.163501816092854 ], [ 1.499205338895378, 52.159439625696407 ], [ 1.510753983816298, 52.151039605494319 ], [ 1.523376776219702, 52.151199776010984 ], [ 1.525028585161187, 52.157184886015656 ], [ 1.553235953526585, 52.150196895182418 ], [ 1.567523496732619, 52.156084841965324 ], [ 1.573383973041899, 52.142720889118834 ], [ 1.5953175220339, 52.141102771558977 ], [ 1.581703788905187, 52.119670852879949 ], [ 1.566240236136043, 52.111848679209373 ], [ 1.565489443082833, 52.100142184344051 ], [ 1.537451095465429, 52.090330787266417 ], [ 1.537871152305205, 52.081011290152446 ], [ 1.524956377614633, 52.081988690250732 ], [ 1.510798429241987, 52.069636507803025 ], [ 1.490600083567658, 52.073434685178896 ], [ 1.498245572777115, 52.08561232159223 ], [ 1.498170939235625, 52.091336043541467 ], [ 1.494217973809778, 52.094919944009426 ], [ 1.496121304396143, 52.097389150518367 ], [ 1.495706948693697, 52.09873805560612 ], [ 1.492113252562403, 52.102500095134133 ], [ 1.486267617788586, 52.099034960545666 ], [ 1.489990422377477, 52.102156465181594 ], [ 1.483171800289269, 52.103591492818069 ], [ 1.486733855817121, 52.105699664199527 ], [ 1.486344931668665, 52.113739770178015 ], [ 1.485636208241189, 52.113981114206119 ], [ 1.483601690551727, 52.11359607318105 ], [ 1.482544102817647, 52.103465242530675 ], [ 1.496519743095306, 52.086750136317285 ], [ 1.489368931078401, 52.073519749807659 ], [ 1.501287099712955, 52.070668107866183 ], [ 1.450985085132436, 52.044060465024835 ], [ 1.462193394472544, 52.045320681556738 ], [ 1.431223978334894, 52.004906433516943 ], [ 1.394431936738952, 51.987255903809611 ], [ 1.395558301861882, 51.998515122568584 ], [ 1.388502942785207, 51.999348121074441 ], [ 1.394576185272937, 51.998669382474134 ], [ 1.395420975991181, 51.998912242670322 ], [ 1.395149040688388, 51.999306756119964 ], [ 1.367129440585295, 52.007273242044953 ], [ 1.362988805609149, 52.022460901333758 ], [ 1.345226195929188, 52.030731936852064 ], [ 1.352631642625337, 52.038161067415366 ], [ 1.34100855128537, 52.053120831953358 ], [ 1.343673243611177, 52.064120807873906 ], [ 1.318957811475167, 52.080726445873786 ], [ 1.3316207018151, 52.098414993819844 ], [ 1.34865464943589, 52.102715087730559 ], [ 1.353309990269935, 52.10916107788794 ], [ 1.353276027769615, 52.110751338662382 ], [ 1.352469785092362, 52.111414682653823 ], [ 1.354567824527668, 52.112040317225052 ], [ 1.352271340852917, 52.112487954096814 ], [ 1.348068849120456, 52.103512446533649 ], [ 1.330925561454348, 52.100902681959788 ], [ 1.313726667277144, 52.077666414038937 ], [ 1.307533836533816, 52.079433396611961 ], [ 1.296667994770797, 52.07851396986716 ], [ 1.303810958722147, 52.078143796633412 ], [ 1.295320939448265, 52.077904089494417 ], [ 1.294599519041497, 52.075522821319041 ], [ 1.317394040568719, 52.076080003175846 ], [ 1.335050234344496, 52.048735942073073 ], [ 1.347359368012161, 52.042257836659829 ], [ 1.343117749171843, 52.037081596383864 ], [ 1.338678461746688, 52.045668568834152 ], [ 1.337667688154706, 52.024169260305122 ], [ 1.356345722378583, 52.022140546274393 ], [ 1.361545351239999, 52.00617726169687 ], [ 1.391434744634428, 51.989310334902498 ], [ 1.371852990740862, 51.966074628659563 ], [ 1.344891575803208, 51.956909072109013 ], [ 1.31901830435474, 51.932374879288609 ], [ 1.319655232006626, 51.950529194517571 ], [ 1.282825968564602, 51.968887641961238 ], [ 1.280285652247898, 51.993101835067428 ], [ 1.264126198585982, 51.995799745325655 ], [ 1.258339197322692, 52.002963014211907 ], [ 1.256859375199603, 51.996534444391585 ], [ 1.188301302686479, 52.014985165078933 ], [ 1.159898072892065, 52.031855715337677 ] ] ], [ [ [ 1.463297981924887, 52.048322073502391 ], [ 1.460571008942034, 52.045298230656563 ], [ 1.461248473403383, 52.04653216183997 ], [ 1.463297981924887, 52.048322073502391 ] ] ], [ [ [ 1.332793112046255, 52.05574347620005 ], [ 1.33194150975916, 52.055044437369702 ], [ 1.332188316932632, 52.055968363771832 ], [ 1.332793112046255, 52.05574347620005 ] ] ], [ [ [ 1.473785050718, 52.054911953719099 ], [ 1.484463271335229, 52.060805381571264 ], [ 1.485469226913733, 52.060475181313073 ], [ 1.47559688082343, 52.054757735063923 ], [ 1.473785050718, 52.054911953719099 ] ] ], [ [ [ 1.536249214653724, 52.076121889741991 ], [ 1.51498965550423, 52.067698114877231 ], [ 1.500028905163487, 52.065465213902485 ], [ 1.513787034381631, 52.069072428507262 ], [ 1.526161345639087, 52.080533241374404 ], [ 1.536249214653724, 52.076121889741991 ] ] ], [ [ [ 1.630300389964087, 52.328711140590052 ], [ 1.638671343596956, 52.330512211989628 ], [ 1.637075180260368, 52.330080200016162 ], [ 1.637047942568964, 52.328193036302046 ], [ 1.636055819604621, 52.327946573151443 ], [ 1.634273527741934, 52.329073656440848 ], [ 1.632674755248872, 52.328841350082165 ], [ 1.629023087146979, 52.326399201111059 ], [ 1.630618437378037, 52.324710379934565 ], [ 1.627805850291844, 52.32345666867726 ], [ 1.630051464168212, 52.324742215496435 ], [ 1.628637306190037, 52.325955031088547 ], [ 1.630300389964087, 52.328711140590052 ] ] ], [ [ [ 1.6960969288722, 52.544107699773896 ], [ 1.725979979287761, 52.530616556417321 ], [ 1.740433717126427, 52.532085004925527 ], [ 1.762915961379535, 52.481153622245706 ], [ 1.760139722173011, 52.47374290474761 ], [ 1.756570890315299, 52.47193241023043 ], [ 1.760495182234937, 52.475836413342734 ], [ 1.757619279258351, 52.476902066679983 ], [ 1.758623075856444, 52.475372477499 ], [ 1.754237819293524, 52.472745954437279 ], [ 1.72163250872062, 52.477599419195208 ], [ 1.687690917913656, 52.474527812864409 ], [ 1.683560678099271, 52.495209657858688 ], [ 1.674096446078359, 52.503348563066858 ], [ 1.654127421698771, 52.501665907678778 ], [ 1.645312149090493, 52.50883970938947 ], [ 1.650718811337322, 52.5135776179402 ], [ 1.628673399489608, 52.52313858195884 ], [ 1.636715032430296, 52.53741053112482 ], [ 1.659130344577557, 52.542225430012273 ], [ 1.665653415855023, 52.549629248008998 ], [ 1.6960969288722, 52.544107699773896 ] ] ] ] } },
{ "type": "Feature", "properties": { "area_name": "Telford and Wrekin" }, "geometry": { "type": "Polygon", "coordinates": [ [ [ -2.472987080220264, 52.820509598877251 ], [ -2.416347605062263, 52.826991171663053 ], [ -2.377655324885023, 52.811628162911433 ], [ -2.371415264197637, 52.7952698705123 ], [ -2.385000928503193, 52.789508300631582 ], [ -2.365859186815606, 52.783186328963069 ], [ -2.368867997668961, 52.777294246356412 ], [ -2.330135487262588, 52.757964006074005 ], [ -2.312209554279364, 52.740852363990697 ], [ -2.315578300045184, 52.732932592033059 ], [ -2.330072408269474, 52.72944738938363 ], [ -2.367296939270666, 52.733148566426841 ], [ -2.368823237686389, 52.740448787702483 ], [ -2.376811810853323, 52.739313443228824 ], [ -2.382598572359488, 52.72206358600728 ], [ -2.402503100513045, 52.703890679949168 ], [ -2.401965899539238, 52.68248085839538 ], [ -2.419030327982449, 52.662877163938496 ], [ -2.418296828993828, 52.633760114199291 ], [ -2.436636459157368, 52.627079217625926 ], [ -2.438042264547127, 52.614593470068797 ], [ -2.501775824462176, 52.629003835300125 ], [ -2.512738538970843, 52.640647232561342 ], [ -2.548460260270359, 52.654697389913075 ], [ -2.555650086319451, 52.671082833806182 ], [ -2.622552528366758, 52.699016753077544 ], [ -2.597421873174812, 52.718235813133631 ], [ -2.624286084334631, 52.719488080100469 ], [ -2.630235891696069, 52.726245639885562 ], [ -2.658279558724698, 52.730695074042778 ], [ -2.667364749806166, 52.750182540293842 ], [ -2.663418069635157, 52.760425974514177 ], [ -2.643131310722572, 52.767069632321025 ], [ -2.632333801233927, 52.759575474450706 ], [ -2.621006007323876, 52.776507130817294 ], [ -2.592247111426019, 52.776834922240099 ], [ -2.598009855371505, 52.797954084595446 ], [ -2.581245085627315, 52.806012979988829 ], [ -2.561317302375897, 52.799025154814558 ], [ -2.552945210156076, 52.802918309045147 ], [ -2.533812281378486, 52.794104472176009 ], [ -2.537516956324131, 52.785094554914032 ], [ -2.521991247195309, 52.798936839846782 ], [ -2.503029957430793, 52.796589785601569 ], [ -2.486508381147959, 52.805231141519201 ], [ -2.488375326365719, 52.800410463456672 ], [ -2.477122527633125, 52.79936403018209 ], [ -2.488214165047025, 52.780597213388646 ], [ -2.457606645877199, 52.783391868351096 ], [ -2.457747657853238, 52.79851535951893 ], [ -2.472987080220264, 52.820509598877251 ] ] ] } },
{ "type": "Feature", "properties": { "area_name": "Thurrock" }, "geometry": { "type": "MultiPolygon", "coordinates": [ [ [ [ 0.391779684989983, 51.567209857714268 ], [ 0.393502807209822, 51.557652772156267 ], [ 0.418649209022424, 51.556614458064374 ], [ 0.4276603038642, 51.545129236017097 ], [ 0.461587851622435, 51.553695021193668 ], [ 0.466734354277556, 51.546723235789116 ], [ 0.484812534403312, 51.54787318018623 ], [ 0.490682181263494, 51.540618778557459 ], [ 0.506190780936953, 51.53824060336823 ], [ 0.50194317477559, 51.534313973216349 ], [ 0.502281758214557, 51.530733692398009 ], [ 0.507443718820093, 51.536635488279146 ], [ 0.506839749707966, 51.531261382371603 ], [ 0.522165159462287, 51.51596416976826 ], [ 0.541243205529839, 51.512558320718696 ], [ 0.508136421459625, 51.505195140662821 ], [ 0.455566387983392, 51.506842151833297 ], [ 0.435610608706751, 51.50013211696988 ], [ 0.436353639558976, 51.501554705252524 ], [ 0.423347802422974, 51.514511035640439 ], [ 0.433592542400307, 51.501334156597437 ], [ 0.436226789239408, 51.501472804284703 ], [ 0.435280854432817, 51.50021720845465 ], [ 0.435905919821837, 51.499968599243651 ], [ 0.443600860749865, 51.501135881522856 ], [ 0.445572203076111, 51.498178250035153 ], [ 0.433949960635569, 51.461498077236762 ], [ 0.393580626970478, 51.452767790031302 ], [ 0.378301343346989, 51.456616790471777 ], [ 0.378729031417842, 51.452134863420618 ], [ 0.340815518244063, 51.452327156319186 ], [ 0.318707023829866, 51.474115494986236 ], [ 0.297777934871993, 51.472182195615794 ], [ 0.281374037208271, 51.461398801156008 ], [ 0.21052537299372, 51.490242487604007 ], [ 0.229936896747384, 51.499365211361621 ], [ 0.226604629107514, 51.506585152179284 ], [ 0.241891225324703, 51.507959389708141 ], [ 0.237148093147305, 51.519333471588901 ], [ 0.244877828867501, 51.518758593980785 ], [ 0.248936825155347, 51.528672931133272 ], [ 0.253806321470676, 51.517884986711046 ], [ 0.263654822551767, 51.517868860850676 ], [ 0.265319252175107, 51.532149091570879 ], [ 0.333995688173747, 51.540502424071178 ], [ 0.312980052697138, 51.56594007392335 ], [ 0.391779684989983, 51.567209857714268 ] ] ], [ [ [ 0.537378653384869, 51.518541703253021 ], [ 0.53678744085178, 51.516463525648042 ], [ 0.531914897158303, 51.516247778974083 ], [ 0.537378653384869, 51.518541703253021 ] ] ], [ [ [ 0.50920957984443, 51.535548194256052 ], [ 0.512617384480135, 51.530971353621659 ], [ 0.50910519238712, 51.530766861290161 ], [ 0.50920957984443, 51.535548194256052 ] ] ] ] } },
{ "type": "Feature", "properties": { "area_name": "Tyne and Wear" }, "geometry": { "type": "MultiPolygon", "coordinates": [ [ [ [ -1.358606414044159, 54.912992333736362 ], [ -1.350365405042643, 54.9058312854904 ], [ -1.361626497782278, 54.898289267253915 ], [ -1.347434160454847, 54.860621456515332 ], [ -1.421523113366206, 54.83946683693248 ], [ -1.412999310328384, 54.82329686379088 ], [ -1.422529940613812, 54.803165871656631 ], [ -1.493495920745088, 54.799988646694061 ], [ -1.48184301278741, 54.809642277364048 ], [ -1.504266859624262, 54.831220888575864 ], [ -1.506657152964516, 54.871132422048255 ], [ -1.518179780098759, 54.878114388039663 ], [ -1.506322943729974, 54.880634237211687 ], [ -1.500750600042088, 54.886838183613229 ], [ -1.496191792146497, 54.888269786415457 ], [ -1.493706615797376, 54.890654346866718 ], [ -1.486930878993298, 54.892273152666895 ], [ -1.480743068711525, 54.895415497482325 ], [ -1.472325391881329, 54.903260353900599 ], [ -1.466899813062338, 54.903149517215461 ], [ -1.464029081051823, 54.898781171310738 ], [ -1.460781531179902, 54.898275252659218 ], [ -1.449329052989683, 54.909092115432081 ], [ -1.423551964589458, 54.916158194363028 ], [ -1.407468490102373, 54.912857446768321 ], [ -1.395301524560265, 54.916602408997562 ], [ -1.392024235551925, 54.911508720620603 ], [ -1.387366280589016, 54.909680858610301 ], [ -1.372777777773723, 54.909489650350082 ], [ -1.352742228056433, 54.91915563315019 ], [ -1.358606414044159, 54.912992333736362 ] ] ], [ [ [ -1.36789435574015, 54.934672264932111 ], [ -1.363281833082941, 54.922947849043702 ], [ -1.360375918264626, 54.923188712698369 ], [ -1.357446695922761, 54.923029486349044 ], [ -1.35433613600653, 54.922308471366755 ], [ -1.352250915562821, 54.921285505537085 ], [ -1.363397538010416, 54.922734577160966 ], [ -1.373343140702, 54.910848623915022 ], [ -1.386992326336489, 54.910476971569814 ], [ -1.395807458579996, 54.917924134301742 ], [ -1.405867009772672, 54.914200294787925 ], [ -1.427610347253432, 54.917969259905597 ], [ -1.451896190285527, 54.908874560808719 ], [ -1.461673812604569, 54.89859912416636 ], [ -1.466696040262992, 54.903700390329107 ], [ -1.473457757443476, 54.903605848675873 ], [ -1.501254934577997, 54.887150285934055 ], [ -1.506584692000321, 54.881025311662185 ], [ -1.541555917403362, 54.873450975989769 ], [ -1.561797623250955, 54.875708439552383 ], [ -1.559398876005501, 54.882028906806823 ], [ -1.579897624997714, 54.877761934741443 ], [ -1.594152830829676, 54.902010722256442 ], [ -1.645418733693846, 54.878802840097407 ], [ -1.650000331904836, 54.893618481248893 ], [ -1.659939637772192, 54.890656918055058 ], [ -1.678122320669311, 54.89983744498484 ], [ -1.674766335902262, 54.909552640466522 ], [ -1.691678552779732, 54.902590037733411 ], [ -1.698401889521478, 54.908992585861057 ], [ -1.724896323916093, 54.908792988648308 ], [ -1.73757935576816, 54.918692475171504 ], [ -1.769240904412664, 54.906707796847833 ], [ -1.78174628202594, 54.911535852073591 ], [ -1.794915682754431, 54.903539375174823 ], [ -1.821002754316487, 54.905654583453824 ], [ -1.852711155433837, 54.917406224489703 ], [ -1.841138860132876, 54.929718155229601 ], [ -1.826940867214902, 54.930218209536712 ], [ -1.833691829575582, 54.953285446323981 ], [ -1.822986927458247, 54.955746065954713 ], [ -1.812800987190281, 54.976314672367295 ], [ -1.792098584194232, 54.983638998625985 ], [ -1.772530717386735, 54.980515466545086 ], [ -1.750474590926435, 54.981825594143722 ], [ -1.718888504629292, 54.966784814576201 ], [ -1.709750754887265, 54.966190946948927 ], [ -1.70145789243397, 54.970283894717163 ], [ -1.679874844498151, 54.963581021240145 ], [ -1.686739518528713, 54.959097665732259 ], [ -1.684983727511335, 54.956764793350722 ], [ -1.689438260427904, 54.956433864694105 ], [ -1.69181741408201, 54.955699444081418 ], [ -1.696488302724882, 54.952741221005397 ], [ -1.698854862078938, 54.95030193606646 ], [ -1.699334997642952, 54.948726931192823 ], [ -1.696465316844882, 54.952476068790226 ], [ -1.684023017057349, 54.957009425249083 ], [ -1.676304664028744, 54.963953494954282 ], [ -1.637381167722273, 54.957826543939511 ], [ -1.638277692499962, 54.956067901311663 ], [ -1.636903200926363, 54.955413201258814 ], [ -1.635014201113424, 54.955367112080424 ], [ -1.635223583624338, 54.953626198110193 ], [ -1.634706623708174, 54.953123212642112 ], [ -1.633192765553688, 54.952873333195832 ], [ -1.635633985168633, 54.952790804458189 ], [ -1.635905711965214, 54.951921745226443 ], [ -1.634539108977903, 54.951277824880734 ], [ -1.633709374982335, 54.951522453040475 ], [ -1.633521170414673, 54.950412978250078 ], [ -1.627921092965523, 54.947839382745485 ], [ -1.633633558267076, 54.951618378086621 ], [ -1.635671545818718, 54.951917449849198 ], [ -1.635585451580314, 54.952632500489266 ], [ -1.633321630996565, 54.952267147183939 ], [ -1.632985184954915, 54.953035359093462 ], [ -1.634606481490368, 54.953318813017809 ], [ -1.634535338832318, 54.955309959957205 ], [ -1.637713112011607, 54.957033145557894 ], [ -1.619546305989799, 54.960625238273984 ], [ -1.598130240627645, 54.969433049441363 ], [ -1.554005178640054, 54.958173176047467 ], [ -1.538213870469973, 54.96064841117645 ], [ -1.530067845047071, 54.980607249624008 ], [ -1.519266214349621, 54.985461692244129 ], [ -1.472291616098753, 54.986215146139109 ], [ -1.480428736931685, 54.974948972372005 ], [ -1.470286028035962, 54.979851315366631 ], [ -1.456460026318404, 54.97717263479997 ], [ -1.471806714373875, 54.986131267397141 ], [ -1.449590758542319, 54.984340704107723 ], [ -1.438733751516132, 55.004717898962923 ], [ -1.423816314548852, 55.008151965801552 ], [ -1.418644470056286, 55.003255004265434 ], [ -1.409555232892515, 55.008350527001731 ], [ -1.400921901409053, 55.011344821461023 ], [ -1.41411450268202, 55.005246219170445 ], [ -1.410880791171212, 54.998875492277648 ], [ -1.380645271999361, 54.985672735866579 ], [ -1.35319817852645, 54.957559813412324 ], [ -1.36789435574015, 54.934672264932111 ] ] ], [ [ [ -1.654554773045178, 55.079163906525281 ], [ -1.637879735233613, 55.064761995390974 ], [ -1.578525494942882, 55.063074066630854 ], [ -1.566622102127635, 55.054609587866459 ], [ -1.539854256903571, 55.061583541659331 ], [ -1.532325692191908, 55.054142183717751 ], [ -1.510270390834436, 55.055001764120099 ], [ -1.508784516131127, 55.04811954874809 ], [ -1.487800152248921, 55.05358479557686 ], [ -1.49227296004339, 55.065909203392721 ], [ -1.461758404873224, 55.074314197961257 ], [ -1.451373639833011, 55.07005336005858 ], [ -1.451818896945197, 55.055458177621873 ], [ -1.428548919445162, 55.037875701274025 ], [ -1.420663683427666, 55.01958014611882 ], [ -1.402784409286925, 55.014492887511025 ], [ -1.429826715016613, 55.013220674136768 ], [ -1.456496602276474, 54.988581826593986 ], [ -1.501768577280899, 54.988519452305063 ], [ -1.504765317173368, 54.992513503749137 ], [ -1.507606546448089, 54.993680665245485 ], [ -1.514487812928355, 54.995885343150114 ], [ -1.517734094333764, 54.996344302163251 ], [ -1.502656883037542, 54.988720783453829 ], [ -1.530888918022389, 54.984832172535626 ], [ -1.537500248755276, 54.96445050423857 ], [ -1.551612184069873, 54.960051506219187 ], [ -1.580646872161298, 54.966070705128026 ], [ -1.588036276430697, 54.970808348868957 ], [ -1.588490355872422, 54.972079645763444 ], [ -1.589508972742619, 54.972376936723272 ], [ -1.590159869029832, 54.973349647736818 ], [ -1.591277240904704, 54.973772165417728 ], [ -1.5916529410313, 54.974620831768483 ], [ -1.590778231959568, 54.975067207442947 ], [ -1.591106927257088, 54.975775531470198 ], [ -1.592804618594176, 54.976290744272923 ], [ -1.591024464463284, 54.975588340033397 ], [ -1.591813492066894, 54.97465641676397 ], [ -1.591644968952816, 54.973712293100881 ], [ -1.588421356474853, 54.970576907156776 ], [ -1.596807639195554, 54.970948254014694 ], [ -1.634096430756242, 54.960139664791008 ], [ -1.709795734536575, 54.974475466544256 ], [ -1.702562904740584, 54.971257113405379 ], [ -1.720223541481914, 54.968195135102789 ], [ -1.746886296602101, 54.982192913531321 ], [ -1.769835219292707, 54.981377571051006 ], [ -1.773829321569252, 55.00413269243878 ], [ -1.756549811327977, 55.003256481839323 ], [ -1.750231650014736, 55.024014307787816 ], [ -1.694901629729228, 55.042886821074262 ], [ -1.697913154374237, 55.052372890433588 ], [ -1.710526545931204, 55.052744078392031 ], [ -1.713746392423043, 55.065473312492067 ], [ -1.654554773045178, 55.079163906525281 ] ] ] ] } },
{ "type": "Feature", "properties": { "area_name": "Warrington" }, "geometry": { "type": "Polygon", "coordinates": [ [ [ -2.478154078845243, 53.443401387552143 ], [ -2.448995240845176, 53.422858825954634 ], [ -2.462101804276538, 53.403835627169762 ], [ -2.478454700428588, 53.396201851583328 ], [ -2.448439366267018, 53.394783153687399 ], [ -2.425382170846081, 53.386706783311354 ], [ -2.439881209615624, 53.366646336661617 ], [ -2.458843125124376, 53.368269281633204 ], [ -2.464996679709662, 53.36351470688686 ], [ -2.486879358448882, 53.367887601538889 ], [ -2.544530286703402, 53.330509478290345 ], [ -2.551665486122593, 53.332358039489051 ], [ -2.563088963187121, 53.323064177603548 ], [ -2.586290959461909, 53.329381162948764 ], [ -2.592586592065598, 53.32243406116126 ], [ -2.61912629510293, 53.331055244168681 ], [ -2.606607257136015, 53.342980289123979 ], [ -2.614137723198979, 53.347645589487428 ], [ -2.631468088386851, 53.346018027871366 ], [ -2.630622525652861, 53.364034220795823 ], [ -2.675187712752333, 53.354439310097824 ], [ -2.65676844131837, 53.374082839702055 ], [ -2.642327676180307, 53.372446390607138 ], [ -2.63819477180262, 53.377601145506645 ], [ -2.6231216395463, 53.374381036972217 ], [ -2.607693806708041, 53.386726626873667 ], [ -2.609502711156844, 53.38105540253774 ], [ -2.607747461887868, 53.376140325635781 ], [ -2.606007823502544, 53.374518615816605 ], [ -2.597792612471655, 53.372640060371111 ], [ -2.591164886956004, 53.385706733205787 ], [ -2.577971384568646, 53.383462160021146 ], [ -2.577938885276684, 53.384947252724608 ], [ -2.591459353601015, 53.386016283741128 ], [ -2.600608719000725, 53.374200745966377 ], [ -2.607584706187643, 53.387089427877228 ], [ -2.623297378634493, 53.375298769186962 ], [ -2.637356695708785, 53.378554836650352 ], [ -2.656540931380929, 53.375415327745763 ], [ -2.674487985390648, 53.356747098231786 ], [ -2.693378115146436, 53.361800184248587 ], [ -2.697354984731777, 53.381536168108809 ], [ -2.676316993756312, 53.387603312834528 ], [ -2.666856394124441, 53.416247900414795 ], [ -2.672320142383953, 53.422008679516509 ], [ -2.663784490405671, 53.428444705180283 ], [ -2.675268392253481, 53.43294926106806 ], [ -2.668772535271716, 53.441027990743336 ], [ -2.682067265994287, 53.438871016308589 ], [ -2.677168039468756, 53.452736956192915 ], [ -2.639540738422963, 53.444406062380253 ], [ -2.627463060597413, 53.43439655009756 ], [ -2.596231048465773, 53.442649960814585 ], [ -2.598685596821478, 53.450397563098257 ], [ -2.585296402710668, 53.439790842458819 ], [ -2.570390181255374, 53.458459516237696 ], [ -2.549076105488052, 53.461469913442443 ], [ -2.552639070984584, 53.467797620145532 ], [ -2.496335728550663, 53.480913759800366 ], [ -2.478154078845243, 53.443401387552143 ] ] ] } },
{ "type": "Feature", "properties": { "area_name": "Warwickshire" }, "geometry": { "type": "Polygon", "coordinates": [ [ [ -1.869937439434114, 52.368017974719038 ], [ -1.807918024927739, 52.366608446311716 ], [ -1.777688221013409, 52.347724723467351 ], [ -1.771868279216756, 52.355861437084428 ], [ -1.779232650916847, 52.3645248383623 ], [ -1.762808099923346, 52.364260208904369 ], [ -1.743581745518548, 52.355360295377785 ], [ -1.735242394002221, 52.370047132718376 ], [ -1.720267269870941, 52.37255868370643 ], [ -1.717738712090009, 52.367822958299215 ], [ -1.720834115637504, 52.35905230785432 ], [ -1.718555750688274, 52.355722343164203 ], [ -1.698101164770246, 52.355716856502553 ], [ -1.693894810931108, 52.35099788606297 ], [ -1.684056317578544, 52.363238215878539 ], [ -1.660898183226134, 52.365654479914049 ], [ -1.651320688878785, 52.356405404241428 ], [ -1.623411384057067, 52.365535668918618 ], [ -1.601077382750715, 52.389283698343796 ], [ -1.567808767448889, 52.384761642764609 ], [ -1.552423733492983, 52.363875955607298 ], [ -1.524661686323417, 52.379384500329287 ], [ -1.513923098142277, 52.369045273455647 ], [ -1.504509128158293, 52.377790533671359 ], [ -1.464023439758189, 52.373250124388804 ], [ -1.46314090097622, 52.379652549164717 ], [ -1.43266758469331, 52.395021094734631 ], [ -1.438063505983086, 52.410102719526961 ], [ -1.42415419133636, 52.433982021895126 ], [ -1.44666296023398, 52.442584202987426 ], [ -1.443655498138745, 52.447404088324646 ], [ -1.462021874824321, 52.457824032352519 ], [ -1.492814414467479, 52.458424787608827 ], [ -1.505042218428307, 52.450072627329689 ], [ -1.539800001100923, 52.464782192107158 ], [ -1.561201103739822, 52.455206344992106 ], [ -1.594013268291323, 52.461444765353512 ], [ -1.598555280950358, 52.454315865007452 ], [ -1.62446037527385, 52.463523081278986 ], [ -1.641405088764744, 52.443328245910017 ], [ -1.662294623033144, 52.444284199540441 ], [ -1.666593925431608, 52.435456463248244 ], [ -1.677161984947035, 52.436341614019206 ], [ -1.757084487847041, 52.517811931801127 ], [ -1.728858098218018, 52.524451784914056 ], [ -1.749093472928065, 52.531406904842356 ], [ -1.756005680302833, 52.555366788407454 ], [ -1.774237145137116, 52.564612120599996 ], [ -1.763553238626519, 52.570963293516172 ], [ -1.778006375309733, 52.575147237772534 ], [ -1.788088479602945, 52.587846723934049 ], [ -1.742414893784991, 52.594308972329628 ], [ -1.729317160993029, 52.587916802890803 ], [ -1.68866496885955, 52.588666546602596 ], [ -1.685906848482112, 52.593331281582365 ], [ -1.665646796708538, 52.592234845565592 ], [ -1.648872409301092, 52.598593390624274 ], [ -1.636023602532778, 52.619599773701701 ], [ -1.644126302282136, 52.620774165994384 ], [ -1.64243042523052, 52.640923235745419 ], [ -1.632950361117316, 52.643558835477499 ], [ -1.644950444768714, 52.657499805609625 ], [ -1.604271593162747, 52.673704490808831 ], [ -1.589651364712147, 52.68724366080275 ], [ -1.552812860831208, 52.668445134164905 ], [ -1.542428688647334, 52.653609284184 ], [ -1.546999946047546, 52.642252972393315 ], [ -1.571367255845372, 52.635113084527923 ], [ -1.566936896748183, 52.620632398293374 ], [ -1.554467839876077, 52.614718536350637 ], [ -1.560765207457065, 52.596138473781885 ], [ -1.52716402122746, 52.582720351375258 ], [ -1.522876993713951, 52.570582995968337 ], [ -1.307837172728517, 52.494522285682393 ], [ -1.240755340294694, 52.440117794609378 ], [ -1.172140375118295, 52.361284443903607 ], [ -1.179248408901486, 52.354360171517875 ], [ -1.222513672237133, 52.349180219728183 ], [ -1.262456440813317, 52.334066274232299 ], [ -1.265279200648985, 52.328360584561317 ], [ -1.247648680468542, 52.321939310614262 ], [ -1.209247889875261, 52.315187623801691 ], [ -1.233797151451147, 52.290311901045555 ], [ -1.223581919012174, 52.286822541355761 ], [ -1.215899132590971, 52.264019586827622 ], [ -1.235173832592906, 52.249255905644901 ], [ -1.264812930198864, 52.241866041223275 ], [ -1.266905272128991, 52.235227868906492 ], [ -1.284657889345793, 52.238562539030418 ], [ -1.275290096108133, 52.221999726676344 ], [ -1.260931155123151, 52.215978758531811 ], [ -1.2549966053424, 52.197817380497852 ], [ -1.313148154097425, 52.190453466460916 ], [ -1.331495753473137, 52.17412314926716 ], [ -1.348722201504648, 52.135119348866048 ], [ -1.364062565174987, 52.136694574580922 ], [ -1.392151688841059, 52.120709857949791 ], [ -1.390620645267086, 52.116773051542893 ], [ -1.370856285342116, 52.11752161339313 ], [ -1.357784527406832, 52.101298547952993 ], [ -1.385414298619816, 52.094133638352687 ], [ -1.424975648912719, 52.118264435354845 ], [ -1.453471192479473, 52.112995624896165 ], [ -1.447200954942775, 52.097612204736102 ], [ -1.477116768082422, 52.101352955315733 ], [ -1.480160392580389, 52.09346453875132 ], [ -1.487816692368787, 52.093943968098635 ], [ -1.490677887489517, 52.077122266227356 ], [ -1.501867967075767, 52.071613830794156 ], [ -1.49736632454756, 52.058942150233854 ], [ -1.524942469753449, 51.993196685482658 ], [ -1.541755752089319, 51.996421715073538 ], [ -1.557237396936602, 51.991647453626882 ], [ -1.549685241400575, 51.980849682006102 ], [ -1.58058648926517, 51.97298618258376 ], [ -1.600314570330305, 51.97693156997282 ], [ -1.59164705987133, 51.970440175774215 ], [ -1.612355444645536, 51.955393882185525 ], [ -1.669900057536946, 51.993079518721999 ], [ -1.618746015762037, 52.029074177846823 ], [ -1.624430743330929, 52.03896959192415 ], [ -1.663879017766653, 52.03126494069376 ], [ -1.69399278714155, 52.039515849757571 ], [ -1.688648721504267, 52.051820859534502 ], [ -1.705153013029805, 52.059694113848167 ], [ -1.701743228565537, 52.072796565508263 ], [ -1.709893983631449, 52.073336546422574 ], [ -1.712544627184807, 52.066570404894136 ], [ -1.73068296408534, 52.073386729969059 ], [ -1.728571831350756, 52.100107305559085 ], [ -1.738552763744567, 52.091395499783864 ], [ -1.750188104460042, 52.094884769716437 ], [ -1.767659399534529, 52.112579698670615 ], [ -1.757409053619064, 52.115931429879971 ], [ -1.793328099488052, 52.121765396965756 ], [ -1.785558201451082, 52.132045680173192 ], [ -1.808443545417257, 52.139862699254266 ], [ -1.823226856386615, 52.136369567797566 ], [ -1.823357186391676, 52.145912266201918 ], [ -1.839681163642265, 52.152700877451636 ], [ -1.851912838239442, 52.147957284938634 ], [ -1.845819449035242, 52.142641512631286 ], [ -1.854197173362895, 52.138508432963739 ], [ -1.866971126752191, 52.144627142133125 ], [ -1.866936004089254, 52.152995433189545 ], [ -1.885485195032029, 52.156404261099773 ], [ -1.895053449842086, 52.15083815488299 ], [ -1.885126786329163, 52.146840755408135 ], [ -1.903561825172368, 52.133496472316224 ], [ -1.905108421502768, 52.142724657792499 ], [ -1.921895028197454, 52.152994156441174 ], [ -1.944310128021304, 52.155320962115347 ], [ -1.935490371698914, 52.169544767856237 ], [ -1.961973117182369, 52.17072407403942 ], [ -1.941358824298225, 52.177806424991211 ], [ -1.935641007279017, 52.204108474629614 ], [ -1.92012517593031, 52.210250244467055 ], [ -1.917300663807451, 52.218949182262023 ], [ -1.937408784322145, 52.276139018618991 ], [ -1.915984624468128, 52.275019964376568 ], [ -1.886400876958993, 52.286682625114075 ], [ -1.875237947025887, 52.304244618661279 ], [ -1.880942655807144, 52.310918544603709 ], [ -1.86667813193557, 52.318239356002827 ], [ -1.864838823017171, 52.333078292882199 ], [ -1.888981602390551, 52.361078987221461 ], [ -1.869937439434114, 52.368017974719038 ] ] ] } },
{ "type": "Feature", "properties": { "area_name": "West Midlands" }, "geometry": { "type": "Polygon", "coordinates": [ [ [ -1.539800001100923, 52.464782192107158 ], [ -1.505042218428307, 52.450072627329689 ], [ -1.492814414467479, 52.458424787608827 ], [ -1.463929287719736, 52.458300172454102 ], [ -1.443655498138745, 52.447404088324646 ], [ -1.44666296023398, 52.442584202987426 ], [ -1.42415419133636, 52.433982021895126 ], [ -1.438063505983086, 52.410102719526961 ], [ -1.43266758469331, 52.395021094734631 ], [ -1.46314090097622, 52.379652549164717 ], [ -1.464023439758189, 52.373250124388804 ], [ -1.504509128158293, 52.377790533671359 ], [ -1.513923098142277, 52.369045273455647 ], [ -1.524661686323417, 52.379384500329287 ], [ -1.552423733492983, 52.363875955607298 ], [ -1.567808767448889, 52.384761642764609 ], [ -1.601077382750715, 52.389283698343796 ], [ -1.623411384057067, 52.365535668918618 ], [ -1.636468990050282, 52.365153087008643 ], [ -1.648428507567933, 52.356727681061507 ], [ -1.660898183226134, 52.365654479914049 ], [ -1.684566777322942, 52.363114614854041 ], [ -1.693894810931108, 52.35099788606297 ], [ -1.698101164770246, 52.355716856502553 ], [ -1.718555750688274, 52.355722343164203 ], [ -1.720267269870941, 52.37255868370643 ], [ -1.735242394002221, 52.370047132718376 ], [ -1.743581745518548, 52.355360295377785 ], [ -1.762808099923346, 52.364260208904369 ], [ -1.779232650916847, 52.3645248383623 ], [ -1.771868279216756, 52.355861437084428 ], [ -1.777688221013409, 52.347724723467351 ], [ -1.807918024927739, 52.366608446311716 ], [ -1.87204184668641, 52.367584245475776 ], [ -1.845605128881908, 52.399412791043119 ], [ -1.863459523759537, 52.404612108532795 ], [ -1.882704427606487, 52.399798757248412 ], [ -1.885945890445847, 52.404673646558969 ], [ -1.913681937472429, 52.407449847572877 ], [ -1.934322631786073, 52.387221890308133 ], [ -1.953621652040356, 52.393355946326835 ], [ -2.000126131634389, 52.381649042001044 ], [ -2.033443316058743, 52.403019080394529 ], [ -1.986043897798401, 52.416711365874164 ], [ -2.024773089522392, 52.434867592728573 ], [ -2.03699453808832, 52.427531204036157 ], [ -2.037887562051095, 52.441542776804752 ], [ -2.058497008466178, 52.440752201564322 ], [ -2.060719232537143, 52.42752314749373 ], [ -2.068057904901036, 52.435180442282366 ], [ -2.086056010052835, 52.432910379642884 ], [ -2.09328635494631, 52.445267961569613 ], [ -2.13603229586156, 52.426253864211944 ], [ -2.164856444444327, 52.430189831756863 ], [ -2.176425681585014, 52.45453788193079 ], [ -2.167425396788353, 52.471526788542576 ], [ -2.191754091612237, 52.503382583478256 ], [ -2.178248874524728, 52.511634004134891 ], [ -2.14412965272842, 52.517154506717546 ], [ -2.152215631544796, 52.525681177460335 ], [ -2.135569629606766, 52.534493560403035 ], [ -2.133492902546441, 52.554051580445162 ], [ -2.14096282406818, 52.558524345343855 ], [ -2.175540391801968, 52.554392166459621 ], [ -2.180342602812119, 52.574489817510958 ], [ -2.201808265958657, 52.578764856621326 ], [ -2.206700898050507, 52.585164348987973 ], [ -2.189314434259338, 52.588593400815867 ], [ -2.196701049134608, 52.606144704274762 ], [ -2.169162190375905, 52.60932292577106 ], [ -2.168467342472125, 52.619877898419297 ], [ -2.151558980613973, 52.624575442102994 ], [ -2.152987792479533, 52.629737309981671 ], [ -2.137243943933701, 52.629630771131048 ], [ -2.131649272225045, 52.637607425885349 ], [ -2.101247104659757, 52.635037542963666 ], [ -2.081008247657298, 52.611889287694467 ], [ -2.06733158686504, 52.612060595599139 ], [ -2.059347561977566, 52.621663238122714 ], [ -2.030129040204482, 52.616938538750205 ], [ -2.035515177490891, 52.62178340619608 ], [ -2.00385215424112, 52.637136902151333 ], [ -1.960969309687234, 52.642798646725268 ], [ -1.959951347386115, 52.662020973867683 ], [ -1.945408355474688, 52.65628247779636 ], [ -1.933575210316034, 52.661593861964924 ], [ -1.923690132302025, 52.655511802297262 ], [ -1.912848830741088, 52.658217438558736 ], [ -1.908666389880718, 52.653983749670452 ], [ -1.918021007183026, 52.649878681278423 ], [ -1.905090158520235, 52.643191505647572 ], [ -1.915991384575646, 52.635269881650331 ], [ -1.885653064651809, 52.614768623388365 ], [ -1.892272523717119, 52.599136212700721 ], [ -1.875160816184565, 52.585677016985706 ], [ -1.848708760167552, 52.604592221990764 ], [ -1.828066251052198, 52.608704795336017 ], [ -1.796535343070922, 52.599106856881178 ], [ -1.778839765063168, 52.575798759891178 ], [ -1.763553238626519, 52.570963293516172 ], [ -1.774237145137116, 52.564612120599996 ], [ -1.756005680302833, 52.555366788407454 ], [ -1.749093472928065, 52.531406904842356 ], [ -1.728858098218018, 52.524451784914056 ], [ -1.757084487847041, 52.517811931801127 ], [ -1.677161984947035, 52.436341614019206 ], [ -1.666593925431608, 52.435456463248244 ], [ -1.662294623033144, 52.444284199540441 ], [ -1.641405088764744, 52.443328245910017 ], [ -1.62446037527385, 52.463523081278986 ], [ -1.598555280950358, 52.454315865007452 ], [ -1.594013268291323, 52.461444765353512 ], [ -1.561201103739822, 52.455206344992106 ], [ -1.539800001100923, 52.464782192107158 ] ] ] } },
{ "type": "Feature", "properties": { "area_name": "West Yorkshire" }, "geometry": { "type": "Polygon", "coordinates": [ [ [ -1.299737769981393, 53.741628874793406 ], [ -1.271957623472214, 53.724906114076404 ], [ -1.269025982466723, 53.715144066767174 ], [ -1.229569491279568, 53.714887055564027 ], [ -1.226072053922267, 53.70986611366861 ], [ -1.219808317819438, 53.714400563854497 ], [ -1.218439420519743, 53.707076937341242 ], [ -1.198814444065784, 53.700713921253978 ], [ -1.198988820227637, 53.694878939645186 ], [ -1.244413687217958, 53.6924109563871 ], [ -1.255365457995608, 53.644777303825684 ], [ -1.227889082380159, 53.617325176008585 ], [ -1.248176981277304, 53.616275003922084 ], [ -1.247216575147896, 53.600744982790538 ], [ -1.257695676740121, 53.59983157637916 ], [ -1.258082583350878, 53.591977142676861 ], [ -1.27669114815811, 53.589953575817049 ], [ -1.307937110640823, 53.575385529452859 ], [ -1.351432241546087, 53.581063557265139 ], [ -1.356157250167954, 53.595354618474751 ], [ -1.376788619555355, 53.606473704588488 ], [ -1.400208803311696, 53.598635894915653 ], [ -1.446807254634366, 53.612799441378691 ], [ -1.483828125157477, 53.59481096424831 ], [ -1.495070802288608, 53.603174037614558 ], [ -1.496560477991446, 53.597355855741355 ], [ -1.518685035861459, 53.599695725587068 ], [ -1.530787370038832, 53.593133731788456 ], [ -1.560467754155423, 53.60755758879035 ], [ -1.58997681331282, 53.607097793586703 ], [ -1.587994587564359, 53.593512332316152 ], [ -1.602483836376511, 53.584953183361286 ], [ -1.596195950992898, 53.57697026267715 ], [ -1.615695899776766, 53.563026987474473 ], [ -1.648923812784592, 53.561982133773007 ], [ -1.669533337408112, 53.553218722418343 ], [ -1.723216995031349, 53.559928956720341 ], [ -1.741577301833791, 53.541082758734106 ], [ -1.771783617568109, 53.533842895281317 ], [ -1.804283438382155, 53.536997821054634 ], [ -1.822229640309268, 53.521075036513501 ], [ -1.839535694499821, 53.519806946103607 ], [ -1.873493750885763, 53.540413902672391 ], [ -1.894110879866384, 53.533595549203419 ], [ -1.909622293364253, 53.538374768104923 ], [ -1.912886024914683, 53.551627794126894 ], [ -1.942727457450271, 53.561625472830698 ], [ -1.94640174090948, 53.571490035459838 ], [ -1.978245544532647, 53.586772889216697 ], [ -2.009471964137068, 53.616764623107194 ], [ -2.023037157853333, 53.615824379977276 ], [ -2.029997658795647, 53.636154165358306 ], [ -2.04114380426994, 53.640830084337303 ], [ -2.035709890719254, 53.659312435009511 ], [ -2.05291810489549, 53.670301242101658 ], [ -2.051242230665624, 53.68367632508587 ], [ -2.083167276209585, 53.678059634167504 ], [ -2.09290665720104, 53.670145582452491 ], [ -2.118085055889836, 53.671229790174309 ], [ -2.134127084574707, 53.685718827471902 ], [ -2.142257652232621, 53.677990416157009 ], [ -2.145254392459008, 53.692279743618926 ], [ -2.162582841959915, 53.699206156648522 ], [ -2.173293689123188, 53.722996996562202 ], [ -2.14540701030162, 53.736040771998589 ], [ -2.131301987719187, 53.751361926913013 ], [ -2.13636174569531, 53.780090040501861 ], [ -2.124814201154105, 53.78804082772772 ], [ -2.128356973997117, 53.79901678274576 ], [ -2.046922238450509, 53.829496120778821 ], [ -2.046127643579235, 53.850127239861344 ], [ -2.021627758981209, 53.871483074858908 ], [ -1.980195748800426, 53.871101496819904 ], [ -1.979346951674341, 53.901165171736643 ], [ -1.95256390903407, 53.903519180595119 ], [ -1.953222988445098, 53.91169203573741 ], [ -1.976863855604499, 53.926403760604671 ], [ -1.963073042345468, 53.933390120929744 ], [ -1.966171661866152, 53.951547155659952 ], [ -1.949358383344587, 53.952998191837708 ], [ -1.950679713004775, 53.956728642243441 ], [ -1.927976196948508, 53.950444695629216 ], [ -1.906270002826405, 53.958364131262258 ], [ -1.893134677145264, 53.955369272017812 ], [ -1.882238400688935, 53.963122700628986 ], [ -1.874147469429323, 53.945073453337621 ], [ -1.852226657227449, 53.930958436505328 ], [ -1.836196843611181, 53.931405943447849 ], [ -1.847685995969886, 53.94075841707167 ], [ -1.805085806664919, 53.939008142790733 ], [ -1.798006256105917, 53.929699516774519 ], [ -1.782440012872732, 53.92942609918871 ], [ -1.772276681463044, 53.920872481874007 ], [ -1.745622260635706, 53.922988696333327 ], [ -1.729013836652142, 53.910306563554876 ], [ -1.717954462053567, 53.908527598059862 ], [ -1.71642858507833, 53.917619676591023 ], [ -1.70707898327784, 53.919116196413746 ], [ -1.687015190347962, 53.91637377740161 ], [ -1.684622901578479, 53.910573074994808 ], [ -1.655078385764407, 53.912469236589608 ], [ -1.652024417787933, 53.905707870018837 ], [ -1.620532146669899, 53.903379964719434 ], [ -1.599988055039626, 53.909761216981529 ], [ -1.586852994672153, 53.90123672321171 ], [ -1.582894405357302, 53.909344481288599 ], [ -1.567733397042237, 53.910784678894935 ], [ -1.562877471362633, 53.903914759617138 ], [ -1.551221926136836, 53.903047599941907 ], [ -1.548787407888921, 53.910898378753195 ], [ -1.528590307811773, 53.908683517040423 ], [ -1.498774946750068, 53.91529116592956 ], [ -1.463093720649704, 53.905998116188243 ], [ -1.440439758231668, 53.913886790561214 ], [ -1.434401977420515, 53.910162686980499 ], [ -1.432338078138576, 53.927434901088674 ], [ -1.406703630688555, 53.927833261319869 ], [ -1.409191154882169, 53.935449280910127 ], [ -1.397176440653807, 53.942518808251577 ], [ -1.340399478491964, 53.945871483206901 ], [ -1.344706127606458, 53.939484861067335 ], [ -1.306956524738228, 53.934407001981654 ], [ -1.30898683655966, 53.924080747139463 ], [ -1.29417495032407, 53.927046958137105 ], [ -1.307304611782357, 53.921477132652875 ], [ -1.297198422251396, 53.921664708920012 ], [ -1.300583021591309, 53.90746816698956 ], [ -1.321777165585676, 53.902903365202874 ], [ -1.312598446050498, 53.865299232811218 ], [ -1.352965312521012, 53.856733255950942 ], [ -1.326553081360291, 53.840405888040777 ], [ -1.325338397187544, 53.835040371466448 ], [ -1.336092658687707, 53.83357236482923 ], [ -1.303619634357207, 53.816518554730543 ], [ -1.314868320013239, 53.809540210202883 ], [ -1.313806744441005, 53.781538744502647 ], [ -1.290544256837825, 53.762751998028847 ], [ -1.294938312683697, 53.755445323725318 ], [ -1.312235123762227, 53.75587114740329 ], [ -1.315353196886807, 53.743663212979627 ], [ -1.299737769981393, 53.741628874793406 ] ] ] } },
{ "type": "Feature", "properties": { "area_name": "Worcestershire" }, "geometry": { "type": "Polygon", "coordinates": [ [ [ -1.937408784322145, 52.276139018618991 ], [ -1.917300663807451, 52.218949182262023 ], [ -1.92012517593031, 52.210250244467055 ], [ -1.935641007279017, 52.204108474629614 ], [ -1.941358824298225, 52.177806424991211 ], [ -1.961676227462802, 52.172516670532303 ], [ -1.960414792663091, 52.168659361373692 ], [ -1.935490371698914, 52.169544767856237 ], [ -1.944310128021304, 52.155320962115347 ], [ -1.921895028197454, 52.152994156441174 ], [ -1.905108421502768, 52.142724657792499 ], [ -1.903246388487222, 52.133435978375637 ], [ -1.885126786329163, 52.146840755408135 ], [ -1.894862184888509, 52.149510992077992 ], [ -1.889111865244104, 52.156336693239531 ], [ -1.866936004089254, 52.152995433189545 ], [ -1.866971126752191, 52.144627142133125 ], [ -1.854197173362895, 52.138508432963739 ], [ -1.845819449035242, 52.142641512631286 ], [ -1.851912838239442, 52.147957284938634 ], [ -1.839681163642265, 52.152700877451636 ], [ -1.823357186391676, 52.145912266201918 ], [ -1.823226856386615, 52.136369567797566 ], [ -1.808443545417257, 52.139862699254266 ], [ -1.785558201451082, 52.132045680173192 ], [ -1.795775985194631, 52.124334651101606 ], [ -1.791014642578823, 52.120180791148407 ], [ -1.757409053619064, 52.115931429879971 ], [ -1.789678139313583, 52.106224209130296 ], [ -1.812746869533681, 52.078732146267832 ], [ -1.818953550500386, 52.085392159183982 ], [ -1.83176334492164, 52.072757762357931 ], [ -1.846629458912622, 52.079409464403462 ], [ -1.85339837874561, 52.072355957567858 ], [ -1.874415574782708, 52.069979688468202 ], [ -1.862887077395941, 52.063420813713506 ], [ -1.863458720547021, 52.05340683531815 ], [ -1.829761167282842, 52.039060755079127 ], [ -1.825032909435134, 52.030922696116058 ], [ -1.835669375262772, 52.022492158643075 ], [ -1.835318970518264, 52.00915220064784 ], [ -1.861553040336889, 52.01261763635295 ], [ -1.91345496662899, 52.044450833782911 ], [ -1.931739106523384, 52.029949214874797 ], [ -1.947529763124796, 52.031884863847033 ], [ -1.951396440701655, 52.037715146150191 ], [ -1.984144437553075, 52.035869260893868 ], [ -2.038364218324459, 52.004590837842279 ], [ -2.049522099344202, 52.003786479433401 ], [ -2.060791628332522, 52.014670690239292 ], [ -2.084880948316984, 52.010468785221839 ], [ -2.111661657305051, 52.015343608336622 ], [ -2.1393277306182, 51.99940595180599 ], [ -2.149514645348273, 52.011479628156742 ], [ -2.13957775485127, 52.02775236833272 ], [ -2.11609723369849, 52.037860008725914 ], [ -2.162400397014432, 52.050496368768393 ], [ -2.180416099813979, 52.042291346383884 ], [ -2.176913243895195, 52.022549591705101 ], [ -2.187690294175326, 52.019070584257648 ], [ -2.164730785331372, 52.004185831633642 ], [ -2.164304696936124, 51.996442735792563 ], [ -2.181113257979328, 51.99947399528412 ], [ -2.185090785349892, 51.990551713936263 ], [ -2.220619797655567, 51.995487488948754 ], [ -2.251365316652337, 51.966556544791572 ], [ -2.288295158267354, 51.970659745574423 ], [ -2.300436990217248, 51.96676693379181 ], [ -2.31262354969085, 51.976496464299842 ], [ -2.326568481374992, 51.975802265538256 ], [ -2.326112594274621, 52.005620430479446 ], [ -2.352545726451354, 52.013526193054069 ], [ -2.351524367607059, 52.05643547468123 ], [ -2.339429287406818, 52.06891399652671 ], [ -2.337966883726018, 52.089874414898674 ], [ -2.352151315719502, 52.103475183089934 ], [ -2.356093037477566, 52.127071645421601 ], [ -2.344611659238422, 52.132580116625903 ], [ -2.351404800293178, 52.144612750810126 ], [ -2.358724626997502, 52.151884699928367 ], [ -2.37932355384305, 52.155099947847724 ], [ -2.393974596963761, 52.146737464330087 ], [ -2.415086304505569, 52.145198656547635 ], [ -2.435177822937612, 52.16820485228952 ], [ -2.422013266537813, 52.172400921331068 ], [ -2.407865644470804, 52.202709010830489 ], [ -2.392680941330629, 52.208602530325912 ], [ -2.404043547125138, 52.221235248237001 ], [ -2.384402450195768, 52.225222506315852 ], [ -2.423067729732661, 52.237247884754581 ], [ -2.464860093522001, 52.23436112802068 ], [ -2.474704334268539, 52.241346132803997 ], [ -2.468101633396786, 52.256025046066235 ], [ -2.427998633996288, 52.270596946319046 ], [ -2.451405726352123, 52.285069585877594 ], [ -2.475963430369367, 52.285624012116166 ], [ -2.503115722443732, 52.27743627014037 ], [ -2.495778958029303, 52.256870383171581 ], [ -2.515854687820227, 52.255904172512047 ], [ -2.525822269586392, 52.248083482079984 ], [ -2.531675790957872, 52.253263596799819 ], [ -2.574208209552596, 52.252718173573989 ], [ -2.576143258902767, 52.247739735209812 ], [ -2.628872796035513, 52.240336584901598 ], [ -2.63088163481286, 52.257440078325004 ], [ -2.596452026705768, 52.276579871921555 ], [ -2.598969978397841, 52.28352837835601 ], [ -2.639878934229614, 52.286362358720474 ], [ -2.663207442053494, 52.303923999078798 ], [ -2.636327922575803, 52.308939306621298 ], [ -2.610004096741892, 52.306267854764208 ], [ -2.574855304652234, 52.317562560194709 ], [ -2.562647124218232, 52.311123159750878 ], [ -2.562221595157277, 52.333094804155863 ], [ -2.539152459551895, 52.344125562175151 ], [ -2.512132165069836, 52.337096764579542 ], [ -2.513207517194378, 52.3292004339974 ], [ -2.481798748314628, 52.33106428813722 ], [ -2.486745905150135, 52.358879601194275 ], [ -2.474183123610403, 52.360599288543618 ], [ -2.474773013795868, 52.367131905398573 ], [ -2.414025618427697, 52.368340385686167 ], [ -2.410550110206294, 52.387118604296738 ], [ -2.390676445191044, 52.381514109190753 ], [ -2.367355240043134, 52.388049260754343 ], [ -2.335536308865974, 52.385333611253913 ], [ -2.342185083447462, 52.393163826180327 ], [ -2.37294877761851, 52.401950262878628 ], [ -2.36353118673714, 52.439411674354965 ], [ -2.311754035866017, 52.43751706496554 ], [ -2.287386564743265, 52.455302701830952 ], [ -2.294968283516598, 52.44893346380384 ], [ -2.26950917644856, 52.438601785586862 ], [ -2.21788194608791, 52.435354094955663 ], [ -2.192880815107365, 52.423278083445474 ], [ -2.163815834099986, 52.423243770414572 ], [ -2.164856444444327, 52.430189831756863 ], [ -2.13603229586156, 52.426253864211944 ], [ -2.098571095019666, 52.44526905761164 ], [ -2.084618970839773, 52.432130185928145 ], [ -2.068057904901036, 52.435180442282366 ], [ -2.062473579146046, 52.427416147332487 ], [ -2.058497008466178, 52.440752201564322 ], [ -2.037887562051095, 52.441542776804752 ], [ -2.03699453808832, 52.427531204036157 ], [ -2.024773089522392, 52.434867592728573 ], [ -1.986043897798401, 52.416711365874164 ], [ -2.033443316058743, 52.403019080394529 ], [ -2.000126131634389, 52.381649042001044 ], [ -1.953621652040356, 52.393355946326835 ], [ -1.934322631786073, 52.387221890308133 ], [ -1.913681937472429, 52.407449847572877 ], [ -1.885945890445847, 52.404673646558969 ], [ -1.882704427606487, 52.399798757248412 ], [ -1.864786268078896, 52.404800623959446 ], [ -1.845481197814415, 52.400391650069324 ], [ -1.873471419910103, 52.365328357896182 ], [ -1.888981602390551, 52.361078987221461 ], [ -1.864838823017171, 52.333078292882199 ], [ -1.868577042353581, 52.314574371090707 ], [ -1.880942655807144, 52.310918544603709 ], [ -1.875237947025887, 52.304244618661279 ], [ -1.886400876958993, 52.286682625114075 ], [ -1.915984624468128, 52.275019964376568 ], [ -1.937408784322145, 52.276139018618991 ] ] ] } },
{ "type": "Feature", "properties": { "area_name": "York" }, "geometry": { "type": "Polygon", "coordinates": [ [ [ -1.05970217913412, 54.056866357160132 ], [ -1.014367317699824, 54.049305016710221 ], [ -1.002330777556879, 54.055327517952172 ], [ -0.966835870769767, 54.022958584993432 ], [ -0.979412297216137, 54.017402596877766 ], [ -0.984772559267515, 54.002661695694847 ], [ -0.975410430282121, 54.004732228264473 ], [ -0.971921101740413, 53.996677871300548 ], [ -0.994827871822052, 53.983046092469046 ], [ -0.920305019462274, 53.990075697033106 ], [ -0.93410319274972, 53.968653318356736 ], [ -0.921204379377841, 53.960403012268323 ], [ -0.928825499581364, 53.929997546261198 ], [ -0.921671167530495, 53.921214937071539 ], [ -0.949508695876204, 53.893826342590238 ], [ -0.920837219998317, 53.890599662936623 ], [ -0.923511248981148, 53.880746416950494 ], [ -0.934427579475714, 53.879796660487727 ], [ -0.944065199874505, 53.888101600889215 ], [ -0.99282664947442, 53.875190933448067 ], [ -1.008198339794858, 53.889976021046692 ], [ -1.064953013154398, 53.874567214449897 ], [ -1.07766368322176, 53.883573725064402 ], [ -1.095312261820491, 53.884439629946804 ], [ -1.093004636396889, 53.890190824441348 ], [ -1.098596065086379, 53.893814704856823 ], [ -1.093613130428056, 53.889423336023661 ], [ -1.105331790839941, 53.875824045700973 ], [ -1.124978024473603, 53.882657813893296 ], [ -1.13681278894482, 53.895924562576567 ], [ -1.1543895987535, 53.895910294699263 ], [ -1.164909807289126, 53.910558091480098 ], [ -1.199488084834416, 53.925333467664579 ], [ -1.222098850021237, 53.979324470223396 ], [ -1.200309913771709, 53.989010714101624 ], [ -1.182095343110374, 53.985328050433083 ], [ -1.188562390796545, 54.002466032118775 ], [ -1.172958962900506, 54.001492386902243 ], [ -1.151904221453972, 53.989160745530448 ], [ -1.136989827593351, 53.99106521917718 ], [ -1.14908262863434, 54.002930138621373 ], [ -1.140788656656855, 54.029842161725377 ], [ -1.120273707004261, 54.029028754765079 ], [ -1.088997825288807, 54.048082256933043 ], [ -1.058724029086085, 54.047828517524273 ], [ -1.05970217913412, 54.056866357160132 ] ] ] } }
]
}
