{
"type": "FeatureCollection",
"name": "gb_risk_outline",
"crs": { "type": "name", "properties": { "name": "urn:ogc:def:crs:OGC:1.3:CRS84" } },
"xy_coordinate_resolution": 0.0001,
"features": [
{ "type": "Feature", "properties": { }, "geometry": { "type": "MultiPolygon", "coordinates": [ [ [ [ -7.6498, 56.7838 ], [ -7.6508, 56.7839 ], [ -7.6505, 56.7839 ], [ -7.6498, 56.7838 ] ] ], [ [ [ -7.6321, 56.7784 ], [ -7.6497, 56.7843 ], [ -7.6608, 56.7853 ], [ -7.6182, 56.7879 ], [ -7.6321, 56.7784 ] ] ], [ [ [ -7.6547, 56.7948 ], [ -7.6541, 56.7939 ], [ -7.6573, 56.7933 ], [ -7.6547, 56.7948 ] ] ], [ [ [ -7.6624, 56.8077 ], [ -7.6594, 56.8054 ], [ -7.6639, 56.8047 ], [ -7.6624, 56.8077 ] ] ], [ [ [ -7.6221, 56.8025 ], [ -7.6664, 56.7997 ], [ -7.6482, 56.8126 ], [ -7.6591, 56.8221 ], [ -7.6221, 56.8025 ] ] ], [ [ [ -7.6591, 56.8157 ], [ -7.6596, 56.8167 ], [ -7.6563, 56.8173 ], [ -7.6591, 56.8157 ] ] ], [ [ [ -7.6152, 56.8288 ], [ -7.6153, 56.8296 ], [ -7.6128, 56.8291 ], [ -7.6152, 56.8288 ] ] ], [ [ [ -7.6223, 56.8302 ], [ -7.6219, 56.8305 ], [ -7.618, 56.83 ], [ -7.6223, 56.8302 ] ] ], [ [ [ -7.6156, 56.8289 ], [ -7.6167, 56.8293 ], [ -7.6165, 56.8297 ], [ -7.6156, 56.8289 ] ] ], [ [ [ -7.6264, 56.8441 ], [ -7.6266, 56.8449 ], [ -7.625, 56.8446 ], [ -7.6264, 56.8441 ] ] ], [ [ [ -7.6216, 56.8441 ], [ -7.6227, 56.8442 ], [ -7.6217, 56.8448 ], [ -7.6216, 56.8441 ] ] ], [ [ [ -7.6248, 56.845 ], [ -7.6237, 56.8443 ], [ -7.6241, 56.8442 ], [ -7.6248, 56.845 ] ] ], [ [ [ -7.6039, 56.8452 ], [ -7.6035, 56.8447 ], [ -7.6049, 56.8451 ], [ -7.6039, 56.8452 ] ] ], [ [ [ -7.6049, 56.8449 ], [ -7.6057, 56.845 ], [ -7.6052, 56.8452 ], [ -7.6049, 56.8449 ] ] ], [ [ [ -7.622, 56.8458 ], [ -7.6214, 56.845 ], [ -7.6228, 56.8444 ], [ -7.622, 56.8458 ] ] ], [ [ [ -7.6035, 56.8462 ], [ -7.6025, 56.8454 ], [ -7.6049, 56.8462 ], [ -7.6035, 56.8462 ] ] ], [ [ [ -7.6026, 56.8479 ], [ -7.6018, 56.8473 ], [ -7.6022, 56.8468 ], [ -7.6026, 56.8479 ] ] ], [ [ [ -7.5504, 56.8521 ], [ -7.5491, 56.8482 ], [ -7.5586, 56.8538 ], [ -7.5504, 56.8521 ] ] ], [ [ [ -7.5579, 56.8548 ], [ -7.5981, 56.8493 ], [ -7.5934, 56.8596 ], [ -7.5579, 56.8548 ] ] ], [ [ [ -7.58, 56.86 ], [ -7.5803, 56.861 ], [ -7.5798, 56.861 ], [ -7.58, 56.86 ] ] ], [ [ [ -7.5796, 56.871 ], [ -7.5803, 56.8759 ], [ -7.5731, 56.8752 ], [ -7.5796, 56.871 ] ] ], [ [ [ -7.5492, 56.8765 ], [ -7.5484, 56.8757 ], [ -7.551, 56.8745 ], [ -7.5492, 56.8765 ] ] ], [ [ [ -7.5534, 56.8762 ], [ -7.5528, 56.8751 ], [ -7.5536, 56.8753 ], [ -7.5534, 56.8762 ] ] ], [ [ [ -7.497, 56.8802 ], [ -7.4971, 56.8808 ], [ -7.4965, 56.8804 ], [ -7.497, 56.8802 ] ] ], [ [ [ -7.4909, 56.8861 ], [ -7.4893, 56.8859 ], [ -7.4904, 56.8857 ], [ -7.4909, 56.8861 ] ] ], [ [ [ -7.4927, 56.887 ], [ -7.4923, 56.887 ], [ -7.4917, 56.8866 ], [ -7.4927, 56.887 ] ] ], [ [ [ -7.5346, 56.8882 ], [ -7.535, 56.8895 ], [ -7.5342, 56.8894 ], [ -7.5346, 56.8882 ] ] ], [ [ [ -7.4974, 56.8974 ], [ -7.4921, 56.8875 ], [ -7.5164, 56.8801 ], [ -7.5393, 56.8983 ], [ -7.4974, 56.8974 ] ] ], [ [ [ -7.5686, 56.8914 ], [ -7.5697, 56.893 ], [ -7.5663, 56.8923 ], [ -7.5686, 56.8914 ] ] ], [ [ [ -7.5707, 56.8943 ], [ -7.5709, 56.8944 ], [ -7.5701, 56.8946 ], [ -7.5707, 56.8943 ] ] ], [ [ [ -7.5677, 56.896 ], [ -7.5656, 56.8936 ], [ -7.568, 56.8929 ], [ -7.5677, 56.896 ] ] ], [ [ [ -7.5695, 56.8968 ], [ -7.5718, 56.8995 ], [ -7.5644, 56.9006 ], [ -7.5695, 56.8968 ] ] ], [ [ [ -7.4461, 56.9105 ], [ -7.448, 56.912 ], [ -7.447, 56.9121 ], [ -7.4461, 56.9105 ] ] ], [ [ [ -7.5076, 56.9146 ], [ -7.5065, 56.9148 ], [ -7.5072, 56.9136 ], [ -7.5076, 56.9146 ] ] ], [ [ [ -7.4486, 56.9126 ], [ -7.4512, 56.9201 ], [ -7.437, 56.9211 ], [ -7.4486, 56.9126 ] ] ], [ [ [ -7.5623, 56.9223 ], [ -7.5616, 56.9214 ], [ -7.5623, 56.9215 ], [ -7.5623, 56.9223 ] ] ], [ [ [ -7.4748, 56.9269 ], [ -7.4748, 56.9274 ], [ -7.4743, 56.9276 ], [ -7.4748, 56.9269 ] ] ], [ [ [ -7.478, 56.9293 ], [ -7.4771, 56.9291 ], [ -7.4769, 56.9283 ], [ -7.478, 56.9293 ] ] ], [ [ [ -7.486, 56.9325 ], [ -7.4818, 56.9316 ], [ -7.4849, 56.9297 ], [ -7.486, 56.9325 ] ] ], [ [ [ -7.5237, 56.9447 ], [ -7.5231, 56.9436 ], [ -7.5286, 56.9427 ], [ -7.5237, 56.9447 ] ] ], [ [ [ -7.4826, 56.9444 ], [ -7.4821, 56.9432 ], [ -7.4862, 56.9459 ], [ -7.4826, 56.9444 ] ] ], [ [ [ -7.4873, 56.952 ], [ -7.4877, 56.9522 ], [ -7.4874, 56.9523 ], [ -7.4873, 56.952 ] ] ], [ [ [ -7.4238, 56.9661 ], [ -7.4238, 56.967 ], [ -7.4197, 56.9668 ], [ -7.4238, 56.9661 ] ] ], [ [ [ -7.5525, 56.9697 ], [ -7.5523, 56.9698 ], [ -7.5519, 56.9696 ], [ -7.5525, 56.9697 ] ] ], [ [ [ -7.5242, 56.9737 ], [ -7.5257, 56.9746 ], [ -7.5243, 56.9743 ], [ -7.5242, 56.9737 ] ] ], [ [ [ -7.4171, 56.9754 ], [ -7.4179, 56.9759 ], [ -7.4176, 56.976 ], [ -7.4171, 56.9754 ] ] ], [ [ [ -7.4179, 56.9757 ], [ -7.4193, 56.9757 ], [ -7.4188, 56.976 ], [ -7.4179, 56.9757 ] ] ], [ [ [ -7.384, 56.978 ], [ -7.3853, 56.9786 ], [ -7.3849, 56.9788 ], [ -7.384, 56.978 ] ] ], [ [ [ -7.3795, 56.9789 ], [ -7.3808, 56.9798 ], [ -7.3803, 56.9799 ], [ -7.3795, 56.9789 ] ] ], [ [ [ -7.3827, 56.9791 ], [ -7.3833, 56.9794 ], [ -7.3829, 56.9798 ], [ -7.3827, 56.9791 ] ] ], [ [ [ -7.4493, 57.0236 ], [ -7.4213, 57.0111 ], [ -7.4013, 57.0091 ], [ -7.4303, 57.0019 ], [ -7.4107, 56.995 ], [ -7.4094, 56.9993 ], [ -7.4015, 57.0 ], [ -7.3785, 56.9795 ], [ -7.4102, 56.9939 ], [ -7.422, 56.9918 ], [ -7.436, 56.9486 ], [ -7.5052, 56.958 ], [ -7.5424, 56.9394 ], [ -7.4921, 56.935 ], [ -7.4876, 56.9301 ], [ -7.5541, 56.9112 ], [ -7.5706, 56.9478 ], [ -7.5331, 56.9462 ], [ -7.5013, 57.0036 ], [ -7.5146, 57.0103 ], [ -7.5287, 57.013 ], [ -7.4619, 57.0213 ], [ -7.4493, 57.0236 ] ] ], [ [ [ -7.5269, 56.9884 ], [ -7.5268, 56.9883 ], [ -7.5275, 56.9883 ], [ -7.5269, 56.9884 ] ] ], [ [ [ -7.4142, 56.9981 ], [ -7.4138, 56.9988 ], [ -7.413, 56.9978 ], [ -7.4142, 56.9981 ] ] ], [ [ [ -7.3968, 56.9985 ], [ -7.398, 56.9986 ], [ -7.3978, 56.999 ], [ -7.3968, 56.9985 ] ] ], [ [ [ -7.416, 56.9994 ], [ -7.417, 57.0 ], [ -7.4167, 57.0002 ], [ -7.416, 56.9994 ] ] ], [ [ [ -7.4181, 57.0008 ], [ -7.417, 57.0003 ], [ -7.4178, 57.0002 ], [ -7.4181, 57.0008 ] ] ], [ [ [ -7.3944, 56.9999 ], [ -7.3963, 57.0005 ], [ -7.3952, 57.0012 ], [ -7.3944, 56.9999 ] ] ], [ [ [ -7.3914, 57.0013 ], [ -7.3911, 57.0004 ], [ -7.3939, 56.9999 ], [ -7.3914, 57.0013 ] ] ], [ [ [ -7.4037, 57.0005 ], [ -7.405, 57.0007 ], [ -7.4046, 57.0009 ], [ -7.4037, 57.0005 ] ] ], [ [ [ -7.4187, 57.0007 ], [ -7.4188, 57.0017 ], [ -7.4179, 57.0013 ], [ -7.4187, 57.0007 ] ] ], [ [ [ -7.4081, 57.0012 ], [ -7.4077, 57.0017 ], [ -7.4074, 57.001 ], [ -7.4081, 57.0012 ] ] ], [ [ [ -7.5199, 57.0021 ], [ -7.519, 57.0026 ], [ -7.5189, 57.0018 ], [ -7.5199, 57.0021 ] ] ], [ [ [ -7.39, 57.0021 ], [ -7.3902, 57.0024 ], [ -7.3897, 57.0026 ], [ -7.39, 57.0021 ] ] ], [ [ [ -7.3923, 57.0034 ], [ -7.3911, 57.0021 ], [ -7.3927, 57.002 ], [ -7.3923, 57.0034 ] ] ], [ [ [ -7.3801, 57.0023 ], [ -7.3796, 57.0043 ], [ -7.3772, 57.0032 ], [ -7.3801, 57.0023 ] ] ], [ [ [ -7.5096, 57.0034 ], [ -7.511, 57.0033 ], [ -7.5106, 57.0038 ], [ -7.5096, 57.0034 ] ] ], [ [ [ -7.3808, 57.0035 ], [ -7.3829, 57.0038 ], [ -7.3816, 57.0044 ], [ -7.3808, 57.0035 ] ] ], [ [ [ -7.5104, 57.0043 ], [ -7.5094, 57.0042 ], [ -7.5107, 57.004 ], [ -7.5104, 57.0043 ] ] ], [ [ [ -7.3934, 57.0065 ], [ -7.3932, 57.0068 ], [ -7.388, 57.0024 ], [ -7.3934, 57.0065 ] ] ], [ [ [ -7.3862, 57.0043 ], [ -7.3857, 57.0056 ], [ -7.3831, 57.0043 ], [ -7.3862, 57.0043 ] ] ], [ [ [ -7.3897, 57.0063 ], [ -7.3884, 57.0064 ], [ -7.3892, 57.0059 ], [ -7.3897, 57.0063 ] ] ], [ [ [ -7.3973, 57.0072 ], [ -7.3943, 57.0056 ], [ -7.3954, 57.0059 ], [ -7.3973, 57.0072 ] ] ], [ [ [ -7.3779, 57.0069 ], [ -7.3792, 57.008 ], [ -7.3781, 57.0079 ], [ -7.3779, 57.0069 ] ] ], [ [ [ -7.3879, 57.0091 ], [ -7.3794, 57.0058 ], [ -7.3898, 57.0081 ], [ -7.3879, 57.0091 ] ] ], [ [ [ -7.5145, 57.0086 ], [ -7.5157, 57.0097 ], [ -7.5156, 57.0097 ], [ -7.5145, 57.0086 ] ] ], [ [ [ -7.4134, 57.0116 ], [ -7.4155, 57.0131 ], [ -7.4146, 57.0128 ], [ -7.4134, 57.0116 ] ] ], [ [ [ -7.3813, 57.025 ], [ -7.3835, 57.0251 ], [ -7.3825, 57.0253 ], [ -7.3813, 57.025 ] ] ], [ [ [ -7.4192, 57.0309 ], [ -7.4106, 57.0296 ], [ -7.4131, 57.0275 ], [ -7.4192, 57.0309 ] ] ], [ [ [ -7.4172, 57.0425 ], [ -7.4182, 57.0417 ], [ -7.4181, 57.0426 ], [ -7.4172, 57.0425 ] ] ], [ [ [ -7.4565, 57.0511 ], [ -7.4567, 57.0514 ], [ -7.456, 57.0514 ], [ -7.4565, 57.0511 ] ] ], [ [ [ -7.4198, 57.0523 ], [ -7.4172, 57.0515 ], [ -7.4182, 57.0511 ], [ -7.4198, 57.0523 ] ] ], [ [ [ -7.3862, 57.0427 ], [ -7.4028, 57.0479 ], [ -7.3896, 57.0623 ], [ -7.3862, 57.0427 ] ] ], [ [ [ -7.4214, 57.0529 ], [ -7.4202, 57.0524 ], [ -7.4213, 57.0521 ], [ -7.4214, 57.0529 ] ] ], [ [ [ -7.4176, 57.0542 ], [ -7.4161, 57.0542 ], [ -7.4179, 57.0534 ], [ -7.4176, 57.0542 ] ] ], [ [ [ -7.4516, 57.0626 ], [ -7.4503, 57.0627 ], [ -7.4506, 57.0625 ], [ -7.4516, 57.0626 ] ] ], [ [ [ -7.4505, 57.0635 ], [ -7.451, 57.0641 ], [ -7.435, 57.0656 ], [ -7.4505, 57.0635 ] ] ], [ [ [ -7.4013, 57.11 ], [ -7.3985, 57.1103 ], [ -7.4005, 57.1087 ], [ -7.4013, 57.11 ] ] ], [ [ [ -7.3922, 57.1105 ], [ -7.3896, 57.1098 ], [ -7.3913, 57.11 ], [ -7.3922, 57.1105 ] ] ], [ [ [ -7.3976, 57.1137 ], [ -7.3957, 57.114 ], [ -7.3967, 57.1137 ], [ -7.3976, 57.1137 ] ] ], [ [ [ -7.4096, 57.1306 ], [ -7.4076, 57.1301 ], [ -7.4143, 57.1287 ], [ -7.4096, 57.1306 ] ] ], [ [ [ -7.4249, 57.2805 ], [ -7.4254, 57.2801 ], [ -7.4302, 57.2798 ], [ -7.4249, 57.2805 ] ] ], [ [ [ -7.4089, 57.4731 ], [ -7.4097, 57.4739 ], [ -7.406, 57.4734 ], [ -7.4089, 57.4731 ] ] ], [ [ [ -7.6318, 57.508 ], [ -7.6276, 57.5077 ], [ -7.6301, 57.5066 ], [ -7.6318, 57.508 ] ] ], [ [ [ -7.6041, 57.5197 ], [ -7.6049, 57.5199 ], [ -7.6039, 57.52 ], [ -7.6041, 57.5197 ] ] ], [ [ [ -7.614, 57.5114 ], [ -7.6244, 57.5112 ], [ -7.6225, 57.5267 ], [ -7.614, 57.5114 ] ] ], [ [ [ -7.6375, 57.5194 ], [ -7.6399, 57.5255 ], [ -7.631, 57.5241 ], [ -7.6375, 57.5194 ] ] ], [ [ [ -7.6925, 57.5277 ], [ -7.691, 57.5253 ], [ -7.6926, 57.5247 ], [ -7.6925, 57.5277 ] ] ], [ [ [ -7.6723, 57.5187 ], [ -7.6807, 57.5238 ], [ -7.6457, 57.5353 ], [ -7.6723, 57.5187 ] ] ], [ [ [ -7.6867, 57.5271 ], [ -7.6891, 57.5281 ], [ -7.6864, 57.5287 ], [ -7.6867, 57.5271 ] ] ], [ [ [ -7.6825, 57.5298 ], [ -7.6866, 57.529 ], [ -7.6864, 57.5294 ], [ -7.6825, 57.5298 ] ] ], [ [ [ -7.6879, 57.5302 ], [ -7.6865, 57.5295 ], [ -7.6877, 57.5295 ], [ -7.6879, 57.5302 ] ] ], [ [ [ -7.6837, 57.5316 ], [ -7.6816, 57.5313 ], [ -7.6859, 57.53 ], [ -7.6837, 57.5316 ] ] ], [ [ [ -7.6825, 57.5334 ], [ -7.6807, 57.5327 ], [ -7.6821, 57.5318 ], [ -7.6825, 57.5334 ] ] ], [ [ [ -7.5843, 57.5346 ], [ -7.5844, 57.5359 ], [ -7.5808, 57.5333 ], [ -7.5843, 57.5346 ] ] ], [ [ [ -7.7229, 57.5366 ], [ -7.7212, 57.5361 ], [ -7.7215, 57.5355 ], [ -7.7229, 57.5366 ] ] ], [ [ [ -7.7311, 57.5414 ], [ -7.7309, 57.5402 ], [ -7.7327, 57.5409 ], [ -7.7311, 57.5414 ] ] ], [ [ [ -7.3759, 57.5466 ], [ -7.3759, 57.5455 ], [ -7.3775, 57.5457 ], [ -7.3759, 57.5466 ] ] ], [ [ [ -7.3765, 57.5469 ], [ -7.3777, 57.5471 ], [ -7.3754, 57.5478 ], [ -7.3765, 57.5469 ] ] ], [ [ [ -7.3739, 57.551 ], [ -7.3886, 57.5525 ], [ -7.3828, 57.5537 ], [ -7.3739, 57.551 ] ] ], [ [ [ -7.4265, 57.5532 ], [ -7.4369, 57.5673 ], [ -7.4309, 57.5691 ], [ -7.4234, 57.5581 ], [ -7.4265, 57.5532 ] ] ], [ [ [ -7.4034, 57.5618 ], [ -7.421, 57.5588 ], [ -7.4185, 57.5628 ], [ -7.4034, 57.5618 ] ] ], [ [ [ -7.4091, 57.5632 ], [ -7.4104, 57.5637 ], [ -7.4075, 57.5646 ], [ -7.4091, 57.5632 ] ] ], [ [ [ -7.6123, 57.5641 ], [ -7.6142, 57.564 ], [ -7.613, 57.5648 ], [ -7.6123, 57.5641 ] ] ], [ [ [ -7.4096, 57.5694 ], [ -7.4072, 57.5695 ], [ -7.4033, 57.5668 ], [ -7.4096, 57.5694 ] ] ], [ [ [ -7.4196, 57.5724 ], [ -7.4262, 57.5704 ], [ -7.4227, 57.5724 ], [ -7.4196, 57.5724 ] ] ], [ [ [ -7.5342, 57.5913 ], [ -7.533, 57.5906 ], [ -7.5343, 57.59 ], [ -7.5342, 57.5913 ] ] ], [ [ [ -7.54, 57.5956 ], [ -7.5409, 57.5957 ], [ -7.5393, 57.596 ], [ -7.54, 57.5956 ] ] ], [ [ [ -7.5926, 57.6002 ], [ -7.5946, 57.6007 ], [ -7.5929, 57.6008 ], [ -7.5926, 57.6002 ] ] ], [ [ [ -7.5225, 57.6114 ], [ -7.525, 57.6115 ], [ -7.5241, 57.6124 ], [ -7.5225, 57.6114 ] ] ], [ [ [ -7.5395, 57.6108 ], [ -7.5415, 57.6119 ], [ -7.5369, 57.6133 ], [ -7.5395, 57.6108 ] ] ], [ [ [ -7.5257, 57.6167 ], [ -7.5257, 57.6169 ], [ -7.5251, 57.6169 ], [ -7.5257, 57.6167 ] ] ], [ [ [ -7.5251, 57.6194 ], [ -7.5244, 57.6192 ], [ -7.5249, 57.6191 ], [ -7.5251, 57.6194 ] ] ], [ [ [ -7.5068, 57.6269 ], [ -7.5064, 57.6271 ], [ -7.5058, 57.6269 ], [ -7.5068, 57.6269 ] ] ], [ [ [ -7.5118, 57.6285 ], [ -7.5114, 57.6281 ], [ -7.5119, 57.6279 ], [ -7.5118, 57.6285 ] ] ], [ [ [ -7.4984, 57.6412 ], [ -7.4978, 57.6414 ], [ -7.4972, 57.6413 ], [ -7.4984, 57.6412 ] ] ], [ [ [ -7.4969, 57.6424 ], [ -7.4966, 57.6428 ], [ -7.4959, 57.6428 ], [ -7.4969, 57.6424 ] ] ], [ [ [ -7.4065, 57.6449 ], [ -7.4071, 57.6454 ], [ -7.4056, 57.6458 ], [ -7.4065, 57.6449 ] ] ], [ [ [ -7.4098, 57.6449 ], [ -7.4129, 57.6464 ], [ -7.4115, 57.6462 ], [ -7.4098, 57.6449 ] ] ], [ [ [ -7.3998, 57.6456 ], [ -7.4035, 57.6463 ], [ -7.3995, 57.6476 ], [ -7.3998, 57.6456 ] ] ], [ [ [ -7.4019, 57.6495 ], [ -7.4044, 57.6496 ], [ -7.4043, 57.65 ], [ -7.4019, 57.6495 ] ] ], [ [ [ -7.4916, 57.6518 ], [ -7.4916, 57.6521 ], [ -7.4897, 57.6514 ], [ -7.4916, 57.6518 ] ] ], [ [ [ -7.4886, 57.6535 ], [ -7.4882, 57.6534 ], [ -7.4887, 57.6533 ], [ -7.4886, 57.6535 ] ] ], [ [ [ -7.4308, 57.6533 ], [ -7.4341, 57.6539 ], [ -7.4326, 57.6547 ], [ -7.4308, 57.6533 ] ] ], [ [ [ -7.4271, 57.6551 ], [ -7.4281, 57.6549 ], [ -7.4284, 57.6556 ], [ -7.4271, 57.6551 ] ] ], [ [ [ -7.4185, 57.6559 ], [ -7.4194, 57.6564 ], [ -7.4181, 57.6562 ], [ -7.4185, 57.6559 ] ] ], [ [ [ -7.4344, 57.6568 ], [ -7.4293, 57.6563 ], [ -7.4297, 57.6557 ], [ -7.4344, 57.6568 ] ] ], [ [ [ -7.4361, 57.6568 ], [ -7.4367, 57.6568 ], [ -7.4371, 57.6574 ], [ -7.4361, 57.6568 ] ] ], [ [ [ -7.4651, 57.6598 ], [ -7.465, 57.6604 ], [ -7.4646, 57.6604 ], [ -7.4651, 57.6598 ] ] ], [ [ [ -7.4626, 57.6606 ], [ -7.4631, 57.6607 ], [ -7.4623, 57.6608 ], [ -7.4626, 57.6606 ] ] ], [ [ [ -7.3945, 57.6536 ], [ -7.4406, 57.661 ], [ -7.3969, 57.67 ], [ -7.3945, 57.6536 ] ] ], [ [ [ -7.4568, 57.6623 ], [ -7.4561, 57.6622 ], [ -7.4558, 57.6617 ], [ -7.4568, 57.6623 ] ] ], [ [ [ -7.4431, 57.6619 ], [ -7.4437, 57.6623 ], [ -7.4429, 57.6624 ], [ -7.4431, 57.6619 ] ] ], [ [ [ -7.4652, 57.6632 ], [ -7.4647, 57.6624 ], [ -7.4661, 57.6626 ], [ -7.4652, 57.6632 ] ] ], [ [ [ -7.4483, 57.6635 ], [ -7.4483, 57.6636 ], [ -7.4464, 57.6629 ], [ -7.4483, 57.6635 ] ] ], [ [ [ -7.4764, 57.6631 ], [ -7.4761, 57.6635 ], [ -7.4755, 57.6633 ], [ -7.4764, 57.6631 ] ] ], [ [ [ -7.4557, 57.6642 ], [ -7.455, 57.6633 ], [ -7.4564, 57.6639 ], [ -7.4557, 57.6642 ] ] ], [ [ [ -7.4761, 57.6638 ], [ -7.4767, 57.6644 ], [ -7.4766, 57.6646 ], [ -7.4761, 57.6638 ] ] ], [ [ [ -7.4514, 57.6639 ], [ -7.452, 57.6643 ], [ -7.452, 57.6653 ], [ -7.4514, 57.6639 ] ] ], [ [ [ -7.4471, 57.6648 ], [ -7.4487, 57.6658 ], [ -7.4478, 57.6655 ], [ -7.4471, 57.6648 ] ] ], [ [ [ -7.7197, 57.6876 ], [ -7.7157, 57.6871 ], [ -7.7181, 57.6869 ], [ -7.7197, 57.6876 ] ] ], [ [ [ -7.7148, 57.6883 ], [ -7.7139, 57.6878 ], [ -7.7155, 57.6872 ], [ -7.7148, 57.6883 ] ] ], [ [ [ -7.7138, 57.6883 ], [ -7.7156, 57.6893 ], [ -7.7142, 57.689 ], [ -7.7138, 57.6883 ] ] ], [ [ [ -7.7121, 57.6889 ], [ -7.7135, 57.6897 ], [ -7.7126, 57.69 ], [ -7.7121, 57.6889 ] ] ], [ [ [ -7.7113, 57.69 ], [ -7.7122, 57.6901 ], [ -7.7119, 57.6907 ], [ -7.7113, 57.69 ] ] ], [ [ [ -7.6868, 57.6978 ], [ -7.6917, 57.6999 ], [ -7.6831, 57.7037 ], [ -7.6868, 57.6978 ] ] ], [ [ [ -8.5094, 57.7922 ], [ -8.5092, 57.7921 ], [ -8.5108, 57.7912 ], [ -8.5094, 57.7922 ] ] ], [ [ [ -8.5615, 57.7935 ], [ -8.5616, 57.7936 ], [ -8.5613, 57.794 ], [ -8.5615, 57.7935 ] ] ], [ [ [ -8.5559, 57.7941 ], [ -8.556, 57.7944 ], [ -8.5556, 57.7943 ], [ -8.5559, 57.7941 ] ] ], [ [ [ -8.5511, 57.7937 ], [ -8.5567, 57.795 ], [ -8.5579, 57.7934 ], [ -8.5628, 57.7955 ], [ -8.5626, 57.797 ], [ -8.5648, 57.7978 ], [ -8.5723, 57.7961 ], [ -8.5728, 57.7992 ], [ -8.5662, 57.7994 ], [ -8.5511, 57.7937 ] ] ], [ [ [ -8.5646, 57.7971 ], [ -8.5649, 57.7974 ], [ -8.5646, 57.7976 ], [ -8.5646, 57.7971 ] ] ], [ [ [ -8.5714, 57.8053 ], [ -8.5717, 57.8054 ], [ -8.5713, 57.8055 ], [ -8.5714, 57.8053 ] ] ], [ [ [ -8.6075, 57.8101 ], [ -8.6072, 57.81 ], [ -8.6075, 57.8097 ], [ -8.6075, 57.8101 ] ] ], [ [ [ -8.6104, 57.8108 ], [ -8.6105, 57.8111 ], [ -8.6101, 57.8111 ], [ -8.6104, 57.8108 ] ] ], [ [ [ -8.6103, 57.812 ], [ -8.6103, 57.8127 ], [ -8.6101, 57.812 ], [ -8.6103, 57.812 ] ] ], [ [ [ -8.5985, 57.8198 ], [ -8.5656, 57.8257 ], [ -8.5497, 57.8123 ], [ -8.5705, 57.8106 ], [ -8.5776, 57.7989 ], [ -8.5985, 57.8198 ] ] ], [ [ [ -8.5516, 57.814 ], [ -8.5511, 57.8142 ], [ -8.5504, 57.8141 ], [ -8.5516, 57.814 ] ] ], [ [ [ -8.581, 57.8237 ], [ -8.5801, 57.8246 ], [ -8.5787, 57.8243 ], [ -8.581, 57.8237 ] ] ], [ [ [ -8.625, 57.8255 ], [ -8.6256, 57.8256 ], [ -8.6249, 57.8259 ], [ -8.625, 57.8255 ] ] ], [ [ [ -8.642, 57.8256 ], [ -8.6417, 57.8264 ], [ -8.6413, 57.8261 ], [ -8.642, 57.8256 ] ] ], [ [ [ -8.5659, 57.8258 ], [ -8.5675, 57.826 ], [ -8.5665, 57.8264 ], [ -8.5659, 57.8258 ] ] ], [ [ [ -8.6205, 57.8278 ], [ -8.6214, 57.8279 ], [ -8.618, 57.829 ], [ -8.6205, 57.8278 ] ] ], [ [ [ -8.6411, 57.8232 ], [ -8.6392, 57.8256 ], [ -8.6417, 57.8273 ], [ -8.65, 57.828 ], [ -8.6269, 57.8265 ], [ -8.6411, 57.8232 ] ] ], [ [ [ -8.645, 57.8331 ], [ -8.6453, 57.8337 ], [ -8.6436, 57.8339 ], [ -8.645, 57.8331 ] ] ], [ [ [ -8.4912, 57.8638 ], [ -8.4922, 57.8629 ], [ -8.4914, 57.8638 ], [ -8.4912, 57.8638 ] ] ], [ [ [ -8.5094, 57.8656 ], [ -8.5124, 57.8666 ], [ -8.5115, 57.867 ], [ -8.5094, 57.8656 ] ] ], [ [ [ -8.4854, 57.8632 ], [ -8.4997, 57.8669 ], [ -8.4911, 57.8752 ], [ -8.4916, 57.8771 ], [ -8.4854, 57.8632 ] ] ], [ [ [ -8.4946, 57.8721 ], [ -8.495, 57.8721 ], [ -8.4942, 57.8726 ], [ -8.4946, 57.8721 ] ] ], [ [ [ -8.4932, 57.874 ], [ -8.4942, 57.8743 ], [ -8.4933, 57.8745 ], [ -8.4932, 57.874 ] ] ], [ [ [ -8.4944, 57.8771 ], [ -8.4941, 57.8775 ], [ -8.4939, 57.8772 ], [ -8.4944, 57.8771 ] ] ], [ [ [ -8.4934, 57.8777 ], [ -8.4928, 57.8775 ], [ -8.4936, 57.8772 ], [ -8.4934, 57.8777 ] ] ], [ [ [ -8.4948, 57.8793 ], [ -8.498, 57.879 ], [ -8.4967, 57.882 ], [ -8.4948, 57.8793 ] ] ], [ [ [ -7.5868, 58.273 ], [ -7.5866, 58.273 ], [ -7.589, 58.2718 ], [ -7.5868, 58.273 ] ] ], [ [ [ -7.5866, 58.2723 ], [ -7.5867, 58.2724 ], [ -7.5863, 58.2725 ], [ -7.5866, 58.2723 ] ] ], [ [ [ -7.5925, 58.2728 ], [ -7.5907, 58.2734 ], [ -7.5911, 58.2725 ], [ -7.5925, 58.2728 ] ] ], [ [ [ -7.5905, 58.2734 ], [ -7.5867, 58.2735 ], [ -7.5888, 58.2727 ], [ -7.5905, 58.2734 ] ] ], [ [ [ -7.5873, 58.2757 ], [ -7.5858, 58.275 ], [ -7.5882, 58.274 ], [ -7.5873, 58.2757 ] ] ], [ [ [ -7.5931, 58.2745 ], [ -7.5916, 58.2753 ], [ -7.59, 58.2753 ], [ -7.5931, 58.2745 ] ] ], [ [ [ -7.5855, 58.276 ], [ -7.5852, 58.2756 ], [ -7.5869, 58.2757 ], [ -7.5855, 58.276 ] ] ], [ [ [ -7.6443, 58.2822 ], [ -7.6429, 58.2815 ], [ -7.6483, 58.2799 ], [ -7.6443, 58.2822 ] ] ], [ [ [ -7.6559, 58.2815 ], [ -7.6542, 58.2814 ], [ -7.6549, 58.281 ], [ -7.6559, 58.2815 ] ] ], [ [ [ -7.6535, 58.281 ], [ -7.6528, 58.2814 ], [ -7.6522, 58.2814 ], [ -7.6535, 58.281 ] ] ], [ [ [ -7.6512, 58.2834 ], [ -7.65, 58.2837 ], [ -7.6493, 58.2835 ], [ -7.6512, 58.2834 ] ] ], [ [ [ -7.5805, 58.2839 ], [ -7.5796, 58.2835 ], [ -7.5813, 58.2833 ], [ -7.5805, 58.2839 ] ] ], [ [ [ -7.5885, 58.2835 ], [ -7.5845, 58.285 ], [ -7.5759, 58.2846 ], [ -7.5818, 58.2842 ], [ -7.5885, 58.2835 ] ] ], [ [ [ -7.6492, 58.2852 ], [ -7.6455, 58.2849 ], [ -7.6476, 58.2832 ], [ -7.6492, 58.2852 ] ] ], [ [ [ -7.5702, 58.2849 ], [ -7.5704, 58.2851 ], [ -7.5697, 58.2853 ], [ -7.5702, 58.2849 ] ] ], [ [ [ -7.5883, 58.2856 ], [ -7.5863, 58.2854 ], [ -7.5882, 58.2846 ], [ -7.5883, 58.2856 ] ] ], [ [ [ -7.5858, 58.2858 ], [ -7.5872, 58.286 ], [ -7.5862, 58.2863 ], [ -7.5858, 58.2858 ] ] ], [ [ [ -7.5595, 58.287 ], [ -7.559, 58.2869 ], [ -7.5596, 58.2867 ], [ -7.5595, 58.287 ] ] ], [ [ [ -7.5875, 58.2861 ], [ -7.5957, 58.2887 ], [ -7.5921, 58.2897 ], [ -7.5875, 58.2861 ] ] ], [ [ [ -7.5958, 58.2874 ], [ -7.5985, 58.2878 ], [ -7.5966, 58.2881 ], [ -7.5958, 58.2874 ] ] ], [ [ [ -7.5831, 58.2889 ], [ -7.5834, 58.289 ], [ -7.5826, 58.2892 ], [ -7.5831, 58.2889 ] ] ], [ [ [ -7.3676, 56.9783 ], [ -7.3673, 56.9783 ], [ -7.3683, 56.978 ], [ -7.3676, 56.9783 ] ] ], [ [ [ -7.3681, 56.9792 ], [ -7.3665, 56.9788 ], [ -7.3675, 56.9785 ], [ -7.3681, 56.9792 ] ] ], [ [ [ -7.3699, 56.9796 ], [ -7.3706, 56.98 ], [ -7.3704, 56.9802 ], [ -7.3699, 56.9796 ] ] ], [ [ [ -7.3735, 56.9819 ], [ -7.3731, 56.9805 ], [ -7.3744, 56.9804 ], [ -7.3735, 56.9819 ] ] ], [ [ [ -7.3733, 56.9831 ], [ -7.3727, 56.9832 ], [ -7.373, 56.9827 ], [ -7.3733, 56.9831 ] ] ], [ [ [ -7.3754, 56.9871 ], [ -7.3768, 56.9873 ], [ -7.376, 56.9874 ], [ -7.3754, 56.9871 ] ] ], [ [ [ -7.3693, 56.9917 ], [ -7.3787, 57.0005 ], [ -7.3745, 56.9982 ], [ -7.3693, 56.9917 ] ] ], [ [ [ -7.3528, 56.9935 ], [ -7.3582, 56.9953 ], [ -7.3517, 56.9999 ], [ -7.3528, 56.9935 ] ] ], [ [ [ -7.3445, 56.999 ], [ -7.3457, 56.9992 ], [ -7.3445, 56.9993 ], [ -7.3445, 56.999 ] ] ], [ [ [ -7.3658, 57.0009 ], [ -7.3664, 57.0013 ], [ -7.3654, 57.0013 ], [ -7.3658, 57.0009 ] ] ], [ [ [ -7.3492, 57.0022 ], [ -7.349, 57.0017 ], [ -7.3505, 57.0013 ], [ -7.3492, 57.0022 ] ] ], [ [ [ -7.3659, 57.0038 ], [ -7.3736, 57.0066 ], [ -7.3711, 57.0072 ], [ -7.3659, 57.0038 ] ] ], [ [ [ -7.3291, 57.0069 ], [ -7.3635, 57.014 ], [ -7.3494, 57.0192 ], [ -7.3291, 57.0069 ] ] ], [ [ [ -7.3764, 57.0158 ], [ -7.3741, 57.0154 ], [ -7.3753, 57.015 ], [ -7.3764, 57.0158 ] ] ], [ [ [ -7.3365, 57.0167 ], [ -7.3355, 57.0161 ], [ -7.3356, 57.016 ], [ -7.3365, 57.0167 ] ] ], [ [ [ -7.3315, 57.0172 ], [ -7.331, 57.0164 ], [ -7.3316, 57.0162 ], [ -7.3315, 57.0172 ] ] ], [ [ [ -7.3467, 57.0197 ], [ -7.3475, 57.0202 ], [ -7.3451, 57.0203 ], [ -7.3467, 57.0197 ] ] ], [ [ [ -7.3735, 57.0198 ], [ -7.3757, 57.0204 ], [ -7.3728, 57.0206 ], [ -7.3735, 57.0198 ] ] ], [ [ [ -7.3197, 57.015 ], [ -7.3441, 57.0207 ], [ -7.3268, 57.0266 ], [ -7.3197, 57.015 ] ] ], [ [ [ -7.298, 57.0424 ], [ -7.3026, 57.0423 ], [ -7.3043, 57.0456 ], [ -7.298, 57.0424 ] ] ], [ [ [ -7.2986, 57.0474 ], [ -7.3007, 57.0476 ], [ -7.3001, 57.048 ], [ -7.2986, 57.0474 ] ] ], [ [ [ -7.3018, 57.0476 ], [ -7.3044, 57.0478 ], [ -7.3034, 57.0481 ], [ -7.3018, 57.0476 ] ] ], [ [ [ -7.2975, 57.0485 ], [ -7.2962, 57.048 ], [ -7.2967, 57.0477 ], [ -7.2975, 57.0485 ] ] ], [ [ [ -7.2925, 57.0488 ], [ -7.2965, 57.0485 ], [ -7.2955, 57.0491 ], [ -7.2925, 57.0488 ] ] ], [ [ [ -7.2951, 57.0502 ], [ -7.2922, 57.0502 ], [ -7.2927, 57.0496 ], [ -7.2951, 57.0502 ] ] ], [ [ [ -7.2687, 57.091 ], [ -7.2819, 57.0573 ], [ -7.3089, 57.0596 ], [ -7.2687, 57.091 ] ] ], [ [ [ -7.3684, 57.0811 ], [ -7.3582, 57.0799 ], [ -7.3605, 57.0783 ], [ -7.3684, 57.0811 ] ] ], [ [ [ -7.3241, 57.0813 ], [ -7.3249, 57.0826 ], [ -7.3213, 57.0824 ], [ -7.3241, 57.0813 ] ] ], [ [ [ -7.3418, 57.0816 ], [ -7.3423, 57.0819 ], [ -7.3416, 57.0826 ], [ -7.3418, 57.0816 ] ] ], [ [ [ -7.3576, 57.0821 ], [ -7.3578, 57.0827 ], [ -7.3565, 57.0826 ], [ -7.3576, 57.0821 ] ] ], [ [ [ -7.3561, 57.0826 ], [ -7.3563, 57.0838 ], [ -7.3498, 57.0823 ], [ -7.3561, 57.0826 ] ] ], [ [ [ -7.3248, 57.0833 ], [ -7.3217, 57.0826 ], [ -7.324, 57.0828 ], [ -7.3248, 57.0833 ] ] ], [ [ [ -7.3458, 57.0827 ], [ -7.3462, 57.0831 ], [ -7.3453, 57.0833 ], [ -7.3458, 57.0827 ] ] ], [ [ [ -7.3472, 57.083 ], [ -7.3484, 57.0836 ], [ -7.3482, 57.0837 ], [ -7.3472, 57.083 ] ] ], [ [ [ -7.3495, 57.0835 ], [ -7.3531, 57.0835 ], [ -7.3511, 57.0839 ], [ -7.3495, 57.0835 ] ] ], [ [ [ -7.3433, 57.0887 ], [ -7.341, 57.0883 ], [ -7.3412, 57.0877 ], [ -7.3433, 57.0887 ] ] ], [ [ [ -7.2692, 57.094 ], [ -7.2725, 57.0952 ], [ -7.2699, 57.0956 ], [ -7.2692, 57.094 ] ] ], [ [ [ -7.3578, 57.0964 ], [ -7.3603, 57.0966 ], [ -7.3597, 57.0969 ], [ -7.3578, 57.0964 ] ] ], [ [ [ -7.3617, 57.0971 ], [ -7.3625, 57.0973 ], [ -7.3624, 57.0974 ], [ -7.3617, 57.0971 ] ] ], [ [ [ -7.3699, 57.1019 ], [ -7.369, 57.1023 ], [ -7.3679, 57.1018 ], [ -7.3699, 57.1019 ] ] ], [ [ [ -7.3213, 57.102 ], [ -7.3218, 57.1024 ], [ -7.3202, 57.1026 ], [ -7.3213, 57.102 ] ] ], [ [ [ -7.3716, 57.1026 ], [ -7.37, 57.1022 ], [ -7.3707, 57.102 ], [ -7.3716, 57.1026 ] ] ], [ [ [ -7.3099, 57.1025 ], [ -7.3114, 57.1025 ], [ -7.3096, 57.1032 ], [ -7.3099, 57.1025 ] ] ], [ [ [ -7.3072, 57.1026 ], [ -7.3071, 57.1029 ], [ -7.3053, 57.1031 ], [ -7.3072, 57.1026 ] ] ], [ [ [ -7.3087, 57.1027 ], [ -7.3094, 57.1029 ], [ -7.3093, 57.1035 ], [ -7.3087, 57.1027 ] ] ], [ [ [ -7.3126, 57.103 ], [ -7.3132, 57.1031 ], [ -7.3124, 57.1037 ], [ -7.3126, 57.103 ] ] ], [ [ [ -7.2599, 57.1436 ], [ -7.2547, 57.1415 ], [ -7.2563, 57.141 ], [ -7.2599, 57.1436 ] ] ], [ [ [ -7.3404, 57.1411 ], [ -7.3427, 57.1431 ], [ -7.3369, 57.1451 ], [ -7.3404, 57.1411 ] ] ], [ [ [ -7.3161, 57.1444 ], [ -7.3151, 57.144 ], [ -7.3182, 57.1433 ], [ -7.3161, 57.1444 ] ] ], [ [ [ -7.3331, 57.1431 ], [ -7.3348, 57.1456 ], [ -7.3307, 57.1452 ], [ -7.3331, 57.1431 ] ] ], [ [ [ -7.3298, 57.1458 ], [ -7.3266, 57.144 ], [ -7.3289, 57.1442 ], [ -7.3298, 57.1458 ] ] ], [ [ [ -7.3017, 57.1435 ], [ -7.3156, 57.147 ], [ -7.3069, 57.1468 ], [ -7.303, 57.1446 ], [ -7.3017, 57.1435 ] ] ], [ [ [ -7.3243, 57.1449 ], [ -7.3258, 57.1482 ], [ -7.3197, 57.1483 ], [ -7.3224, 57.1458 ], [ -7.3243, 57.1449 ] ] ], [ [ [ -7.3173, 57.1464 ], [ -7.3211, 57.1465 ], [ -7.318, 57.1479 ], [ -7.3173, 57.1464 ] ] ], [ [ [ -7.3161, 57.1472 ], [ -7.3167, 57.1482 ], [ -7.3151, 57.1479 ], [ -7.3161, 57.1472 ] ] ], [ [ [ -7.3044, 57.1508 ], [ -7.3022, 57.1505 ], [ -7.3025, 57.1503 ], [ -7.3044, 57.1508 ] ] ], [ [ [ -7.3335, 57.1518 ], [ -7.3341, 57.1528 ], [ -7.33, 57.1538 ], [ -7.3246, 57.1517 ], [ -7.3335, 57.1518 ] ] ], [ [ [ -7.3261, 57.153 ], [ -7.3268, 57.1537 ], [ -7.3261, 57.1539 ], [ -7.3261, 57.153 ] ] ], [ [ [ -7.329, 57.1577 ], [ -7.3268, 57.1542 ], [ -7.3283, 57.1536 ], [ -7.329, 57.1577 ] ] ], [ [ [ -7.3054, 57.1572 ], [ -7.305, 57.1568 ], [ -7.3063, 57.1566 ], [ -7.3054, 57.1572 ] ] ], [ [ [ -7.2622, 57.2087 ], [ -7.2616, 57.2077 ], [ -7.2633, 57.2081 ], [ -7.2622, 57.2087 ] ] ], [ [ [ -7.2612, 57.2099 ], [ -7.2609, 57.2094 ], [ -7.2624, 57.2091 ], [ -7.2612, 57.2099 ] ] ], [ [ [ -7.2668, 57.2143 ], [ -7.2677, 57.2129 ], [ -7.2689, 57.2137 ], [ -7.2668, 57.2143 ] ] ], [ [ [ -7.308, 57.2243 ], [ -7.3078, 57.2247 ], [ -7.307, 57.224 ], [ -7.308, 57.2243 ] ] ], [ [ [ -7.3248, 57.2244 ], [ -7.3273, 57.225 ], [ -7.3266, 57.2254 ], [ -7.3248, 57.2244 ] ] ], [ [ [ -7.337, 57.2249 ], [ -7.3352, 57.2252 ], [ -7.3359, 57.2248 ], [ -7.337, 57.2249 ] ] ], [ [ [ -7.34, 57.225 ], [ -7.3403, 57.2254 ], [ -7.3396, 57.2254 ], [ -7.34, 57.225 ] ] ], [ [ [ -7.3395, 57.2255 ], [ -7.3408, 57.2261 ], [ -7.3398, 57.226 ], [ -7.3395, 57.2255 ] ] ], [ [ [ -7.3352, 57.2264 ], [ -7.3331, 57.2269 ], [ -7.3348, 57.2262 ], [ -7.3352, 57.2264 ] ] ], [ [ [ -7.3471, 57.2281 ], [ -7.3478, 57.2284 ], [ -7.3464, 57.2286 ], [ -7.3471, 57.2281 ] ] ], [ [ [ -7.346, 57.2295 ], [ -7.3469, 57.2298 ], [ -7.3463, 57.2298 ], [ -7.346, 57.2295 ] ] ], [ [ [ -7.3243, 57.2295 ], [ -7.3256, 57.23 ], [ -7.3244, 57.2301 ], [ -7.3243, 57.2295 ] ] ], [ [ [ -7.3268, 57.2302 ], [ -7.3252, 57.2295 ], [ -7.3265, 57.2296 ], [ -7.3268, 57.2302 ] ] ], [ [ [ -7.3271, 57.2308 ], [ -7.3269, 57.2311 ], [ -7.3261, 57.2308 ], [ -7.3271, 57.2308 ] ] ], [ [ [ -7.3443, 57.2338 ], [ -7.3446, 57.2341 ], [ -7.3441, 57.2341 ], [ -7.3443, 57.2338 ] ] ], [ [ [ -7.3493, 57.2302 ], [ -7.3565, 57.2381 ], [ -7.3484, 57.2368 ], [ -7.3493, 57.2302 ] ] ], [ [ [ -7.3033, 57.2353 ], [ -7.3025, 57.2347 ], [ -7.3048, 57.2353 ], [ -7.3033, 57.2353 ] ] ], [ [ [ -7.2968, 57.2353 ], [ -7.2977, 57.2355 ], [ -7.2966, 57.2358 ], [ -7.2968, 57.2353 ] ] ], [ [ [ -7.3041, 57.2361 ], [ -7.3046, 57.2377 ], [ -7.3034, 57.2379 ], [ -7.3041, 57.2361 ] ] ], [ [ [ -7.3554, 57.2382 ], [ -7.3572, 57.2385 ], [ -7.3562, 57.2386 ], [ -7.3554, 57.2382 ] ] ], [ [ [ -7.2701, 57.3447 ], [ -7.2584, 57.3414 ], [ -7.2405, 57.3465 ], [ -7.2484, 57.3416 ], [ -7.2339, 57.3417 ], [ -7.2334, 57.3466 ], [ -7.2207, 57.349 ], [ -7.2308, 57.3357 ], [ -7.2343, 57.3349 ], [ -7.2636, 57.3281 ], [ -7.2947, 57.3371 ], [ -7.1918, 57.2982 ], [ -7.363, 57.2458 ], [ -7.3495, 57.2254 ], [ -7.2614, 57.2071 ], [ -7.267, 57.1933 ], [ -7.2446, 57.1637 ], [ -7.3214, 57.1638 ], [ -7.3085, 57.151 ], [ -7.2986, 57.1485 ], [ -7.2897, 57.149 ], [ -7.2903, 57.1473 ], [ -7.3211, 57.1515 ], [ -7.3309, 57.1607 ], [ -7.356, 57.1536 ], [ -7.3458, 57.1526 ], [ -7.3537, 57.1505 ], [ -7.3335, 57.1359 ], [ -7.2463, 57.1358 ], [ -7.2293, 57.0959 ], [ -7.3924, 57.1135 ], [ -7.4582, 57.2409 ], [ -7.3884, 57.2976 ], [ -7.4298, 57.3884 ], [ -7.2701, 57.3447 ] ] ], [ [ [ -7.2644, 57.3262 ], [ -7.2646, 57.3266 ], [ -7.2631, 57.3268 ], [ -7.2644, 57.3262 ] ] ], [ [ [ -7.2575, 57.3462 ], [ -7.2592, 57.346 ], [ -7.259, 57.3461 ], [ -7.2575, 57.3462 ] ] ], [ [ [ -7.2594, 57.3469 ], [ -7.2607, 57.3471 ], [ -7.2596, 57.3472 ], [ -7.2594, 57.3469 ] ] ], [ [ [ -7.2582, 57.3473 ], [ -7.2575, 57.3471 ], [ -7.2583, 57.3469 ], [ -7.2582, 57.3473 ] ] ], [ [ [ -7.2635, 57.3486 ], [ -7.2643, 57.349 ], [ -7.2632, 57.3493 ], [ -7.2635, 57.3486 ] ] ], [ [ [ -7.2707, 57.3663 ], [ -7.271, 57.3668 ], [ -7.27, 57.3669 ], [ -7.2707, 57.3663 ] ] ], [ [ [ -7.2631, 57.3692 ], [ -7.2622, 57.3687 ], [ -7.2623, 57.3683 ], [ -7.2631, 57.3692 ] ] ], [ [ [ -7.2575, 57.3675 ], [ -7.262, 57.3698 ], [ -7.2556, 57.37 ], [ -7.2575, 57.3675 ] ] ], [ [ [ -7.2801, 57.3698 ], [ -7.2805, 57.3701 ], [ -7.2795, 57.3701 ], [ -7.2801, 57.3698 ] ] ], [ [ [ -7.2766, 57.3708 ], [ -7.2727, 57.3712 ], [ -7.2697, 57.37 ], [ -7.2766, 57.3708 ] ] ], [ [ [ -7.2898, 57.3727 ], [ -7.2943, 57.3732 ], [ -7.2891, 57.3737 ], [ -7.2839, 57.3715 ], [ -7.2898, 57.3727 ] ] ], [ [ [ -7.278, 57.3727 ], [ -7.2755, 57.3725 ], [ -7.2757, 57.3722 ], [ -7.278, 57.3727 ] ] ], [ [ [ -7.2605, 57.3736 ], [ -7.2602, 57.3729 ], [ -7.263, 57.3732 ], [ -7.2605, 57.3736 ] ] ], [ [ [ -7.287, 57.3772 ], [ -7.2837, 57.376 ], [ -7.2866, 57.3736 ], [ -7.287, 57.3772 ] ] ], [ [ [ -7.2673, 57.3811 ], [ -7.2655, 57.3805 ], [ -7.2664, 57.3802 ], [ -7.2673, 57.3811 ] ] ], [ [ [ -7.2692, 57.3821 ], [ -7.266, 57.3816 ], [ -7.2676, 57.3814 ], [ -7.2692, 57.3821 ] ] ], [ [ [ -7.279, 57.3859 ], [ -7.2773, 57.3855 ], [ -7.2799, 57.3849 ], [ -7.279, 57.3859 ] ] ], [ [ [ -7.2642, 57.3887 ], [ -7.2643, 57.3897 ], [ -7.2605, 57.3878 ], [ -7.2642, 57.3887 ] ] ], [ [ [ -7.2627, 57.3909 ], [ -7.2623, 57.39 ], [ -7.2641, 57.3904 ], [ -7.2627, 57.3909 ] ] ], [ [ [ -7.27, 57.3929 ], [ -7.2729, 57.3937 ], [ -7.2727, 57.3944 ], [ -7.27, 57.3929 ] ] ], [ [ [ -7.2838, 57.3956 ], [ -7.2832, 57.3942 ], [ -7.2842, 57.3931 ], [ -7.2838, 57.3956 ] ] ], [ [ [ -7.2888, 57.3943 ], [ -7.2904, 57.3949 ], [ -7.2905, 57.3952 ], [ -7.2888, 57.3943 ] ] ], [ [ [ -7.2671, 57.3955 ], [ -7.2668, 57.3953 ], [ -7.2683, 57.3953 ], [ -7.2671, 57.3955 ] ] ], [ [ [ -7.2571, 57.395 ], [ -7.2598, 57.3959 ], [ -7.2598, 57.3962 ], [ -7.2571, 57.395 ] ] ], [ [ [ -7.2743, 57.3968 ], [ -7.271, 57.3959 ], [ -7.2691, 57.3948 ], [ -7.2743, 57.3968 ] ] ], [ [ [ -7.2681, 57.3963 ], [ -7.2669, 57.3956 ], [ -7.269, 57.3957 ], [ -7.2681, 57.3963 ] ] ], [ [ [ -7.2759, 57.3977 ], [ -7.275, 57.3971 ], [ -7.2757, 57.3961 ], [ -7.2759, 57.3977 ] ] ], [ [ [ -7.2731, 57.3978 ], [ -7.2718, 57.3966 ], [ -7.273, 57.3972 ], [ -7.2731, 57.3978 ] ] ], [ [ [ -7.2618, 57.397 ], [ -7.2652, 57.3984 ], [ -7.2622, 57.3978 ], [ -7.2618, 57.397 ] ] ], [ [ [ -7.2688, 57.3986 ], [ -7.2675, 57.3976 ], [ -7.2677, 57.3972 ], [ -7.2688, 57.3986 ] ] ], [ [ [ -7.2659, 57.3979 ], [ -7.2682, 57.399 ], [ -7.2659, 57.3985 ], [ -7.2659, 57.3979 ] ] ], [ [ [ -7.2612, 57.3983 ], [ -7.2614, 57.3987 ], [ -7.2603, 57.3984 ], [ -7.2612, 57.3983 ] ] ], [ [ [ -7.2874, 57.401 ], [ -7.2828, 57.3994 ], [ -7.2865, 57.3995 ], [ -7.2874, 57.401 ] ] ], [ [ [ -7.2741, 57.4 ], [ -7.2773, 57.4014 ], [ -7.2764, 57.4015 ], [ -7.2741, 57.4 ] ] ], [ [ [ -7.261, 57.4017 ], [ -7.2592, 57.4011 ], [ -7.2596, 57.4005 ], [ -7.261, 57.4017 ] ] ], [ [ [ -7.2592, 57.402 ], [ -7.2588, 57.4014 ], [ -7.2592, 57.4016 ], [ -7.2592, 57.402 ] ] ], [ [ [ -7.2874, 57.4018 ], [ -7.2893, 57.4022 ], [ -7.289, 57.4022 ], [ -7.2874, 57.4018 ] ] ], [ [ [ -7.2591, 57.4029 ], [ -7.2602, 57.4032 ], [ -7.2599, 57.4032 ], [ -7.2591, 57.4029 ] ] ], [ [ [ -7.2568, 57.4041 ], [ -7.2587, 57.4046 ], [ -7.258, 57.4047 ], [ -7.2568, 57.4041 ] ] ], [ [ [ -7.2905, 57.4046 ], [ -7.2915, 57.4047 ], [ -7.2912, 57.4049 ], [ -7.2905, 57.4046 ] ] ], [ [ [ -7.2916, 57.4058 ], [ -7.2892, 57.4056 ], [ -7.2896, 57.4054 ], [ -7.2916, 57.4058 ] ] ], [ [ [ -7.2624, 57.4057 ], [ -7.2629, 57.4058 ], [ -7.2628, 57.406 ], [ -7.2624, 57.4057 ] ] ], [ [ [ -7.2636, 57.4059 ], [ -7.2641, 57.4063 ], [ -7.2638, 57.4065 ], [ -7.2636, 57.4059 ] ] ], [ [ [ -7.2642, 57.4067 ], [ -7.2639, 57.4066 ], [ -7.2645, 57.4065 ], [ -7.2642, 57.4067 ] ] ], [ [ [ -7.2677, 57.4064 ], [ -7.2689, 57.4066 ], [ -7.2683, 57.407 ], [ -7.2677, 57.4064 ] ] ], [ [ [ -7.2704, 57.4073 ], [ -7.2691, 57.4062 ], [ -7.2721, 57.4068 ], [ -7.2704, 57.4073 ] ] ], [ [ [ -7.3746, 57.3995 ], [ -7.382, 57.3973 ], [ -7.3698, 57.4135 ], [ -7.3664, 57.4166 ], [ -7.3632, 57.4175 ], [ -7.3618, 57.4175 ], [ -7.3746, 57.3995 ] ] ], [ [ [ -7.273, 57.4075 ], [ -7.2745, 57.4081 ], [ -7.2726, 57.4082 ], [ -7.273, 57.4075 ] ] ], [ [ [ -7.2696, 57.4085 ], [ -7.2714, 57.4086 ], [ -7.272, 57.4092 ], [ -7.2696, 57.4085 ] ] ], [ [ [ -7.2774, 57.4092 ], [ -7.2756, 57.4088 ], [ -7.2758, 57.4084 ], [ -7.2774, 57.4092 ] ] ], [ [ [ -7.2894, 57.4111 ], [ -7.2862, 57.4108 ], [ -7.2878, 57.4109 ], [ -7.2894, 57.4111 ] ] ], [ [ [ -7.2853, 57.4112 ], [ -7.2838, 57.4107 ], [ -7.2846, 57.4106 ], [ -7.2853, 57.4112 ] ] ], [ [ [ -7.2906, 57.411 ], [ -7.2911, 57.4114 ], [ -7.2906, 57.4115 ], [ -7.2906, 57.411 ] ] ], [ [ [ -7.2921, 57.4123 ], [ -7.2904, 57.4121 ], [ -7.2918, 57.4119 ], [ -7.2921, 57.4123 ] ] ], [ [ [ -7.2975, 57.4127 ], [ -7.2976, 57.4132 ], [ -7.2965, 57.4128 ], [ -7.2975, 57.4127 ] ] ], [ [ [ -7.2962, 57.4136 ], [ -7.2979, 57.4141 ], [ -7.2979, 57.4145 ], [ -7.2962, 57.4136 ] ] ], [ [ [ -7.2956, 57.4141 ], [ -7.2961, 57.4146 ], [ -7.2945, 57.4141 ], [ -7.2956, 57.4141 ] ] ], [ [ [ -7.2581, 57.4376 ], [ -7.2616, 57.4373 ], [ -7.2606, 57.438 ], [ -7.2581, 57.4376 ] ] ], [ [ [ -7.2599, 57.441 ], [ -7.2599, 57.4414 ], [ -7.2593, 57.4415 ], [ -7.2599, 57.441 ] ] ], [ [ [ -7.2653, 57.4422 ], [ -7.2626, 57.4426 ], [ -7.2633, 57.4416 ], [ -7.2653, 57.4422 ] ] ], [ [ [ -7.2606, 57.4421 ], [ -7.262, 57.443 ], [ -7.261, 57.443 ], [ -7.2606, 57.4421 ] ] ], [ [ [ -7.2495, 57.4601 ], [ -7.2148, 57.4655 ], [ -7.2447, 57.4605 ], [ -7.2415, 57.4509 ], [ -7.218, 57.4461 ], [ -7.2428, 57.4471 ], [ -7.2517, 57.4593 ], [ -7.2836, 57.4381 ], [ -7.2029, 57.4184 ], [ -7.392, 57.4225 ], [ -7.2495, 57.4601 ] ] ], [ [ [ -7.259, 57.4702 ], [ -7.2593, 57.4697 ], [ -7.2606, 57.4693 ], [ -7.259, 57.4702 ] ] ], [ [ [ -7.2849, 57.479 ], [ -7.2872, 57.4795 ], [ -7.2859, 57.4805 ], [ -7.2849, 57.479 ] ] ], [ [ [ -7.2627, 57.4798 ], [ -7.2626, 57.4804 ], [ -7.2616, 57.4802 ], [ -7.2627, 57.4798 ] ] ], [ [ [ -7.2891, 57.4803 ], [ -7.2911, 57.4805 ], [ -7.2864, 57.4806 ], [ -7.2891, 57.4803 ] ] ], [ [ [ -7.2584, 57.4811 ], [ -7.2625, 57.4814 ], [ -7.2614, 57.4815 ], [ -7.2584, 57.4811 ] ] ], [ [ [ -7.2599, 57.4826 ], [ -7.2618, 57.4829 ], [ -7.261, 57.4829 ], [ -7.2599, 57.4826 ] ] ], [ [ [ -7.27, 57.4838 ], [ -7.2652, 57.482 ], [ -7.2681, 57.482 ], [ -7.27, 57.4838 ] ] ], [ [ [ -7.3256, 57.4886 ], [ -7.3188, 57.4883 ], [ -7.3227, 57.4867 ], [ -7.3256, 57.4886 ] ] ], [ [ [ -7.2782, 57.4889 ], [ -7.269, 57.4881 ], [ -7.2716, 57.4865 ], [ -7.2782, 57.4889 ] ] ], [ [ [ -7.3016, 57.4862 ], [ -7.3028, 57.4873 ], [ -7.2995, 57.4894 ], [ -7.2915, 57.4909 ], [ -7.3016, 57.4862 ] ] ], [ [ [ -7.3404, 57.4876 ], [ -7.342, 57.4899 ], [ -7.3368, 57.4918 ], [ -7.3404, 57.4876 ] ] ], [ [ [ -7.2893, 57.4909 ], [ -7.288, 57.4907 ], [ -7.2881, 57.4902 ], [ -7.2893, 57.4909 ] ] ], [ [ [ -7.2744, 57.4902 ], [ -7.2756, 57.4919 ], [ -7.2693, 57.4919 ], [ -7.268, 57.4909 ], [ -7.2744, 57.4902 ] ] ], [ [ [ -7.34, 57.4992 ], [ -7.3481, 57.4972 ], [ -7.3469, 57.5013 ], [ -7.34, 57.4992 ] ] ], [ [ [ -7.2911, 57.4984 ], [ -7.2957, 57.5012 ], [ -7.2906, 57.4994 ], [ -7.2911, 57.4984 ] ] ], [ [ [ -7.2993, 57.4986 ], [ -7.3029, 57.5014 ], [ -7.3001, 57.5031 ], [ -7.2993, 57.4986 ] ] ], [ [ [ -7.274, 57.5016 ], [ -7.2741, 57.5011 ], [ -7.276, 57.5012 ], [ -7.274, 57.5016 ] ] ], [ [ [ -7.2648, 57.5047 ], [ -7.2646, 57.5044 ], [ -7.2674, 57.5044 ], [ -7.2648, 57.5047 ] ] ], [ [ [ -7.2676, 57.504 ], [ -7.2713, 57.5045 ], [ -7.2679, 57.5052 ], [ -7.2676, 57.504 ] ] ], [ [ [ -7.2647, 57.505 ], [ -7.2652, 57.505 ], [ -7.2651, 57.5052 ], [ -7.2647, 57.505 ] ] ], [ [ [ -7.2841, 57.5048 ], [ -7.2859, 57.5056 ], [ -7.2848, 57.5058 ], [ -7.2841, 57.5048 ] ] ], [ [ [ -7.2728, 57.5056 ], [ -7.2737, 57.5064 ], [ -7.2702, 57.5063 ], [ -7.2728, 57.5056 ] ] ], [ [ [ -7.2759, 57.5071 ], [ -7.2744, 57.5067 ], [ -7.2778, 57.5064 ], [ -7.2759, 57.5071 ] ] ], [ [ [ -7.2821, 57.5091 ], [ -7.2762, 57.5101 ], [ -7.2719, 57.5089 ], [ -7.2821, 57.5091 ] ] ], [ [ [ -7.2893, 57.5121 ], [ -7.2907, 57.5128 ], [ -7.289, 57.5129 ], [ -7.2893, 57.5121 ] ] ], [ [ [ -7.2781, 57.5134 ], [ -7.2794, 57.5137 ], [ -7.2773, 57.5142 ], [ -7.2781, 57.5134 ] ] ], [ [ [ -7.3363, 57.5139 ], [ -7.3336, 57.5173 ], [ -7.3331, 57.5161 ], [ -7.3363, 57.5139 ] ] ], [ [ [ -7.2711, 57.5158 ], [ -7.2716, 57.5161 ], [ -7.2709, 57.5162 ], [ -7.2711, 57.5158 ] ] ], [ [ [ -7.2704, 57.5164 ], [ -7.2737, 57.5173 ], [ -7.2728, 57.5175 ], [ -7.2704, 57.5164 ] ] ], [ [ [ -7.3314, 57.5213 ], [ -7.3295, 57.5194 ], [ -7.3302, 57.519 ], [ -7.3314, 57.5213 ] ] ], [ [ [ -7.3253, 57.522 ], [ -7.3223, 57.5219 ], [ -7.3257, 57.5214 ], [ -7.3253, 57.522 ] ] ], [ [ [ -7.3367, 57.5268 ], [ -7.3322, 57.5274 ], [ -7.3354, 57.5246 ], [ -7.3367, 57.5268 ] ] ], [ [ [ -7.3401, 57.5298 ], [ -7.3376, 57.53 ], [ -7.3385, 57.5292 ], [ -7.3401, 57.5298 ] ] ], [ [ [ -7.3423, 57.5296 ], [ -7.3371, 57.5323 ], [ -7.3444, 57.5284 ], [ -7.3423, 57.5296 ] ] ], [ [ [ -7.286, 57.5522 ], [ -7.2892, 57.5518 ], [ -7.286, 57.5528 ], [ -7.286, 57.5522 ] ] ], [ [ [ -7.2892, 57.552 ], [ -7.2912, 57.5528 ], [ -7.2908, 57.5527 ], [ -7.2892, 57.552 ] ] ], [ [ [ -7.295, 57.5538 ], [ -7.2953, 57.5546 ], [ -7.2946, 57.5544 ], [ -7.295, 57.5538 ] ] ], [ [ [ -7.271, 57.554 ], [ -7.2618, 57.554 ], [ -7.2683, 57.5534 ], [ -7.271, 57.554 ] ] ], [ [ [ -7.2615, 57.5549 ], [ -7.2625, 57.5553 ], [ -7.2615, 57.5554 ], [ -7.2615, 57.5549 ] ] ], [ [ [ -7.281, 57.5551 ], [ -7.2817, 57.5551 ], [ -7.281, 57.5556 ], [ -7.281, 57.5551 ] ] ], [ [ [ -7.2969, 57.555 ], [ -7.2997, 57.5569 ], [ -7.2944, 57.5588 ], [ -7.2969, 57.555 ] ] ], [ [ [ -7.2863, 57.5569 ], [ -7.2849, 57.5573 ], [ -7.2855, 57.5564 ], [ -7.2863, 57.5569 ] ] ], [ [ [ -7.2669, 57.5606 ], [ -7.2688, 57.5614 ], [ -7.2669, 57.5614 ], [ -7.2669, 57.5606 ] ] ], [ [ [ -7.1869, 57.5931 ], [ -7.1515, 57.5862 ], [ -7.1011, 57.5936 ], [ -7.1352, 57.5589 ], [ -7.2563, 57.574 ], [ -7.2982, 57.568 ], [ -7.3048, 57.549 ], [ -7.1657, 57.5474 ], [ -7.1351, 57.554 ], [ -7.149, 57.5095 ], [ -7.3452, 57.5419 ], [ -7.3552, 57.4972 ], [ -7.3684, 57.5018 ], [ -7.3751, 57.5198 ], [ -7.405, 57.5434 ], [ -7.4057, 57.5474 ], [ -7.3865, 57.5354 ], [ -7.3113, 57.5542 ], [ -7.5491, 57.6029 ], [ -7.3829, 57.6308 ], [ -7.3147, 57.6941 ], [ -7.3372, 57.6581 ], [ -7.2916, 57.6412 ], [ -7.2464, 57.6533 ], [ -7.1614, 57.7386 ], [ -7.2139, 57.6572 ], [ -7.1378, 57.6393 ], [ -7.1, 57.6488 ], [ -7.123, 57.6583 ], [ -7.116, 57.6623 ], [ -7.0936, 57.6468 ], [ -7.0631, 57.6403 ], [ -7.1002, 57.6079 ], [ -7.1167, 57.6342 ], [ -7.1866, 57.6463 ], [ -7.2189, 57.6398 ], [ -7.1869, 57.5931 ] ] ], [ [ [ -7.2721, 57.6528 ], [ -7.2741, 57.6534 ], [ -7.2726, 57.6544 ], [ -7.2721, 57.6528 ] ] ], [ [ [ -7.2771, 57.6544 ], [ -7.2787, 57.6553 ], [ -7.2778, 57.6558 ], [ -7.2771, 57.6544 ] ] ], [ [ [ -7.3051, 57.657 ], [ -7.3066, 57.6569 ], [ -7.3052, 57.6573 ], [ -7.3051, 57.657 ] ] ], [ [ [ -7.2857, 57.6592 ], [ -7.3116, 57.6614 ], [ -7.2879, 57.6679 ], [ -7.2857, 57.6592 ] ] ], [ [ [ -7.2984, 57.6655 ], [ -7.2992, 57.6662 ], [ -7.2966, 57.6667 ], [ -7.2984, 57.6655 ] ] ], [ [ [ -7.3138, 57.6813 ], [ -7.3139, 57.682 ], [ -7.3116, 57.6819 ], [ -7.3138, 57.6813 ] ] ], [ [ [ -7.283, 57.7001 ], [ -7.3011, 57.7167 ], [ -7.289, 57.7197 ], [ -7.283, 57.7001 ] ] ], [ [ [ -7.289, 57.7377 ], [ -7.2879, 57.7371 ], [ -7.2904, 57.7371 ], [ -7.289, 57.7377 ] ] ], [ [ [ -7.2622, 57.7949 ], [ -7.2644, 57.7969 ], [ -7.2619, 57.7967 ], [ -7.2622, 57.7949 ] ] ], [ [ [ -7.2582, 57.7978 ], [ -7.2567, 57.7973 ], [ -7.2571, 57.7969 ], [ -7.2582, 57.7978 ] ] ], [ [ [ -7.2677, 57.9763 ], [ -7.2682, 57.9767 ], [ -7.2661, 57.9764 ], [ -7.2677, 57.9763 ] ] ], [ [ [ -7.2625, 57.977 ], [ -7.2633, 57.977 ], [ -7.2622, 57.9774 ], [ -7.2625, 57.977 ] ] ], [ [ [ -7.2616, 57.9769 ], [ -7.262, 57.9777 ], [ -7.2607, 57.9775 ], [ -7.2616, 57.9769 ] ] ], [ [ [ -7.2637, 57.9771 ], [ -7.2642, 57.9771 ], [ -7.2641, 57.9775 ], [ -7.2637, 57.9771 ] ] ], [ [ [ -7.2937, 57.9851 ], [ -7.2832, 57.9836 ], [ -7.2879, 57.9805 ], [ -7.2937, 57.9851 ] ] ], [ [ [ -7.2287, 57.0848 ], [ -7.228, 57.0843 ], [ -7.2305, 57.084 ], [ -7.2287, 57.0848 ] ] ], [ [ [ -7.2447, 57.1753 ], [ -7.2436, 57.1752 ], [ -7.2447, 57.1748 ], [ -7.2447, 57.1753 ] ] ], [ [ [ -7.2386, 57.1883 ], [ -7.2369, 57.1889 ], [ -7.2382, 57.1871 ], [ -7.2386, 57.1883 ] ] ], [ [ [ -7.2496, 57.1875 ], [ -7.2559, 57.1932 ], [ -7.2498, 57.1954 ], [ -7.2496, 57.1875 ] ] ], [ [ [ -7.2513, 57.1978 ], [ -7.2526, 57.1977 ], [ -7.2523, 57.1988 ], [ -7.2513, 57.1978 ] ] ], [ [ [ -7.2217, 57.3212 ], [ -7.2198, 57.3201 ], [ -7.2209, 57.3199 ], [ -7.2217, 57.3212 ] ] ], [ [ [ -7.2419, 57.3259 ], [ -7.2389, 57.3242 ], [ -7.2454, 57.3226 ], [ -7.2419, 57.3259 ] ] ], [ [ [ -7.2294, 57.3247 ], [ -7.2296, 57.3251 ], [ -7.2289, 57.3253 ], [ -7.2294, 57.3247 ] ] ], [ [ [ -7.2275, 57.3263 ], [ -7.2273, 57.3259 ], [ -7.228, 57.3257 ], [ -7.2275, 57.3263 ] ] ], [ [ [ -7.2551, 57.3263 ], [ -7.2537, 57.3263 ], [ -7.2542, 57.3259 ], [ -7.2551, 57.3263 ] ] ], [ [ [ -7.2269, 57.3269 ], [ -7.2254, 57.3268 ], [ -7.226, 57.3265 ], [ -7.2269, 57.3269 ] ] ], [ [ [ -7.2463, 57.3252 ], [ -7.2524, 57.3269 ], [ -7.2408, 57.329 ], [ -7.2463, 57.3252 ] ] ], [ [ [ -7.2252, 57.3273 ], [ -7.2287, 57.3285 ], [ -7.221, 57.3294 ], [ -7.2252, 57.3273 ] ] ], [ [ [ -7.235, 57.3346 ], [ -7.2343, 57.3349 ], [ -7.2341, 57.3347 ], [ -7.235, 57.3346 ] ] ], [ [ [ -7.2379, 57.3426 ], [ -7.2394, 57.3434 ], [ -7.2386, 57.3436 ], [ -7.2367, 57.3431 ], [ -7.2379, 57.3426 ] ] ], [ [ [ -7.2573, 57.3434 ], [ -7.2568, 57.3443 ], [ -7.2558, 57.3442 ], [ -7.2573, 57.3434 ] ] ], [ [ [ -7.2372, 57.3445 ], [ -7.2379, 57.3452 ], [ -7.2369, 57.3448 ], [ -7.2372, 57.3445 ] ] ], [ [ [ -7.2175, 57.3413 ], [ -7.2203, 57.3428 ], [ -7.2134, 57.3487 ], [ -7.2105, 57.3474 ], [ -7.2175, 57.3413 ] ] ], [ [ [ -7.2076, 57.3443 ], [ -7.2106, 57.3433 ], [ -7.2112, 57.3442 ], [ -7.2076, 57.3443 ] ] ], [ [ [ -7.2539, 57.3451 ], [ -7.257, 57.3454 ], [ -7.2553, 57.3462 ], [ -7.2539, 57.3451 ] ] ], [ [ [ -7.2516, 57.3455 ], [ -7.253, 57.3463 ], [ -7.2519, 57.347 ], [ -7.2516, 57.3455 ] ] ], [ [ [ -7.233, 57.3468 ], [ -7.2365, 57.3472 ], [ -7.2359, 57.3477 ], [ -7.233, 57.3468 ] ] ], [ [ [ -7.2389, 57.3471 ], [ -7.2405, 57.3473 ], [ -7.2403, 57.3476 ], [ -7.2389, 57.3471 ] ] ], [ [ [ -7.23, 57.3483 ], [ -7.2313, 57.3485 ], [ -7.2302, 57.3487 ], [ -7.23, 57.3483 ] ] ], [ [ [ -7.2185, 57.3483 ], [ -7.2188, 57.3487 ], [ -7.2181, 57.3486 ], [ -7.2185, 57.3483 ] ] ], [ [ [ -7.2388, 57.3485 ], [ -7.2399, 57.3489 ], [ -7.239, 57.3489 ], [ -7.2388, 57.3485 ] ] ], [ [ [ -7.2371, 57.35 ], [ -7.2364, 57.3493 ], [ -7.2367, 57.3489 ], [ -7.2371, 57.35 ] ] ], [ [ [ -7.2187, 57.3492 ], [ -7.2194, 57.3499 ], [ -7.2178, 57.3495 ], [ -7.2187, 57.3492 ] ] ], [ [ [ -7.2157, 57.3494 ], [ -7.2161, 57.3496 ], [ -7.2155, 57.3498 ], [ -7.2157, 57.3494 ] ] ], [ [ [ -7.2194, 57.3506 ], [ -7.2157, 57.3505 ], [ -7.2169, 57.3501 ], [ -7.2194, 57.3506 ] ] ], [ [ [ -7.2249, 57.3508 ], [ -7.2282, 57.352 ], [ -7.2228, 57.3519 ], [ -7.2249, 57.3508 ] ] ], [ [ [ -7.2368, 57.3515 ], [ -7.2368, 57.3518 ], [ -7.2357, 57.3519 ], [ -7.2368, 57.3515 ] ] ], [ [ [ -7.233, 57.3527 ], [ -7.2336, 57.353 ], [ -7.2329, 57.3532 ], [ -7.233, 57.3527 ] ] ], [ [ [ -7.2479, 57.3546 ], [ -7.2461, 57.3547 ], [ -7.2473, 57.3539 ], [ -7.2479, 57.3546 ] ] ], [ [ [ -7.2133, 57.3546 ], [ -7.2143, 57.3554 ], [ -7.2128, 57.3553 ], [ -7.2133, 57.3546 ] ] ], [ [ [ -7.248, 57.3557 ], [ -7.2469, 57.3556 ], [ -7.247, 57.3551 ], [ -7.248, 57.3557 ] ] ], [ [ [ -7.2398, 57.3557 ], [ -7.2407, 57.3562 ], [ -7.24, 57.3564 ], [ -7.2398, 57.3557 ] ] ], [ [ [ -7.214, 57.3563 ], [ -7.2157, 57.3565 ], [ -7.2152, 57.3568 ], [ -7.214, 57.3563 ] ] ], [ [ [ -7.248, 57.3594 ], [ -7.2482, 57.3598 ], [ -7.2469, 57.3595 ], [ -7.248, 57.3594 ] ] ], [ [ [ -7.2521, 57.3593 ], [ -7.2534, 57.3598 ], [ -7.2524, 57.3596 ], [ -7.2521, 57.3593 ] ] ], [ [ [ -7.2475, 57.36 ], [ -7.2483, 57.3606 ], [ -7.2455, 57.3604 ], [ -7.2475, 57.36 ] ] ], [ [ [ -7.2516, 57.3654 ], [ -7.2558, 57.3659 ], [ -7.2544, 57.366 ], [ -7.2516, 57.3654 ] ] ], [ [ [ -7.2565, 57.3668 ], [ -7.2576, 57.3669 ], [ -7.2574, 57.3673 ], [ -7.2565, 57.3668 ] ] ], [ [ [ -7.2463, 57.3687 ], [ -7.2431, 57.3672 ], [ -7.2452, 57.3674 ], [ -7.2463, 57.3687 ] ] ], [ [ [ -7.2388, 57.3801 ], [ -7.2458, 57.3826 ], [ -7.2393, 57.3823 ], [ -7.2388, 57.3801 ] ] ], [ [ [ -7.2377, 57.3827 ], [ -7.2343, 57.3824 ], [ -7.2357, 57.3822 ], [ -7.2377, 57.3827 ] ] ], [ [ [ -7.2473, 57.3845 ], [ -7.2453, 57.3835 ], [ -7.2468, 57.3839 ], [ -7.2473, 57.3845 ] ] ], [ [ [ -7.2284, 57.3844 ], [ -7.2275, 57.3841 ], [ -7.2279, 57.3837 ], [ -7.2284, 57.3844 ] ] ], [ [ [ -7.2436, 57.3841 ], [ -7.2439, 57.3848 ], [ -7.2412, 57.3842 ], [ -7.2436, 57.3841 ] ] ], [ [ [ -7.2108, 57.3845 ], [ -7.2097, 57.3842 ], [ -7.2104, 57.3839 ], [ -7.2108, 57.3845 ] ] ], [ [ [ -7.214, 57.3847 ], [ -7.2127, 57.3845 ], [ -7.2136, 57.3841 ], [ -7.214, 57.3847 ] ] ], [ [ [ -7.2158, 57.3844 ], [ -7.2169, 57.3849 ], [ -7.2155, 57.3855 ], [ -7.2158, 57.3844 ] ] ], [ [ [ -7.199, 57.3855 ], [ -7.2011, 57.385 ], [ -7.2003, 57.3855 ], [ -7.199, 57.3855 ] ] ], [ [ [ -7.2481, 57.3848 ], [ -7.2494, 57.3853 ], [ -7.2477, 57.3859 ], [ -7.2481, 57.3848 ] ] ], [ [ [ -7.2518, 57.3859 ], [ -7.2519, 57.3855 ], [ -7.2533, 57.3848 ], [ -7.2518, 57.3859 ] ] ], [ [ [ -7.2396, 57.386 ], [ -7.2356, 57.3875 ], [ -7.2291, 57.3854 ], [ -7.2396, 57.386 ] ] ], [ [ [ -7.2172, 57.386 ], [ -7.2184, 57.3863 ], [ -7.2171, 57.3865 ], [ -7.2172, 57.386 ] ] ], [ [ [ -7.2489, 57.3885 ], [ -7.246, 57.3887 ], [ -7.2493, 57.3875 ], [ -7.2489, 57.3885 ] ] ], [ [ [ -7.2549, 57.3879 ], [ -7.2562, 57.3884 ], [ -7.2551, 57.3889 ], [ -7.2549, 57.3879 ] ] ], [ [ [ -7.2178, 57.3889 ], [ -7.2155, 57.3887 ], [ -7.2159, 57.3885 ], [ -7.2178, 57.3889 ] ] ], [ [ [ -7.2356, 57.3891 ], [ -7.2325, 57.3886 ], [ -7.2332, 57.3884 ], [ -7.2356, 57.3891 ] ] ], [ [ [ -7.2515, 57.3892 ], [ -7.253, 57.3895 ], [ -7.2516, 57.3895 ], [ -7.2515, 57.3892 ] ] ], [ [ [ -7.2124, 57.3899 ], [ -7.2116, 57.3896 ], [ -7.2135, 57.3892 ], [ -7.2124, 57.3899 ] ] ], [ [ [ -7.2092, 57.3906 ], [ -7.2075, 57.3909 ], [ -7.208, 57.3904 ], [ -7.2092, 57.3906 ] ] ], [ [ [ -7.2385, 57.3901 ], [ -7.2393, 57.3905 ], [ -7.2387, 57.3904 ], [ -7.2385, 57.3901 ] ] ], [ [ [ -7.2521, 57.3906 ], [ -7.2528, 57.3907 ], [ -7.2524, 57.3908 ], [ -7.2521, 57.3906 ] ] ], [ [ [ -7.2373, 57.3922 ], [ -7.2373, 57.3928 ], [ -7.237, 57.3928 ], [ -7.2373, 57.3922 ] ] ], [ [ [ -7.26, 57.3899 ], [ -7.2657, 57.3942 ], [ -7.2624, 57.3959 ], [ -7.2496, 57.3922 ], [ -7.2482, 57.39 ], [ -7.2521, 57.3917 ], [ -7.26, 57.3899 ] ] ], [ [ [ -7.2435, 57.3966 ], [ -7.2402, 57.3951 ], [ -7.24, 57.3929 ], [ -7.2518, 57.3985 ], [ -7.2435, 57.3966 ] ] ], [ [ [ -7.2466, 57.3918 ], [ -7.2633, 57.401 ], [ -7.2564, 57.3982 ], [ -7.2531, 57.398 ], [ -7.2466, 57.3918 ] ] ], [ [ [ -7.2303, 57.3964 ], [ -7.2322, 57.3977 ], [ -7.2313, 57.3975 ], [ -7.2303, 57.3964 ] ] ], [ [ [ -7.2215, 57.3884 ], [ -7.208, 57.3885 ], [ -7.2051, 57.3863 ], [ -7.2237, 57.3871 ], [ -7.234, 57.3916 ], [ -7.2215, 57.3884 ] ] ], [ [ [ -7.241, 57.3991 ], [ -7.2397, 57.3988 ], [ -7.24, 57.3981 ], [ -7.2423, 57.399 ], [ -7.241, 57.3991 ] ] ], [ [ [ -7.2521, 57.3988 ], [ -7.2528, 57.399 ], [ -7.2521, 57.399 ], [ -7.2521, 57.3988 ] ] ], [ [ [ -7.2557, 57.3995 ], [ -7.2552, 57.3988 ], [ -7.2577, 57.3996 ], [ -7.2557, 57.3995 ] ] ], [ [ [ -7.2526, 57.3993 ], [ -7.2533, 57.3994 ], [ -7.2531, 57.3996 ], [ -7.2526, 57.3993 ] ] ], [ [ [ -7.2456, 57.3992 ], [ -7.2462, 57.3998 ], [ -7.245, 57.3994 ], [ -7.2456, 57.3992 ] ] ], [ [ [ -7.2513, 57.3997 ], [ -7.2521, 57.3998 ], [ -7.2518, 57.4 ], [ -7.2513, 57.3997 ] ] ], [ [ [ -7.2258, 57.4002 ], [ -7.2263, 57.4006 ], [ -7.2259, 57.4009 ], [ -7.2258, 57.4002 ] ] ], [ [ [ -7.2399, 57.4008 ], [ -7.2398, 57.4011 ], [ -7.2374, 57.4011 ], [ -7.2399, 57.4008 ] ] ], [ [ [ -7.236, 57.401 ], [ -7.2308, 57.4012 ], [ -7.2327, 57.4005 ], [ -7.236, 57.401 ] ] ], [ [ [ -7.2278, 57.4014 ], [ -7.23, 57.4021 ], [ -7.2289, 57.402 ], [ -7.2278, 57.4014 ] ] ], [ [ [ -7.249, 57.4024 ], [ -7.2496, 57.4026 ], [ -7.2491, 57.4025 ], [ -7.249, 57.4024 ] ] ], [ [ [ -7.2532, 57.4026 ], [ -7.2545, 57.4028 ], [ -7.2538, 57.403 ], [ -7.2532, 57.4026 ] ] ], [ [ [ -7.2521, 57.4026 ], [ -7.2527, 57.4027 ], [ -7.2526, 57.4032 ], [ -7.2521, 57.4026 ] ] ], [ [ [ -7.2333, 57.4028 ], [ -7.2342, 57.403 ], [ -7.2337, 57.4036 ], [ -7.2333, 57.4028 ] ] ], [ [ [ -7.2543, 57.4031 ], [ -7.2551, 57.4033 ], [ -7.2545, 57.4033 ], [ -7.2543, 57.4031 ] ] ], [ [ [ -7.2514, 57.4037 ], [ -7.2512, 57.4033 ], [ -7.2521, 57.4034 ], [ -7.2514, 57.4037 ] ] ], [ [ [ -7.2532, 57.404 ], [ -7.2546, 57.4048 ], [ -7.2534, 57.4046 ], [ -7.2532, 57.404 ] ] ], [ [ [ -7.2319, 57.4054 ], [ -7.232, 57.4058 ], [ -7.2315, 57.4059 ], [ -7.2319, 57.4054 ] ] ], [ [ [ -7.2239, 57.406 ], [ -7.2227, 57.4062 ], [ -7.2226, 57.4057 ], [ -7.2239, 57.406 ] ] ], [ [ [ -7.2263, 57.4067 ], [ -7.2273, 57.407 ], [ -7.2272, 57.4075 ], [ -7.2263, 57.4067 ] ] ], [ [ [ -7.2383, 57.4086 ], [ -7.2389, 57.4088 ], [ -7.2388, 57.4091 ], [ -7.2383, 57.4086 ] ] ], [ [ [ -7.2418, 57.4088 ], [ -7.2453, 57.4103 ], [ -7.2393, 57.4094 ], [ -7.2418, 57.4088 ] ] ], [ [ [ -7.2352, 57.4091 ], [ -7.2372, 57.4101 ], [ -7.2355, 57.4103 ], [ -7.2352, 57.4091 ] ] ], [ [ [ -7.2385, 57.4099 ], [ -7.2398, 57.4104 ], [ -7.2395, 57.4105 ], [ -7.2385, 57.4099 ] ] ], [ [ [ -7.2132, 57.4098 ], [ -7.2259, 57.4091 ], [ -7.2327, 57.4114 ], [ -7.2132, 57.4098 ] ] ], [ [ [ -7.2069, 57.4107 ], [ -7.2126, 57.4114 ], [ -7.2091, 57.4144 ], [ -7.2069, 57.4107 ] ] ], [ [ [ -7.2289, 57.4128 ], [ -7.2327, 57.4131 ], [ -7.2284, 57.4135 ], [ -7.2269, 57.4123 ], [ -7.2289, 57.4128 ] ] ], [ [ [ -7.2143, 57.4134 ], [ -7.2182, 57.4131 ], [ -7.217, 57.4139 ], [ -7.2143, 57.4134 ] ] ], [ [ [ -7.2002, 57.4143 ], [ -7.2013, 57.414 ], [ -7.2026, 57.4149 ], [ -7.2002, 57.4143 ] ] ], [ [ [ -7.1989, 57.4185 ], [ -7.1998, 57.4187 ], [ -7.1991, 57.4188 ], [ -7.1989, 57.4185 ] ] ], [ [ [ -7.2031, 57.4191 ], [ -7.204, 57.4191 ], [ -7.2039, 57.4194 ], [ -7.2031, 57.4191 ] ] ], [ [ [ -7.2021, 57.4192 ], [ -7.2028, 57.4197 ], [ -7.2017, 57.4196 ], [ -7.2021, 57.4192 ] ] ], [ [ [ -7.1974, 57.422 ], [ -7.1963, 57.4212 ], [ -7.1982, 57.4212 ], [ -7.1974, 57.422 ] ] ], [ [ [ -7.2061, 57.4238 ], [ -7.2021, 57.4234 ], [ -7.2028, 57.4232 ], [ -7.2061, 57.4238 ] ] ], [ [ [ -7.1953, 57.4248 ], [ -7.1968, 57.4255 ], [ -7.1961, 57.4253 ], [ -7.1953, 57.4248 ] ] ], [ [ [ -7.1969, 57.4261 ], [ -7.1967, 57.427 ], [ -7.1954, 57.4264 ], [ -7.1969, 57.4261 ] ] ], [ [ [ -7.2035, 57.4296 ], [ -7.201, 57.4288 ], [ -7.2019, 57.4288 ], [ -7.2035, 57.4296 ] ] ], [ [ [ -7.2304, 57.4312 ], [ -7.2297, 57.4301 ], [ -7.2313, 57.4301 ], [ -7.2304, 57.4312 ] ] ], [ [ [ -7.2487, 57.433 ], [ -7.2505, 57.433 ], [ -7.2494, 57.4331 ], [ -7.2487, 57.433 ] ] ], [ [ [ -7.2046, 57.4345 ], [ -7.1964, 57.4326 ], [ -7.199, 57.4322 ], [ -7.2046, 57.4345 ] ] ], [ [ [ -7.2541, 57.4351 ], [ -7.2554, 57.435 ], [ -7.2545, 57.4353 ], [ -7.2541, 57.4351 ] ] ], [ [ [ -7.2571, 57.4361 ], [ -7.2565, 57.4355 ], [ -7.2578, 57.4356 ], [ -7.2571, 57.4361 ] ] ], [ [ [ -7.2093, 57.4358 ], [ -7.2116, 57.4364 ], [ -7.2103, 57.4365 ], [ -7.2093, 57.4358 ] ] ], [ [ [ -7.249, 57.4365 ], [ -7.2489, 57.4369 ], [ -7.248, 57.4367 ], [ -7.249, 57.4365 ] ] ], [ [ [ -7.2529, 57.4368 ], [ -7.2524, 57.4375 ], [ -7.2518, 57.4367 ], [ -7.2529, 57.4368 ] ] ], [ [ [ -7.2293, 57.4367 ], [ -7.2307, 57.4377 ], [ -7.2204, 57.4378 ], [ -7.2293, 57.4367 ] ] ], [ [ [ -7.2489, 57.4383 ], [ -7.249, 57.4375 ], [ -7.2501, 57.4377 ], [ -7.2489, 57.4383 ] ] ], [ [ [ -7.2498, 57.4396 ], [ -7.2492, 57.4399 ], [ -7.2487, 57.4397 ], [ -7.2498, 57.4396 ] ] ], [ [ [ -7.2239, 57.4405 ], [ -7.2252, 57.4408 ], [ -7.2243, 57.4409 ], [ -7.2239, 57.4405 ] ] ], [ [ [ -7.2272, 57.4422 ], [ -7.2257, 57.4415 ], [ -7.2302, 57.4418 ], [ -7.2272, 57.4422 ] ] ], [ [ [ -7.225, 57.4425 ], [ -7.224, 57.4423 ], [ -7.2247, 57.442 ], [ -7.225, 57.4425 ] ] ], [ [ [ -7.233, 57.4422 ], [ -7.2337, 57.4424 ], [ -7.2334, 57.4426 ], [ -7.233, 57.4422 ] ] ], [ [ [ -7.2289, 57.4426 ], [ -7.2299, 57.4429 ], [ -7.2283, 57.4431 ], [ -7.2289, 57.4426 ] ] ], [ [ [ -7.2312, 57.4433 ], [ -7.2302, 57.4429 ], [ -7.2327, 57.4432 ], [ -7.2312, 57.4433 ] ] ], [ [ [ -7.2573, 57.4435 ], [ -7.2564, 57.4432 ], [ -7.2577, 57.4431 ], [ -7.2573, 57.4435 ] ] ], [ [ [ -7.2464, 57.4442 ], [ -7.2468, 57.4446 ], [ -7.2453, 57.4446 ], [ -7.2464, 57.4442 ] ] ], [ [ [ -7.2403, 57.4449 ], [ -7.2418, 57.4456 ], [ -7.2383, 57.4453 ], [ -7.2403, 57.4449 ] ] ], [ [ [ -7.2105, 57.4456 ], [ -7.211, 57.4467 ], [ -7.2093, 57.4463 ], [ -7.2105, 57.4456 ] ] ], [ [ [ -7.2153, 57.4479 ], [ -7.2177, 57.4488 ], [ -7.2094, 57.4476 ], [ -7.2153, 57.4479 ] ] ], [ [ [ -7.2188, 57.4485 ], [ -7.218, 57.4477 ], [ -7.2202, 57.4479 ], [ -7.2188, 57.4485 ] ] ], [ [ [ -7.2029, 57.4477 ], [ -7.2063, 57.4489 ], [ -7.2042, 57.449 ], [ -7.2029, 57.4477 ] ] ], [ [ [ -7.2212, 57.4525 ], [ -7.221, 57.4519 ], [ -7.2239, 57.4522 ], [ -7.2246, 57.4527 ], [ -7.2212, 57.4525 ] ] ], [ [ [ -7.2142, 57.4524 ], [ -7.2165, 57.4526 ], [ -7.216, 57.4532 ], [ -7.2142, 57.4524 ] ] ], [ [ [ -7.2344, 57.4536 ], [ -7.2336, 57.4525 ], [ -7.2351, 57.4527 ], [ -7.2344, 57.4536 ] ] ], [ [ [ -7.225, 57.4529 ], [ -7.2259, 57.4533 ], [ -7.2247, 57.4534 ], [ -7.225, 57.4529 ] ] ], [ [ [ -7.2268, 57.453 ], [ -7.2283, 57.4535 ], [ -7.227, 57.4534 ], [ -7.2268, 57.453 ] ] ], [ [ [ -7.203, 57.455 ], [ -7.2018, 57.4548 ], [ -7.2037, 57.4542 ], [ -7.203, 57.455 ] ] ], [ [ [ -7.2207, 57.455 ], [ -7.2216, 57.4552 ], [ -7.2207, 57.4553 ], [ -7.2207, 57.455 ] ] ], [ [ [ -7.2196, 57.4555 ], [ -7.2189, 57.4552 ], [ -7.2191, 57.4552 ], [ -7.2196, 57.4555 ] ] ], [ [ [ -7.2218, 57.4541 ], [ -7.2344, 57.4589 ], [ -7.234, 57.4598 ], [ -7.2218, 57.4541 ] ] ], [ [ [ -7.2018, 57.4573 ], [ -7.2006, 57.4564 ], [ -7.2014, 57.4564 ], [ -7.2018, 57.4573 ] ] ], [ [ [ -7.1964, 57.4578 ], [ -7.1973, 57.4607 ], [ -7.1929, 57.4602 ], [ -7.1964, 57.4578 ] ] ], [ [ [ -7.2055, 57.4685 ], [ -7.2125, 57.4695 ], [ -7.2109, 57.4702 ], [ -7.2055, 57.4685 ] ] ], [ [ [ -7.2127, 57.4714 ], [ -7.2146, 57.4714 ], [ -7.2143, 57.472 ], [ -7.2127, 57.4714 ] ] ], [ [ [ -7.2079, 57.4735 ], [ -7.2088, 57.4739 ], [ -7.2077, 57.4741 ], [ -7.2079, 57.4735 ] ] ], [ [ [ -7.2036, 57.4738 ], [ -7.2053, 57.4742 ], [ -7.2052, 57.4747 ], [ -7.2036, 57.4738 ] ] ], [ [ [ -7.207, 57.4751 ], [ -7.2053, 57.4747 ], [ -7.206, 57.4744 ], [ -7.207, 57.4751 ] ] ], [ [ [ -7.2312, 57.4749 ], [ -7.2365, 57.4756 ], [ -7.2362, 57.476 ], [ -7.2312, 57.4749 ] ] ], [ [ [ -7.2553, 57.4769 ], [ -7.2565, 57.4771 ], [ -7.256, 57.4771 ], [ -7.2553, 57.4769 ] ] ], [ [ [ -7.1989, 57.4769 ], [ -7.1994, 57.4771 ], [ -7.1988, 57.4772 ], [ -7.1989, 57.4769 ] ] ], [ [ [ -7.226, 57.4775 ], [ -7.2269, 57.4781 ], [ -7.2257, 57.478 ], [ -7.226, 57.4775 ] ] ], [ [ [ -7.2057, 57.4791 ], [ -7.2051, 57.4793 ], [ -7.204, 57.4786 ], [ -7.2057, 57.4791 ] ] ], [ [ [ -7.2026, 57.4791 ], [ -7.2038, 57.4794 ], [ -7.2027, 57.4793 ], [ -7.2026, 57.4791 ] ] ], [ [ [ -7.2025, 57.4792 ], [ -7.2028, 57.4797 ], [ -7.2015, 57.4798 ], [ -7.2025, 57.4792 ] ] ], [ [ [ -7.1956, 57.4795 ], [ -7.1962, 57.4796 ], [ -7.1961, 57.4798 ], [ -7.1956, 57.4795 ] ] ], [ [ [ -7.2063, 57.4797 ], [ -7.2072, 57.4799 ], [ -7.2067, 57.48 ], [ -7.2063, 57.4797 ] ] ], [ [ [ -7.1969, 57.4798 ], [ -7.1964, 57.4801 ], [ -7.196, 57.4799 ], [ -7.1969, 57.4798 ] ] ], [ [ [ -7.1997, 57.4841 ], [ -7.1933, 57.4808 ], [ -7.201, 57.481 ], [ -7.1997, 57.4841 ] ] ], [ [ [ -7.1955, 57.4843 ], [ -7.1953, 57.4835 ], [ -7.1973, 57.484 ], [ -7.1955, 57.4843 ] ] ], [ [ [ -7.2482, 57.5012 ], [ -7.238, 57.4967 ], [ -7.2166, 57.4992 ], [ -7.222, 57.4888 ], [ -7.201, 57.4753 ], [ -7.2729, 57.4966 ], [ -7.2734, 57.4936 ], [ -7.2912, 57.4908 ], [ -7.2634, 57.5025 ], [ -7.2599, 57.5 ], [ -7.2481, 57.5019 ], [ -7.2548, 57.504 ], [ -7.2554, 57.5062 ], [ -7.2401, 57.5045 ], [ -7.2482, 57.5012 ] ] ], [ [ [ -7.2043, 57.4899 ], [ -7.2048, 57.4901 ], [ -7.2049, 57.4903 ], [ -7.2043, 57.4899 ] ] ], [ [ [ -7.212, 57.4912 ], [ -7.2173, 57.4921 ], [ -7.2162, 57.4924 ], [ -7.212, 57.4912 ] ] ], [ [ [ -7.2101, 57.4954 ], [ -7.2114, 57.4963 ], [ -7.2102, 57.4959 ], [ -7.2101, 57.4954 ] ] ], [ [ [ -7.2319, 57.5002 ], [ -7.231, 57.4995 ], [ -7.2328, 57.4996 ], [ -7.2319, 57.5002 ] ] ], [ [ [ -7.2423, 57.5003 ], [ -7.2403, 57.5001 ], [ -7.2407, 57.4999 ], [ -7.2423, 57.5003 ] ] ], [ [ [ -7.2244, 57.502 ], [ -7.2235, 57.5008 ], [ -7.2269, 57.501 ], [ -7.2272, 57.5022 ], [ -7.2244, 57.502 ] ] ], [ [ [ -7.2043, 57.5024 ], [ -7.2009, 57.5009 ], [ -7.2054, 57.5016 ], [ -7.2058, 57.5024 ], [ -7.2043, 57.5024 ] ] ], [ [ [ -7.2529, 57.5019 ], [ -7.2516, 57.5016 ], [ -7.2527, 57.5015 ], [ -7.2529, 57.5019 ] ] ], [ [ [ -7.1996, 57.5012 ], [ -7.202, 57.5021 ], [ -7.2012, 57.503 ], [ -7.1996, 57.5012 ] ] ], [ [ [ -7.2311, 57.5023 ], [ -7.2309, 57.5031 ], [ -7.2301, 57.5029 ], [ -7.2311, 57.5023 ] ] ], [ [ [ -7.2558, 57.503 ], [ -7.2575, 57.5032 ], [ -7.2565, 57.5033 ], [ -7.2558, 57.503 ] ] ], [ [ [ -7.2204, 57.504 ], [ -7.2166, 57.5026 ], [ -7.2193, 57.5025 ], [ -7.2204, 57.504 ] ] ], [ [ [ -7.206, 57.5039 ], [ -7.2021, 57.5033 ], [ -7.2052, 57.5035 ], [ -7.206, 57.5039 ] ] ], [ [ [ -7.2577, 57.5035 ], [ -7.2581, 57.5039 ], [ -7.2577, 57.5041 ], [ -7.2577, 57.5035 ] ] ], [ [ [ -7.2106, 57.5035 ], [ -7.2117, 57.5041 ], [ -7.211, 57.5043 ], [ -7.2106, 57.5035 ] ] ], [ [ [ -7.2085, 57.5049 ], [ -7.2079, 57.5044 ], [ -7.2086, 57.5038 ], [ -7.2085, 57.5049 ] ] ], [ [ [ -7.219, 57.5048 ], [ -7.2179, 57.5042 ], [ -7.2195, 57.5041 ], [ -7.219, 57.5048 ] ] ], [ [ [ -7.2234, 57.5052 ], [ -7.2227, 57.5048 ], [ -7.2238, 57.5047 ], [ -7.2234, 57.5052 ] ] ], [ [ [ -7.216, 57.5051 ], [ -7.2178, 57.506 ], [ -7.216, 57.5064 ], [ -7.216, 57.5051 ] ] ], [ [ [ -7.1971, 57.5057 ], [ -7.1987, 57.5063 ], [ -7.1974, 57.5063 ], [ -7.1971, 57.5057 ] ] ], [ [ [ -7.2086, 57.5071 ], [ -7.2049, 57.5056 ], [ -7.2099, 57.5067 ], [ -7.2086, 57.5071 ] ] ], [ [ [ -7.2267, 57.5075 ], [ -7.2279, 57.508 ], [ -7.2269, 57.5082 ], [ -7.2267, 57.5075 ] ] ], [ [ [ -7.2362, 57.5072 ], [ -7.2365, 57.5075 ], [ -7.2335, 57.5085 ], [ -7.2362, 57.5072 ] ] ], [ [ [ -7.1975, 57.5135 ], [ -7.1949, 57.5127 ], [ -7.1971, 57.511 ], [ -7.1975, 57.5135 ] ] ], [ [ [ -7.2409, 57.5517 ], [ -7.2407, 57.5521 ], [ -7.2402, 57.5519 ], [ -7.2409, 57.5517 ] ] ], [ [ [ -7.2129, 57.5526 ], [ -7.2114, 57.553 ], [ -7.212, 57.5524 ], [ -7.2129, 57.5526 ] ] ], [ [ [ -7.2002, 57.557 ], [ -7.199, 57.5567 ], [ -7.2008, 57.5569 ], [ -7.2002, 57.557 ] ] ], [ [ [ -7.2521, 57.5583 ], [ -7.2531, 57.5584 ], [ -7.2529, 57.5598 ], [ -7.2521, 57.5583 ] ] ], [ [ [ -7.2522, 57.5621 ], [ -7.2521, 57.5625 ], [ -7.2508, 57.5625 ], [ -7.2522, 57.5621 ] ] ], [ [ [ -7.2559, 57.5634 ], [ -7.2551, 57.5629 ], [ -7.2555, 57.5626 ], [ -7.2559, 57.5634 ] ] ], [ [ [ -7.2525, 57.5662 ], [ -7.2519, 57.5653 ], [ -7.2524, 57.5651 ], [ -7.2525, 57.5662 ] ] ], [ [ [ -7.2499, 57.5659 ], [ -7.2509, 57.566 ], [ -7.2507, 57.5662 ], [ -7.2499, 57.5659 ] ] ], [ [ [ -7.2524, 57.5669 ], [ -7.254, 57.567 ], [ -7.2537, 57.5673 ], [ -7.2524, 57.5669 ] ] ], [ [ [ -7.1955, 57.6214 ], [ -7.194, 57.6211 ], [ -7.1943, 57.6205 ], [ -7.1955, 57.6214 ] ] ], [ [ [ -7.2106, 57.6389 ], [ -7.2084, 57.6382 ], [ -7.2109, 57.638 ], [ -7.2106, 57.6389 ] ] ], [ [ [ -7.2042, 57.6383 ], [ -7.2091, 57.6389 ], [ -7.2056, 57.6392 ], [ -7.2039, 57.6385 ], [ -7.2042, 57.6383 ] ] ], [ [ [ -7.202, 57.6403 ], [ -7.2011, 57.6401 ], [ -7.2013, 57.6399 ], [ -7.202, 57.6403 ] ] ], [ [ [ -7.2072, 57.6596 ], [ -7.2048, 57.6589 ], [ -7.2076, 57.6591 ], [ -7.2072, 57.6596 ] ] ], [ [ [ -7.2494, 57.6902 ], [ -7.2456, 57.6872 ], [ -7.2525, 57.6828 ], [ -7.2494, 57.6902 ] ] ], [ [ [ -7.2493, 57.7563 ], [ -7.2528, 57.7583 ], [ -7.2445, 57.7584 ], [ -7.2493, 57.7563 ] ] ], [ [ [ -7.2345, 57.7585 ], [ -7.2336, 57.7579 ], [ -7.2363, 57.7581 ], [ -7.2345, 57.7585 ] ] ], [ [ [ -7.2536, 57.761 ], [ -7.2502, 57.7602 ], [ -7.2527, 57.7591 ], [ -7.2536, 57.761 ] ] ], [ [ [ -7.2228, 57.7602 ], [ -7.2662, 57.7733 ], [ -7.258, 57.7808 ], [ -7.2228, 57.7602 ] ] ], [ [ [ -7.2454, 57.801 ], [ -7.2567, 57.7975 ], [ -7.2616, 57.8025 ], [ -7.2454, 57.801 ] ] ], [ [ [ -7.2537, 57.8045 ], [ -7.2519, 57.8038 ], [ -7.2522, 57.8034 ], [ -7.2537, 57.8045 ] ] ], [ [ [ -7.1918, 57.393 ], [ -7.1943, 57.3929 ], [ -7.1926, 57.3938 ], [ -7.1918, 57.393 ] ] ], [ [ [ -7.188, 57.3996 ], [ -7.1893, 57.3997 ], [ -7.1895, 57.4003 ], [ -7.188, 57.3996 ] ] ], [ [ [ -7.1901, 57.4011 ], [ -7.1885, 57.401 ], [ -7.1897, 57.4009 ], [ -7.1901, 57.4011 ] ] ], [ [ [ -7.1885, 57.4018 ], [ -7.1902, 57.4022 ], [ -7.1893, 57.4038 ], [ -7.1885, 57.4018 ] ] ], [ [ [ -7.1905, 57.4216 ], [ -7.1897, 57.4214 ], [ -7.1901, 57.4207 ], [ -7.1905, 57.4216 ] ] ], [ [ [ -7.194, 57.4318 ], [ -7.1938, 57.4305 ], [ -7.1949, 57.4303 ], [ -7.194, 57.4318 ] ] ], [ [ [ -7.1892, 57.4301 ], [ -7.193, 57.4318 ], [ -7.1922, 57.4322 ], [ -7.1892, 57.4301 ] ] ], [ [ [ -7.1911, 57.433 ], [ -7.1896, 57.4315 ], [ -7.1937, 57.4331 ], [ -7.1911, 57.433 ] ] ], [ [ [ -7.1851, 57.4507 ], [ -7.1834, 57.4508 ], [ -7.1841, 57.4505 ], [ -7.1851, 57.4507 ] ] ], [ [ [ -7.1866, 57.4505 ], [ -7.1884, 57.4511 ], [ -7.1881, 57.4514 ], [ -7.1866, 57.4505 ] ] ], [ [ [ -7.1817, 57.4511 ], [ -7.1813, 57.4517 ], [ -7.1788, 57.4503 ], [ -7.1817, 57.4511 ] ] ], [ [ [ -7.1902, 57.4516 ], [ -7.1898, 57.4509 ], [ -7.1911, 57.4509 ], [ -7.1902, 57.4516 ] ] ], [ [ [ -7.1853, 57.4517 ], [ -7.1844, 57.4513 ], [ -7.1863, 57.4512 ], [ -7.1853, 57.4517 ] ] ], [ [ [ -7.1891, 57.4532 ], [ -7.1902, 57.4533 ], [ -7.1895, 57.4535 ], [ -7.1891, 57.4532 ] ] ], [ [ [ -7.1928, 57.4551 ], [ -7.1914, 57.4547 ], [ -7.1927, 57.4543 ], [ -7.1928, 57.4551 ] ] ], [ [ [ -7.1944, 57.4569 ], [ -7.1937, 57.4562 ], [ -7.1953, 57.4557 ], [ -7.1944, 57.4569 ] ] ], [ [ [ -7.185, 57.4568 ], [ -7.1822, 57.4564 ], [ -7.1833, 57.4559 ], [ -7.185, 57.4568 ] ] ], [ [ [ -7.1865, 57.4554 ], [ -7.1843, 57.4545 ], [ -7.1879, 57.4556 ], [ -7.1889, 57.4568 ], [ -7.1865, 57.4554 ] ] ], [ [ [ -7.1898, 57.456 ], [ -7.1921, 57.4557 ], [ -7.1929, 57.458 ], [ -7.1898, 57.456 ] ] ], [ [ [ -7.191, 57.4758 ], [ -7.1922, 57.4762 ], [ -7.1916, 57.4762 ], [ -7.191, 57.4758 ] ] ], [ [ [ -7.1645, 57.4797 ], [ -7.1635, 57.4794 ], [ -7.1648, 57.4779 ], [ -7.1645, 57.4797 ] ] ], [ [ [ -7.1922, 57.4797 ], [ -7.1918, 57.4786 ], [ -7.1942, 57.4788 ], [ -7.1922, 57.4797 ] ] ], [ [ [ -7.158, 57.4837 ], [ -7.1742, 57.4813 ], [ -7.1808, 57.4688 ], [ -7.1781, 57.5023 ], [ -7.158, 57.4837 ] ] ], [ [ [ -7.1581, 57.4907 ], [ -7.157, 57.4901 ], [ -7.1601, 57.4903 ], [ -7.1581, 57.4907 ] ] ], [ [ [ -7.1578, 57.4911 ], [ -7.1639, 57.4904 ], [ -7.164, 57.491 ], [ -7.1578, 57.4911 ] ] ], [ [ [ -7.159, 57.4949 ], [ -7.158, 57.4946 ], [ -7.1582, 57.4941 ], [ -7.159, 57.4949 ] ] ], [ [ [ -7.1664, 57.4966 ], [ -7.1678, 57.4969 ], [ -7.1668, 57.4974 ], [ -7.1664, 57.4966 ] ] ], [ [ [ -7.168, 57.4978 ], [ -7.1669, 57.4979 ], [ -7.1672, 57.4976 ], [ -7.168, 57.4978 ] ] ], [ [ [ -7.1436, 57.5009 ], [ -7.1637, 57.4996 ], [ -7.1581, 57.5032 ], [ -7.1436, 57.5009 ] ] ], [ [ [ -7.1839, 57.503 ], [ -7.1856, 57.502 ], [ -7.1876, 57.5026 ], [ -7.1839, 57.503 ] ] ], [ [ [ -7.1747, 57.5033 ], [ -7.174, 57.503 ], [ -7.1765, 57.5029 ], [ -7.1747, 57.5033 ] ] ], [ [ [ -7.1573, 57.5043 ], [ -7.1569, 57.5048 ], [ -7.1556, 57.5045 ], [ -7.1573, 57.5043 ] ] ], [ [ [ -7.1784, 57.5053 ], [ -7.1749, 57.5052 ], [ -7.1752, 57.5048 ], [ -7.1784, 57.5053 ] ] ], [ [ [ -7.1669, 57.506 ], [ -7.1613, 57.5051 ], [ -7.1645, 57.5038 ], [ -7.1669, 57.506 ] ] ], [ [ [ -7.1576, 57.505 ], [ -7.1589, 57.5057 ], [ -7.1556, 57.5056 ], [ -7.1576, 57.505 ] ] ], [ [ [ -7.1549, 57.5066 ], [ -7.1508, 57.5048 ], [ -7.1543, 57.5054 ], [ -7.1549, 57.5066 ] ] ], [ [ [ -7.1807, 57.5042 ], [ -7.1955, 57.5053 ], [ -7.1929, 57.5076 ], [ -7.1826, 57.5076 ], [ -7.1807, 57.5042 ] ] ], [ [ [ -7.1539, 57.5068 ], [ -7.1421, 57.5079 ], [ -7.1453, 57.5055 ], [ -7.1539, 57.5068 ] ] ], [ [ [ -7.1897, 57.5086 ], [ -7.1899, 57.5089 ], [ -7.1895, 57.509 ], [ -7.1897, 57.5086 ] ] ], [ [ [ -7.1938, 57.509 ], [ -7.1908, 57.5084 ], [ -7.1932, 57.5086 ], [ -7.1938, 57.509 ] ] ], [ [ [ -7.1824, 57.5099 ], [ -7.1836, 57.5103 ], [ -7.1829, 57.5106 ], [ -7.1824, 57.5099 ] ] ], [ [ [ -7.1953, 57.5121 ], [ -7.1883, 57.5106 ], [ -7.1903, 57.5101 ], [ -7.1953, 57.5121 ] ] ], [ [ [ -7.169, 57.5514 ], [ -7.1657, 57.5516 ], [ -7.1659, 57.5511 ], [ -7.169, 57.5514 ] ] ], [ [ [ -7.171, 57.553 ], [ -7.174, 57.553 ], [ -7.1724, 57.5539 ], [ -7.171, 57.553 ] ] ], [ [ [ -7.1401, 57.5553 ], [ -7.1395, 57.5551 ], [ -7.1411, 57.5546 ], [ -7.1401, 57.5553 ] ] ], [ [ [ -7.1356, 57.556 ], [ -7.135, 57.5556 ], [ -7.1355, 57.5553 ], [ -7.1356, 57.556 ] ] ], [ [ [ -7.1862, 57.5588 ], [ -7.1845, 57.5586 ], [ -7.1853, 57.5579 ], [ -7.1862, 57.5588 ] ] ], [ [ [ -7.1779, 57.5624 ], [ -7.1763, 57.561 ], [ -7.1808, 57.5605 ], [ -7.1779, 57.5624 ] ] ], [ [ [ -7.1531, 57.5879 ], [ -7.1537, 57.5885 ], [ -7.1526, 57.5888 ], [ -7.1531, 57.5879 ] ] ], [ [ [ -7.1513, 57.59 ], [ -7.1502, 57.5897 ], [ -7.1507, 57.589 ], [ -7.1513, 57.59 ] ] ], [ [ [ -7.1579, 57.589 ], [ -7.1613, 57.5913 ], [ -7.1544, 57.5913 ], [ -7.1579, 57.589 ] ] ], [ [ [ -7.1704, 57.5961 ], [ -7.1631, 57.5951 ], [ -7.1665, 57.5947 ], [ -7.1704, 57.5961 ] ] ], [ [ [ -7.1441, 57.5955 ], [ -7.1452, 57.5961 ], [ -7.1444, 57.5961 ], [ -7.1441, 57.5955 ] ] ], [ [ [ -7.1619, 57.5972 ], [ -7.1608, 57.5968 ], [ -7.1614, 57.5968 ], [ -7.1619, 57.5972 ] ] ], [ [ [ -7.1394, 57.5967 ], [ -7.1406, 57.597 ], [ -7.1385, 57.5979 ], [ -7.1394, 57.5967 ] ] ], [ [ [ -7.1723, 57.5972 ], [ -7.1737, 57.5974 ], [ -7.1736, 57.5978 ], [ -7.1723, 57.5972 ] ] ], [ [ [ -7.1517, 57.6012 ], [ -7.1514, 57.6008 ], [ -7.1544, 57.6006 ], [ -7.1517, 57.6012 ] ] ], [ [ [ -7.1524, 57.6032 ], [ -7.1512, 57.6029 ], [ -7.1523, 57.6028 ], [ -7.1524, 57.6032 ] ] ], [ [ [ -7.1584, 57.6025 ], [ -7.1592, 57.6026 ], [ -7.1571, 57.6038 ], [ -7.1584, 57.6025 ] ] ], [ [ [ -7.1339, 57.6031 ], [ -7.1334, 57.6025 ], [ -7.1403, 57.6039 ], [ -7.1339, 57.6031 ] ] ], [ [ [ -7.1407, 57.6058 ], [ -7.1421, 57.6052 ], [ -7.1422, 57.6065 ], [ -7.1407, 57.6058 ] ] ], [ [ [ -7.1311, 57.6073 ], [ -7.1301, 57.6064 ], [ -7.1357, 57.6074 ], [ -7.1311, 57.6073 ] ] ], [ [ [ -7.1406, 57.6072 ], [ -7.1408, 57.6077 ], [ -7.14, 57.6074 ], [ -7.1406, 57.6072 ] ] ], [ [ [ -7.1419, 57.6083 ], [ -7.1463, 57.6096 ], [ -7.1437, 57.6092 ], [ -7.1419, 57.6083 ] ] ], [ [ [ -7.1389, 57.609 ], [ -7.1399, 57.6093 ], [ -7.1388, 57.6093 ], [ -7.1389, 57.609 ] ] ], [ [ [ -7.1483, 57.6108 ], [ -7.1503, 57.6113 ], [ -7.1492, 57.6115 ], [ -7.1483, 57.6108 ] ] ], [ [ [ -7.1379, 57.6132 ], [ -7.1451, 57.615 ], [ -7.1366, 57.6152 ], [ -7.1365, 57.6121 ], [ -7.1379, 57.6132 ] ] ], [ [ [ -7.1557, 57.6143 ], [ -7.1564, 57.6148 ], [ -7.1536, 57.6146 ], [ -7.1557, 57.6143 ] ] ], [ [ [ -7.1536, 57.6153 ], [ -7.154, 57.616 ], [ -7.1536, 57.6161 ], [ -7.1536, 57.6153 ] ] ], [ [ [ -7.1587, 57.6168 ], [ -7.16, 57.6158 ], [ -7.1638, 57.6166 ], [ -7.1587, 57.6168 ] ] ], [ [ [ -7.1654, 57.617 ], [ -7.1652, 57.6161 ], [ -7.167, 57.6165 ], [ -7.1654, 57.617 ] ] ], [ [ [ -7.1742, 57.6165 ], [ -7.1756, 57.6171 ], [ -7.1725, 57.6172 ], [ -7.1742, 57.6165 ] ] ], [ [ [ -7.178, 57.6176 ], [ -7.1766, 57.6171 ], [ -7.1777, 57.6171 ], [ -7.1789, 57.618 ], [ -7.178, 57.6176 ] ] ], [ [ [ -7.1542, 57.6177 ], [ -7.1559, 57.6182 ], [ -7.1555, 57.6184 ], [ -7.1542, 57.6177 ] ] ], [ [ [ -7.1423, 57.6178 ], [ -7.1495, 57.617 ], [ -7.1399, 57.6203 ], [ -7.1341, 57.6185 ], [ -7.1423, 57.6178 ] ] ], [ [ [ -7.1826, 57.6188 ], [ -7.1847, 57.6192 ], [ -7.1842, 57.6194 ], [ -7.1826, 57.6188 ] ] ], [ [ [ -7.1782, 57.6192 ], [ -7.1792, 57.6193 ], [ -7.1784, 57.62 ], [ -7.1782, 57.6192 ] ] ], [ [ [ -7.1898, 57.6199 ], [ -7.1877, 57.6198 ], [ -7.1891, 57.6196 ], [ -7.1898, 57.6199 ] ] ], [ [ [ -7.1626, 57.6199 ], [ -7.1626, 57.6202 ], [ -7.1617, 57.6199 ], [ -7.1626, 57.6199 ] ] ], [ [ [ -7.1321, 57.6205 ], [ -7.1311, 57.6202 ], [ -7.135, 57.6204 ], [ -7.1321, 57.6205 ] ] ], [ [ [ -7.1526, 57.6195 ], [ -7.1445, 57.6204 ], [ -7.1458, 57.6188 ], [ -7.1526, 57.6195 ] ] ], [ [ [ -7.1446, 57.6214 ], [ -7.1404, 57.6207 ], [ -7.1423, 57.62 ], [ -7.1446, 57.6214 ] ] ], [ [ [ -7.1363, 57.6209 ], [ -7.1371, 57.6214 ], [ -7.1358, 57.6215 ], [ -7.1363, 57.6209 ] ] ], [ [ [ -7.1727, 57.621 ], [ -7.1736, 57.6213 ], [ -7.1728, 57.6214 ], [ -7.1727, 57.621 ] ] ], [ [ [ -7.1871, 57.6197 ], [ -7.1893, 57.6212 ], [ -7.1785, 57.6217 ], [ -7.1871, 57.6197 ] ] ], [ [ [ -7.1589, 57.6224 ], [ -7.1561, 57.621 ], [ -7.1599, 57.6204 ], [ -7.1589, 57.6224 ] ] ], [ [ [ -7.1751, 57.6207 ], [ -7.1772, 57.6215 ], [ -7.1759, 57.6223 ], [ -7.1739, 57.6213 ], [ -7.1751, 57.6207 ] ] ], [ [ [ -7.1375, 57.6222 ], [ -7.1385, 57.6214 ], [ -7.1394, 57.6221 ], [ -7.1375, 57.6222 ] ] ], [ [ [ -7.1347, 57.6216 ], [ -7.1364, 57.6222 ], [ -7.1354, 57.6227 ], [ -7.1347, 57.6216 ] ] ], [ [ [ -7.1703, 57.6219 ], [ -7.1718, 57.622 ], [ -7.1683, 57.6227 ], [ -7.1703, 57.6219 ] ] ], [ [ [ -7.1717, 57.6229 ], [ -7.1708, 57.6228 ], [ -7.1711, 57.6224 ], [ -7.1717, 57.6229 ] ] ], [ [ [ -7.1384, 57.6224 ], [ -7.1403, 57.6227 ], [ -7.138, 57.6234 ], [ -7.1384, 57.6224 ] ] ], [ [ [ -7.1783, 57.6242 ], [ -7.1769, 57.6244 ], [ -7.1782, 57.622 ], [ -7.1783, 57.6242 ] ] ], [ [ [ -7.1692, 57.6241 ], [ -7.1679, 57.6231 ], [ -7.17, 57.6233 ], [ -7.1692, 57.6241 ] ] ], [ [ [ -7.1486, 57.6249 ], [ -7.145, 57.6253 ], [ -7.148, 57.6243 ], [ -7.1486, 57.6249 ] ] ], [ [ [ -7.1744, 57.6248 ], [ -7.176, 57.6251 ], [ -7.1756, 57.6254 ], [ -7.1744, 57.6248 ] ] ], [ [ [ -7.1912, 57.6254 ], [ -7.1925, 57.6254 ], [ -7.191, 57.6257 ], [ -7.1912, 57.6254 ] ] ], [ [ [ -7.1554, 57.6259 ], [ -7.1592, 57.6251 ], [ -7.1582, 57.6256 ], [ -7.1554, 57.6259 ] ] ], [ [ [ -7.1763, 57.6257 ], [ -7.1752, 57.6262 ], [ -7.1749, 57.6258 ], [ -7.1763, 57.6257 ] ] ], [ [ [ -7.1594, 57.6228 ], [ -7.177, 57.6283 ], [ -7.1597, 57.629 ], [ -7.1594, 57.6228 ] ] ], [ [ [ -7.1557, 57.6272 ], [ -7.1574, 57.6267 ], [ -7.1573, 57.6272 ], [ -7.1557, 57.6272 ] ] ], [ [ [ -7.1506, 57.6283 ], [ -7.1444, 57.6273 ], [ -7.1488, 57.6262 ], [ -7.1506, 57.6283 ] ] ], [ [ [ -7.1787, 57.6282 ], [ -7.1774, 57.6279 ], [ -7.1795, 57.6273 ], [ -7.1787, 57.6282 ] ] ], [ [ [ -7.1578, 57.628 ], [ -7.1575, 57.6285 ], [ -7.1553, 57.6278 ], [ -7.1578, 57.628 ] ] ], [ [ [ -7.1886, 57.6292 ], [ -7.1888, 57.6295 ], [ -7.188, 57.6295 ], [ -7.1886, 57.6292 ] ] ], [ [ [ -7.1848, 57.6303 ], [ -7.1855, 57.6305 ], [ -7.1836, 57.6307 ], [ -7.1848, 57.6303 ] ] ], [ [ [ -7.1882, 57.6328 ], [ -7.1892, 57.6331 ], [ -7.1877, 57.6331 ], [ -7.1882, 57.6328 ] ] ], [ [ [ -7.1839, 57.6334 ], [ -7.1803, 57.6324 ], [ -7.1858, 57.6331 ], [ -7.1839, 57.6334 ] ] ], [ [ [ -7.1675, 57.6302 ], [ -7.1913, 57.6387 ], [ -7.1816, 57.638 ], [ -7.1675, 57.6302 ] ] ], [ [ [ -7.1868, 57.6353 ], [ -7.1907, 57.6358 ], [ -7.1893, 57.6358 ], [ -7.1868, 57.6353 ] ] ], [ [ [ -7.1959, 57.6366 ], [ -7.1963, 57.637 ], [ -7.1876, 57.6367 ], [ -7.1959, 57.6366 ] ] ], [ [ [ -7.1826, 57.6394 ], [ -7.1799, 57.6384 ], [ -7.1857, 57.6387 ], [ -7.1826, 57.6394 ] ] ], [ [ [ -7.1937, 57.6405 ], [ -7.1937, 57.6402 ], [ -7.1966, 57.6406 ], [ -7.1937, 57.6405 ] ] ], [ [ [ -7.1829, 57.6437 ], [ -7.1754, 57.6428 ], [ -7.1792, 57.6417 ], [ -7.1829, 57.6437 ] ] ], [ [ [ -7.1271, 57.6466 ], [ -7.129, 57.6489 ], [ -7.1214, 57.6493 ], [ -7.1271, 57.6466 ] ] ], [ [ [ -7.1314, 57.6491 ], [ -7.1308, 57.649 ], [ -7.1315, 57.6483 ], [ -7.1314, 57.6491 ] ] ], [ [ [ -7.1325, 57.6509 ], [ -7.1299, 57.6503 ], [ -7.1316, 57.6494 ], [ -7.1325, 57.6509 ] ] ], [ [ [ -7.1785, 57.6511 ], [ -7.1784, 57.6508 ], [ -7.1845, 57.6514 ], [ -7.1785, 57.6511 ] ] ], [ [ [ -7.1731, 57.6525 ], [ -7.1688, 57.6519 ], [ -7.1701, 57.6516 ], [ -7.1731, 57.6525 ] ] ], [ [ [ -7.1758, 57.6531 ], [ -7.1744, 57.6525 ], [ -7.1828, 57.6527 ], [ -7.1758, 57.6531 ] ] ], [ [ [ -7.1496, 57.6531 ], [ -7.1487, 57.6524 ], [ -7.151, 57.6527 ], [ -7.1496, 57.6531 ] ] ], [ [ [ -7.177, 57.655 ], [ -7.1702, 57.6542 ], [ -7.172, 57.6537 ], [ -7.177, 57.655 ] ] ], [ [ [ -7.1843, 57.6568 ], [ -7.1777, 57.6542 ], [ -7.1824, 57.6541 ], [ -7.1843, 57.6568 ] ] ], [ [ [ -7.1269, 57.6553 ], [ -7.1321, 57.6556 ], [ -7.1309, 57.6568 ], [ -7.1269, 57.6553 ] ] ], [ [ [ -7.178, 57.6557 ], [ -7.1782, 57.6567 ], [ -7.1749, 57.6565 ], [ -7.178, 57.6557 ] ] ], [ [ [ -7.164, 57.6556 ], [ -7.1656, 57.6565 ], [ -7.1634, 57.6562 ], [ -7.164, 57.6556 ] ] ], [ [ [ -7.1503, 57.6567 ], [ -7.1488, 57.6557 ], [ -7.1511, 57.6561 ], [ -7.1503, 57.6567 ] ] ], [ [ [ -7.192, 57.6565 ], [ -7.193, 57.6578 ], [ -7.1846, 57.6555 ], [ -7.192, 57.6565 ] ] ], [ [ [ -7.1533, 57.6565 ], [ -7.1538, 57.6567 ], [ -7.1529, 57.6569 ], [ -7.1533, 57.6565 ] ] ], [ [ [ -7.1343, 57.6528 ], [ -7.1437, 57.6513 ], [ -7.142, 57.6596 ], [ -7.1343, 57.6528 ] ] ], [ [ [ -7.1603, 57.6571 ], [ -7.1608, 57.6575 ], [ -7.1583, 57.6582 ], [ -7.1603, 57.6571 ] ] ], [ [ [ -7.1457, 57.6595 ], [ -7.1443, 57.6598 ], [ -7.1447, 57.6594 ], [ -7.1457, 57.6595 ] ] ], [ [ [ -7.1531, 57.6594 ], [ -7.1545, 57.6601 ], [ -7.1524, 57.6603 ], [ -7.1531, 57.6594 ] ] ], [ [ [ -7.1614, 57.6597 ], [ -7.1613, 57.6601 ], [ -7.1602, 57.6599 ], [ -7.1614, 57.6597 ] ] ], [ [ [ -7.1672, 57.6608 ], [ -7.1706, 57.662 ], [ -7.1686, 57.6619 ], [ -7.1672, 57.6608 ] ] ], [ [ [ -7.1614, 57.6613 ], [ -7.1588, 57.6638 ], [ -7.1532, 57.6633 ], [ -7.1614, 57.6613 ] ] ], [ [ [ -7.164, 57.6629 ], [ -7.1648, 57.6631 ], [ -7.1639, 57.6637 ], [ -7.164, 57.6629 ] ] ], [ [ [ -7.1564, 57.6664 ], [ -7.1549, 57.6653 ], [ -7.1565, 57.6647 ], [ -7.1564, 57.6664 ] ] ], [ [ [ -7.1586, 57.6654 ], [ -7.1614, 57.666 ], [ -7.1609, 57.6663 ], [ -7.1586, 57.6654 ] ] ], [ [ [ -7.1501, 57.6673 ], [ -7.1439, 57.6655 ], [ -7.1485, 57.6644 ], [ -7.1501, 57.6673 ] ] ], [ [ [ -7.15, 57.6681 ], [ -7.1502, 57.6683 ], [ -7.1485, 57.6683 ], [ -7.15, 57.6681 ] ] ], [ [ [ -7.1261, 57.6663 ], [ -7.1303, 57.6661 ], [ -7.1384, 57.6706 ], [ -7.1261, 57.6663 ] ] ], [ [ [ -7.1297, 57.6697 ], [ -7.1307, 57.6695 ], [ -7.1377, 57.6718 ], [ -7.1297, 57.6697 ] ] ], [ [ [ -7.1412, 57.6722 ], [ -7.1385, 57.6709 ], [ -7.1424, 57.6715 ], [ -7.1439, 57.6726 ], [ -7.1412, 57.6722 ] ] ], [ [ [ -7.1429, 57.6745 ], [ -7.1315, 57.6715 ], [ -7.1385, 57.672 ], [ -7.1429, 57.6745 ] ] ], [ [ [ -7.1467, 57.6733 ], [ -7.1463, 57.6738 ], [ -7.1488, 57.6738 ], [ -7.1464, 57.6744 ], [ -7.1424, 57.6729 ], [ -7.1467, 57.6733 ] ] ], [ [ [ -7.1439, 57.6746 ], [ -7.148, 57.6763 ], [ -7.1441, 57.6752 ], [ -7.1439, 57.6746 ] ] ], [ [ [ -7.1445, 57.6775 ], [ -7.1384, 57.6752 ], [ -7.1415, 57.6761 ], [ -7.1445, 57.6775 ] ] ], [ [ [ -7.14, 57.679 ], [ -7.1353, 57.6756 ], [ -7.1404, 57.6773 ], [ -7.14, 57.679 ] ] ], [ [ [ -7.1521, 57.6789 ], [ -7.1525, 57.6794 ], [ -7.151, 57.6795 ], [ -7.1495, 57.679 ], [ -7.1521, 57.6789 ] ] ], [ [ [ -7.1524, 57.6787 ], [ -7.1556, 57.6796 ], [ -7.1553, 57.6796 ], [ -7.1524, 57.6787 ] ] ], [ [ [ -7.1374, 57.6821 ], [ -7.1363, 57.6824 ], [ -7.1363, 57.6809 ], [ -7.1374, 57.6821 ] ] ], [ [ [ -7.1378, 57.6835 ], [ -7.1388, 57.6812 ], [ -7.1394, 57.682 ], [ -7.1378, 57.6835 ] ] ], [ [ [ -7.1644, 57.6829 ], [ -7.1662, 57.6837 ], [ -7.1656, 57.6837 ], [ -7.1644, 57.6829 ] ] ], [ [ [ -7.1429, 57.682 ], [ -7.1465, 57.6831 ], [ -7.1487, 57.6859 ], [ -7.1429, 57.682 ] ] ], [ [ [ -7.1537, 57.6866 ], [ -7.1511, 57.6849 ], [ -7.1532, 57.6858 ], [ -7.1537, 57.6866 ] ] ], [ [ [ -7.1696, 57.6879 ], [ -7.1686, 57.6864 ], [ -7.1703, 57.6862 ], [ -7.1696, 57.6879 ] ] ], [ [ [ -7.1554, 57.6881 ], [ -7.1567, 57.6898 ], [ -7.1543, 57.689 ], [ -7.1554, 57.6881 ] ] ], [ [ [ -7.1557, 57.6897 ], [ -7.1573, 57.6911 ], [ -7.1563, 57.6917 ], [ -7.1557, 57.6897 ] ] ], [ [ [ -7.1747, 57.6953 ], [ -7.166, 57.6911 ], [ -7.172, 57.6913 ], [ -7.1747, 57.6953 ] ] ], [ [ [ -7.1505, 57.7143 ], [ -7.1478, 57.7121 ], [ -7.1501, 57.7131 ], [ -7.1505, 57.7143 ] ] ], [ [ [ -7.1286, 57.8247 ], [ -7.1288, 57.8252 ], [ -7.1283, 57.8254 ], [ -7.1286, 57.8247 ] ] ], [ [ [ -7.1284, 57.8267 ], [ -7.1286, 57.8268 ], [ -7.1282, 57.8272 ], [ -7.1284, 57.8267 ] ] ], [ [ [ -7.1664, 57.8298 ], [ -7.1661, 57.8295 ], [ -7.1676, 57.8269 ], [ -7.1664, 57.8298 ] ] ], [ [ [ -7.1236, 57.8384 ], [ -7.1262, 57.8392 ], [ -7.1259, 57.8392 ], [ -7.1236, 57.8384 ] ] ], [ [ [ -7.1242, 57.8396 ], [ -7.1233, 57.8392 ], [ -7.1235, 57.8387 ], [ -7.1242, 57.8396 ] ] ], [ [ [ -7.1322, 57.938 ], [ -7.1315, 57.9382 ], [ -7.1309, 57.9377 ], [ -7.1322, 57.938 ] ] ], [ [ [ -7.1305, 57.9377 ], [ -7.1312, 57.9388 ], [ -7.1307, 57.9386 ], [ -7.1305, 57.9377 ] ] ], [ [ [ -7.1282, 57.947 ], [ -7.1281, 57.9466 ], [ -7.1294, 57.9466 ], [ -7.1282, 57.947 ] ] ], [ [ [ -7.128, 58.0086 ], [ -7.1266, 58.0085 ], [ -7.1274, 58.0077 ], [ -7.128, 58.0086 ] ] ], [ [ [ -7.1532, 58.0095 ], [ -7.1534, 58.0095 ], [ -7.1528, 58.0102 ], [ -7.1532, 58.0095 ] ] ], [ [ [ -7.1397, 58.0101 ], [ -7.1401, 58.0103 ], [ -7.1393, 58.0106 ], [ -7.1397, 58.0101 ] ] ], [ [ [ -7.1603, 58.0136 ], [ -7.1608, 58.0134 ], [ -7.1606, 58.0141 ], [ -7.1603, 58.0136 ] ] ], [ [ [ -7.1594, 58.0144 ], [ -7.1583, 58.0154 ], [ -7.1586, 58.0141 ], [ -7.1594, 58.0144 ] ] ], [ [ [ -7.1006, 58.0055 ], [ -7.1715, 58.0283 ], [ -7.151, 58.034 ], [ -7.1542, 58.0353 ], [ -7.1262, 58.0352 ], [ -7.1006, 58.0055 ] ] ], [ [ [ -7.1679, 58.0227 ], [ -7.1677, 58.0235 ], [ -7.1673, 58.0234 ], [ -7.1679, 58.0227 ] ] ], [ [ [ -7.1681, 58.0238 ], [ -7.1685, 58.0238 ], [ -7.1683, 58.0244 ], [ -7.1681, 58.0238 ] ] ], [ [ [ -7.1672, 58.0254 ], [ -7.167, 58.0262 ], [ -7.1652, 58.0249 ], [ -7.1672, 58.0254 ] ] ], [ [ [ -7.1719, 58.0264 ], [ -7.17, 58.0268 ], [ -7.1713, 58.0262 ], [ -7.1719, 58.0264 ] ] ], [ [ [ -7.1673, 58.03 ], [ -7.1696, 58.03 ], [ -7.1672, 58.0305 ], [ -7.1673, 58.03 ] ] ], [ [ [ -7.1686, 58.031 ], [ -7.1684, 58.0313 ], [ -7.1676, 58.0312 ], [ -7.1686, 58.031 ] ] ], [ [ [ -7.1278, 58.0384 ], [ -7.1276, 58.038 ], [ -7.1282, 58.038 ], [ -7.1278, 58.0384 ] ] ], [ [ [ -7.1502, 58.0371 ], [ -7.1501, 58.0377 ], [ -7.1472, 58.0406 ], [ -7.1409, 58.0411 ], [ -7.1502, 58.0371 ] ] ], [ [ [ -7.1316, 58.039 ], [ -7.1315, 58.0393 ], [ -7.1308, 58.0389 ], [ -7.1316, 58.039 ] ] ], [ [ [ -7.1523, 58.0383 ], [ -7.1531, 58.0396 ], [ -7.1501, 58.04 ], [ -7.1523, 58.0383 ] ] ], [ [ [ -7.1533, 58.0516 ], [ -7.1524, 58.0521 ], [ -7.1518, 58.0517 ], [ -7.1533, 58.0516 ] ] ], [ [ [ -7.1697, 58.0546 ], [ -7.1703, 58.0547 ], [ -7.1697, 58.0551 ], [ -7.1697, 58.0546 ] ] ], [ [ [ -7.1371, 58.0775 ], [ -7.1353, 58.077 ], [ -7.1365, 58.0769 ], [ -7.1371, 58.0775 ] ] ], [ [ [ -7.127, 58.073 ], [ -7.1299, 58.0824 ], [ -7.139, 58.0836 ], [ -7.119, 58.0824 ], [ -7.127, 58.073 ] ] ], [ [ [ -7.1354, 58.0815 ], [ -7.1366, 58.0814 ], [ -7.1363, 58.0819 ], [ -7.1354, 58.0815 ] ] ], [ [ [ -7.125, 58.0867 ], [ -7.1266, 58.087 ], [ -7.1253, 58.0872 ], [ -7.125, 58.0867 ] ] ], [ [ [ -7.142, 58.0923 ], [ -7.1423, 58.0927 ], [ -7.1384, 58.0928 ], [ -7.142, 58.0923 ] ] ], [ [ [ -7.1341, 58.0942 ], [ -7.1373, 58.0941 ], [ -7.137, 58.0948 ], [ -7.1341, 58.0942 ] ] ], [ [ [ -7.1233, 58.1019 ], [ -7.1246, 58.1018 ], [ -7.1246, 58.1022 ], [ -7.1233, 58.1019 ] ] ], [ [ [ -7.1242, 58.1028 ], [ -7.1257, 58.103 ], [ -7.1249, 58.1032 ], [ -7.1242, 58.1028 ] ] ], [ [ [ -7.1278, 58.1042 ], [ -7.1279, 58.1045 ], [ -7.1271, 58.1043 ], [ -7.1278, 58.1042 ] ] ], [ [ [ -7.1309, 58.1065 ], [ -7.1243, 58.106 ], [ -7.1296, 58.1051 ], [ -7.1309, 58.1065 ] ] ], [ [ [ -7.1308, 58.1189 ], [ -7.1291, 58.1189 ], [ -7.1291, 58.1175 ], [ -7.1308, 58.1189 ] ] ], [ [ [ -7.136, 58.1187 ], [ -7.1364, 58.1189 ], [ -7.1361, 58.1193 ], [ -7.136, 58.1187 ] ] ], [ [ [ -7.1351, 58.1196 ], [ -7.1345, 58.1194 ], [ -7.1349, 58.1191 ], [ -7.1351, 58.1196 ] ] ], [ [ [ -7.1297, 58.12 ], [ -7.1295, 58.1194 ], [ -7.1306, 58.119 ], [ -7.1297, 58.12 ] ] ], [ [ [ -7.1301, 58.1363 ], [ -7.133, 58.1349 ], [ -7.133, 58.1357 ], [ -7.1301, 58.1363 ] ] ], [ [ [ -7.1311, 58.1368 ], [ -7.1301, 58.1369 ], [ -7.1307, 58.1367 ], [ -7.1311, 58.1368 ] ] ], [ [ [ -7.1313, 58.1376 ], [ -7.1315, 58.1379 ], [ -7.1302, 58.138 ], [ -7.1313, 58.1376 ] ] ], [ [ [ -7.1287, 58.1386 ], [ -7.1305, 58.1388 ], [ -7.1301, 58.1393 ], [ -7.1287, 58.1386 ] ] ], [ [ [ -7.1273, 58.1401 ], [ -7.1263, 58.1407 ], [ -7.1257, 58.1403 ], [ -7.1273, 58.1401 ] ] ], [ [ [ -7.128, 58.1404 ], [ -7.1283, 58.141 ], [ -7.1269, 58.1408 ], [ -7.128, 58.1404 ] ] ], [ [ [ -7.1122, 56.3232 ], [ -7.1134, 56.323 ], [ -7.113, 56.3238 ], [ -7.1122, 56.3232 ] ] ], [ [ [ -6.9133, 56.4406 ], [ -6.9128, 56.4413 ], [ -6.9127, 56.4406 ], [ -6.9133, 56.4406 ] ] ], [ [ [ -6.9185, 56.4408 ], [ -6.9189, 56.4412 ], [ -6.9182, 56.4413 ], [ -6.9181, 56.4413 ], [ -6.9185, 56.4408 ] ] ], [ [ [ -6.9768, 56.4656 ], [ -6.9759, 56.4657 ], [ -6.9757, 56.4651 ], [ -6.9768, 56.4656 ] ] ], [ [ [ -6.9847, 56.491 ], [ -6.9835, 56.491 ], [ -6.9853, 56.4897 ], [ -6.9847, 56.491 ] ] ], [ [ [ -6.9949, 56.5016 ], [ -6.9933, 56.5027 ], [ -6.9926, 56.5022 ], [ -6.9949, 56.5016 ] ] ], [ [ [ -6.9844, 56.5168 ], [ -6.9834, 56.5173 ], [ -6.9832, 56.5168 ], [ -6.9844, 56.5168 ] ] ], [ [ [ -6.9696, 56.5198 ], [ -6.968, 56.5199 ], [ -6.9699, 56.5196 ], [ -6.9696, 56.5198 ] ] ], [ [ [ -7.0134, 56.5216 ], [ -7.0147, 56.5212 ], [ -7.0144, 56.5222 ], [ -7.0134, 56.5216 ] ] ], [ [ [ -7.0047, 56.5228 ], [ -7.0028, 56.5211 ], [ -7.0046, 56.5213 ], [ -7.0047, 56.5228 ] ] ], [ [ [ -7.0084, 56.5222 ], [ -7.0052, 56.5223 ], [ -7.0077, 56.5213 ], [ -7.0084, 56.5222 ] ] ], [ [ [ -7.0138, 56.5224 ], [ -7.0153, 56.5229 ], [ -7.0148, 56.5241 ], [ -7.0138, 56.5224 ] ] ], [ [ [ -7.0056, 56.525 ], [ -7.0021, 56.5234 ], [ -7.0026, 56.5229 ], [ -7.0056, 56.525 ] ] ], [ [ [ -7.0136, 56.5289 ], [ -7.0115, 56.5293 ], [ -7.0124, 56.5285 ], [ -7.0136, 56.5289 ] ] ], [ [ [ -7.0145, 56.5285 ], [ -7.0153, 56.5294 ], [ -7.0146, 56.5297 ], [ -7.0145, 56.5285 ] ] ], [ [ [ -7.0136, 56.5294 ], [ -7.0146, 56.5298 ], [ -7.014, 56.5303 ], [ -7.0136, 56.5294 ] ] ], [ [ [ -6.9362, 56.5332 ], [ -6.9365, 56.5333 ], [ -6.9359, 56.5335 ], [ -6.9362, 56.5332 ] ] ], [ [ [ -6.9354, 56.5341 ], [ -6.9372, 56.534 ], [ -6.9361, 56.5343 ], [ -6.9354, 56.5341 ] ] ], [ [ [ -6.9336, 56.5354 ], [ -6.9338, 56.5357 ], [ -6.9333, 56.536 ], [ -6.9336, 56.5354 ] ] ], [ [ [ -6.932, 56.5362 ], [ -6.9323, 56.5364 ], [ -6.9317, 56.5366 ], [ -6.932, 56.5362 ] ] ], [ [ [ -7.102, 57.5868 ], [ -7.101, 57.5873 ], [ -7.1009, 57.5864 ], [ -7.102, 57.5868 ] ] ], [ [ [ -7.0981, 57.5931 ], [ -7.0968, 57.5937 ], [ -7.0978, 57.5922 ], [ -7.0981, 57.5931 ] ] ], [ [ [ -7.1112, 57.6 ], [ -7.1109, 57.5996 ], [ -7.1115, 57.5989 ], [ -7.1112, 57.6 ] ] ], [ [ [ -7.1297, 57.6107 ], [ -7.1274, 57.6177 ], [ -7.1189, 57.6123 ], [ -7.1297, 57.6107 ] ] ], [ [ [ -7.0664, 57.6494 ], [ -7.0616, 57.6476 ], [ -7.0648, 57.647 ], [ -7.0664, 57.6494 ] ] ], [ [ [ -7.0842, 57.6496 ], [ -7.0924, 57.651 ], [ -7.0884, 57.651 ], [ -7.0842, 57.6496 ] ] ], [ [ [ -7.1248, 57.6532 ], [ -7.1209, 57.6535 ], [ -7.1222, 57.6526 ], [ -7.1248, 57.6532 ] ] ], [ [ [ -7.0869, 57.655 ], [ -7.0854, 57.6544 ], [ -7.0863, 57.654 ], [ -7.0869, 57.655 ] ] ], [ [ [ -7.0652, 57.6548 ], [ -7.0655, 57.6553 ], [ -7.0632, 57.6558 ], [ -7.0652, 57.6548 ] ] ], [ [ [ -7.0446, 57.6509 ], [ -7.059, 57.6541 ], [ -7.0548, 57.6623 ], [ -7.0446, 57.6509 ] ] ], [ [ [ -7.0976, 57.658 ], [ -7.0976, 57.6583 ], [ -7.0954, 57.6586 ], [ -7.0976, 57.658 ] ] ], [ [ [ -7.0767, 57.6575 ], [ -7.0752, 57.6636 ], [ -7.0649, 57.6611 ], [ -7.0767, 57.6575 ] ] ], [ [ [ -7.0971, 57.6595 ], [ -7.1031, 57.6641 ], [ -7.0865, 57.662 ], [ -7.0971, 57.6595 ] ] ], [ [ [ -7.0419, 57.6646 ], [ -7.039, 57.6629 ], [ -7.0415, 57.6628 ], [ -7.0419, 57.6646 ] ] ], [ [ [ -7.0623, 57.6642 ], [ -7.0649, 57.6652 ], [ -7.059, 57.6631 ], [ -7.0623, 57.6642 ] ] ], [ [ [ -7.0704, 57.6691 ], [ -7.0708, 57.6699 ], [ -7.0697, 57.6707 ], [ -7.0704, 57.6691 ] ] ], [ [ [ -7.0765, 57.6696 ], [ -7.079, 57.6718 ], [ -7.076, 57.6723 ], [ -7.0765, 57.6696 ] ] ], [ [ [ -7.1155, 57.669 ], [ -7.1261, 57.6717 ], [ -7.1191, 57.6709 ], [ -7.1158, 57.6729 ], [ -7.1155, 57.669 ] ] ], [ [ [ -7.0716, 57.6711 ], [ -7.0731, 57.6701 ], [ -7.0743, 57.6713 ], [ -7.0716, 57.6711 ] ] ], [ [ [ -7.0507, 57.6719 ], [ -7.0504, 57.6725 ], [ -7.0483, 57.671 ], [ -7.0507, 57.6719 ] ] ], [ [ [ -7.1062, 57.6752 ], [ -7.0964, 57.67 ], [ -7.1092, 57.67 ], [ -7.1062, 57.6752 ] ] ], [ [ [ -7.0633, 57.6708 ], [ -7.0668, 57.673 ], [ -7.0641, 57.6752 ], [ -7.0633, 57.6708 ] ] ], [ [ [ -7.0886, 57.6749 ], [ -7.0838, 57.675 ], [ -7.0877, 57.6704 ], [ -7.0886, 57.6749 ] ] ], [ [ [ -7.1193, 57.6723 ], [ -7.121, 57.6722 ], [ -7.1186, 57.6751 ], [ -7.1193, 57.6723 ] ] ], [ [ [ -7.0825, 57.6754 ], [ -7.0795, 57.6747 ], [ -7.0803, 57.6733 ], [ -7.0825, 57.6754 ] ] ], [ [ [ -7.0674, 57.6749 ], [ -7.0667, 57.6743 ], [ -7.0672, 57.6736 ], [ -7.0674, 57.6749 ] ] ], [ [ [ -7.0729, 57.6807 ], [ -7.0727, 57.6801 ], [ -7.0761, 57.6796 ], [ -7.0729, 57.6807 ] ] ], [ [ [ -7.0721, 57.6811 ], [ -7.0705, 57.6815 ], [ -7.0709, 57.6808 ], [ -7.0721, 57.6811 ] ] ], [ [ [ -7.0183, 57.6915 ], [ -7.0228, 57.6925 ], [ -7.0142, 57.6917 ], [ -7.0183, 57.6915 ] ] ], [ [ [ -7.0551, 57.6981 ], [ -7.0562, 57.6995 ], [ -7.0557, 57.6996 ], [ -7.0551, 57.6981 ] ] ], [ [ [ -7.0156, 57.7039 ], [ -7.0104, 57.7008 ], [ -7.0126, 57.6988 ], [ -7.0156, 57.7039 ] ] ], [ [ [ -7.0973, 57.7033 ], [ -7.0944, 57.7014 ], [ -7.0961, 57.7001 ], [ -7.0973, 57.7033 ] ] ], [ [ [ -7.0938, 57.7015 ], [ -7.0965, 57.7029 ], [ -7.0886, 57.7039 ], [ -7.0938, 57.7015 ] ] ], [ [ [ -7.0369, 57.7015 ], [ -7.0409, 57.7049 ], [ -7.0333, 57.7069 ], [ -7.0249, 57.6999 ], [ -7.0369, 57.7015 ] ] ], [ [ [ -7.0437, 57.7072 ], [ -7.0448, 57.7085 ], [ -7.0432, 57.7081 ], [ -7.0437, 57.7072 ] ] ], [ [ [ -7.0029, 57.7059 ], [ -7.0117, 57.712 ], [ -7.0071, 57.7121 ], [ -7.0029, 57.7059 ] ] ], [ [ [ -7.0535, 57.714 ], [ -7.0537, 57.7145 ], [ -7.0486, 57.712 ], [ -7.0535, 57.714 ] ] ], [ [ [ -7.0562, 57.7141 ], [ -7.056, 57.7145 ], [ -7.0545, 57.7137 ], [ -7.0562, 57.7141 ] ] ], [ [ [ -7.0604, 57.7142 ], [ -7.0622, 57.7154 ], [ -7.0609, 57.7153 ], [ -7.0604, 57.7142 ] ] ], [ [ [ -7.0565, 57.7148 ], [ -7.059, 57.716 ], [ -7.0564, 57.7152 ], [ -7.0565, 57.7148 ] ] ], [ [ [ -7.0618, 57.7199 ], [ -7.0607, 57.7185 ], [ -7.0659, 57.7191 ], [ -7.0595, 57.7164 ], [ -7.0653, 57.7168 ], [ -7.0693, 57.7206 ], [ -7.0618, 57.7199 ] ] ], [ [ [ -7.0523, 57.7234 ], [ -7.0546, 57.724 ], [ -7.0543, 57.7244 ], [ -7.0523, 57.7234 ] ] ], [ [ [ -7.0479, 57.7242 ], [ -7.0494, 57.7255 ], [ -7.0469, 57.7243 ], [ -7.0479, 57.7242 ] ] ], [ [ [ -7.0543, 57.7265 ], [ -7.0539, 57.7256 ], [ -7.056, 57.7269 ], [ -7.0543, 57.7265 ] ] ], [ [ [ -7.053, 57.7285 ], [ -7.053, 57.7282 ], [ -7.0558, 57.7293 ], [ -7.053, 57.7285 ] ] ], [ [ [ -7.0751, 57.7302 ], [ -7.0706, 57.729 ], [ -7.0747, 57.7295 ], [ -7.0751, 57.7302 ] ] ], [ [ [ -7.0565, 57.7299 ], [ -7.0567, 57.7304 ], [ -7.0562, 57.7303 ], [ -7.0565, 57.7299 ] ] ], [ [ [ -7.0627, 57.7315 ], [ -7.0588, 57.7297 ], [ -7.0623, 57.7305 ], [ -7.0627, 57.7315 ] ] ], [ [ [ -7.0577, 57.732 ], [ -7.0595, 57.7324 ], [ -7.0597, 57.7331 ], [ -7.0577, 57.732 ] ] ], [ [ [ -7.0722, 57.7329 ], [ -7.074, 57.7338 ], [ -7.0754, 57.7347 ], [ -7.0722, 57.7329 ] ] ], [ [ [ -7.0611, 57.7344 ], [ -7.0968, 57.7452 ], [ -7.0863, 57.7496 ], [ -7.0611, 57.7344 ] ] ], [ [ [ -7.0714, 57.7434 ], [ -7.0705, 57.7428 ], [ -7.0739, 57.7435 ], [ -7.0714, 57.7434 ] ] ], [ [ [ -7.0716, 57.7466 ], [ -7.0734, 57.7477 ], [ -7.0713, 57.7474 ], [ -7.0716, 57.7466 ] ] ], [ [ [ -7.0442, 57.7467 ], [ -7.0463, 57.7479 ], [ -7.0415, 57.7474 ], [ -7.0442, 57.7467 ] ] ], [ [ [ -7.0632, 57.7484 ], [ -7.0623, 57.748 ], [ -7.0629, 57.7479 ], [ -7.0632, 57.7484 ] ] ], [ [ [ -7.1051, 57.7514 ], [ -7.1043, 57.7515 ], [ -7.1042, 57.7509 ], [ -7.1051, 57.7514 ] ] ], [ [ [ -7.0072, 57.7521 ], [ -7.0072, 57.7531 ], [ -7.0059, 57.7525 ], [ -7.0072, 57.7521 ] ] ], [ [ [ -6.9359, 57.7505 ], [ -6.938, 57.7534 ], [ -6.93, 57.7534 ], [ -6.9359, 57.7505 ] ] ], [ [ [ -7.0552, 57.7522 ], [ -7.0561, 57.7524 ], [ -7.0554, 57.7534 ], [ -7.0552, 57.7522 ] ] ], [ [ [ -7.1045, 57.7527 ], [ -7.1077, 57.754 ], [ -7.1042, 57.7528 ], [ -7.1045, 57.7527 ] ] ], [ [ [ -6.9296, 57.7539 ], [ -6.9297, 57.7546 ], [ -6.9278, 57.7547 ], [ -6.9296, 57.7539 ] ] ], [ [ [ -7.101, 57.7548 ], [ -7.1005, 57.7544 ], [ -7.1018, 57.7547 ], [ -7.101, 57.7548 ] ] ], [ [ [ -7.1049, 57.7546 ], [ -7.1055, 57.7552 ], [ -7.1047, 57.7555 ], [ -7.1049, 57.7546 ] ] ], [ [ [ -7.115, 57.7566 ], [ -7.1096, 57.7548 ], [ -7.1132, 57.7552 ], [ -7.115, 57.7566 ] ] ], [ [ [ -7.1107, 57.7564 ], [ -7.1095, 57.756 ], [ -7.1095, 57.7552 ], [ -7.1107, 57.7564 ] ] ], [ [ [ -7.0168, 57.7568 ], [ -7.0157, 57.7552 ], [ -7.018, 57.7552 ], [ -7.0168, 57.7568 ] ] ], [ [ [ -7.0561, 57.7584 ], [ -7.0562, 57.7593 ], [ -7.0551, 57.7588 ], [ -7.0561, 57.7584 ] ] ], [ [ [ -7.0202, 57.7611 ], [ -7.0176, 57.7595 ], [ -7.0193, 57.7589 ], [ -7.0202, 57.7611 ] ] ], [ [ [ -7.0161, 57.7597 ], [ -7.0169, 57.7603 ], [ -7.0153, 57.76 ], [ -7.0161, 57.7597 ] ] ], [ [ [ -7.017, 57.7613 ], [ -7.0156, 57.7607 ], [ -7.0183, 57.7611 ], [ -7.017, 57.7613 ] ] ], [ [ [ -7.0469, 57.7603 ], [ -7.0478, 57.7617 ], [ -7.0464, 57.761 ], [ -7.0469, 57.7603 ] ] ], [ [ [ -7.0221, 57.7636 ], [ -7.0211, 57.7628 ], [ -7.0233, 57.7613 ], [ -7.0221, 57.7636 ] ] ], [ [ [ -7.0755, 57.7513 ], [ -7.0982, 57.7685 ], [ -7.0826, 57.7748 ], [ -7.0755, 57.7513 ] ] ], [ [ [ -7.0292, 57.7639 ], [ -7.0273, 57.7626 ], [ -7.0299, 57.7624 ], [ -7.0292, 57.7639 ] ] ], [ [ [ -7.0388, 57.766 ], [ -7.0406, 57.7669 ], [ -7.0387, 57.7677 ], [ -7.0388, 57.766 ] ] ], [ [ [ -7.0508, 57.7684 ], [ -7.0521, 57.7708 ], [ -7.05, 57.7706 ], [ -7.0508, 57.7684 ] ] ], [ [ [ -7.0533, 57.7695 ], [ -7.0568, 57.77 ], [ -7.0555, 57.7714 ], [ -7.0533, 57.7695 ] ] ], [ [ [ -7.0555, 57.772 ], [ -7.0565, 57.772 ], [ -7.056, 57.7726 ], [ -7.0555, 57.772 ] ] ], [ [ [ -7.0583, 57.7729 ], [ -7.0579, 57.7718 ], [ -7.0588, 57.7724 ], [ -7.0583, 57.7729 ] ] ], [ [ [ -6.9168, 57.7806 ], [ -6.9185, 57.781 ], [ -6.9173, 57.7813 ], [ -6.9168, 57.7806 ] ] ], [ [ [ -7.0725, 57.7835 ], [ -7.072, 57.7839 ], [ -7.0719, 57.7837 ], [ -7.0725, 57.7835 ] ] ], [ [ [ -7.0714, 57.7855 ], [ -7.0697, 57.7848 ], [ -7.0715, 57.784 ], [ -7.0714, 57.7855 ] ] ], [ [ [ -7.1004, 57.8074 ], [ -7.0997, 57.8077 ], [ -7.0997, 57.8072 ], [ -7.1004, 57.8074 ] ] ], [ [ [ -7.083, 57.8849 ], [ -7.0833, 57.8852 ], [ -7.082, 57.8857 ], [ -7.083, 57.8849 ] ] ], [ [ [ -7.0867, 57.8894 ], [ -7.0895, 57.889 ], [ -7.0899, 57.8901 ], [ -7.0867, 57.8894 ] ] ], [ [ [ -7.0115, 57.8807 ], [ -7.086, 57.8905 ], [ -7.0474, 57.8977 ], [ -7.0298, 57.9188 ], [ -7.0115, 57.8807 ] ] ], [ [ [ -7.0557, 57.9046 ], [ -7.0568, 57.9047 ], [ -7.0566, 57.9051 ], [ -7.0557, 57.9046 ] ] ], [ [ [ -7.0534, 57.906 ], [ -7.0522, 57.9055 ], [ -7.0532, 57.9054 ], [ -7.0534, 57.906 ] ] ], [ [ [ -7.0446, 57.9105 ], [ -7.0455, 57.9108 ], [ -7.0448, 57.9109 ], [ -7.0446, 57.9105 ] ] ], [ [ [ -6.9618, 57.9335 ], [ -6.9624, 57.9342 ], [ -6.9617, 57.9339 ], [ -6.9618, 57.9335 ] ] ], [ [ [ -6.9574, 57.9341 ], [ -6.9569, 57.934 ], [ -6.9568, 57.9337 ], [ -6.9574, 57.9341 ] ] ], [ [ [ -6.9666, 57.9343 ], [ -6.9661, 57.9343 ], [ -6.9656, 57.9338 ], [ -6.9666, 57.9343 ] ] ], [ [ [ -6.9648, 57.9339 ], [ -6.973, 57.9407 ], [ -6.9646, 57.942 ], [ -6.9648, 57.9339 ] ] ], [ [ [ -7.1168, 57.9394 ], [ -7.1179, 57.9394 ], [ -7.1175, 57.9396 ], [ -7.1168, 57.9394 ] ] ], [ [ [ -7.117, 57.9401 ], [ -7.1177, 57.9404 ], [ -7.1172, 57.9404 ], [ -7.117, 57.9401 ] ] ], [ [ [ -6.9648, 57.9421 ], [ -6.9654, 57.9421 ], [ -6.9654, 57.9426 ], [ -6.9648, 57.9421 ] ] ], [ [ [ -7.1218, 57.9431 ], [ -7.1208, 57.9429 ], [ -7.1235, 57.943 ], [ -7.1218, 57.9431 ] ] ], [ [ [ -6.9833, 57.9429 ], [ -6.9844, 57.9438 ], [ -6.9835, 57.9435 ], [ -6.9833, 57.9429 ] ] ], [ [ [ -6.9785, 57.9418 ], [ -6.9834, 57.9442 ], [ -6.9763, 57.9464 ], [ -6.9785, 57.9418 ] ] ], [ [ [ -6.9558, 57.9471 ], [ -6.955, 57.9473 ], [ -6.9546, 57.9469 ], [ -6.9558, 57.9471 ] ] ], [ [ [ -6.9543, 57.9474 ], [ -6.9531, 57.9473 ], [ -6.9536, 57.9472 ], [ -6.9543, 57.9474 ] ] ], [ [ [ -6.9504, 57.9476 ], [ -6.9503, 57.9478 ], [ -6.9495, 57.9478 ], [ -6.9504, 57.9476 ] ] ], [ [ [ -7.0028, 57.9522 ], [ -7.0035, 57.9519 ], [ -7.0033, 57.9524 ], [ -7.0028, 57.9522 ] ] ], [ [ [ -6.9859, 57.9534 ], [ -6.9871, 57.9534 ], [ -6.9867, 57.954 ], [ -6.9859, 57.9534 ] ] ], [ [ [ -7.0096, 57.9542 ], [ -7.0103, 57.9542 ], [ -7.0103, 57.9545 ], [ -7.0096, 57.9542 ] ] ], [ [ [ -7.0461, 57.9591 ], [ -7.0449, 57.959 ], [ -7.0451, 57.9584 ], [ -7.0461, 57.9591 ] ] ], [ [ [ -7.0471, 57.9593 ], [ -7.0462, 57.9591 ], [ -7.0467, 57.9587 ], [ -7.0471, 57.9593 ] ] ], [ [ [ -7.046, 57.96 ], [ -7.0451, 57.9594 ], [ -7.0462, 57.9593 ], [ -7.046, 57.96 ] ] ], [ [ [ -7.0488, 57.9595 ], [ -7.0495, 57.9601 ], [ -7.0475, 57.9594 ], [ -7.0488, 57.9595 ] ] ], [ [ [ -7.0015, 57.9629 ], [ -7.0035, 57.9632 ], [ -7.002, 57.9632 ], [ -7.0015, 57.9629 ] ] ], [ [ [ -7.0719, 57.9646 ], [ -7.0726, 57.9647 ], [ -7.0725, 57.965 ], [ -7.0719, 57.9646 ] ] ], [ [ [ -7.0701, 57.9652 ], [ -7.0709, 57.9657 ], [ -7.0698, 57.9652 ], [ -7.0694, 57.9642 ], [ -7.0701, 57.9652 ] ] ], [ [ [ -7.0732, 57.9655 ], [ -7.0741, 57.9656 ], [ -7.0733, 57.9657 ], [ -7.0732, 57.9655 ] ] ], [ [ [ -7.1028, 57.9756 ], [ -7.1022, 57.9752 ], [ -7.1032, 57.9748 ], [ -7.1028, 57.9756 ] ] ], [ [ [ -7.0923, 57.9752 ], [ -7.0936, 57.9759 ], [ -7.0925, 57.9756 ], [ -7.0923, 57.9752 ] ] ], [ [ [ -7.0968, 57.9756 ], [ -7.098, 57.9761 ], [ -7.097, 57.9762 ], [ -7.0968, 57.9756 ] ] ], [ [ [ -7.0972, 57.9913 ], [ -7.0977, 57.9916 ], [ -7.0975, 57.9917 ], [ -7.0972, 57.9913 ] ] ], [ [ [ -7.097, 57.9928 ], [ -7.0965, 57.9932 ], [ -7.0968, 57.9925 ], [ -7.097, 57.9928 ] ] ], [ [ [ -7.0956, 57.9927 ], [ -7.0961, 57.9927 ], [ -7.0961, 57.9932 ], [ -7.0956, 57.9927 ] ] ], [ [ [ -7.1105, 58.0019 ], [ -7.112, 58.002 ], [ -7.1117, 58.0025 ], [ -7.1105, 58.0019 ] ] ], [ [ [ -7.0907, 58.003 ], [ -7.091, 58.0032 ], [ -7.0905, 58.0033 ], [ -7.0907, 58.003 ] ] ], [ [ [ -7.1213, 58.0053 ], [ -7.1209, 58.0044 ], [ -7.1215, 58.0047 ], [ -7.1213, 58.0053 ] ] ], [ [ [ -7.0943, 58.0264 ], [ -7.0893, 58.0244 ], [ -7.0907, 58.0222 ], [ -7.0943, 58.0264 ] ] ], [ [ [ -7.0956, 58.0257 ], [ -7.0968, 58.0259 ], [ -7.0959, 58.0266 ], [ -7.0956, 58.0257 ] ] ], [ [ [ -7.0895, 58.0258 ], [ -7.0892, 58.0267 ], [ -7.0886, 58.0262 ], [ -7.0895, 58.0258 ] ] ], [ [ [ -7.0677, 58.028 ], [ -7.0673, 58.0299 ], [ -7.0659, 58.0289 ], [ -7.0677, 58.028 ] ] ], [ [ [ -7.0704, 58.0293 ], [ -7.0692, 58.0296 ], [ -7.0691, 58.029 ], [ -7.0704, 58.0293 ] ] ], [ [ [ -7.0598, 58.0543 ], [ -7.0605, 58.0548 ], [ -7.0596, 58.0552 ], [ -7.0598, 58.0543 ] ] ], [ [ [ -7.0771, 58.0609 ], [ -7.077, 58.0615 ], [ -7.0761, 58.062 ], [ -7.0771, 58.0609 ] ] ], [ [ [ -7.0948, 58.063 ], [ -7.0969, 58.0649 ], [ -7.0961, 58.0664 ], [ -7.0948, 58.063 ] ] ], [ [ [ -7.12, 58.0731 ], [ -7.1178, 58.0728 ], [ -7.1195, 58.0725 ], [ -7.12, 58.0731 ] ] ], [ [ [ -7.101, 58.0755 ], [ -7.1011, 58.0758 ], [ -7.1005, 58.0759 ], [ -7.101, 58.0755 ] ] ], [ [ [ -7.1013, 58.0776 ], [ -7.1022, 58.0781 ], [ -7.1017, 58.0786 ], [ -7.1013, 58.0776 ] ] ], [ [ [ -7.1027, 58.0802 ], [ -7.103, 58.0807 ], [ -7.1024, 58.0808 ], [ -7.1027, 58.0802 ] ] ], [ [ [ -7.1208, 58.0992 ], [ -7.1208, 58.0987 ], [ -7.1241, 58.099 ], [ -7.1208, 58.0992 ] ] ], [ [ [ -7.1223, 58.1004 ], [ -7.1216, 58.1 ], [ -7.1218, 58.0999 ], [ -7.1223, 58.1004 ] ] ], [ [ [ -7.1169, 58.1404 ], [ -7.1171, 58.1406 ], [ -7.1164, 58.1407 ], [ -7.1169, 58.1404 ] ] ], [ [ [ -7.1161, 58.1411 ], [ -7.1155, 58.1417 ], [ -7.1149, 58.1414 ], [ -7.1161, 58.1411 ] ] ], [ [ [ -7.112, 58.1456 ], [ -7.1124, 58.1457 ], [ -7.1118, 58.1458 ], [ -7.112, 58.1456 ] ] ], [ [ [ -7.1067, 58.1512 ], [ -7.1059, 58.1515 ], [ -7.1059, 58.1511 ], [ -7.1067, 58.1512 ] ] ], [ [ [ -7.1107, 58.1788 ], [ -7.1099, 58.1768 ], [ -7.1152, 58.1763 ], [ -7.1107, 58.1788 ] ] ], [ [ [ -7.1128, 58.1784 ], [ -7.1134, 58.1787 ], [ -7.1128, 58.1787 ], [ -7.1128, 58.1784 ] ] ], [ [ [ -7.1072, 58.1804 ], [ -7.107, 58.1807 ], [ -7.1069, 58.1804 ], [ -7.1072, 58.1804 ] ] ], [ [ [ -7.0595, 58.1848 ], [ -7.0596, 58.1837 ], [ -7.0605, 58.1839 ], [ -7.0595, 58.1848 ] ] ], [ [ [ -7.0771, 58.1847 ], [ -7.0764, 58.1845 ], [ -7.0776, 58.1842 ], [ -7.0771, 58.1847 ] ] ], [ [ [ -7.0767, 58.1848 ], [ -7.0773, 58.1849 ], [ -7.0765, 58.1851 ], [ -7.0767, 58.1848 ] ] ], [ [ [ -7.0776, 58.185 ], [ -7.0778, 58.1852 ], [ -7.0774, 58.1853 ], [ -7.0776, 58.185 ] ] ], [ [ [ -7.1015, 58.185 ], [ -7.1024, 58.1851 ], [ -7.1011, 58.1858 ], [ -7.1015, 58.185 ] ] ], [ [ [ -7.0611, 58.1862 ], [ -7.0616, 58.1865 ], [ -7.0604, 58.1869 ], [ -7.0611, 58.1862 ] ] ], [ [ [ -7.0565, 58.1865 ], [ -7.0571, 58.1867 ], [ -7.0558, 58.1869 ], [ -7.0565, 58.1865 ] ] ], [ [ [ -7.0906, 58.1872 ], [ -7.0907, 58.1875 ], [ -7.0901, 58.1875 ], [ -7.0906, 58.1872 ] ] ], [ [ [ -7.0829, 58.1906 ], [ -7.0814, 58.189 ], [ -7.0816, 58.1885 ], [ -7.0829, 58.1906 ] ] ], [ [ [ -6.9273, 58.1986 ], [ -6.921, 58.1903 ], [ -6.9217, 58.1895 ], [ -6.9273, 58.1986 ] ] ], [ [ [ -7.026, 58.194 ], [ -7.0268, 58.1941 ], [ -7.0264, 58.1944 ], [ -7.026, 58.194 ] ] ], [ [ [ -7.0664, 58.1962 ], [ -7.0652, 58.1953 ], [ -7.0662, 58.1947 ], [ -7.0664, 58.1962 ] ] ], [ [ [ -6.9444, 58.1977 ], [ -6.9449, 58.1984 ], [ -6.944, 58.1979 ], [ -6.9444, 58.1977 ] ] ], [ [ [ -6.9214, 58.1974 ], [ -6.9227, 58.1994 ], [ -6.9223, 58.1999 ], [ -6.9214, 58.1974 ] ] ], [ [ [ -6.9348, 58.2231 ], [ -6.9347, 58.2218 ], [ -6.937, 58.2249 ], [ -6.9348, 58.2231 ] ] ], [ [ [ -6.9183, 58.2224 ], [ -6.919, 58.2232 ], [ -6.9167, 58.2245 ], [ -6.9183, 58.2224 ] ] ], [ [ [ -6.9151, 58.224 ], [ -6.9143, 58.2233 ], [ -6.9146, 58.2233 ], [ -6.9151, 58.224 ] ] ], [ [ [ -6.912, 58.2236 ], [ -6.9156, 58.2258 ], [ -6.9226, 58.2251 ], [ -6.9105, 58.2278 ], [ -6.912, 58.2236 ] ] ], [ [ [ -6.909, 58.2273 ], [ -6.9097, 58.2278 ], [ -6.9095, 58.2282 ], [ -6.909, 58.2273 ] ] ], [ [ [ -6.9175, 58.2305 ], [ -6.9181, 58.2305 ], [ -6.9169, 58.2308 ], [ -6.9175, 58.2305 ] ] ], [ [ [ -6.919, 58.2306 ], [ -6.9181, 58.2311 ], [ -6.9175, 58.2308 ], [ -6.919, 58.2306 ] ] ], [ [ [ -6.9163, 58.2309 ], [ -6.9161, 58.2313 ], [ -6.9153, 58.2312 ], [ -6.9163, 58.2309 ] ] ], [ [ [ -6.9212, 58.2308 ], [ -6.9228, 58.2314 ], [ -6.9223, 58.2317 ], [ -6.9212, 58.2308 ] ] ], [ [ [ -6.9145, 58.2315 ], [ -6.9148, 58.2321 ], [ -6.9138, 58.2322 ], [ -6.9145, 58.2315 ] ] ], [ [ [ -6.9147, 58.2325 ], [ -6.9152, 58.2329 ], [ -6.9146, 58.233 ], [ -6.9147, 58.2325 ] ] ], [ [ [ -6.933, 58.2332 ], [ -6.932, 58.2331 ], [ -6.9326, 58.2329 ], [ -6.933, 58.2332 ] ] ], [ [ [ -6.9153, 58.2332 ], [ -6.9159, 58.2335 ], [ -6.9153, 58.2339 ], [ -6.9153, 58.2332 ] ] ], [ [ [ -6.9308, 58.2334 ], [ -6.9314, 58.2336 ], [ -6.931, 58.2337 ], [ -6.9308, 58.2334 ] ] ], [ [ [ -6.9305, 58.2337 ], [ -6.9307, 58.2346 ], [ -6.9299, 58.2341 ], [ -6.9305, 58.2337 ] ] ], [ [ [ -6.9356, 58.2281 ], [ -6.9512, 58.2389 ], [ -6.9363, 58.2413 ], [ -6.9356, 58.2281 ] ] ], [ [ [ -6.9512, 58.2353 ], [ -6.9508, 58.235 ], [ -6.9511, 58.2348 ], [ -6.9512, 58.2353 ] ] ], [ [ [ -6.9523, 58.237 ], [ -6.9529, 58.2372 ], [ -6.9519, 58.2373 ], [ -6.9523, 58.237 ] ] ], [ [ [ -6.9389, 58.2419 ], [ -6.9386, 58.2415 ], [ -6.9403, 58.2409 ], [ -6.9389, 58.2419 ] ] ], [ [ [ -6.9482, 58.2433 ], [ -6.9399, 58.2428 ], [ -6.9434, 58.2412 ], [ -6.9482, 58.2433 ] ] ], [ [ [ -6.9466, 58.2446 ], [ -6.9487, 58.244 ], [ -6.9486, 58.2448 ], [ -6.9466, 58.2446 ] ] ], [ [ [ -6.9285, 58.2618 ], [ -6.9283, 58.2605 ], [ -6.9317, 58.261 ], [ -6.9285, 58.2618 ] ] ], [ [ [ -6.9119, 58.2695 ], [ -6.9115, 58.2688 ], [ -6.9122, 58.2685 ], [ -6.9119, 58.2695 ] ] ], [ [ [ -6.9157, 58.2757 ], [ -6.9167, 58.2752 ], [ -6.9168, 58.2753 ], [ -6.9157, 58.2757 ] ] ], [ [ [ -6.9147, 58.2754 ], [ -6.9153, 58.276 ], [ -6.9144, 58.2758 ], [ -6.9147, 58.2754 ] ] ], [ [ [ -6.913, 58.2757 ], [ -6.915, 58.2785 ], [ -6.9103, 58.2778 ], [ -6.913, 58.2757 ] ] ], [ [ [ -6.9248, 58.2827 ], [ -6.9252, 58.2835 ], [ -6.9155, 58.2844 ], [ -6.9248, 58.2827 ] ] ], [ [ [ -6.9235, 58.2848 ], [ -6.9228, 58.2852 ], [ -6.9241, 58.2842 ], [ -6.9235, 58.2848 ] ] ], [ [ [ -6.634, 56.1321 ], [ -6.6331, 56.1322 ], [ -6.6329, 56.1318 ], [ -6.634, 56.1321 ] ] ], [ [ [ -6.8112, 56.4886 ], [ -6.8125, 56.4874 ], [ -6.8136, 56.4879 ], [ -6.8112, 56.4886 ] ] ], [ [ [ -6.9117, 56.4404 ], [ -6.9134, 56.4422 ], [ -6.9182, 56.4413 ], [ -6.9184, 56.4432 ], [ -6.9327, 56.4431 ], [ -6.9505, 56.4588 ], [ -6.98, 56.4518 ], [ -6.9706, 56.468 ], [ -6.9738, 56.4884 ], [ -6.9861, 56.5037 ], [ -6.9991, 56.5029 ], [ -6.7466, 56.5474 ], [ -6.9117, 56.4404 ] ] ], [ [ [ -6.7991, 56.5022 ], [ -6.8, 56.5027 ], [ -6.7983, 56.5025 ], [ -6.7991, 56.5022 ] ] ], [ [ [ -6.7664, 56.5214 ], [ -6.7652, 56.5203 ], [ -6.7671, 56.5205 ], [ -6.7664, 56.5214 ] ] ], [ [ [ -6.7475, 56.5233 ], [ -6.7473, 56.5247 ], [ -6.747, 56.525 ], [ -6.7475, 56.5233 ] ] ], [ [ [ -6.887, 56.5277 ], [ -6.8878, 56.5278 ], [ -6.8877, 56.5281 ], [ -6.887, 56.5277 ] ] ], [ [ [ -6.7219, 56.5278 ], [ -6.7224, 56.5282 ], [ -6.7222, 56.5289 ], [ -6.7219, 56.5278 ] ] ], [ [ [ -6.9042, 56.5301 ], [ -6.9035, 56.5296 ], [ -6.9046, 56.5293 ], [ -6.9042, 56.5301 ] ] ], [ [ [ -6.8589, 56.5319 ], [ -6.8567, 56.5324 ], [ -6.8574, 56.5318 ], [ -6.8589, 56.5319 ] ] ], [ [ [ -6.8686, 56.5332 ], [ -6.8677, 56.5328 ], [ -6.8682, 56.5323 ], [ -6.8686, 56.5332 ] ] ], [ [ [ -6.7109, 56.536 ], [ -6.7108, 56.5367 ], [ -6.7099, 56.5359 ], [ -6.71, 56.5355 ], [ -6.7109, 56.536 ] ] ], [ [ [ -6.8072, 56.5429 ], [ -6.8089, 56.5421 ], [ -6.8091, 56.5431 ], [ -6.8072, 56.5429 ] ] ], [ [ [ -6.8092, 56.5427 ], [ -6.81, 56.5431 ], [ -6.8099, 56.5435 ], [ -6.8092, 56.5427 ] ] ], [ [ [ -6.7696, 56.5467 ], [ -6.7695, 56.5452 ], [ -6.7727, 56.5464 ], [ -6.7696, 56.5467 ] ] ], [ [ [ -6.7399, 56.5488 ], [ -6.7396, 56.5486 ], [ -6.7401, 56.5482 ], [ -6.7399, 56.5488 ] ] ], [ [ [ -6.7598, 56.5514 ], [ -6.7629, 56.5512 ], [ -6.7611, 56.5519 ], [ -6.7598, 56.5514 ] ] ], [ [ [ -6.6972, 56.5593 ], [ -6.6967, 56.5583 ], [ -6.6972, 56.5581 ], [ -6.6972, 56.5593 ] ] ], [ [ [ -6.6962, 56.5616 ], [ -6.6958, 56.562 ], [ -6.6952, 56.5618 ], [ -6.6962, 56.5616 ] ] ], [ [ [ -6.7219, 56.5606 ], [ -6.733, 56.5602 ], [ -6.7063, 56.5667 ], [ -6.7219, 56.5606 ] ] ], [ [ [ -6.722, 56.5654 ], [ -6.7235, 56.5664 ], [ -6.7227, 56.5664 ], [ -6.722, 56.5654 ] ] ], [ [ [ -6.7119, 56.5711 ], [ -6.7102, 56.5694 ], [ -6.7145, 56.5705 ], [ -6.7119, 56.5711 ] ] ], [ [ [ -6.6334, 56.5722 ], [ -6.6327, 56.572 ], [ -6.6342, 56.5708 ], [ -6.6334, 56.5722 ] ] ], [ [ [ -6.6477, 56.5731 ], [ -6.6478, 56.5722 ], [ -6.6486, 56.5728 ], [ -6.6477, 56.5731 ] ] ], [ [ [ -6.6725, 56.5774 ], [ -6.673, 56.578 ], [ -6.672, 56.5782 ], [ -6.6725, 56.5774 ] ] ], [ [ [ -6.674, 56.5778 ], [ -6.6743, 56.5783 ], [ -6.6739, 56.5782 ], [ -6.674, 56.5778 ] ] ], [ [ [ -6.7042, 56.5835 ], [ -6.7035, 56.5844 ], [ -6.7024, 56.584 ], [ -6.7042, 56.5835 ] ] ], [ [ [ -6.7002, 56.5903 ], [ -6.7008, 56.5901 ], [ -6.701, 56.5907 ], [ -6.7002, 56.5903 ] ] ], [ [ [ -6.6771, 56.5977 ], [ -6.6761, 56.5963 ], [ -6.677, 56.5961 ], [ -6.6771, 56.5977 ] ] ], [ [ [ -6.6782, 56.6005 ], [ -6.6778, 56.6002 ], [ -6.6781, 56.6 ], [ -6.6782, 56.6005 ] ] ], [ [ [ -6.6494, 56.6023 ], [ -6.6507, 56.6029 ], [ -6.6501, 56.6029 ], [ -6.6494, 56.6023 ] ] ], [ [ [ -6.6787, 56.9698 ], [ -6.6783, 56.9677 ], [ -6.6817, 56.9672 ], [ -6.6787, 56.9698 ] ] ], [ [ [ -6.6834, 56.9697 ], [ -6.683, 56.9684 ], [ -6.6835, 56.968 ], [ -6.6834, 56.9697 ] ] ], [ [ [ -6.6762, 56.9687 ], [ -6.6762, 56.9677 ], [ -6.6777, 56.969 ], [ -6.6762, 56.9687 ] ] ], [ [ [ -6.6778, 56.9713 ], [ -6.6779, 56.9743 ], [ -6.6738, 56.972 ], [ -6.6778, 56.9713 ] ] ], [ [ [ -6.6712, 57.3346 ], [ -6.6733, 57.3371 ], [ -6.6718, 57.34 ], [ -6.6712, 57.3346 ] ] ], [ [ [ -6.6445, 57.4534 ], [ -6.6398, 57.4513 ], [ -6.6422, 57.4502 ], [ -6.6445, 57.4534 ] ] ], [ [ [ -6.6479, 57.5252 ], [ -6.6379, 57.5118 ], [ -6.6496, 57.5114 ], [ -6.6479, 57.5252 ] ] ], [ [ [ -6.6383, 57.5221 ], [ -6.6393, 57.5195 ], [ -6.6425, 57.5278 ], [ -6.6383, 57.5221 ] ] ], [ [ [ -6.6398, 57.5289 ], [ -6.6401, 57.5301 ], [ -6.6361, 57.5281 ], [ -6.6398, 57.5289 ] ] ], [ [ [ -6.8818, 57.7724 ], [ -6.8811, 57.772 ], [ -6.8819, 57.7719 ], [ -6.8818, 57.7724 ] ] ], [ [ [ -6.881, 57.7891 ], [ -6.8793, 57.7888 ], [ -6.8796, 57.7884 ], [ -6.881, 57.7891 ] ] ], [ [ [ -6.8553, 57.7907 ], [ -6.8636, 57.7895 ], [ -6.869, 57.793 ], [ -6.8553, 57.7907 ] ] ], [ [ [ -6.8775, 57.7947 ], [ -6.8767, 57.7937 ], [ -6.8774, 57.7939 ], [ -6.8775, 57.7947 ] ] ], [ [ [ -6.8229, 57.8043 ], [ -6.83, 57.8116 ], [ -6.8253, 57.813 ], [ -6.8229, 57.8043 ] ] ], [ [ [ -6.7858, 57.8122 ], [ -6.7822, 57.8127 ], [ -6.7832, 57.8108 ], [ -6.7858, 57.8122 ] ] ], [ [ [ -6.7773, 57.8187 ], [ -6.7781, 57.8168 ], [ -6.7808, 57.8187 ], [ -6.7773, 57.8187 ] ] ], [ [ [ -6.7323, 57.8372 ], [ -6.7314, 57.8369 ], [ -6.7316, 57.8365 ], [ -6.7323, 57.8372 ] ] ], [ [ [ -6.7349, 57.8372 ], [ -6.7366, 57.8374 ], [ -6.736, 57.838 ], [ -6.7349, 57.8372 ] ] ], [ [ [ -6.7383, 57.8402 ], [ -6.7386, 57.8409 ], [ -6.7378, 57.8407 ], [ -6.7383, 57.8402 ] ] ], [ [ [ -6.736, 57.8403 ], [ -6.7376, 57.8414 ], [ -6.7365, 57.8413 ], [ -6.736, 57.8403 ] ] ], [ [ [ -6.7379, 57.842 ], [ -6.7381, 57.8428 ], [ -6.7368, 57.8421 ], [ -6.7379, 57.842 ] ] ], [ [ [ -6.7386, 57.8503 ], [ -6.7368, 57.8499 ], [ -6.7387, 57.8491 ], [ -6.7386, 57.8503 ] ] ], [ [ [ -6.694, 57.8508 ], [ -6.6969, 57.8512 ], [ -6.6957, 57.8513 ], [ -6.694, 57.8508 ] ] ], [ [ [ -6.7401, 57.8521 ], [ -6.7394, 57.8527 ], [ -6.7394, 57.8516 ], [ -6.7401, 57.8521 ] ] ], [ [ [ -6.7404, 57.8536 ], [ -6.7399, 57.8527 ], [ -6.7406, 57.8519 ], [ -6.7404, 57.8536 ] ] ], [ [ [ -6.6874, 57.8513 ], [ -6.6917, 57.8524 ], [ -6.6907, 57.8544 ], [ -6.6851, 57.8536 ], [ -6.6874, 57.8513 ] ] ], [ [ [ -6.7466, 57.8541 ], [ -6.7468, 57.8531 ], [ -6.7479, 57.8537 ], [ -6.7466, 57.8541 ] ] ], [ [ [ -6.7048, 57.856 ], [ -6.7017, 57.8549 ], [ -6.7001, 57.8527 ], [ -6.7048, 57.856 ] ] ], [ [ [ -6.6963, 57.8562 ], [ -6.6879, 57.8558 ], [ -6.693, 57.8556 ], [ -6.6963, 57.8562 ] ] ], [ [ [ -6.7168, 57.8623 ], [ -6.7104, 57.8593 ], [ -6.7146, 57.8578 ], [ -6.7168, 57.8623 ] ] ], [ [ [ -6.6514, 57.8708 ], [ -6.6414, 57.8565 ], [ -6.7141, 57.8752 ], [ -6.6514, 57.8708 ] ] ], [ [ [ -6.7208, 57.8637 ], [ -6.7241, 57.8655 ], [ -6.7234, 57.8658 ], [ -6.7208, 57.8637 ] ] ], [ [ [ -6.7169, 57.8644 ], [ -6.72, 57.8643 ], [ -6.7201, 57.8667 ], [ -6.7169, 57.8644 ] ] ], [ [ [ -6.7101, 57.8684 ], [ -6.7093, 57.8672 ], [ -6.7129, 57.8676 ], [ -6.7101, 57.8684 ] ] ], [ [ [ -6.718, 57.8683 ], [ -6.7171, 57.8672 ], [ -6.7241, 57.8681 ], [ -6.718, 57.8683 ] ] ], [ [ [ -6.7404, 57.8696 ], [ -6.7413, 57.8713 ], [ -6.74, 57.8701 ], [ -6.7404, 57.8696 ] ] ], [ [ [ -6.7745, 57.872 ], [ -6.7737, 57.8706 ], [ -6.7754, 57.8711 ], [ -6.7745, 57.872 ] ] ], [ [ [ -6.753, 57.8721 ], [ -6.7543, 57.8724 ], [ -6.7538, 57.873 ], [ -6.753, 57.8721 ] ] ], [ [ [ -6.7335, 57.8739 ], [ -6.7343, 57.8735 ], [ -6.7344, 57.874 ], [ -6.7335, 57.8739 ] ] ], [ [ [ -6.7542, 57.8747 ], [ -6.7547, 57.8776 ], [ -6.7396, 57.8757 ], [ -6.7542, 57.8747 ] ] ], [ [ [ -6.7821, 57.8805 ], [ -6.7834, 57.8808 ], [ -6.7825, 57.8818 ], [ -6.7821, 57.8805 ] ] ], [ [ [ -6.7777, 57.8832 ], [ -6.7786, 57.8816 ], [ -6.7806, 57.8825 ], [ -6.7777, 57.8832 ] ] ], [ [ [ -6.7814, 57.8823 ], [ -6.7832, 57.8823 ], [ -6.7827, 57.8836 ], [ -6.7814, 57.8823 ] ] ], [ [ [ -6.7851, 57.8847 ], [ -6.7832, 57.8837 ], [ -6.7839, 57.8836 ], [ -6.7851, 57.8847 ] ] ], [ [ [ -6.7852, 57.887 ], [ -6.7838, 57.8853 ], [ -6.7874, 57.8864 ], [ -6.7852, 57.887 ] ] ], [ [ [ -6.789, 57.8876 ], [ -6.7894, 57.8883 ], [ -6.7884, 57.8884 ], [ -6.789, 57.8876 ] ] ], [ [ [ -6.6805, 57.9139 ], [ -6.6805, 57.9133 ], [ -6.682, 57.9136 ], [ -6.6805, 57.9139 ] ] ], [ [ [ -6.6574, 57.9139 ], [ -6.6584, 57.9139 ], [ -6.6582, 57.9144 ], [ -6.6574, 57.9139 ] ] ], [ [ [ -6.8896, 57.915 ], [ -6.8904, 57.9153 ], [ -6.8896, 57.9156 ], [ -6.8896, 57.915 ] ] ], [ [ [ -6.6476, 57.9161 ], [ -6.6471, 57.9162 ], [ -6.6467, 57.9159 ], [ -6.6476, 57.9161 ] ] ], [ [ [ -6.8938, 57.9161 ], [ -6.8947, 57.9175 ], [ -6.89, 57.9178 ], [ -6.8839, 57.9156 ], [ -6.8938, 57.9161 ] ] ], [ [ [ -6.8807, 57.9245 ], [ -6.88, 57.9239 ], [ -6.8813, 57.9235 ], [ -6.8807, 57.9245 ] ] ], [ [ [ -6.7252, 57.9857 ], [ -6.7408, 58.0013 ], [ -6.7233, 58.0072 ], [ -6.7252, 57.9857 ] ] ], [ [ [ -6.1622, 58.3425 ], [ -6.1932, 58.3403 ], [ -6.1985, 58.3383 ], [ -6.2467, 58.3069 ], [ -6.2422, 58.2956 ], [ -6.2989, 58.2927 ], [ -6.2804, 58.2699 ], [ -6.2943, 58.2666 ], [ -6.2931, 58.2675 ], [ -6.3053, 58.2666 ], [ -6.3164, 58.2702 ], [ -6.3192, 58.2697 ], [ -6.3193, 58.2444 ], [ -6.3639, 58.2389 ], [ -6.3615, 58.2269 ], [ -6.3808, 58.2262 ], [ -6.3807, 58.2224 ], [ -6.2849, 58.2067 ], [ -6.1381, 58.2615 ], [ -6.1652, 58.2286 ], [ -6.1649, 58.2262 ], [ -6.154, 58.2208 ], [ -6.2509, 58.1796 ], [ -6.3874, 58.2146 ], [ -6.3963, 58.199 ], [ -6.3675, 58.1527 ], [ -6.424, 58.1478 ], [ -6.4235, 58.1376 ], [ -6.3702, 58.1315 ], [ -6.4929, 58.143 ], [ -6.4683, 58.1264 ], [ -6.4278, 58.1207 ], [ -6.6348, 58.0844 ], [ -6.624, 58.0782 ], [ -6.6092, 58.0855 ], [ -6.6105, 58.0835 ], [ -6.6072, 58.0822 ], [ -6.6068, 58.0788 ], [ -6.6058, 58.0788 ], [ -6.5771, 58.0882 ], [ -6.5671, 58.0791 ], [ -6.4721, 58.0963 ], [ -6.432, 58.0897 ], [ -6.3989, 58.1109 ], [ -6.3867, 58.0007 ], [ -6.4597, 58.0198 ], [ -6.579, 58.0038 ], [ -6.4489, 57.9656 ], [ -6.6497, 57.9175 ], [ -6.7126, 58.0128 ], [ -6.5864, 58.0532 ], [ -6.6951, 58.0582 ], [ -6.7606, 58.0034 ], [ -6.6655, 57.8823 ], [ -6.8029, 57.8976 ], [ -6.7366, 57.8269 ], [ -6.8627, 57.8337 ], [ -6.8336, 57.8148 ], [ -6.9239, 57.7818 ], [ -6.9657, 57.7277 ], [ -7.0143, 57.77 ], [ -7.1282, 57.8247 ], [ -6.8139, 57.9009 ], [ -6.9016, 57.9509 ], [ -6.9998, 57.9656 ], [ -7.0227, 57.9523 ], [ -7.0902, 57.9949 ], [ -7.1142, 57.9887 ], [ -6.9063, 58.0491 ], [ -7.1003, 58.0699 ], [ -7.1001, 58.0894 ], [ -7.1124, 58.1001 ], [ -7.1098, 58.1099 ], [ -7.1134, 58.1144 ], [ -7.1354, 58.1229 ], [ -7.0893, 58.1641 ], [ -7.1045, 58.1834 ], [ -7.0436, 58.1709 ], [ -7.0071, 58.1843 ], [ -7.0488, 58.2325 ], [ -6.9155, 58.2182 ], [ -6.9628, 58.2034 ], [ -6.8588, 58.1109 ], [ -6.877, 58.1894 ], [ -6.8748, 58.1836 ], [ -6.8591, 58.1812 ], [ -6.8282, 58.2046 ], [ -6.7821, 58.1878 ], [ -6.7497, 58.1921 ], [ -6.7341, 58.1663 ], [ -6.7068, 58.1841 ], [ -6.8044, 58.3044 ], [ -6.7573, 58.3054 ], [ -6.7364, 58.3135 ], [ -6.742, 58.3189 ], [ -6.7315, 58.3195 ], [ -6.7224, 58.327 ], [ -6.7251, 58.3283 ], [ -6.7138, 58.3277 ], [ -6.7028, 58.337 ], [ -6.6884, 58.3313 ], [ -6.6511, 58.3543 ], [ -6.6453, 58.3514 ], [ -6.6481, 58.3434 ], [ -6.643, 58.34 ], [ -6.5471, 58.3651 ], [ -6.5192, 58.3971 ], [ -6.4971, 58.3982 ], [ -6.3547, 58.459 ], [ -6.339, 58.4687 ], [ -6.3332, 58.4786 ], [ -6.3238, 58.4775 ], [ -6.314, 58.4779 ], [ -6.3104, 58.477 ], [ -6.3002, 58.4804 ], [ -6.2716, 58.4988 ], [ -6.282, 58.5107 ], [ -6.2748, 58.5113 ], [ -6.27, 58.5154 ], [ -6.1622, 58.3425 ] ] ], [ [ [ -6.8854, 58.1567 ], [ -6.8861, 58.1566 ], [ -6.8856, 58.1581 ], [ -6.8854, 58.1567 ] ] ], [ [ [ -6.8844, 58.1603 ], [ -6.8838, 58.16 ], [ -6.8844, 58.1589 ], [ -6.8844, 58.1603 ] ] ], [ [ [ -6.8835, 58.161 ], [ -6.8827, 58.1607 ], [ -6.8829, 58.1604 ], [ -6.8835, 58.161 ] ] ], [ [ [ -6.8822, 58.1725 ], [ -6.8835, 58.1738 ], [ -6.8828, 58.1739 ], [ -6.8822, 58.1725 ] ] ], [ [ [ -6.8758, 58.1738 ], [ -6.8766, 58.1725 ], [ -6.8776, 58.1737 ], [ -6.8758, 58.1738 ] ] ], [ [ [ -6.883, 58.1742 ], [ -6.882, 58.1744 ], [ -6.8824, 58.1737 ], [ -6.883, 58.1742 ] ] ], [ [ [ -6.7275, 58.1739 ], [ -6.7282, 58.1746 ], [ -6.7278, 58.175 ], [ -6.7275, 58.1739 ] ] ], [ [ [ -6.7304, 58.1814 ], [ -6.7281, 58.1804 ], [ -6.729, 58.1774 ], [ -6.7304, 58.1814 ] ] ], [ [ [ -6.8824, 58.1794 ], [ -6.8831, 58.1804 ], [ -6.8825, 58.1803 ], [ -6.8824, 58.1794 ] ] ], [ [ [ -6.8885, 58.1822 ], [ -6.889, 58.1825 ], [ -6.8888, 58.1828 ], [ -6.8885, 58.1822 ] ] ], [ [ [ -6.8827, 58.1843 ], [ -6.8826, 58.1843 ], [ -6.8827, 58.1834 ], [ -6.8827, 58.1843 ] ] ], [ [ [ -6.887, 58.1837 ], [ -6.8891, 58.1836 ], [ -6.8878, 58.1857 ], [ -6.887, 58.1837 ] ] ], [ [ [ -6.8794, 58.1844 ], [ -6.8795, 58.185 ], [ -6.8786, 58.1846 ], [ -6.8794, 58.1844 ] ] ], [ [ [ -6.8711, 58.1856 ], [ -6.8703, 58.1861 ], [ -6.8702, 58.1855 ], [ -6.8711, 58.1856 ] ] ], [ [ [ -6.8609, 58.1861 ], [ -6.8614, 58.1867 ], [ -6.8606, 58.1868 ], [ -6.8609, 58.1861 ] ] ], [ [ [ -6.7318, 58.19 ], [ -6.7402, 58.1861 ], [ -6.7387, 58.1899 ], [ -6.7318, 58.19 ] ] ], [ [ [ -6.7435, 58.1881 ], [ -6.7451, 58.1887 ], [ -6.7451, 58.1897 ], [ -6.7435, 58.1881 ] ] ], [ [ [ -6.781, 58.189 ], [ -6.7821, 58.1891 ], [ -6.7817, 58.1899 ], [ -6.781, 58.189 ] ] ], [ [ [ -6.7748, 58.1938 ], [ -6.7745, 58.1934 ], [ -6.7763, 58.193 ], [ -6.7748, 58.1938 ] ] ], [ [ [ -6.8868, 58.1931 ], [ -6.8879, 58.1957 ], [ -6.8848, 58.1955 ], [ -6.8868, 58.1931 ] ] ], [ [ [ -6.7534, 58.1958 ], [ -6.7536, 58.1944 ], [ -6.7544, 58.1957 ], [ -6.7534, 58.1958 ] ] ], [ [ [ -6.8658, 58.1948 ], [ -6.8671, 58.1948 ], [ -6.8674, 58.1965 ], [ -6.8658, 58.1948 ] ] ], [ [ [ -6.7567, 58.1961 ], [ -6.756, 58.1976 ], [ -6.7553, 58.1961 ], [ -6.7567, 58.1961 ] ] ], [ [ [ -6.8936, 58.1935 ], [ -6.8969, 58.1927 ], [ -6.9033, 58.197 ], [ -6.8936, 58.1935 ] ] ], [ [ [ -6.8612, 58.1975 ], [ -6.8611, 58.1968 ], [ -6.8641, 58.1961 ], [ -6.8612, 58.1975 ] ] ], [ [ [ -6.8729, 58.1981 ], [ -6.8746, 58.198 ], [ -6.8745, 58.1987 ], [ -6.8729, 58.1981 ] ] ], [ [ [ -6.7709, 58.2063 ], [ -6.7643, 58.1941 ], [ -6.7703, 58.195 ], [ -6.7709, 58.2063 ] ] ], [ [ [ -6.8357, 58.2 ], [ -6.8378, 58.2002 ], [ -6.8374, 58.2007 ], [ -6.8357, 58.2 ] ] ], [ [ [ -6.8391, 58.2003 ], [ -6.8389, 58.2009 ], [ -6.8379, 58.2005 ], [ -6.8391, 58.2003 ] ] ], [ [ [ -6.8184, 58.2018 ], [ -6.8189, 58.2025 ], [ -6.8183, 58.2027 ], [ -6.8184, 58.2018 ] ] ], [ [ [ -6.8415, 58.2034 ], [ -6.8405, 58.2031 ], [ -6.8412, 58.2029 ], [ -6.8415, 58.2034 ] ] ], [ [ [ -6.8014, 58.2048 ], [ -6.8009, 58.2043 ], [ -6.8014, 58.2042 ], [ -6.8014, 58.2048 ] ] ], [ [ [ -6.74, 58.2045 ], [ -6.74, 58.2041 ], [ -6.7425, 58.2039 ], [ -6.74, 58.2045 ] ] ], [ [ [ -6.8052, 58.2059 ], [ -6.8046, 58.2055 ], [ -6.8051, 58.2051 ], [ -6.8052, 58.2059 ] ] ], [ [ [ -6.8764, 58.2081 ], [ -6.8764, 58.2082 ], [ -6.876, 58.2087 ], [ -6.8764, 58.2081 ] ] ], [ [ [ -6.8874, 58.2111 ], [ -6.8771, 58.2085 ], [ -6.8924, 58.2054 ], [ -6.8874, 58.2111 ] ] ], [ [ [ -6.8856, 58.2129 ], [ -6.8856, 58.2134 ], [ -6.8852, 58.2134 ], [ -6.8856, 58.2129 ] ] ], [ [ [ -6.884, 58.2136 ], [ -6.8841, 58.2141 ], [ -6.8835, 58.2144 ], [ -6.884, 58.2136 ] ] ], [ [ [ -6.8981, 58.2142 ], [ -6.8978, 58.2139 ], [ -6.8981, 58.2138 ], [ -6.8981, 58.2142 ] ] ], [ [ [ -6.7697, 58.2164 ], [ -6.7675, 58.2116 ], [ -6.7757, 58.2131 ], [ -6.7697, 58.2164 ] ] ], [ [ [ -6.8767, 58.2168 ], [ -6.8779, 58.2171 ], [ -6.8764, 58.2174 ], [ -6.8767, 58.2168 ] ] ], [ [ [ -6.7818, 58.218 ], [ -6.7816, 58.2184 ], [ -6.7813, 58.2183 ], [ -6.7818, 58.218 ] ] ], [ [ [ -6.9051, 58.2179 ], [ -6.9056, 58.218 ], [ -6.9051, 58.2185 ], [ -6.9051, 58.2179 ] ] ], [ [ [ -6.878, 58.2177 ], [ -6.8794, 58.2188 ], [ -6.878, 58.2189 ], [ -6.878, 58.2177 ] ] ], [ [ [ -6.7741, 58.2184 ], [ -6.7748, 58.2189 ], [ -6.7745, 58.2192 ], [ -6.7741, 58.2184 ] ] ], [ [ [ -6.8818, 58.2184 ], [ -6.8832, 58.2191 ], [ -6.8803, 58.2209 ], [ -6.8818, 58.2184 ] ] ], [ [ [ -6.7964, 58.2205 ], [ -6.7958, 58.2204 ], [ -6.7962, 58.2197 ], [ -6.7964, 58.2205 ] ] ], [ [ [ -6.8614, 58.2223 ], [ -6.8612, 58.2213 ], [ -6.8636, 58.2214 ], [ -6.8614, 58.2223 ] ] ], [ [ [ -6.7698, 58.2225 ], [ -6.7704, 58.2211 ], [ -6.7715, 58.2224 ], [ -6.7698, 58.2225 ] ] ], [ [ [ -6.8732, 58.223 ], [ -6.8733, 58.2227 ], [ -6.8751, 58.2228 ], [ -6.8732, 58.223 ] ] ], [ [ [ -6.87, 58.2242 ], [ -6.8712, 58.2245 ], [ -6.8705, 58.2253 ], [ -6.87, 58.2242 ] ] ], [ [ [ -6.7928, 58.2235 ], [ -6.7949, 58.2276 ], [ -6.7886, 58.2251 ], [ -6.7928, 58.2235 ] ] ], [ [ [ -6.8369, 58.2321 ], [ -6.8186, 58.2286 ], [ -6.8204, 58.2381 ], [ -6.7982, 58.2195 ], [ -6.7914, 58.2191 ], [ -6.79, 58.2223 ], [ -6.7856, 58.2214 ], [ -6.7819, 58.2029 ], [ -6.8123, 58.2078 ], [ -6.8672, 58.2075 ], [ -6.8533, 58.2242 ], [ -6.8369, 58.2321 ] ] ], [ [ [ -6.8729, 58.2333 ], [ -6.8736, 58.2334 ], [ -6.8738, 58.2339 ], [ -6.8729, 58.2333 ] ] ], [ [ [ -6.8783, 58.236 ], [ -6.8766, 58.2341 ], [ -6.8781, 58.2351 ], [ -6.8783, 58.236 ] ] ], [ [ [ -6.8257, 58.2353 ], [ -6.826, 58.2366 ], [ -6.8248, 58.2367 ], [ -6.8257, 58.2353 ] ] ], [ [ [ -6.875, 58.236 ], [ -6.8741, 58.2354 ], [ -6.8745, 58.2353 ], [ -6.875, 58.236 ] ] ], [ [ [ -6.8306, 58.2356 ], [ -6.8308, 58.236 ], [ -6.8302, 58.2361 ], [ -6.8306, 58.2356 ] ] ], [ [ [ -6.8131, 58.2353 ], [ -6.8134, 58.2369 ], [ -6.8128, 58.2368 ], [ -6.8131, 58.2353 ] ] ], [ [ [ -6.8395, 58.2378 ], [ -6.8389, 58.2383 ], [ -6.8386, 58.2379 ], [ -6.8395, 58.2378 ] ] ], [ [ [ -6.8208, 58.2389 ], [ -6.8212, 58.2396 ], [ -6.8202, 58.2398 ], [ -6.8208, 58.2389 ] ] ], [ [ [ -6.8182, 58.2407 ], [ -6.8167, 58.2393 ], [ -6.8169, 58.2391 ], [ -6.8182, 58.2407 ] ] ], [ [ [ -6.797, 58.2437 ], [ -6.7967, 58.2443 ], [ -6.7963, 58.2441 ], [ -6.797, 58.2437 ] ] ], [ [ [ -6.894, 58.2437 ], [ -6.8952, 58.2448 ], [ -6.8931, 58.245 ], [ -6.894, 58.2437 ] ] ], [ [ [ -6.8932, 58.2457 ], [ -6.8927, 58.2454 ], [ -6.8944, 58.2452 ], [ -6.8932, 58.2457 ] ] ], [ [ [ -6.8427, 58.2552 ], [ -6.8418, 58.2529 ], [ -6.8426, 58.2531 ], [ -6.8427, 58.2552 ] ] ], [ [ [ -6.8908, 58.2593 ], [ -6.8915, 58.2594 ], [ -6.8912, 58.2596 ], [ -6.8908, 58.2593 ] ] ], [ [ [ -6.8917, 58.2614 ], [ -6.8914, 58.2607 ], [ -6.8927, 58.2603 ], [ -6.8917, 58.2614 ] ] ], [ [ [ -6.8566, 58.2631 ], [ -6.8568, 58.2642 ], [ -6.8559, 58.2635 ], [ -6.8566, 58.2631 ] ] ], [ [ [ -6.8482, 58.2639 ], [ -6.8488, 58.2643 ], [ -6.8479, 58.2644 ], [ -6.8482, 58.2639 ] ] ], [ [ [ -6.9049, 58.2642 ], [ -6.9043, 58.2647 ], [ -6.9038, 58.2644 ], [ -6.9049, 58.2642 ] ] ], [ [ [ -6.9081, 58.2648 ], [ -6.9075, 58.2654 ], [ -6.907, 58.2651 ], [ -6.9081, 58.2648 ] ] ], [ [ [ -6.8589, 58.2653 ], [ -6.8591, 58.2605 ], [ -6.8877, 58.2687 ], [ -6.8589, 58.2653 ] ] ], [ [ [ -6.906, 58.265 ], [ -6.9069, 58.2654 ], [ -6.9066, 58.2659 ], [ -6.906, 58.265 ] ] ], [ [ [ -6.857, 58.2658 ], [ -6.857, 58.2653 ], [ -6.8578, 58.2655 ], [ -6.857, 58.2658 ] ] ], [ [ [ -6.8591, 58.2665 ], [ -6.8588, 58.2655 ], [ -6.8597, 58.2659 ], [ -6.8591, 58.2665 ] ] ], [ [ [ -6.8886, 58.266 ], [ -6.8883, 58.2664 ], [ -6.8877, 58.2662 ], [ -6.8886, 58.266 ] ] ], [ [ [ -6.8639, 58.2674 ], [ -6.8633, 58.2672 ], [ -6.8633, 58.2667 ], [ -6.8639, 58.2674 ] ] ], [ [ [ -6.9093, 58.2653 ], [ -6.912, 58.2682 ], [ -6.9041, 58.267 ], [ -6.9093, 58.2653 ] ] ], [ [ [ -6.863, 58.2669 ], [ -6.8629, 58.2674 ], [ -6.8624, 58.267 ], [ -6.863, 58.2669 ] ] ], [ [ [ -6.8621, 58.2678 ], [ -6.8627, 58.2684 ], [ -6.8621, 58.2686 ], [ -6.8621, 58.2678 ] ] ], [ [ [ -6.8655, 58.2703 ], [ -6.8655, 58.2707 ], [ -6.8638, 58.2702 ], [ -6.8655, 58.2703 ] ] ], [ [ [ -6.8869, 58.271 ], [ -6.8862, 58.2708 ], [ -6.887, 58.2697 ], [ -6.8869, 58.271 ] ] ], [ [ [ -6.9098, 58.2718 ], [ -6.9081, 58.272 ], [ -6.9086, 58.2707 ], [ -6.9098, 58.2718 ] ] ], [ [ [ -6.8657, 58.2715 ], [ -6.8657, 58.2719 ], [ -6.8653, 58.2718 ], [ -6.8657, 58.2715 ] ] ], [ [ [ -6.8817, 58.2715 ], [ -6.8819, 58.272 ], [ -6.8809, 58.2716 ], [ -6.8817, 58.2715 ] ] ], [ [ [ -6.8716, 58.272 ], [ -6.8742, 58.2726 ], [ -6.8686, 58.2738 ], [ -6.8716, 58.272 ] ] ], [ [ [ -6.8784, 58.2719 ], [ -6.8786, 58.2721 ], [ -6.8778, 58.2723 ], [ -6.8784, 58.2719 ] ] ], [ [ [ -6.8661, 58.2719 ], [ -6.8664, 58.2722 ], [ -6.8658, 58.2725 ], [ -6.8661, 58.2719 ] ] ], [ [ [ -6.8802, 58.2715 ], [ -6.8813, 58.2729 ], [ -6.8807, 58.2734 ], [ -6.8802, 58.2715 ] ] ], [ [ [ -6.8785, 58.2723 ], [ -6.8782, 58.2728 ], [ -6.8779, 58.2724 ], [ -6.8785, 58.2723 ] ] ], [ [ [ -6.8736, 58.2735 ], [ -6.8751, 58.273 ], [ -6.8754, 58.2738 ], [ -6.8736, 58.2735 ] ] ], [ [ [ -6.8759, 58.2742 ], [ -6.8767, 58.2748 ], [ -6.876, 58.2743 ], [ -6.8759, 58.2742 ] ] ], [ [ [ -6.873, 58.2757 ], [ -6.8725, 58.2754 ], [ -6.8737, 58.2742 ], [ -6.8752, 58.2741 ], [ -6.873, 58.2757 ] ] ], [ [ [ -6.8785, 58.2796 ], [ -6.8737, 58.2801 ], [ -6.8763, 58.2773 ], [ -6.8785, 58.2796 ] ] ], [ [ [ -6.8756, 58.2827 ], [ -6.8742, 58.2821 ], [ -6.876, 58.2817 ], [ -6.8756, 58.2827 ] ] ], [ [ [ -6.8312, 58.2868 ], [ -6.8311, 58.285 ], [ -6.8357, 58.2849 ], [ -6.8312, 58.2868 ] ] ], [ [ [ -6.8336, 58.288 ], [ -6.8319, 58.2871 ], [ -6.8335, 58.2871 ], [ -6.8336, 58.288 ] ] ], [ [ [ -6.8343, 58.2885 ], [ -6.8343, 58.289 ], [ -6.8336, 58.2884 ], [ -6.8343, 58.2885 ] ] ], [ [ [ -6.8798, 58.2926 ], [ -6.8781, 58.292 ], [ -6.8782, 58.2903 ], [ -6.8798, 58.2926 ] ] ], [ [ [ -6.8262, 58.2933 ], [ -6.8258, 58.2932 ], [ -6.8258, 58.2928 ], [ -6.8262, 58.2933 ] ] ], [ [ [ -6.8052, 58.2977 ], [ -6.8044, 58.2975 ], [ -6.8054, 58.2969 ], [ -6.8052, 58.2977 ] ] ], [ [ [ -6.7884, 58.3059 ], [ -6.7888, 58.3061 ], [ -6.7883, 58.3063 ], [ -6.7884, 58.3059 ] ] ], [ [ [ -6.7968, 58.3071 ], [ -6.7972, 58.3071 ], [ -6.7969, 58.3073 ], [ -6.7968, 58.3071 ] ] ], [ [ [ -6.7332, 58.32 ], [ -6.7338, 58.32 ], [ -6.7335, 58.3202 ], [ -6.7332, 58.32 ] ] ], [ [ [ -6.7283, 58.3241 ], [ -6.7289, 58.3244 ], [ -6.7286, 58.3246 ], [ -6.7283, 58.3241 ] ] ], [ [ [ -6.7263, 58.3253 ], [ -6.7263, 58.3251 ], [ -6.7274, 58.3249 ], [ -6.7263, 58.3253 ] ] ], [ [ [ -6.7243, 58.3285 ], [ -6.7229, 58.3287 ], [ -6.7229, 58.3285 ], [ -6.7243, 58.3285 ] ] ], [ [ [ -6.7094, 58.3351 ], [ -6.7079, 58.335 ], [ -6.7087, 58.3349 ], [ -6.7094, 58.3351 ] ] ], [ [ [ -6.6903, 58.3364 ], [ -6.6902, 58.3368 ], [ -6.6898, 58.3367 ], [ -6.6903, 58.3364 ] ] ], [ [ [ -6.6839, 58.3388 ], [ -6.6844, 58.3389 ], [ -6.6841, 58.3391 ], [ -6.6839, 58.3388 ] ] ], [ [ [ -6.676, 58.3415 ], [ -6.6764, 58.3416 ], [ -6.6762, 58.3416 ], [ -6.676, 58.3415 ] ] ], [ [ [ -6.6701, 58.3474 ], [ -6.6707, 58.3477 ], [ -6.6706, 58.3478 ], [ -6.6701, 58.3474 ] ] ], [ [ [ -6.6351, 58.3479 ], [ -6.6342, 58.3482 ], [ -6.6339, 58.348 ], [ -6.6351, 58.3479 ] ] ], [ [ [ -6.6684, 58.35 ], [ -6.6688, 58.3501 ], [ -6.6687, 58.3505 ], [ -6.6684, 58.35 ] ] ], [ [ [ -6.6677, 58.3508 ], [ -6.6669, 58.3503 ], [ -6.6676, 58.3502 ], [ -6.6677, 58.3508 ] ] ], [ [ [ -6.6662, 58.3504 ], [ -6.6667, 58.3509 ], [ -6.6657, 58.351 ], [ -6.6662, 58.3504 ] ] ], [ [ [ -6.6575, 58.3509 ], [ -6.6587, 58.3509 ], [ -6.6587, 58.3513 ], [ -6.6575, 58.3509 ] ] ], [ [ [ -6.4002, 49.8709 ], [ -6.3998, 49.8702 ], [ -6.4007, 49.8693 ], [ -6.4002, 49.8709 ] ] ], [ [ [ -6.4023, 49.8718 ], [ -6.403, 49.8721 ], [ -6.4022, 49.8724 ], [ -6.4023, 49.8718 ] ] ], [ [ [ -6.4187, 49.8776 ], [ -6.4183, 49.8778 ], [ -6.4181, 49.8777 ], [ -6.4187, 49.8776 ] ] ], [ [ [ -6.4173, 49.878 ], [ -6.4178, 49.8781 ], [ -6.4174, 49.8783 ], [ -6.4173, 49.878 ] ] ], [ [ [ -6.4174, 49.8784 ], [ -6.4179, 49.8785 ], [ -6.4172, 49.8787 ], [ -6.4174, 49.8784 ] ] ], [ [ [ -6.4114, 49.8786 ], [ -6.4116, 49.8788 ], [ -6.4112, 49.8789 ], [ -6.4114, 49.8786 ] ] ], [ [ [ -6.4127, 49.8793 ], [ -6.4116, 49.8798 ], [ -6.4117, 49.8791 ], [ -6.4127, 49.8793 ] ] ], [ [ [ -6.5118, 55.6711 ], [ -6.5132, 55.6708 ], [ -6.5121, 55.6719 ], [ -6.512, 55.6719 ], [ -6.5116, 55.6711 ], [ -6.5118, 55.6711 ] ] ], [ [ [ -6.511, 55.6711 ], [ -6.512, 55.6719 ], [ -6.5102, 55.6713 ], [ -6.511, 55.6711 ] ] ], [ [ [ -6.5166, 55.6729 ], [ -6.5171, 55.6738 ], [ -6.5155, 55.6732 ], [ -6.5166, 55.6729 ] ] ], [ [ [ -6.5063, 55.6713 ], [ -6.512, 55.672 ], [ -6.5121, 55.6719 ], [ -6.515, 55.6708 ], [ -6.5153, 55.6731 ], [ -6.5171, 55.6745 ], [ -6.5063, 55.6713 ] ] ], [ [ [ -6.5172, 55.6798 ], [ -6.5216, 55.6814 ], [ -6.5177, 55.6833 ], [ -6.5172, 55.6798 ] ] ], [ [ [ -6.522, 55.6834 ], [ -6.5229, 55.6838 ], [ -6.5213, 55.6838 ], [ -6.522, 55.6834 ] ] ], [ [ [ -6.5145, 55.687 ], [ -6.5158, 55.6868 ], [ -6.5158, 55.6873 ], [ -6.5145, 55.687 ] ] ], [ [ [ -6.5332, 55.6939 ], [ -6.5337, 55.6942 ], [ -6.5327, 55.6945 ], [ -6.5332, 55.6939 ] ] ], [ [ [ -6.5322, 55.6957 ], [ -6.5321, 55.6963 ], [ -6.5312, 55.6962 ], [ -6.5322, 55.6957 ] ] ], [ [ [ -6.5334, 55.696 ], [ -6.5324, 55.6962 ], [ -6.5327, 55.6956 ], [ -6.5334, 55.696 ] ] ], [ [ [ -6.412, 56.239 ], [ -6.41, 56.2391 ], [ -6.4112, 56.238 ], [ -6.412, 56.239 ] ] ], [ [ [ -6.4133, 56.2402 ], [ -6.4112, 56.2397 ], [ -6.4132, 56.2393 ], [ -6.4133, 56.2402 ] ] ], [ [ [ -6.4116, 56.241 ], [ -6.4138, 56.2411 ], [ -6.4115, 56.2414 ], [ -6.4116, 56.241 ] ] ], [ [ [ -6.4609, 56.2847 ], [ -6.461, 56.2851 ], [ -6.4605, 56.2853 ], [ -6.4609, 56.2847 ] ] ], [ [ [ -6.4538, 56.2828 ], [ -6.4604, 56.2861 ], [ -6.4512, 56.2851 ], [ -6.4538, 56.2828 ] ] ], [ [ [ -6.4594, 56.2875 ], [ -6.4575, 56.2865 ], [ -6.4592, 56.2871 ], [ -6.4594, 56.2875 ] ] ], [ [ [ -6.4553, 56.2875 ], [ -6.4569, 56.288 ], [ -6.4568, 56.2885 ], [ -6.4553, 56.2875 ] ] ], [ [ [ -6.4322, 56.3008 ], [ -6.4327, 56.3006 ], [ -6.4332, 56.3011 ], [ -6.4322, 56.3008 ] ] ], [ [ [ -6.4318, 56.3017 ], [ -6.4296, 56.3014 ], [ -6.4304, 56.3009 ], [ -6.4318, 56.3017 ] ] ], [ [ [ -6.4352, 56.3015 ], [ -6.4359, 56.3019 ], [ -6.4353, 56.3023 ], [ -6.4352, 56.3015 ] ] ], [ [ [ -6.4323, 56.3025 ], [ -6.4318, 56.3022 ], [ -6.4332, 56.3015 ], [ -6.4323, 56.3025 ] ] ], [ [ [ -6.4288, 56.3061 ], [ -6.4277, 56.3056 ], [ -6.4278, 56.3056 ], [ -6.4288, 56.3061 ] ] ], [ [ [ -6.4367, 56.308 ], [ -6.434, 56.3075 ], [ -6.4363, 56.3061 ], [ -6.4367, 56.308 ] ] ], [ [ [ -6.4452, 56.3104 ], [ -6.4457, 56.3108 ], [ -6.4448, 56.3116 ], [ -6.4452, 56.3104 ] ] ], [ [ [ -6.4465, 56.3151 ], [ -6.4465, 56.3144 ], [ -6.4471, 56.3143 ], [ -6.4465, 56.3151 ] ] ], [ [ [ -6.4454, 56.3157 ], [ -6.4462, 56.3165 ], [ -6.4451, 56.3166 ], [ -6.4454, 56.3157 ] ] ], [ [ [ -6.4398, 56.3164 ], [ -6.44, 56.3167 ], [ -6.4395, 56.3167 ], [ -6.4398, 56.3164 ] ] ], [ [ [ -6.4332, 56.3278 ], [ -6.432, 56.3282 ], [ -6.4324, 56.3277 ], [ -6.4332, 56.3278 ] ] ], [ [ [ -6.4218, 56.3067 ], [ -6.4449, 56.3139 ], [ -6.4251, 56.3214 ], [ -6.4219, 56.3251 ], [ -6.4269, 56.3386 ], [ -6.3853, 56.3396 ], [ -6.4218, 56.3067 ] ] ], [ [ [ -6.43, 56.329 ], [ -6.431, 56.3295 ], [ -6.4297, 56.3294 ], [ -6.43, 56.329 ] ] ], [ [ [ -6.429, 56.3308 ], [ -6.4346, 56.3308 ], [ -6.4344, 56.331 ], [ -6.429, 56.3308 ] ] ], [ [ [ -6.4358, 56.3329 ], [ -6.4359, 56.3339 ], [ -6.4345, 56.3336 ], [ -6.4358, 56.3329 ] ] ], [ [ [ -6.4326, 56.3343 ], [ -6.4315, 56.3335 ], [ -6.4319, 56.3331 ], [ -6.4326, 56.3343 ] ] ], [ [ [ -6.4673, 56.348 ], [ -6.4662, 56.3477 ], [ -6.4664, 56.3466 ], [ -6.4673, 56.348 ] ] ], [ [ [ -6.4632, 56.347 ], [ -6.464, 56.3479 ], [ -6.4627, 56.3475 ], [ -6.4632, 56.347 ] ] ], [ [ [ -6.4621, 56.3475 ], [ -6.464, 56.3488 ], [ -6.4593, 56.3489 ], [ -6.4621, 56.3475 ] ] ], [ [ [ -6.4052, 56.3489 ], [ -6.4033, 56.3507 ], [ -6.402, 56.3499 ], [ -6.4052, 56.3489 ] ] ], [ [ [ -6.4851, 56.4508 ], [ -6.4816, 56.4542 ], [ -6.4808, 56.4524 ], [ -6.4851, 56.4508 ] ] ], [ [ [ -6.4811, 56.4554 ], [ -6.4807, 56.4558 ], [ -6.4807, 56.4555 ], [ -6.4811, 56.4554 ] ] ], [ [ [ -6.4805, 56.4559 ], [ -6.4696, 56.4646 ], [ -6.4728, 56.4599 ], [ -6.4805, 56.4559 ] ] ], [ [ [ -6.434, 56.4805 ], [ -6.433, 56.4803 ], [ -6.4331, 56.4802 ], [ -6.434, 56.4805 ] ] ], [ [ [ -6.4247, 56.4833 ], [ -6.4338, 56.4815 ], [ -6.4212, 56.4969 ], [ -6.4247, 56.4833 ] ] ], [ [ [ -6.407, 56.4983 ], [ -6.4074, 56.4987 ], [ -6.4068, 56.4991 ], [ -6.407, 56.4983 ] ] ], [ [ [ -6.4199, 56.501 ], [ -6.4241, 56.4974 ], [ -6.4258, 56.4972 ], [ -6.4199, 56.501 ] ] ], [ [ [ -6.4106, 56.5024 ], [ -6.4106, 56.5018 ], [ -6.4109, 56.5019 ], [ -6.4106, 56.5024 ] ] ], [ [ [ -6.4093, 56.5031 ], [ -6.409, 56.5021 ], [ -6.4098, 56.502 ], [ -6.4093, 56.5031 ] ] ], [ [ [ -6.4147, 56.5045 ], [ -6.4118, 56.5048 ], [ -6.4131, 56.5039 ], [ -6.4147, 56.5045 ] ] ], [ [ [ -6.4071, 56.5083 ], [ -6.4075, 56.509 ], [ -6.4068, 56.5091 ], [ -6.4071, 56.5083 ] ] ], [ [ [ -6.6306, 56.5652 ], [ -6.6291, 56.5634 ], [ -6.6296, 56.5627 ], [ -6.6306, 56.5652 ] ] ], [ [ [ -6.6325, 56.5688 ], [ -6.6284, 56.5666 ], [ -6.6317, 56.5668 ], [ -6.6325, 56.5688 ] ] ], [ [ [ -6.6156, 56.577 ], [ -6.6158, 56.5783 ], [ -6.6138, 56.5782 ], [ -6.6156, 56.577 ] ] ], [ [ [ -6.6235, 56.5831 ], [ -6.624, 56.5834 ], [ -6.6238, 56.5836 ], [ -6.6235, 56.5831 ] ] ], [ [ [ -6.5789, 56.5851 ], [ -6.5779, 56.5844 ], [ -6.5791, 56.5835 ], [ -6.5789, 56.5851 ] ] ], [ [ [ -6.5734, 56.5861 ], [ -6.5722, 56.586 ], [ -6.573, 56.5856 ], [ -6.5734, 56.5861 ] ] ], [ [ [ -6.563, 56.5894 ], [ -6.5636, 56.5889 ], [ -6.564, 56.5895 ], [ -6.563, 56.5894 ] ] ], [ [ [ -6.5633, 56.5929 ], [ -6.5608, 56.5931 ], [ -6.56, 56.5923 ], [ -6.5633, 56.5929 ] ] ], [ [ [ -6.5542, 56.5937 ], [ -6.5558, 56.5925 ], [ -6.5553, 56.5939 ], [ -6.5542, 56.5937 ] ] ], [ [ [ -6.5316, 56.5989 ], [ -6.5321, 56.5991 ], [ -6.5313, 56.5994 ], [ -6.5316, 56.5989 ] ] ], [ [ [ -6.5393, 56.6027 ], [ -6.5388, 56.6021 ], [ -6.541, 56.6027 ], [ -6.5393, 56.6027 ] ] ], [ [ [ -6.5273, 56.6077 ], [ -6.5259, 56.6067 ], [ -6.5268, 56.6062 ], [ -6.5273, 56.6077 ] ] ], [ [ [ -6.5263, 56.6037 ], [ -6.5255, 56.6067 ], [ -6.5269, 56.6087 ], [ -6.5224, 56.6057 ], [ -6.5263, 56.6037 ] ] ], [ [ [ -6.5116, 56.6155 ], [ -6.5113, 56.6156 ], [ -6.5107, 56.6153 ], [ -6.5116, 56.6155 ] ] ], [ [ [ -6.5144, 56.6188 ], [ -6.5127, 56.6164 ], [ -6.5175, 56.6184 ], [ -6.5144, 56.6188 ] ] ], [ [ [ -6.4993, 56.6211 ], [ -6.5341, 56.6394 ], [ -6.5233, 56.6132 ], [ -6.5655, 56.5947 ], [ -6.5667, 56.5865 ], [ -6.625, 56.5925 ], [ -6.638, 56.5731 ], [ -6.671, 56.5833 ], [ -6.691, 56.5628 ], [ -6.7101, 56.5751 ], [ -6.6554, 56.5935 ], [ -6.6122, 56.6378 ], [ -6.5474, 56.66 ], [ -6.5318, 56.6761 ], [ -6.5169, 56.6753 ], [ -6.516, 56.6813 ], [ -6.5129, 56.6789 ], [ -6.5102, 56.6802 ], [ -6.5086, 56.6781 ], [ -6.5066, 56.6787 ], [ -6.4994, 56.6827 ], [ -6.5039, 56.6857 ], [ -6.4927, 56.6819 ], [ -6.4947, 56.6905 ], [ -6.4866, 56.6869 ], [ -6.4993, 56.6211 ] ] ], [ [ [ -6.477, 56.6449 ], [ -6.4775, 56.6449 ], [ -6.4775, 56.645 ], [ -6.477, 56.6449 ] ] ], [ [ [ -6.563, 56.6585 ], [ -6.5654, 56.659 ], [ -6.5644, 56.6595 ], [ -6.563, 56.6585 ] ] ], [ [ [ -6.5481, 56.6617 ], [ -6.5491, 56.6617 ], [ -6.5485, 56.6621 ], [ -6.5481, 56.6617 ] ] ], [ [ [ -6.5506, 56.6644 ], [ -6.5511, 56.6646 ], [ -6.5508, 56.6648 ], [ -6.5506, 56.6644 ] ] ], [ [ [ -6.5469, 56.6666 ], [ -6.5477, 56.6673 ], [ -6.5471, 56.6672 ], [ -6.5469, 56.6666 ] ] ], [ [ [ -6.5417, 56.6687 ], [ -6.541, 56.6689 ], [ -6.5415, 56.6681 ], [ -6.5417, 56.6687 ] ] ], [ [ [ -6.5409, 56.6716 ], [ -6.5403, 56.6717 ], [ -6.5399, 56.671 ], [ -6.5409, 56.6716 ] ] ], [ [ [ -6.5436, 56.6713 ], [ -6.5439, 56.6716 ], [ -6.5437, 56.6719 ], [ -6.5436, 56.6713 ] ] ], [ [ [ -6.5367, 56.674 ], [ -6.5374, 56.6744 ], [ -6.537, 56.6746 ], [ -6.5367, 56.674 ] ] ], [ [ [ -6.5239, 56.6773 ], [ -6.5263, 56.6772 ], [ -6.5256, 56.6784 ], [ -6.5239, 56.6773 ] ] ], [ [ [ -6.5193, 56.6787 ], [ -6.5189, 56.6787 ], [ -6.5185, 56.6775 ], [ -6.5193, 56.6787 ] ] ], [ [ [ -6.5181, 56.6804 ], [ -6.5188, 56.6811 ], [ -6.5181, 56.681 ], [ -6.5181, 56.6804 ] ] ], [ [ [ -6.5098, 56.6808 ], [ -6.5108, 56.6813 ], [ -6.5097, 56.6812 ], [ -6.5098, 56.6808 ] ] ], [ [ [ -6.502, 56.6832 ], [ -6.504, 56.6841 ], [ -6.5033, 56.6843 ], [ -6.502, 56.6832 ] ] ], [ [ [ -6.5042, 56.6846 ], [ -6.504, 56.6852 ], [ -6.5035, 56.6846 ], [ -6.5042, 56.6846 ] ] ], [ [ [ -6.5061, 56.6854 ], [ -6.5055, 56.6861 ], [ -6.5046, 56.6851 ], [ -6.5061, 56.6854 ] ] ], [ [ [ -6.5073, 56.6859 ], [ -6.5077, 56.6863 ], [ -6.5064, 56.6861 ], [ -6.5073, 56.6859 ] ] ], [ [ [ -6.4984, 56.6856 ], [ -6.5008, 56.6865 ], [ -6.5, 56.6866 ], [ -6.4984, 56.6856 ] ] ], [ [ [ -6.4962, 56.6873 ], [ -6.4955, 56.6865 ], [ -6.497, 56.6865 ], [ -6.4962, 56.6873 ] ] ], [ [ [ -6.4747, 56.6892 ], [ -6.4752, 56.6889 ], [ -6.4759, 56.6897 ], [ -6.4747, 56.6892 ] ] ], [ [ [ -6.4472, 56.6897 ], [ -6.4481, 56.6897 ], [ -6.4479, 56.6903 ], [ -6.4472, 56.6897 ] ] ], [ [ [ -6.4592, 56.6953 ], [ -6.4574, 56.6951 ], [ -6.458, 56.694 ], [ -6.4592, 56.6953 ] ] ], [ [ [ -6.4628, 56.6947 ], [ -6.4634, 56.6953 ], [ -6.4629, 56.6952 ], [ -6.4628, 56.6947 ] ] ], [ [ [ -6.4537, 56.6958 ], [ -6.453, 56.6961 ], [ -6.4529, 56.6957 ], [ -6.4537, 56.6958 ] ] ], [ [ [ -6.451, 56.6958 ], [ -6.4523, 56.6954 ], [ -6.4527, 56.6964 ], [ -6.451, 56.6958 ] ] ], [ [ [ -6.4635, 56.6962 ], [ -6.4634, 56.6959 ], [ -6.4639, 56.6959 ], [ -6.4635, 56.6962 ] ] ], [ [ [ -6.4556, 56.6958 ], [ -6.4565, 56.6969 ], [ -6.4553, 56.6972 ], [ -6.4556, 56.6958 ] ] ], [ [ [ -6.4463, 56.699 ], [ -6.4421, 56.698 ], [ -6.4436, 56.6946 ], [ -6.4463, 56.699 ] ] ], [ [ [ -6.4534, 56.6967 ], [ -6.4542, 56.6972 ], [ -6.4535, 56.6972 ], [ -6.4534, 56.6967 ] ] ], [ [ [ -6.4498, 56.6975 ], [ -6.4501, 56.6981 ], [ -6.4492, 56.698 ], [ -6.4498, 56.6975 ] ] ], [ [ [ -6.4565, 56.7 ], [ -6.457, 56.7005 ], [ -6.4554, 56.7007 ], [ -6.4565, 56.7 ] ] ], [ [ [ -6.4535, 56.7 ], [ -6.454, 56.7006 ], [ -6.4535, 56.7007 ], [ -6.4535, 56.7 ] ] ], [ [ [ -6.4497, 56.7014 ], [ -6.4496, 56.7006 ], [ -6.451, 56.7005 ], [ -6.4497, 56.7014 ] ] ], [ [ [ -6.4509, 56.7037 ], [ -6.4489, 56.7017 ], [ -6.4524, 56.7024 ], [ -6.4509, 56.7037 ] ] ], [ [ [ -6.4436, 56.7046 ], [ -6.4428, 56.7037 ], [ -6.443, 56.7033 ], [ -6.4436, 56.7046 ] ] ], [ [ [ -6.4446, 56.7039 ], [ -6.4457, 56.7045 ], [ -6.4447, 56.7045 ], [ -6.4446, 56.7039 ] ] ], [ [ [ -6.5922, 57.0393 ], [ -6.5922, 57.039 ], [ -6.5937, 57.0382 ], [ -6.5922, 57.0393 ] ] ], [ [ [ -6.4869, 57.0473 ], [ -6.488, 57.0478 ], [ -6.4878, 57.048 ], [ -6.4869, 57.0473 ] ] ], [ [ [ -6.4654, 57.0443 ], [ -6.4897, 57.0491 ], [ -6.5112, 57.0441 ], [ -6.5152, 57.0497 ], [ -6.4741, 57.0504 ], [ -6.4654, 57.0443 ] ] ], [ [ [ -6.5363, 57.0502 ], [ -6.5377, 57.0504 ], [ -6.5376, 57.0508 ], [ -6.5363, 57.0502 ] ] ], [ [ [ -6.5163, 57.0518 ], [ -6.5153, 57.052 ], [ -6.5166, 57.0509 ], [ -6.5163, 57.0518 ] ] ], [ [ [ -6.5377, 57.0523 ], [ -6.5369, 57.0525 ], [ -6.5368, 57.052 ], [ -6.5377, 57.0523 ] ] ], [ [ [ -6.5044, 57.0546 ], [ -6.5049, 57.0554 ], [ -6.5025, 57.0553 ], [ -6.5044, 57.0546 ] ] ], [ [ [ -6.5067, 57.0554 ], [ -6.5084, 57.0554 ], [ -6.5075, 57.0556 ], [ -6.5067, 57.0554 ] ] ], [ [ [ -6.5733, 57.0443 ], [ -6.6118, 57.0509 ], [ -6.5567, 57.0697 ], [ -6.4861, 57.0667 ], [ -6.5733, 57.0443 ] ] ], [ [ [ -6.4633, 57.3356 ], [ -6.4703, 57.3314 ], [ -6.464, 57.3392 ], [ -6.4633, 57.3356 ] ] ], [ [ [ -6.4975, 57.3295 ], [ -6.5149, 57.3337 ], [ -6.4937, 57.3453 ], [ -6.4975, 57.3295 ] ] ], [ [ [ -6.4958, 57.3649 ], [ -6.4881, 57.3589 ], [ -6.4939, 57.3557 ], [ -6.4958, 57.3649 ] ] ], [ [ [ -6.53, 57.358 ], [ -6.5317, 57.363 ], [ -6.5227, 57.3662 ], [ -6.53, 57.358 ] ] ], [ [ [ -6.6248, 57.4414 ], [ -6.6284, 57.4475 ], [ -6.6201, 57.4445 ], [ -6.6248, 57.4414 ] ] ], [ [ [ -6.6353, 57.4496 ], [ -6.6278, 57.4445 ], [ -6.63, 57.4438 ], [ -6.6353, 57.4496 ] ] ], [ [ [ -6.6062, 57.451 ], [ -6.6108, 57.4523 ], [ -6.5995, 57.4504 ], [ -6.6062, 57.451 ] ] ], [ [ [ -6.6242, 57.4514 ], [ -6.6272, 57.4526 ], [ -6.6258, 57.4525 ], [ -6.6242, 57.4514 ] ] ], [ [ [ -6.6072, 57.4562 ], [ -6.6093, 57.4571 ], [ -6.6087, 57.4576 ], [ -6.6072, 57.4562 ] ] ], [ [ [ -6.6178, 57.4574 ], [ -6.6205, 57.457 ], [ -6.6172, 57.458 ], [ -6.6178, 57.4574 ] ] ], [ [ [ -6.4158, 57.5247 ], [ -6.4172, 57.5272 ], [ -6.4146, 57.5284 ], [ -6.4158, 57.5247 ] ] ], [ [ [ -6.406, 57.5327 ], [ -6.4038, 57.5319 ], [ -6.406, 57.5306 ], [ -6.406, 57.5327 ] ] ], [ [ [ -6.5152, 57.5772 ], [ -6.521, 57.5774 ], [ -6.5148, 57.5837 ], [ -6.5152, 57.5772 ] ] ], [ [ [ -6.5183, 57.5819 ], [ -6.5177, 57.5818 ], [ -6.5179, 57.5813 ], [ -6.5183, 57.5819 ] ] ], [ [ [ -6.5144, 57.5838 ], [ -6.5146, 57.5851 ], [ -6.5136, 57.584 ], [ -6.5144, 57.5838 ] ] ], [ [ [ -6.5163, 57.5869 ], [ -6.5166, 57.5881 ], [ -6.5156, 57.5882 ], [ -6.5163, 57.5869 ] ] ], [ [ [ -6.5148, 57.5906 ], [ -6.5139, 57.5902 ], [ -6.5143, 57.5897 ], [ -6.5148, 57.5906 ] ] ], [ [ [ -6.5213, 57.591 ], [ -6.5276, 57.5936 ], [ -6.5173, 57.5897 ], [ -6.5213, 57.591 ] ] ], [ [ [ -6.5123, 57.5914 ], [ -6.5144, 57.5907 ], [ -6.5149, 57.5911 ], [ -6.5123, 57.5914 ] ] ], [ [ [ -6.5341, 57.5979 ], [ -6.5279, 57.5954 ], [ -6.5279, 57.5944 ], [ -6.5341, 57.5979 ] ] ], [ [ [ -6.544, 57.5971 ], [ -6.543, 57.5998 ], [ -6.5396, 57.5997 ], [ -6.544, 57.5971 ] ] ], [ [ [ -6.434, 57.6841 ], [ -6.4343, 57.6848 ], [ -6.4331, 57.6855 ], [ -6.434, 57.6841 ] ] ], [ [ [ -6.4236, 57.7288 ], [ -6.4207, 57.727 ], [ -6.4227, 57.727 ], [ -6.4236, 57.7288 ] ] ], [ [ [ -6.4278, 57.7384 ], [ -6.4434, 57.7456 ], [ -6.4409, 57.7469 ], [ -6.4278, 57.7384 ] ] ], [ [ [ -6.4058, 57.8986 ], [ -6.4036, 57.898 ], [ -6.4058, 57.8976 ], [ -6.4058, 57.8986 ] ] ], [ [ [ -6.4081, 57.8981 ], [ -6.4095, 57.8978 ], [ -6.4096, 57.8982 ], [ -6.4081, 57.8981 ] ] ], [ [ [ -6.6229, 57.9081 ], [ -6.6229, 57.9098 ], [ -6.6193, 57.9077 ], [ -6.6229, 57.9081 ] ] ], [ [ [ -6.6275, 57.9135 ], [ -6.6269, 57.912 ], [ -6.6299, 57.9126 ], [ -6.6275, 57.9135 ] ] ], [ [ [ -6.5633, 57.9127 ], [ -6.564, 57.913 ], [ -6.5637, 57.9135 ], [ -6.5633, 57.9127 ] ] ], [ [ [ -6.5837, 57.9134 ], [ -6.584, 57.9139 ], [ -6.5834, 57.9141 ], [ -6.5837, 57.9134 ] ] ], [ [ [ -6.5548, 57.9146 ], [ -6.5542, 57.9143 ], [ -6.5548, 57.9137 ], [ -6.5548, 57.9146 ] ] ], [ [ [ -6.6121, 57.9145 ], [ -6.6112, 57.9154 ], [ -6.611, 57.9146 ], [ -6.6121, 57.9145 ] ] ], [ [ [ -6.5553, 57.9152 ], [ -6.5548, 57.9151 ], [ -6.5552, 57.9148 ], [ -6.5553, 57.9152 ] ] ], [ [ [ -6.6064, 57.9154 ], [ -6.6069, 57.9154 ], [ -6.6064, 57.9156 ], [ -6.6064, 57.9154 ] ] ], [ [ [ -6.6294, 57.9173 ], [ -6.6284, 57.9159 ], [ -6.63, 57.916 ], [ -6.6294, 57.9173 ] ] ], [ [ [ -6.5985, 57.9263 ], [ -6.5956, 57.9245 ], [ -6.5998, 57.925 ], [ -6.5985, 57.9263 ] ] ], [ [ [ -6.4281, 57.9969 ], [ -6.4288, 57.9969 ], [ -6.4295, 57.9974 ], [ -6.4281, 57.9969 ] ] ], [ [ [ -6.4123, 57.9979 ], [ -6.45, 58.0011 ], [ -6.4426, 58.0051 ], [ -6.4123, 57.9979 ] ] ], [ [ [ -6.4369, 58.0075 ], [ -6.4346, 58.0065 ], [ -6.4363, 58.0065 ], [ -6.4369, 58.0075 ] ] ], [ [ [ -6.4396, 58.0073 ], [ -6.4405, 58.0074 ], [ -6.4402, 58.0081 ], [ -6.4396, 58.0073 ] ] ], [ [ [ -6.4377, 58.0086 ], [ -6.437, 58.0082 ], [ -6.4374, 58.0081 ], [ -6.4377, 58.0086 ] ] ], [ [ [ -6.4372, 58.0095 ], [ -6.4369, 58.0088 ], [ -6.4369, 58.0086 ], [ -6.4372, 58.0095 ] ] ], [ [ [ -6.4638, 58.0165 ], [ -6.4574, 58.0118 ], [ -6.4606, 58.0127 ], [ -6.4638, 58.0165 ] ] ], [ [ [ -6.4613, 58.0175 ], [ -6.4604, 58.0161 ], [ -6.4607, 58.0159 ], [ -6.4613, 58.0175 ] ] ], [ [ [ -6.6263, 58.0805 ], [ -6.627, 58.0807 ], [ -6.6266, 58.0813 ], [ -6.6263, 58.0805 ] ] ], [ [ [ -6.6237, 58.0833 ], [ -6.6205, 58.0837 ], [ -6.6242, 58.0818 ], [ -6.6237, 58.0833 ] ] ], [ [ [ -6.6074, 58.0829 ], [ -6.6078, 58.0832 ], [ -6.6074, 58.0836 ], [ -6.6074, 58.0829 ] ] ], [ [ [ -6.6248, 58.0849 ], [ -6.6242, 58.0848 ], [ -6.6272, 58.0841 ], [ -6.6248, 58.0849 ] ] ], [ [ [ -6.5333, 58.0873 ], [ -6.5338, 58.0879 ], [ -6.5332, 58.088 ], [ -6.5333, 58.0873 ] ] ], [ [ [ -6.5926, 58.0879 ], [ -6.5934, 58.0877 ], [ -6.5937, 58.088 ], [ -6.5926, 58.0879 ] ] ], [ [ [ -6.4315, 58.0948 ], [ -6.43, 58.0945 ], [ -6.4313, 58.0943 ], [ -6.4315, 58.0948 ] ] ], [ [ [ -6.4362, 58.0951 ], [ -6.4365, 58.0954 ], [ -6.4355, 58.0955 ], [ -6.4362, 58.0951 ] ] ], [ [ [ -6.4442, 58.0955 ], [ -6.4447, 58.0955 ], [ -6.4444, 58.0959 ], [ -6.4442, 58.0955 ] ] ], [ [ [ -6.5195, 58.0975 ], [ -6.5176, 58.0959 ], [ -6.5268, 58.0971 ], [ -6.5195, 58.0975 ] ] ], [ [ [ -6.4362, 58.0973 ], [ -6.4385, 58.0975 ], [ -6.4374, 58.0981 ], [ -6.4362, 58.0973 ] ] ], [ [ [ -6.5198, 58.0982 ], [ -6.5214, 58.0984 ], [ -6.5216, 58.099 ], [ -6.5198, 58.0982 ] ] ], [ [ [ -6.4362, 58.0988 ], [ -6.4358, 58.0983 ], [ -6.4376, 58.0989 ], [ -6.4362, 58.0988 ] ] ], [ [ [ -6.4707, 58.1005 ], [ -6.467, 58.1003 ], [ -6.4712, 58.0995 ], [ -6.4707, 58.1005 ] ] ], [ [ [ -6.4831, 58.1012 ], [ -6.4813, 58.101 ], [ -6.4843, 58.1003 ], [ -6.4831, 58.1012 ] ] ], [ [ [ -6.4725, 58.1012 ], [ -6.4782, 58.1004 ], [ -6.477, 58.1016 ], [ -6.4725, 58.1012 ] ] ], [ [ [ -6.4438, 58.0985 ], [ -6.4523, 58.1018 ], [ -6.4281, 58.1082 ], [ -6.4438, 58.0985 ] ] ], [ [ [ -6.4498, 58.1089 ], [ -6.4497, 58.1084 ], [ -6.4502, 58.1083 ], [ -6.4498, 58.1089 ] ] ], [ [ [ -6.4263, 58.1095 ], [ -6.4267, 58.1085 ], [ -6.4298, 58.1092 ], [ -6.4263, 58.1095 ] ] ], [ [ [ -6.4479, 58.1094 ], [ -6.4489, 58.1099 ], [ -6.4486, 58.1101 ], [ -6.4479, 58.1094 ] ] ], [ [ [ -6.4269, 58.1118 ], [ -6.4273, 58.111 ], [ -6.4279, 58.1115 ], [ -6.4269, 58.1118 ] ] ], [ [ [ -6.4217, 58.1125 ], [ -6.4218, 58.1118 ], [ -6.4225, 58.1122 ], [ -6.4217, 58.1125 ] ] ], [ [ [ -6.4247, 58.1121 ], [ -6.4247, 58.1126 ], [ -6.4238, 58.1126 ], [ -6.4247, 58.1121 ] ] ], [ [ [ -6.4443, 58.1131 ], [ -6.4449, 58.1136 ], [ -6.4441, 58.114 ], [ -6.4443, 58.1131 ] ] ], [ [ [ -6.4147, 58.1211 ], [ -6.418, 58.1244 ], [ -6.4086, 58.1245 ], [ -6.4147, 58.1211 ] ] ], [ [ [ -6.4018, 58.1251 ], [ -6.4033, 58.1243 ], [ -6.4052, 58.1246 ], [ -6.4018, 58.1251 ] ] ], [ [ [ -6.4122, 58.1254 ], [ -6.4111, 58.1258 ], [ -6.4107, 58.1255 ], [ -6.4122, 58.1254 ] ] ], [ [ [ -6.4014, 58.1265 ], [ -6.4054, 58.1264 ], [ -6.4042, 58.1273 ], [ -6.4014, 58.1265 ] ] ], [ [ [ -6.4155, 58.1277 ], [ -6.4159, 58.1284 ], [ -6.4128, 58.1289 ], [ -6.4155, 58.1277 ] ] ], [ [ [ -6.4107, 58.1285 ], [ -6.412, 58.1288 ], [ -6.4116, 58.129 ], [ -6.4107, 58.1285 ] ] ], [ [ [ -6.4046, 58.1293 ], [ -6.4046, 58.1295 ], [ -6.4039, 58.1299 ], [ -6.4046, 58.1293 ] ] ], [ [ [ -6.4019, 58.1299 ], [ -6.4015, 58.1294 ], [ -6.4024, 58.1297 ], [ -6.4019, 58.1299 ] ] ], [ [ [ -6.4724, 58.1383 ], [ -6.4753, 58.1389 ], [ -6.4717, 58.1388 ], [ -6.4724, 58.1383 ] ] ], [ [ [ -6.4207, 58.1381 ], [ -6.4213, 58.139 ], [ -6.4164, 58.1395 ], [ -6.4207, 58.1381 ] ] ], [ [ [ -6.4797, 58.1396 ], [ -6.4792, 58.1392 ], [ -6.4811, 58.1387 ], [ -6.4797, 58.1396 ] ] ], [ [ [ -6.6119, 58.3519 ], [ -6.6127, 58.3521 ], [ -6.6122, 58.3525 ], [ -6.6119, 58.3519 ] ] ], [ [ [ -6.6003, 58.3551 ], [ -6.6003, 58.3554 ], [ -6.5996, 58.3552 ], [ -6.6003, 58.3551 ] ] ], [ [ [ -6.5971, 58.3578 ], [ -6.5968, 58.3576 ], [ -6.5975, 58.3575 ], [ -6.5971, 58.3578 ] ] ], [ [ [ -6.5958, 58.3577 ], [ -6.5962, 58.3581 ], [ -6.5958, 58.3583 ], [ -6.5958, 58.3577 ] ] ], [ [ [ -6.5889, 58.3594 ], [ -6.5887, 58.3596 ], [ -6.588, 58.3593 ], [ -6.5889, 58.3594 ] ] ], [ [ [ -6.5891, 58.3605 ], [ -6.5909, 58.3604 ], [ -6.591, 58.3606 ], [ -6.5891, 58.3605 ] ] ], [ [ [ -6.5845, 58.3616 ], [ -6.5849, 58.3622 ], [ -6.5843, 58.3621 ], [ -6.5845, 58.3616 ] ] ], [ [ [ -6.4321, 58.4364 ], [ -6.4322, 58.4368 ], [ -6.4309, 58.4371 ], [ -6.4321, 58.4364 ] ] ], [ [ [ -6.4032, 58.4474 ], [ -6.4023, 58.448 ], [ -6.4023, 58.4476 ], [ -6.4032, 58.4474 ] ] ], [ [ [ -6.3991, 49.8653 ], [ -6.399, 49.8649 ], [ -6.4005, 49.8648 ], [ -6.3991, 49.8653 ] ] ], [ [ [ -6.3984, 49.8664 ], [ -6.3981, 49.8663 ], [ -6.3983, 49.866 ], [ -6.3984, 49.8664 ] ] ], [ [ [ -6.3979, 49.8664 ], [ -6.398, 49.8664 ], [ -6.3979, 49.8666 ], [ -6.3979, 49.8664 ] ] ], [ [ [ -6.386, 49.8669 ], [ -6.3856, 49.8665 ], [ -6.3862, 49.8666 ], [ -6.386, 49.8669 ] ] ], [ [ [ -6.3978, 49.8674 ], [ -6.3992, 49.867 ], [ -6.3983, 49.8679 ], [ -6.3978, 49.8674 ] ] ], [ [ [ -6.3893, 49.868 ], [ -6.387, 49.8675 ], [ -6.3872, 49.8669 ], [ -6.3893, 49.868 ] ] ], [ [ [ -6.3996, 49.8689 ], [ -6.399, 49.868 ], [ -6.3993, 49.8677 ], [ -6.3996, 49.8689 ] ] ], [ [ [ -6.3696, 49.8742 ], [ -6.3704, 49.8747 ], [ -6.3697, 49.8757 ], [ -6.3696, 49.8742 ] ] ], [ [ [ -6.3697, 49.89 ], [ -6.3702, 49.8901 ], [ -6.3701, 49.8903 ], [ -6.3697, 49.89 ] ] ], [ [ [ -6.3349, 49.8987 ], [ -6.327, 49.8926 ], [ -6.3413, 49.8826 ], [ -6.3349, 49.8987 ] ] ], [ [ [ -6.3683, 49.8915 ], [ -6.3785, 49.8959 ], [ -6.3734, 49.8994 ], [ -6.3683, 49.8915 ] ] ], [ [ [ -6.3549, 49.8951 ], [ -6.354, 49.8963 ], [ -6.3533, 49.8952 ], [ -6.3549, 49.8951 ] ] ], [ [ [ -6.3558, 49.8976 ], [ -6.3552, 49.8973 ], [ -6.3561, 49.8972 ], [ -6.3558, 49.8976 ] ] ], [ [ [ -6.3569, 49.8978 ], [ -6.3561, 49.8978 ], [ -6.3564, 49.8975 ], [ -6.3569, 49.8978 ] ] ], [ [ [ -6.3743, 49.8992 ], [ -6.3748, 49.8993 ], [ -6.3743, 49.8995 ], [ -6.3743, 49.8992 ] ] ], [ [ [ -6.375, 49.8994 ], [ -6.3756, 49.9 ], [ -6.3748, 49.8997 ], [ -6.375, 49.8994 ] ] ], [ [ [ -6.2802, 49.9131 ], [ -6.28, 49.9129 ], [ -6.2808, 49.9131 ], [ -6.2802, 49.9131 ] ] ], [ [ [ -6.2833, 49.9117 ], [ -6.3272, 49.9116 ], [ -6.3081, 49.9342 ], [ -6.2833, 49.9117 ] ] ], [ [ [ -6.3618, 49.9327 ], [ -6.3609, 49.9322 ], [ -6.3618, 49.9312 ], [ -6.3618, 49.9327 ] ] ], [ [ [ -6.3502, 49.9373 ], [ -6.3494, 49.9283 ], [ -6.3576, 49.9303 ], [ -6.3502, 49.9373 ] ] ], [ [ [ -6.3853, 49.9342 ], [ -6.3866, 49.9322 ], [ -6.386, 49.934 ], [ -6.3853, 49.9342 ] ] ], [ [ [ -6.3487, 49.9392 ], [ -6.3481, 49.9397 ], [ -6.3474, 49.9389 ], [ -6.3487, 49.9392 ] ] ], [ [ [ -6.3798, 49.9434 ], [ -6.3793, 49.9421 ], [ -6.381, 49.9421 ], [ -6.3798, 49.9434 ] ] ], [ [ [ -6.3857, 49.943 ], [ -6.3862, 49.9432 ], [ -6.3859, 49.9436 ], [ -6.3857, 49.943 ] ] ], [ [ [ -6.3736, 49.9431 ], [ -6.3741, 49.9435 ], [ -6.3735, 49.9437 ], [ -6.3736, 49.9431 ] ] ], [ [ [ -6.2744, 49.9433 ], [ -6.2762, 49.9443 ], [ -6.2735, 49.944 ], [ -6.2744, 49.9433 ] ] ], [ [ [ -6.3866, 49.9437 ], [ -6.3861, 49.9441 ], [ -6.3859, 49.9438 ], [ -6.3866, 49.9437 ] ] ], [ [ [ -6.2769, 49.9467 ], [ -6.2758, 49.9461 ], [ -6.2763, 49.9454 ], [ -6.2769, 49.9467 ] ] ], [ [ [ -6.3923, 49.9466 ], [ -6.3934, 49.9465 ], [ -6.393, 49.9473 ], [ -6.3923, 49.9466 ] ] ], [ [ [ -6.3918, 49.9469 ], [ -6.3921, 49.9475 ], [ -6.3914, 49.9474 ], [ -6.3918, 49.9469 ] ] ], [ [ [ -6.3631, 49.9496 ], [ -6.3627, 49.9495 ], [ -6.3634, 49.9492 ], [ -6.3631, 49.9496 ] ] ], [ [ [ -6.2974, 49.9502 ], [ -6.2979, 49.9509 ], [ -6.2963, 49.9502 ], [ -6.2974, 49.9502 ] ] ], [ [ [ -6.3228, 49.9566 ], [ -6.3197, 49.9448 ], [ -6.333, 49.9393 ], [ -6.3228, 49.9566 ] ] ], [ [ [ -6.3683, 49.9544 ], [ -6.3689, 49.9518 ], [ -6.3715, 49.9537 ], [ -6.3683, 49.9544 ] ] ], [ [ [ -6.3497, 49.9466 ], [ -6.3588, 49.9432 ], [ -6.3565, 49.9496 ], [ -6.3651, 49.9517 ], [ -6.3552, 49.9629 ], [ -6.3497, 49.9466 ] ] ], [ [ [ -6.3004, 49.9559 ], [ -6.3006, 49.9561 ], [ -6.3002, 49.9562 ], [ -6.3004, 49.9559 ] ] ], [ [ [ -6.3139, 49.9623 ], [ -6.3144, 49.9624 ], [ -6.3139, 49.9633 ], [ -6.3139, 49.9623 ] ] ], [ [ [ -6.3254, 49.963 ], [ -6.3258, 49.9632 ], [ -6.3254, 49.9634 ], [ -6.3254, 49.963 ] ] ], [ [ [ -6.3234, 49.9639 ], [ -6.3249, 49.9641 ], [ -6.3239, 49.9644 ], [ -6.3234, 49.9639 ] ] ], [ [ [ -6.3629, 49.9649 ], [ -6.3635, 49.9647 ], [ -6.3631, 49.9649 ], [ -6.3629, 49.9649 ] ] ], [ [ [ -6.2614, 49.9645 ], [ -6.2844, 49.9562 ], [ -6.3049, 49.9667 ], [ -6.2614, 49.9645 ] ] ], [ [ [ -6.3179, 49.9652 ], [ -6.3183, 49.9652 ], [ -6.3182, 49.9656 ], [ -6.3179, 49.9652 ] ] ], [ [ [ -6.3305, 49.9651 ], [ -6.3336, 49.9665 ], [ -6.3304, 49.9676 ], [ -6.3305, 49.9651 ] ] ], [ [ [ -6.3173, 49.9674 ], [ -6.3169, 49.9673 ], [ -6.3181, 49.9663 ], [ -6.3173, 49.9674 ] ] ], [ [ [ -6.3095, 49.9646 ], [ -6.3105, 49.9667 ], [ -6.3179, 49.9679 ], [ -6.3182, 49.969 ], [ -6.3083, 49.9668 ], [ -6.3095, 49.9646 ] ] ], [ [ [ -6.3268, 49.9749 ], [ -6.3202, 49.9733 ], [ -6.3231, 49.9708 ], [ -6.3268, 49.9749 ] ] ], [ [ [ -6.2908, 49.9744 ], [ -6.296, 49.9797 ], [ -6.2927, 49.9806 ], [ -6.2908, 49.9744 ] ] ], [ [ [ -6.3226, 49.98 ], [ -6.3212, 49.9783 ], [ -6.3233, 49.9774 ], [ -6.3226, 49.98 ] ] ], [ [ [ -6.3338, 55.6059 ], [ -6.3328, 55.6061 ], [ -6.3334, 55.6056 ], [ -6.3338, 55.6059 ] ] ], [ [ [ -6.3337, 55.6086 ], [ -6.3334, 55.6085 ], [ -6.3336, 55.6082 ], [ -6.3337, 55.6086 ] ] ], [ [ [ -6.3346, 55.614 ], [ -6.3331, 55.6138 ], [ -6.3362, 55.6135 ], [ -6.3346, 55.614 ] ] ], [ [ [ -6.104, 55.8129 ], [ -6.0198, 55.6848 ], [ -6.0718, 55.6645 ], [ -6.0743, 55.6423 ], [ -6.0863, 55.649 ], [ -6.1494, 55.6256 ], [ -6.2177, 55.6305 ], [ -6.2678, 55.5791 ], [ -6.3382, 55.5897 ], [ -6.2582, 55.658 ], [ -6.34, 55.7296 ], [ -6.2619, 55.7638 ], [ -6.2512, 55.7747 ], [ -6.2611, 55.7847 ], [ -6.3466, 55.7841 ], [ -6.4819, 55.6726 ], [ -6.5257, 55.6929 ], [ -6.4546, 55.8524 ], [ -6.3921, 55.8581 ], [ -6.3276, 55.8915 ], [ -6.3461, 55.8345 ], [ -6.3187, 55.8219 ], [ -6.1206, 55.9341 ], [ -6.104, 55.8129 ] ] ], [ [ [ -6.2875, 55.7586 ], [ -6.288, 55.7586 ], [ -6.2879, 55.7587 ], [ -6.2875, 55.7586 ] ] ], [ [ [ -6.3584, 55.8772 ], [ -6.3586, 55.8776 ], [ -6.358, 55.8778 ], [ -6.3584, 55.8772 ] ] ], [ [ [ -6.3546, 55.8805 ], [ -6.354, 55.8808 ], [ -6.3535, 55.8806 ], [ -6.3546, 55.8805 ] ] ], [ [ [ -6.3532, 55.8894 ], [ -6.3509, 55.8884 ], [ -6.3571, 55.8871 ], [ -6.3532, 55.8894 ] ] ], [ [ [ -6.3448, 55.8982 ], [ -6.3288, 55.9032 ], [ -6.3301, 55.9004 ], [ -6.3448, 55.8982 ] ] ], [ [ [ -6.2757, 55.9977 ], [ -6.2794, 55.9973 ], [ -6.2774, 55.9985 ], [ -6.2757, 55.9977 ] ] ], [ [ [ -6.2753, 55.9977 ], [ -6.277, 55.9987 ], [ -6.2741, 56.0001 ], [ -6.2753, 55.9977 ] ] ], [ [ [ -6.2789, 56.034 ], [ -6.2775, 56.0338 ], [ -6.2786, 56.0334 ], [ -6.2789, 56.034 ] ] ], [ [ [ -6.3826, 56.2244 ], [ -6.3834, 56.2249 ], [ -6.3828, 56.2249 ], [ -6.3826, 56.2244 ] ] ], [ [ [ -6.3939, 56.2285 ], [ -6.3947, 56.2287 ], [ -6.3945, 56.2291 ], [ -6.3939, 56.2285 ] ] ], [ [ [ -6.393, 56.2296 ], [ -6.3929, 56.2306 ], [ -6.3915, 56.2304 ], [ -6.393, 56.2296 ] ] ], [ [ [ -6.3973, 56.239 ], [ -6.398, 56.2404 ], [ -6.3959, 56.24 ], [ -6.3973, 56.239 ] ] ], [ [ [ -6.349, 56.2492 ], [ -6.3496, 56.2498 ], [ -6.3483, 56.2496 ], [ -6.349, 56.2492 ] ] ], [ [ [ -6.3705, 56.2551 ], [ -6.3715, 56.2557 ], [ -6.3709, 56.2558 ], [ -6.3705, 56.2551 ] ] ], [ [ [ -6.3046, 56.2659 ], [ -6.3029, 56.2652 ], [ -6.3036, 56.2642 ], [ -6.3046, 56.2659 ] ] ], [ [ [ -6.3048, 56.2667 ], [ -6.3029, 56.2666 ], [ -6.3036, 56.2664 ], [ -6.3048, 56.2667 ] ] ], [ [ [ -6.3073, 56.2665 ], [ -6.3097, 56.2671 ], [ -6.3094, 56.2674 ], [ -6.3073, 56.2665 ] ] ], [ [ [ -6.2944, 56.2669 ], [ -6.2965, 56.2679 ], [ -6.2946, 56.2709 ], [ -6.2944, 56.2669 ] ] ], [ [ [ -6.2981, 56.2712 ], [ -6.2977, 56.271 ], [ -6.2978, 56.2706 ], [ -6.2981, 56.2712 ] ] ], [ [ [ -6.3513, 56.2706 ], [ -6.3523, 56.2709 ], [ -6.3513, 56.2714 ], [ -6.3513, 56.2706 ] ] ], [ [ [ -6.2732, 56.2708 ], [ -6.2745, 56.2709 ], [ -6.2735, 56.2715 ], [ -6.2732, 56.2708 ] ] ], [ [ [ -6.2721, 56.271 ], [ -6.2721, 56.2715 ], [ -6.2705, 56.2718 ], [ -6.2721, 56.271 ] ] ], [ [ [ -6.3604, 56.2714 ], [ -6.3603, 56.272 ], [ -6.3598, 56.2722 ], [ -6.3604, 56.2714 ] ] ], [ [ [ -6.3293, 56.272 ], [ -6.3283, 56.2719 ], [ -6.3282, 56.2716 ], [ -6.3293, 56.272 ] ] ], [ [ [ -6.3456, 56.2713 ], [ -6.3472, 56.2725 ], [ -6.3445, 56.2725 ], [ -6.3456, 56.2713 ] ] ], [ [ [ -6.3492, 56.2717 ], [ -6.3563, 56.2739 ], [ -6.345, 56.2746 ], [ -6.3492, 56.2717 ] ] ], [ [ [ -6.3746, 56.2755 ], [ -6.3748, 56.2761 ], [ -6.3739, 56.2762 ], [ -6.3746, 56.2755 ] ] ], [ [ [ -6.3305, 56.2769 ], [ -6.3307, 56.2763 ], [ -6.3314, 56.277 ], [ -6.3305, 56.2769 ] ] ], [ [ [ -6.3527, 56.2827 ], [ -6.3521, 56.2814 ], [ -6.3572, 56.2799 ], [ -6.3527, 56.2827 ] ] ], [ [ [ -6.36, 56.2814 ], [ -6.3609, 56.2818 ], [ -6.3597, 56.2827 ], [ -6.36, 56.2814 ] ] ], [ [ [ -6.3706, 56.2849 ], [ -6.3701, 56.2841 ], [ -6.3707, 56.284 ], [ -6.3706, 56.2849 ] ] ], [ [ [ -6.3697, 56.2846 ], [ -6.3698, 56.285 ], [ -6.3675, 56.2848 ], [ -6.3697, 56.2846 ] ] ], [ [ [ -6.3549, 56.2856 ], [ -6.3542, 56.2852 ], [ -6.3553, 56.285 ], [ -6.3549, 56.2856 ] ] ], [ [ [ -6.3595, 56.2864 ], [ -6.3591, 56.2873 ], [ -6.3592, 56.2863 ], [ -6.3595, 56.2864 ] ] ], [ [ [ -6.3944, 56.2885 ], [ -6.3921, 56.289 ], [ -6.3902, 56.2861 ], [ -6.3944, 56.2885 ] ] ], [ [ [ -6.3541, 56.2875 ], [ -6.3547, 56.2883 ], [ -6.3533, 56.2887 ], [ -6.3541, 56.2875 ] ] ], [ [ [ -6.3559, 56.2903 ], [ -6.356, 56.2907 ], [ -6.3554, 56.2907 ], [ -6.3559, 56.2903 ] ] ], [ [ [ -6.3873, 56.293 ], [ -6.3835, 56.2937 ], [ -6.3874, 56.2893 ], [ -6.3873, 56.293 ] ] ], [ [ [ -6.3514, 56.2916 ], [ -6.3525, 56.2916 ], [ -6.352, 56.2923 ], [ -6.3514, 56.2916 ] ] ], [ [ [ -6.3934, 56.2915 ], [ -6.3942, 56.2922 ], [ -6.3933, 56.2925 ], [ -6.3934, 56.2915 ] ] ], [ [ [ -6.3623, 56.2845 ], [ -6.3856, 56.2879 ], [ -6.3755, 56.295 ], [ -6.3747, 56.3009 ], [ -6.3623, 56.2845 ] ] ], [ [ [ -6.3816, 56.2942 ], [ -6.379, 56.2931 ], [ -6.3821, 56.2939 ], [ -6.3816, 56.2942 ] ] ], [ [ [ -6.3896, 56.2936 ], [ -6.3896, 56.2943 ], [ -6.389, 56.2943 ], [ -6.3896, 56.2936 ] ] ], [ [ [ -6.3905, 56.2943 ], [ -6.3911, 56.2943 ], [ -6.3906, 56.2949 ], [ -6.3905, 56.2943 ] ] ], [ [ [ -6.383, 56.2956 ], [ -6.3823, 56.2954 ], [ -6.3829, 56.2948 ], [ -6.383, 56.2956 ] ] ], [ [ [ -6.3923, 56.2947 ], [ -6.3923, 56.2958 ], [ -6.3916, 56.2955 ], [ -6.3923, 56.2947 ] ] ], [ [ [ -6.3822, 56.2972 ], [ -6.3858, 56.2974 ], [ -6.3849, 56.2986 ], [ -6.3822, 56.2972 ] ] ], [ [ [ -6.3834, 56.3003 ], [ -6.3809, 56.2981 ], [ -6.3816, 56.2981 ], [ -6.3834, 56.3003 ] ] ], [ [ [ -6.3861, 56.2997 ], [ -6.387, 56.3001 ], [ -6.384, 56.3007 ], [ -6.3861, 56.2997 ] ] ], [ [ [ -6.3708, 56.3047 ], [ -6.3683, 56.3055 ], [ -6.3686, 56.3047 ], [ -6.3708, 56.3047 ] ] ], [ [ [ -6.371, 56.3067 ], [ -6.3697, 56.3071 ], [ -6.3701, 56.3066 ], [ -6.371, 56.3067 ] ] ], [ [ [ -6.3715, 56.3069 ], [ -6.3721, 56.3071 ], [ -6.3716, 56.3074 ], [ -6.3715, 56.3069 ] ] ], [ [ [ -6.3682, 56.3076 ], [ -6.3689, 56.3077 ], [ -6.3689, 56.3082 ], [ -6.3682, 56.3076 ] ] ], [ [ [ -6.3745, 56.3125 ], [ -6.3739, 56.3134 ], [ -6.3739, 56.3125 ], [ -6.3745, 56.3125 ] ] ], [ [ [ -6.3701, 56.3284 ], [ -6.3705, 56.3287 ], [ -6.3697, 56.329 ], [ -6.3701, 56.3284 ] ] ], [ [ [ -6.3688, 56.3325 ], [ -6.3693, 56.3305 ], [ -6.3697, 56.3311 ], [ -6.3688, 56.3325 ] ] ], [ [ [ -6.3733, 56.3359 ], [ -6.3742, 56.3372 ], [ -6.3735, 56.3373 ], [ -6.3733, 56.3359 ] ] ], [ [ [ -6.2883, 56.3365 ], [ -6.2893, 56.3365 ], [ -6.2893, 56.3368 ], [ -6.2883, 56.3365 ] ] ], [ [ [ -6.3705, 56.3389 ], [ -6.3654, 56.34 ], [ -6.3718, 56.3332 ], [ -6.3705, 56.3389 ] ] ], [ [ [ -6.3658, 56.3428 ], [ -6.3641, 56.3425 ], [ -6.3646, 56.342 ], [ -6.3658, 56.3428 ] ] ], [ [ [ -6.3608, 56.3426 ], [ -6.3606, 56.343 ], [ -6.3602, 56.3428 ], [ -6.3608, 56.3426 ] ] ], [ [ [ -6.2723, 56.3427 ], [ -6.2733, 56.3431 ], [ -6.2728, 56.3434 ], [ -6.2723, 56.3427 ] ] ], [ [ [ -6.3538, 56.3432 ], [ -6.3545, 56.3434 ], [ -6.3541, 56.3437 ], [ -6.3538, 56.3432 ] ] ], [ [ [ -6.3633, 56.3435 ], [ -6.3636, 56.3434 ], [ -6.3649, 56.3442 ], [ -6.3633, 56.3435 ] ] ], [ [ [ -6.3209, 56.344 ], [ -6.3207, 56.3445 ], [ -6.3204, 56.3443 ], [ -6.3209, 56.344 ] ] ], [ [ [ -6.2762, 56.345 ], [ -6.2753, 56.3443 ], [ -6.2755, 56.3439 ], [ -6.2762, 56.345 ] ] ], [ [ [ -6.3557, 56.3443 ], [ -6.3566, 56.3444 ], [ -6.3565, 56.3447 ], [ -6.3557, 56.3443 ] ] ], [ [ [ -6.3485, 56.3444 ], [ -6.3494, 56.3449 ], [ -6.3487, 56.3448 ], [ -6.3485, 56.3444 ] ] ], [ [ [ -6.3593, 56.3454 ], [ -6.3583, 56.3454 ], [ -6.3587, 56.3448 ], [ -6.3593, 56.3454 ] ] ], [ [ [ -6.3535, 56.3476 ], [ -6.3525, 56.3474 ], [ -6.3529, 56.3471 ], [ -6.3535, 56.3476 ] ] ], [ [ [ -6.3368, 56.348 ], [ -6.3378, 56.3483 ], [ -6.3369, 56.3484 ], [ -6.3368, 56.348 ] ] ], [ [ [ -6.3764, 56.3523 ], [ -6.3781, 56.3524 ], [ -6.3779, 56.3532 ], [ -6.3764, 56.3523 ] ] ], [ [ [ -6.3468, 56.4355 ], [ -6.3388, 56.4405 ], [ -6.3367, 56.4373 ], [ -6.3468, 56.4355 ] ] ], [ [ [ -6.3053, 56.4702 ], [ -6.3056, 56.4713 ], [ -6.3047, 56.4713 ], [ -6.3053, 56.4702 ] ] ], [ [ [ -6.3075, 56.4737 ], [ -6.3063, 56.4723 ], [ -6.3098, 56.471 ], [ -6.3075, 56.4737 ] ] ], [ [ [ -6.3023, 56.4782 ], [ -6.3024, 56.4774 ], [ -6.3038, 56.478 ], [ -6.3023, 56.4782 ] ] ], [ [ [ -6.3035, 56.479 ], [ -6.3028, 56.4796 ], [ -6.3027, 56.4788 ], [ -6.3035, 56.479 ] ] ], [ [ [ -6.2539, 56.4943 ], [ -6.2785, 56.474 ], [ -6.3085, 56.4907 ], [ -6.2539, 56.4943 ] ] ], [ [ [ -6.3074, 56.4945 ], [ -6.3109, 56.4965 ], [ -6.304, 56.4969 ], [ -6.3028, 56.4933 ], [ -6.3074, 56.4945 ] ] ], [ [ [ -6.398, 56.5091 ], [ -6.3924, 56.5135 ], [ -6.3884, 56.5088 ], [ -6.398, 56.5091 ] ] ], [ [ [ -6.3817, 56.5195 ], [ -6.3802, 56.5181 ], [ -6.3813, 56.5172 ], [ -6.3817, 56.5195 ] ] ], [ [ [ -6.379, 56.5201 ], [ -6.3761, 56.5197 ], [ -6.3763, 56.5185 ], [ -6.379, 56.5201 ] ] ], [ [ [ -6.3291, 56.5315 ], [ -6.3297, 56.5322 ], [ -6.3294, 56.5325 ], [ -6.3291, 56.5315 ] ] ], [ [ [ -6.2957, 56.5709 ], [ -6.2949, 56.5706 ], [ -6.2952, 56.5703 ], [ -6.2957, 56.5709 ] ] ], [ [ [ -6.2842, 56.8491 ], [ -6.2841, 56.851 ], [ -6.2818, 56.8489 ], [ -6.2842, 56.8491 ] ] ], [ [ [ -6.2773, 56.848 ], [ -6.2798, 56.8519 ], [ -6.2725, 56.8525 ], [ -6.2773, 56.848 ] ] ], [ [ [ -6.2383, 57.0048 ], [ -6.3026, 56.9376 ], [ -6.4601, 57.0075 ], [ -6.2383, 57.0048 ] ] ], [ [ [ -6.3141, 57.1575 ], [ -6.3163, 57.1575 ], [ -6.3158, 57.158 ], [ -6.3141, 57.1575 ] ] ], [ [ [ -6.3995, 57.2189 ], [ -6.3995, 57.2183 ], [ -6.401, 57.2186 ], [ -6.3995, 57.2189 ] ] ], [ [ [ -6.3538, 57.6913 ], [ -6.3484, 57.6878 ], [ -6.3487, 57.6873 ], [ -6.3538, 57.6913 ] ] ], [ [ [ -6.3042, 57.7244 ], [ -6.3056, 57.7268 ], [ -6.2989, 57.7295 ], [ -6.3042, 57.7244 ] ] ], [ [ [ -6.3526, 57.8801 ], [ -6.3815, 57.9033 ], [ -6.3529, 57.9027 ], [ -6.3526, 57.8801 ] ] ], [ [ [ -6.3295, 57.8996 ], [ -6.3427, 57.9019 ], [ -6.3359, 57.9082 ], [ -6.3295, 57.8996 ] ] ], [ [ [ -6.3791, 58.0875 ], [ -6.3785, 58.0875 ], [ -6.3785, 58.0872 ], [ -6.3791, 58.0875 ] ] ], [ [ [ -6.3882, 58.0901 ], [ -6.3878, 58.0899 ], [ -6.3882, 58.0894 ], [ -6.3882, 58.0901 ] ] ], [ [ [ -6.3717, 58.0901 ], [ -6.3745, 58.0903 ], [ -6.3747, 58.093 ], [ -6.3787, 58.0933 ], [ -6.3797, 58.0964 ], [ -6.3836, 58.0975 ], [ -6.373, 58.0972 ], [ -6.3717, 58.0901 ] ] ], [ [ [ -6.382, 58.0953 ], [ -6.3827, 58.0956 ], [ -6.3812, 58.0954 ], [ -6.382, 58.0953 ] ] ], [ [ [ -6.3821, 58.0962 ], [ -6.3832, 58.0968 ], [ -6.3819, 58.0967 ], [ -6.3821, 58.0962 ] ] ], [ [ [ -6.3956, 58.0986 ], [ -6.3935, 58.0982 ], [ -6.3941, 58.0976 ], [ -6.3953, 58.0972 ], [ -6.3956, 58.0986 ] ] ], [ [ [ -6.3851, 58.0986 ], [ -6.3864, 58.0982 ], [ -6.3871, 58.099 ], [ -6.3851, 58.0986 ] ] ], [ [ [ -6.3703, 58.0983 ], [ -6.373, 58.0987 ], [ -6.372, 58.0989 ], [ -6.3703, 58.0983 ] ] ], [ [ [ -6.3654, 58.0985 ], [ -6.3658, 58.0992 ], [ -6.3653, 58.099 ], [ -6.3654, 58.0985 ] ] ], [ [ [ -6.3958, 58.0991 ], [ -6.3955, 58.0989 ], [ -6.396, 58.0988 ], [ -6.3958, 58.0991 ] ] ], [ [ [ -6.3868, 58.0991 ], [ -6.3862, 58.0991 ], [ -6.386, 58.099 ], [ -6.3868, 58.0991 ] ] ], [ [ [ -6.3778, 58.0986 ], [ -6.3831, 58.0992 ], [ -6.3791, 58.0996 ], [ -6.3778, 58.0986 ] ] ], [ [ [ -6.3848, 58.1006 ], [ -6.3826, 58.1002 ], [ -6.384, 58.1 ], [ -6.3848, 58.1006 ] ] ], [ [ [ -6.3885, 58.1019 ], [ -6.3771, 58.102 ], [ -6.3801, 58.1003 ], [ -6.3885, 58.1019 ] ] ], [ [ [ -6.3891, 58.1014 ], [ -6.3894, 58.1018 ], [ -6.3883, 58.1018 ], [ -6.3891, 58.1014 ] ] ], [ [ [ -6.3858, 58.1032 ], [ -6.3959, 58.1036 ], [ -6.395, 58.1085 ], [ -6.3858, 58.1032 ] ] ], [ [ [ -6.3804, 58.1153 ], [ -6.3809, 58.1153 ], [ -6.3808, 58.1156 ], [ -6.3804, 58.1153 ] ] ], [ [ [ -6.3873, 58.1183 ], [ -6.3882, 58.1184 ], [ -6.3873, 58.1185 ], [ -6.3873, 58.1183 ] ] ], [ [ [ -6.381, 58.1204 ], [ -6.3752, 58.1199 ], [ -6.3755, 58.1185 ], [ -6.381, 58.1204 ] ] ], [ [ [ -6.3851, 58.1205 ], [ -6.3831, 58.1205 ], [ -6.3887, 58.1186 ], [ -6.3851, 58.1205 ] ] ], [ [ [ -6.401, 58.1233 ], [ -6.4001, 58.1234 ], [ -6.402, 58.1226 ], [ -6.401, 58.1233 ] ] ], [ [ [ -6.3794, 58.1298 ], [ -6.3791, 58.1296 ], [ -6.3795, 58.1293 ], [ -6.3794, 58.1298 ] ] ], [ [ [ -6.3707, 58.1308 ], [ -6.3714, 58.1311 ], [ -6.3705, 58.1309 ], [ -6.3707, 58.1308 ] ] ], [ [ [ -6.3453, 58.1882 ], [ -6.3424, 58.1877 ], [ -6.3426, 58.1872 ], [ -6.3453, 58.1882 ] ] ], [ [ [ -6.3406, 58.1897 ], [ -6.3383, 58.1885 ], [ -6.3395, 58.1866 ], [ -6.3406, 58.1897 ] ] ], [ [ [ -6.3247, 58.19 ], [ -6.3252, 58.1907 ], [ -6.3214, 58.1905 ], [ -6.3247, 58.19 ] ] ], [ [ [ -6.3843, 58.1929 ], [ -6.3847, 58.1932 ], [ -6.3841, 58.1931 ], [ -6.3843, 58.1929 ] ] ], [ [ [ -6.385, 58.1934 ], [ -6.3845, 58.1935 ], [ -6.384, 58.1932 ], [ -6.385, 58.1934 ] ] ], [ [ [ -6.395, 58.1993 ], [ -6.3942, 58.1994 ], [ -6.3936, 58.1991 ], [ -6.395, 58.1993 ] ] ], [ [ [ -6.3688, 58.2005 ], [ -6.3676, 58.2004 ], [ -6.3684, 58.1994 ], [ -6.3688, 58.2005 ] ] ], [ [ [ -6.3651, 58.2035 ], [ -6.3641, 58.2034 ], [ -6.3643, 58.2029 ], [ -6.3651, 58.2035 ] ] ], [ [ [ -6.3554, 58.2211 ], [ -6.3577, 58.222 ], [ -6.3562, 58.2225 ], [ -6.3554, 58.2211 ] ] ], [ [ [ -6.3766, 58.2228 ], [ -6.377, 58.2224 ], [ -6.3774, 58.2227 ], [ -6.3766, 58.2228 ] ] ], [ [ [ -6.3769, 58.2229 ], [ -6.3772, 58.2231 ], [ -6.3766, 58.2231 ], [ -6.3769, 58.2229 ] ] ], [ [ [ -6.3766, 58.2231 ], [ -6.3775, 58.2233 ], [ -6.377, 58.2235 ], [ -6.3766, 58.2231 ] ] ], [ [ [ -6.3742, 58.2234 ], [ -6.3746, 58.2238 ], [ -6.3733, 58.2236 ], [ -6.3742, 58.2234 ] ] ], [ [ [ -6.3769, 58.2244 ], [ -6.3757, 58.224 ], [ -6.3759, 58.2236 ], [ -6.3769, 58.2244 ] ] ], [ [ [ -6.3695, 58.2244 ], [ -6.3675, 58.2243 ], [ -6.3697, 58.2239 ], [ -6.3695, 58.2244 ] ] ], [ [ [ -6.3745, 58.2243 ], [ -6.3749, 58.2244 ], [ -6.3744, 58.2245 ], [ -6.3745, 58.2243 ] ] ], [ [ [ -6.3778, 58.2243 ], [ -6.3784, 58.2246 ], [ -6.3782, 58.2249 ], [ -6.3778, 58.2243 ] ] ], [ [ [ -6.3761, 58.2245 ], [ -6.3777, 58.2249 ], [ -6.3772, 58.225 ], [ -6.3761, 58.2245 ] ] ], [ [ [ -6.3476, 58.2266 ], [ -6.3468, 58.2236 ], [ -6.3479, 58.2236 ], [ -6.3476, 58.2266 ] ] ], [ [ [ -6.2794, 58.2698 ], [ -6.2797, 58.2701 ], [ -6.2784, 58.27 ], [ -6.2794, 58.2698 ] ] ], [ [ [ -6.2879, 58.2885 ], [ -6.2865, 58.2887 ], [ -6.287, 58.2882 ], [ -6.2892, 58.2884 ], [ -6.2879, 58.2885 ] ] ], [ [ [ -6.2871, 58.2892 ], [ -6.2869, 58.2895 ], [ -6.2866, 58.2893 ], [ -6.2871, 58.2892 ] ] ], [ [ [ -6.2853, 58.2903 ], [ -6.2854, 58.2898 ], [ -6.2864, 58.2896 ], [ -6.2853, 58.2903 ] ] ], [ [ [ -6.3883, 58.4501 ], [ -6.388, 58.4499 ], [ -6.3884, 58.4498 ], [ -6.3883, 58.4501 ] ] ], [ [ [ -6.3849, 58.4503 ], [ -6.3854, 58.4504 ], [ -6.3846, 58.4505 ], [ -6.3849, 58.4503 ] ] ], [ [ [ -6.3545, 58.4605 ], [ -6.3537, 58.4609 ], [ -6.3534, 58.4607 ], [ -6.3545, 58.4605 ] ] ], [ [ [ -6.3457, 58.4656 ], [ -6.3465, 58.4658 ], [ -6.3463, 58.4661 ], [ -6.3457, 58.4656 ] ] ], [ [ [ -6.3231, 58.4778 ], [ -6.3236, 58.4782 ], [ -6.3228, 58.4782 ], [ -6.3231, 58.4778 ] ] ], [ [ [ -6.3314, 58.4785 ], [ -6.3323, 58.4788 ], [ -6.3317, 58.4788 ], [ -6.3314, 58.4785 ] ] ], [ [ [ -6.3197, 58.4788 ], [ -6.3193, 58.4791 ], [ -6.3189, 58.479 ], [ -6.3197, 58.4788 ] ] ], [ [ [ -6.2877, 58.4902 ], [ -6.2883, 58.4903 ], [ -6.2869, 58.4906 ], [ -6.2877, 58.4902 ] ] ], [ [ [ -6.2777, 58.5042 ], [ -6.2774, 58.5048 ], [ -6.2772, 58.5041 ], [ -6.2777, 58.5042 ] ] ], [ [ [ -6.2843, 58.5077 ], [ -6.2838, 58.508 ], [ -6.2836, 58.5077 ], [ -6.2843, 58.5077 ] ] ], [ [ [ -6.2824, 58.5097 ], [ -6.284, 58.51 ], [ -6.2826, 58.5101 ], [ -6.2824, 58.5097 ] ] ], [ [ [ -6.282, 58.5101 ], [ -6.2825, 58.5101 ], [ -6.2822, 58.5103 ], [ -6.282, 58.5101 ] ] ], [ [ [ -6.2829, 58.5111 ], [ -6.2821, 58.5111 ], [ -6.2821, 58.5105 ], [ -6.2829, 58.5111 ] ] ], [ [ [ -6.2806, 58.5113 ], [ -6.2819, 58.5115 ], [ -6.2805, 58.5117 ], [ -6.2806, 58.5113 ] ] ], [ [ [ -6.2762, 58.5123 ], [ -6.2755, 58.5116 ], [ -6.2769, 58.5116 ], [ -6.2762, 58.5123 ] ] ], [ [ [ -6.2816, 58.5124 ], [ -6.282, 58.5125 ], [ -6.2817, 58.5127 ], [ -6.2816, 58.5124 ] ] ], [ [ [ -6.2674, 49.9455 ], [ -6.2661, 49.9477 ], [ -6.2616, 49.9431 ], [ -6.2674, 49.9455 ] ] ], [ [ [ -6.2448, 49.9447 ], [ -6.2481, 49.9455 ], [ -6.2462, 49.9461 ], [ -6.2448, 49.9447 ] ] ], [ [ [ -6.2595, 49.9469 ], [ -6.2571, 49.9458 ], [ -6.2582, 49.9459 ], [ -6.2595, 49.9469 ] ] ], [ [ [ -6.27, 49.949 ], [ -6.2701, 49.9499 ], [ -6.2674, 49.9496 ], [ -6.27, 49.949 ] ] ], [ [ [ -6.247, 49.9488 ], [ -6.2498, 49.9491 ], [ -6.2483, 49.9499 ], [ -6.247, 49.9488 ] ] ], [ [ [ -6.2455, 49.9508 ], [ -6.2446, 49.95 ], [ -6.2459, 49.9498 ], [ -6.2455, 49.9508 ] ] ], [ [ [ -6.2631, 49.9552 ], [ -6.2602, 49.9556 ], [ -6.2526, 49.9501 ], [ -6.2631, 49.9552 ] ] ], [ [ [ -6.257, 49.956 ], [ -6.2578, 49.956 ], [ -6.2575, 49.9563 ], [ -6.257, 49.956 ] ] ], [ [ [ -6.1508, 55.6023 ], [ -6.1495, 55.603 ], [ -6.1497, 55.6024 ], [ -6.1508, 55.6023 ] ] ], [ [ [ -6.1421, 55.6124 ], [ -6.143, 55.6127 ], [ -6.1423, 55.6128 ], [ -6.1421, 55.6124 ] ] ], [ [ [ -6.1433, 55.613 ], [ -6.1533, 55.6144 ], [ -6.132, 55.6197 ], [ -6.1433, 55.613 ] ] ], [ [ [ -6.1894, 55.6205 ], [ -6.1894, 55.62 ], [ -6.1902, 55.6199 ], [ -6.1894, 55.6205 ] ] ], [ [ [ -6.1878, 55.6205 ], [ -6.1879, 55.621 ], [ -6.1872, 55.6208 ], [ -6.1878, 55.6205 ] ] ], [ [ [ -6.1842, 55.6221 ], [ -6.1826, 55.6217 ], [ -6.1851, 55.621 ], [ -6.1842, 55.6221 ] ] ], [ [ [ -6.1937, 55.6229 ], [ -6.1953, 55.6226 ], [ -6.1943, 55.6231 ], [ -6.1937, 55.6229 ] ] ], [ [ [ -6.0977, 55.6343 ], [ -6.0975, 55.6351 ], [ -6.0967, 55.6346 ], [ -6.0977, 55.6343 ] ] ], [ [ [ -6.0835, 55.6346 ], [ -6.0836, 55.6348 ], [ -6.0831, 55.6351 ], [ -6.0835, 55.6346 ] ] ], [ [ [ -6.0818, 55.6363 ], [ -6.081, 55.6378 ], [ -6.0806, 55.6371 ], [ -6.0818, 55.6363 ] ] ], [ [ [ -6.0822, 55.6385 ], [ -6.0824, 55.6389 ], [ -6.0819, 55.6388 ], [ -6.0822, 55.6385 ] ] ], [ [ [ -6.0814, 55.6399 ], [ -6.0811, 55.6402 ], [ -6.0805, 55.6398 ], [ -6.0814, 55.6399 ] ] ], [ [ [ -6.0898, 55.638 ], [ -6.0927, 55.6394 ], [ -6.0831, 55.6426 ], [ -6.0898, 55.638 ] ] ], [ [ [ -6.0887, 55.6425 ], [ -6.092, 55.6424 ], [ -6.0905, 55.6436 ], [ -6.0887, 55.6425 ] ] ], [ [ [ -6.09, 55.6437 ], [ -6.0905, 55.6437 ], [ -6.0896, 55.6443 ], [ -6.09, 55.6437 ] ] ], [ [ [ -6.0487, 55.6518 ], [ -6.0447, 55.6534 ], [ -6.0477, 55.6516 ], [ -6.0487, 55.6518 ] ] ], [ [ [ -6.048, 55.6527 ], [ -6.0469, 55.6534 ], [ -6.0464, 55.6532 ], [ -6.048, 55.6527 ] ] ], [ [ [ -6.0453, 55.6538 ], [ -6.0467, 55.6534 ], [ -6.0461, 55.6542 ], [ -6.0453, 55.6538 ] ] ], [ [ [ -6.0408, 55.6559 ], [ -6.0404, 55.6554 ], [ -6.0416, 55.6549 ], [ -6.0408, 55.6559 ] ] ], [ [ [ -6.043, 55.6566 ], [ -6.0419, 55.6559 ], [ -6.0441, 55.6549 ], [ -6.043, 55.6566 ] ] ], [ [ [ -6.0389, 55.6591 ], [ -6.0375, 55.6574 ], [ -6.0397, 55.6558 ], [ -6.0389, 55.6591 ] ] ], [ [ [ -6.0417, 55.6595 ], [ -6.0394, 55.6601 ], [ -6.0434, 55.6576 ], [ -6.0417, 55.6595 ] ] ], [ [ [ -6.052, 55.6609 ], [ -6.0585, 55.6571 ], [ -6.0537, 55.6616 ], [ -6.052, 55.6609 ] ] ], [ [ [ -6.0513, 55.6616 ], [ -6.0524, 55.6625 ], [ -6.0474, 55.6654 ], [ -6.0513, 55.6616 ] ] ], [ [ [ -6.0542, 55.6675 ], [ -6.0559, 55.6662 ], [ -6.055, 55.6671 ], [ -6.0542, 55.6675 ] ] ], [ [ [ -6.0457, 55.6695 ], [ -6.0487, 55.6679 ], [ -6.0493, 55.6687 ], [ -6.0457, 55.6695 ] ] ], [ [ [ -6.0499, 55.669 ], [ -6.0505, 55.6693 ], [ -6.05, 55.6696 ], [ -6.0499, 55.669 ] ] ], [ [ [ -6.0462, 55.6705 ], [ -6.0452, 55.6715 ], [ -6.0452, 55.6707 ], [ -6.0462, 55.6705 ] ] ], [ [ [ -6.0391, 55.6719 ], [ -6.0395, 55.6722 ], [ -6.0388, 55.6727 ], [ -6.0391, 55.6719 ] ] ], [ [ [ -6.0417, 55.6747 ], [ -6.0387, 55.6754 ], [ -6.0428, 55.6715 ], [ -6.0417, 55.6747 ] ] ], [ [ [ -6.2646, 55.7829 ], [ -6.2659, 55.783 ], [ -6.2616, 55.7834 ], [ -6.2646, 55.7829 ] ] ], [ [ [ -6.0395, 55.7939 ], [ -6.0342, 55.7911 ], [ -6.0369, 55.7903 ], [ -6.0395, 55.7939 ] ] ], [ [ [ -6.0333, 55.7943 ], [ -6.0332, 55.7941 ], [ -6.0338, 55.7937 ], [ -6.0333, 55.7943 ] ] ], [ [ [ -6.0746, 55.8098 ], [ -6.0775, 55.8119 ], [ -6.0737, 55.8118 ], [ -6.0746, 55.8098 ] ] ], [ [ [ -6.2279, 55.999 ], [ -6.2283, 55.9995 ], [ -6.227, 56.0 ], [ -6.2279, 55.999 ] ] ], [ [ [ -6.2689, 56.0004 ], [ -6.2681, 55.9999 ], [ -6.2736, 56.0001 ], [ -6.2689, 56.0004 ] ] ], [ [ [ -6.2656, 55.9996 ], [ -6.2698, 56.0025 ], [ -6.2568, 55.9987 ], [ -6.2656, 55.9996 ] ] ], [ [ [ -6.2588, 56.0043 ], [ -6.2585, 56.0049 ], [ -6.2581, 56.0043 ], [ -6.2588, 56.0043 ] ] ], [ [ [ -6.2195, 56.0054 ], [ -6.2231, 56.0037 ], [ -6.2227, 56.0065 ], [ -6.2195, 56.0054 ] ] ], [ [ [ -6.2642, 56.0142 ], [ -6.2711, 56.0144 ], [ -6.2707, 56.0149 ], [ -6.2642, 56.0142 ] ] ], [ [ [ -6.2539, 56.0005 ], [ -6.2548, 56.0158 ], [ -6.26, 56.0193 ], [ -6.2743, 56.0206 ], [ -6.2103, 56.0232 ], [ -6.2539, 56.0005 ] ] ], [ [ [ -6.2799, 56.0178 ], [ -6.2618, 56.0162 ], [ -6.2631, 56.0151 ], [ -6.2799, 56.0178 ] ] ], [ [ [ -6.2619, 56.0172 ], [ -6.2636, 56.018 ], [ -6.2625, 56.0178 ], [ -6.2619, 56.0172 ] ] ], [ [ [ -6.2323, 56.0277 ], [ -6.2331, 56.0278 ], [ -6.233, 56.0281 ], [ -6.2323, 56.0277 ] ] ], [ [ [ -6.2476, 56.0278 ], [ -6.2515, 56.0288 ], [ -6.2512, 56.0292 ], [ -6.2476, 56.0278 ] ] ], [ [ [ -6.235, 56.0284 ], [ -6.2326, 56.0288 ], [ -6.2329, 56.0285 ], [ -6.235, 56.0284 ] ] ], [ [ [ -6.2472, 56.0305 ], [ -6.2438, 56.0287 ], [ -6.2479, 56.0284 ], [ -6.2472, 56.0305 ] ] ], [ [ [ -6.2431, 56.0299 ], [ -6.2427, 56.029 ], [ -6.2466, 56.0303 ], [ -6.2431, 56.0299 ] ] ], [ [ [ -6.2364, 56.031 ], [ -6.2392, 56.0311 ], [ -6.2375, 56.0314 ], [ -6.2364, 56.031 ] ] ], [ [ [ -6.2503, 56.0333 ], [ -6.2524, 56.0336 ], [ -6.2512, 56.0338 ], [ -6.2503, 56.0333 ] ] ], [ [ [ -6.2511, 56.0339 ], [ -6.2524, 56.0345 ], [ -6.2517, 56.0346 ], [ -6.2511, 56.0339 ] ] ], [ [ [ -6.2539, 56.0359 ], [ -6.2517, 56.0349 ], [ -6.2547, 56.0349 ], [ -6.2539, 56.0359 ] ] ], [ [ [ -6.2534, 56.0622 ], [ -6.2553, 56.062 ], [ -6.2551, 56.0624 ], [ -6.2534, 56.0622 ] ] ], [ [ [ -6.2618, 56.0639 ], [ -6.2603, 56.065 ], [ -6.2596, 56.0647 ], [ -6.2618, 56.0639 ] ] ], [ [ [ -6.1869, 56.0413 ], [ -6.2798, 56.037 ], [ -6.2479, 56.0552 ], [ -6.2459, 56.0857 ], [ -6.1417, 56.1298 ], [ -6.1869, 56.0413 ] ] ], [ [ [ -6.1617, 56.0875 ], [ -6.1602, 56.0876 ], [ -6.1606, 56.0871 ], [ -6.1617, 56.0875 ] ] ], [ [ [ -6.1825, 56.1152 ], [ -6.1824, 56.1148 ], [ -6.183, 56.1151 ], [ -6.1825, 56.1152 ] ] ], [ [ [ -6.2672, 56.2631 ], [ -6.2677, 56.2633 ], [ -6.2671, 56.2635 ], [ -6.2672, 56.2631 ] ] ], [ [ [ -6.2656, 56.2632 ], [ -6.2663, 56.2633 ], [ -6.2662, 56.2635 ], [ -6.2656, 56.2632 ] ] ], [ [ [ -6.2696, 56.2634 ], [ -6.2707, 56.2635 ], [ -6.2699, 56.2638 ], [ -6.2696, 56.2634 ] ] ], [ [ [ -6.2597, 56.2686 ], [ -6.2604, 56.2687 ], [ -6.2595, 56.2696 ], [ -6.2597, 56.2686 ] ] ], [ [ [ -6.2292, 56.2825 ], [ -6.2285, 56.2823 ], [ -6.2293, 56.282 ], [ -6.2292, 56.2825 ] ] ], [ [ [ -6.2262, 56.2831 ], [ -6.2258, 56.2834 ], [ -6.2257, 56.2831 ], [ -6.2262, 56.2831 ] ] ], [ [ [ -6.2376, 56.2829 ], [ -6.2376, 56.2833 ], [ -6.2372, 56.2833 ], [ -6.2376, 56.2829 ] ] ], [ [ [ -6.2286, 56.2836 ], [ -6.2283, 56.2833 ], [ -6.2291, 56.283 ], [ -6.2286, 56.2836 ] ] ], [ [ [ -6.2198, 56.2847 ], [ -6.2204, 56.2844 ], [ -6.2206, 56.2848 ], [ -6.2198, 56.2847 ] ] ], [ [ [ -6.1828, 56.2845 ], [ -6.1847, 56.285 ], [ -6.1829, 56.2859 ], [ -6.1828, 56.2845 ] ] ], [ [ [ -6.1597, 56.2852 ], [ -6.1595, 56.2856 ], [ -6.1589, 56.2855 ], [ -6.1597, 56.2852 ] ] ], [ [ [ -6.181, 56.2857 ], [ -6.1813, 56.2859 ], [ -6.1809, 56.286 ], [ -6.181, 56.2857 ] ] ], [ [ [ -6.221, 56.2856 ], [ -6.2208, 56.2862 ], [ -6.2205, 56.2858 ], [ -6.221, 56.2856 ] ] ], [ [ [ -6.2124, 56.286 ], [ -6.2126, 56.2867 ], [ -6.2121, 56.2863 ], [ -6.2124, 56.286 ] ] ], [ [ [ -6.1709, 56.2869 ], [ -6.1713, 56.2869 ], [ -6.1712, 56.2877 ], [ -6.1709, 56.2869 ] ] ], [ [ [ -6.2098, 56.2871 ], [ -6.2102, 56.2877 ], [ -6.2096, 56.2877 ], [ -6.2098, 56.2871 ] ] ], [ [ [ -6.2026, 56.2875 ], [ -6.2018, 56.2879 ], [ -6.202, 56.2874 ], [ -6.2026, 56.2875 ] ] ], [ [ [ -6.2108, 56.2883 ], [ -6.2124, 56.2878 ], [ -6.2126, 56.2889 ], [ -6.2108, 56.2883 ] ] ], [ [ [ -6.2068, 56.2882 ], [ -6.207, 56.2888 ], [ -6.2061, 56.289 ], [ -6.2068, 56.2882 ] ] ], [ [ [ -6.194, 56.2888 ], [ -6.1933, 56.2892 ], [ -6.1938, 56.2884 ], [ -6.194, 56.2888 ] ] ], [ [ [ -6.1956, 56.2893 ], [ -6.1957, 56.2897 ], [ -6.1951, 56.2897 ], [ -6.1956, 56.2893 ] ] ], [ [ [ -6.2405, 56.3214 ], [ -6.2419, 56.3217 ], [ -6.2414, 56.3218 ], [ -6.2405, 56.3214 ] ] ], [ [ [ -6.2535, 56.3238 ], [ -6.2547, 56.3255 ], [ -6.2518, 56.3261 ], [ -6.2535, 56.3238 ] ] ], [ [ [ -6.2563, 56.3279 ], [ -6.2569, 56.3283 ], [ -6.2567, 56.3287 ], [ -6.2563, 56.3279 ] ] ], [ [ [ -6.2493, 56.3288 ], [ -6.2498, 56.3296 ], [ -6.249, 56.3296 ], [ -6.2493, 56.3288 ] ] ], [ [ [ -6.2132, 56.3338 ], [ -6.2132, 56.3334 ], [ -6.2142, 56.3335 ], [ -6.2132, 56.3338 ] ] ], [ [ [ -6.198, 56.3351 ], [ -6.1966, 56.3354 ], [ -6.1967, 56.335 ], [ -6.198, 56.3351 ] ] ], [ [ [ -6.2123, 56.3369 ], [ -6.212, 56.3363 ], [ -6.2137, 56.3349 ], [ -6.2123, 56.3369 ] ] ], [ [ [ -6.1993, 56.338 ], [ -6.1998, 56.3386 ], [ -6.1987, 56.3386 ], [ -6.1993, 56.338 ] ] ], [ [ [ -6.1971, 56.3388 ], [ -6.1978, 56.3389 ], [ -6.1969, 56.3392 ], [ -6.1965, 56.3386 ], [ -6.1971, 56.3388 ] ] ], [ [ [ -6.1025, 56.3462 ], [ -6.1014, 56.3459 ], [ -6.1024, 56.3456 ], [ -6.1025, 56.3462 ] ] ], [ [ [ -6.0657, 56.3601 ], [ -6.0667, 56.3601 ], [ -6.0654, 56.3605 ], [ -6.0657, 56.3601 ] ] ], [ [ [ -6.0644, 56.3605 ], [ -6.066, 56.3607 ], [ -6.0651, 56.361 ], [ -6.0644, 56.3605 ] ] ], [ [ [ -6.0551, 56.3784 ], [ -6.0554, 56.3787 ], [ -6.0549, 56.3794 ], [ -6.0551, 56.3784 ] ] ], [ [ [ -6.2477, 56.4115 ], [ -6.2449, 56.4112 ], [ -6.2455, 56.4102 ], [ -6.2477, 56.4115 ] ] ], [ [ [ -6.1505, 56.4233 ], [ -6.1502, 56.4233 ], [ -6.1525, 56.4225 ], [ -6.1505, 56.4233 ] ] ], [ [ [ -6.1659, 56.4434 ], [ -6.1508, 56.4472 ], [ -6.1498, 56.4456 ], [ -6.1659, 56.4434 ] ] ], [ [ [ -6.2601, 56.4465 ], [ -6.267, 56.4557 ], [ -6.2595, 56.4557 ], [ -6.2601, 56.4465 ] ] ], [ [ [ -6.1354, 56.4515 ], [ -6.1367, 56.4523 ], [ -6.1349, 56.4521 ], [ -6.1354, 56.4515 ] ] ], [ [ [ -6.1679, 56.4566 ], [ -6.1713, 56.4573 ], [ -6.1703, 56.4574 ], [ -6.1679, 56.4566 ] ] ], [ [ [ -6.2386, 56.4588 ], [ -6.2378, 56.4585 ], [ -6.2393, 56.4564 ], [ -6.2386, 56.4588 ] ] ], [ [ [ -6.2421, 56.4585 ], [ -6.2399, 56.4586 ], [ -6.2415, 56.4576 ], [ -6.2421, 56.4585 ] ] ], [ [ [ -6.1754, 56.4579 ], [ -6.1757, 56.4584 ], [ -6.1743, 56.4584 ], [ -6.1743, 56.4579 ], [ -6.1754, 56.4579 ] ] ], [ [ [ -6.2357, 56.4582 ], [ -6.237, 56.458 ], [ -6.2352, 56.4599 ], [ -6.2357, 56.4582 ] ] ], [ [ [ -6.2115, 56.4595 ], [ -6.211, 56.46 ], [ -6.2105, 56.4598 ], [ -6.2115, 56.4595 ] ] ], [ [ [ -6.2193, 56.4617 ], [ -6.2177, 56.4623 ], [ -6.2169, 56.4615 ], [ -6.2193, 56.4617 ] ] ], [ [ [ -6.1906, 56.4615 ], [ -6.1912, 56.4617 ], [ -6.191, 56.4622 ], [ -6.1906, 56.4615 ] ] ], [ [ [ -6.2379, 56.464 ], [ -6.2374, 56.4613 ], [ -6.2427, 56.4615 ], [ -6.2379, 56.464 ] ] ], [ [ [ -6.2455, 56.4625 ], [ -6.2427, 56.463 ], [ -6.2442, 56.4619 ], [ -6.2455, 56.4625 ] ] ], [ [ [ -6.2225, 56.4639 ], [ -6.2258, 56.4625 ], [ -6.2253, 56.4633 ], [ -6.2225, 56.4639 ] ] ], [ [ [ -6.2192, 56.4638 ], [ -6.2203, 56.4623 ], [ -6.2208, 56.4628 ], [ -6.2192, 56.4638 ] ] ], [ [ [ -6.0805, 56.4628 ], [ -6.1005, 56.4641 ], [ -6.0906, 56.4703 ], [ -6.0805, 56.4628 ] ] ], [ [ [ -6.2154, 56.4667 ], [ -6.2134, 56.4667 ], [ -6.2148, 56.4664 ], [ -6.2154, 56.4667 ] ] ], [ [ [ -6.2458, 56.4681 ], [ -6.2455, 56.4676 ], [ -6.2462, 56.4672 ], [ -6.2458, 56.4681 ] ] ], [ [ [ -6.2214, 56.467 ], [ -6.2228, 56.4688 ], [ -6.2218, 56.4693 ], [ -6.2214, 56.467 ] ] ], [ [ [ -6.2487, 56.4679 ], [ -6.2486, 56.4688 ], [ -6.2482, 56.4685 ], [ -6.2487, 56.4679 ] ] ], [ [ [ -6.2241, 56.4689 ], [ -6.2245, 56.4706 ], [ -6.2232, 56.4706 ], [ -6.2241, 56.4689 ] ] ], [ [ [ -6.1323, 56.4755 ], [ -6.1295, 56.474 ], [ -6.1332, 56.4744 ], [ -6.1323, 56.4755 ] ] ], [ [ [ -6.1419, 56.4794 ], [ -6.1426, 56.4794 ], [ -6.1426, 56.4796 ], [ -6.1419, 56.4794 ] ] ], [ [ [ -6.1786, 56.482 ], [ -6.1734, 56.4884 ], [ -6.1621, 56.4787 ], [ -6.1542, 56.4826 ], [ -6.1414, 56.472 ], [ -6.2686, 56.4784 ], [ -6.1786, 56.482 ] ] ], [ [ [ -6.163, 56.4813 ], [ -6.1612, 56.4811 ], [ -6.161, 56.4804 ], [ -6.163, 56.4813 ] ] ], [ [ [ -6.1631, 56.4832 ], [ -6.1623, 56.4833 ], [ -6.1624, 56.4822 ], [ -6.1631, 56.4832 ] ] ], [ [ [ -6.1539, 56.4843 ], [ -6.1589, 56.4865 ], [ -6.1526, 56.4856 ], [ -6.1539, 56.4843 ] ] ], [ [ [ -6.1633, 56.4857 ], [ -6.1656, 56.4873 ], [ -6.1624, 56.4868 ], [ -6.1633, 56.4857 ] ] ], [ [ [ -6.1582, 56.4877 ], [ -6.1633, 56.489 ], [ -6.1617, 56.4892 ], [ -6.1582, 56.4877 ] ] ], [ [ [ -6.1704, 56.4881 ], [ -6.1716, 56.4885 ], [ -6.1703, 56.4887 ], [ -6.1704, 56.4881 ] ] ], [ [ [ -6.1653, 56.4901 ], [ -6.1633, 56.4883 ], [ -6.1667, 56.4896 ], [ -6.1653, 56.4901 ] ] ], [ [ [ -6.1695, 56.4902 ], [ -6.1698, 56.4892 ], [ -6.1711, 56.4896 ], [ -6.1695, 56.4902 ] ] ], [ [ [ -6.1698, 56.4915 ], [ -6.1695, 56.4916 ], [ -6.169, 56.4914 ], [ -6.1698, 56.4915 ] ] ], [ [ [ -6.2497, 56.4973 ], [ -6.2501, 56.4966 ], [ -6.2505, 56.4972 ], [ -6.2497, 56.4973 ] ] ], [ [ [ -6.2071, 56.5195 ], [ -6.207, 56.5187 ], [ -6.2081, 56.519 ], [ -6.2071, 56.5195 ] ] ], [ [ [ -6.2259, 56.6035 ], [ -6.2245, 56.6026 ], [ -6.2252, 56.6027 ], [ -6.2259, 56.6035 ] ] ], [ [ [ -6.2333, 56.6076 ], [ -6.2345, 56.6085 ], [ -6.2334, 56.6083 ], [ -6.2333, 56.6076 ] ] ], [ [ [ -6.2583, 56.6142 ], [ -6.2584, 56.6146 ], [ -6.2579, 56.6146 ], [ -6.2583, 56.6142 ] ] ], [ [ [ -6.029, 56.6124 ], [ -6.0476, 56.6246 ], [ -6.0391, 56.6229 ], [ -6.029, 56.6124 ] ] ], [ [ [ -6.048, 56.6216 ], [ -6.0454, 56.6199 ], [ -6.0498, 56.6198 ], [ -6.048, 56.6216 ] ] ], [ [ [ -6.2165, 56.6348 ], [ -6.2149, 56.6337 ], [ -6.2151, 56.6334 ], [ -6.2165, 56.6348 ] ] ], [ [ [ -6.2135, 56.6379 ], [ -6.2128, 56.6386 ], [ -6.2127, 56.6379 ], [ -6.2135, 56.6379 ] ] ], [ [ [ -6.1999, 56.6397 ], [ -6.1999, 56.64 ], [ -6.1994, 56.6397 ], [ -6.1999, 56.6397 ] ] ], [ [ [ -6.1123, 56.6895 ], [ -6.1101, 56.6898 ], [ -6.1104, 56.6882 ], [ -6.1123, 56.6895 ] ] ], [ [ [ -6.0737, 56.6905 ], [ -6.0745, 56.6904 ], [ -6.0747, 56.6911 ], [ -6.0737, 56.6905 ] ] ], [ [ [ -6.2075, 56.6952 ], [ -6.2088, 56.6958 ], [ -6.2087, 56.696 ], [ -6.2075, 56.6952 ] ] ], [ [ [ -6.2252, 56.7192 ], [ -6.2251, 56.7195 ], [ -6.2246, 56.7193 ], [ -6.2252, 56.7192 ] ] ], [ [ [ -6.2151, 56.7277 ], [ -6.2147, 56.7283 ], [ -6.2141, 56.7279 ], [ -6.2151, 56.7277 ] ] ], [ [ [ -6.2106, 56.7332 ], [ -6.2124, 56.7323 ], [ -6.2117, 56.7338 ], [ -6.2106, 56.7332 ] ] ], [ [ [ -6.1902, 56.7354 ], [ -6.1915, 56.7359 ], [ -6.1911, 56.7363 ], [ -6.1902, 56.7354 ] ] ], [ [ [ -6.1925, 56.737 ], [ -6.1919, 56.7374 ], [ -6.1915, 56.7367 ], [ -6.1925, 56.737 ] ] ], [ [ [ -6.1927, 56.7379 ], [ -6.1916, 56.7377 ], [ -6.1922, 56.7376 ], [ -6.1927, 56.7379 ] ] ], [ [ [ -6.1953, 56.7487 ], [ -6.1953, 56.7491 ], [ -6.1911, 56.7485 ], [ -6.1953, 56.7487 ] ] ], [ [ [ -6.2239, 56.8456 ], [ -6.2148, 56.8361 ], [ -6.2358, 56.823 ], [ -6.2776, 56.8353 ], [ -6.2239, 56.8456 ] ] ], [ [ [ -6.1289, 56.873 ], [ -6.1238, 56.8775 ], [ -6.1206, 56.8702 ], [ -6.1289, 56.873 ] ] ], [ [ [ -6.1853, 56.8737 ], [ -6.1848, 56.8733 ], [ -6.1849, 56.8729 ], [ -6.1853, 56.8737 ] ] ], [ [ [ -6.1394, 56.8715 ], [ -6.2103, 56.8889 ], [ -6.1381, 56.9444 ], [ -6.1394, 56.8715 ] ] ], [ [ [ -6.0924, 57.1247 ], [ -6.093, 57.1236 ], [ -6.0949, 57.1238 ], [ -6.0924, 57.1247 ] ] ], [ [ [ -6.2226, 57.129 ], [ -6.256, 57.1495 ], [ -6.2132, 57.1652 ], [ -6.2226, 57.129 ] ] ], [ [ [ -6.1502, 57.1939 ], [ -6.1501, 57.1932 ], [ -6.1517, 57.1935 ], [ -6.1502, 57.1939 ] ] ], [ [ [ -6.1628, 57.197 ], [ -6.161, 57.1958 ], [ -6.1657, 57.1963 ], [ -6.1628, 57.197 ] ] ], [ [ [ -6.1372, 57.5877 ], [ -6.2021, 57.3905 ], [ -6.0951, 57.3394 ], [ -6.1684, 57.2954 ], [ -5.8858, 57.238 ], [ -5.6624, 57.2644 ], [ -5.6691, 57.2091 ], [ -5.8085, 57.1762 ], [ -6.0178, 57.0179 ], [ -5.9978, 57.1241 ], [ -5.9152, 57.1656 ], [ -5.8664, 57.1714 ], [ -5.8433, 57.1832 ], [ -5.838, 57.1898 ], [ -6.0369, 57.2278 ], [ -6.0838, 57.1268 ], [ -6.1234, 57.1947 ], [ -6.1652, 57.1992 ], [ -6.3223, 57.1601 ], [ -6.2848, 57.2014 ], [ -6.3874, 57.217 ], [ -6.3492, 57.2299 ], [ -6.3432, 57.253 ], [ -6.4818, 57.2915 ], [ -6.3062, 57.2993 ], [ -6.3836, 57.364 ], [ -6.5384, 57.4135 ], [ -6.5821, 57.333 ], [ -6.7897, 57.421 ], [ -6.7167, 57.5138 ], [ -6.6397, 57.4427 ], [ -6.5739, 57.4302 ], [ -6.6348, 57.6085 ], [ -6.3118, 57.4552 ], [ -6.4277, 57.6422 ], [ -6.3536, 57.6712 ], [ -6.1372, 57.5877 ] ] ], [ [ [ -5.9928, 57.3582 ], [ -6.0645, 57.3322 ], [ -6.0804, 57.4346 ], [ -6.0178, 57.4546 ], [ -5.9867, 57.5016 ], [ -5.9928, 57.3582 ] ] ], [ [ [ -6.0335, 57.4744 ], [ -6.0333, 57.4742 ], [ -6.0342, 57.4737 ], [ -6.0335, 57.4744 ] ] ], [ [ [ -6.1314, 57.4842 ], [ -6.1323, 57.4853 ], [ -6.1319, 57.4861 ], [ -6.1314, 57.4842 ] ] ], [ [ [ -6.0426, 57.4885 ], [ -6.0419, 57.4886 ], [ -6.0409, 57.4878 ], [ -6.0426, 57.4885 ] ] ], [ [ [ -6.2053, 57.6396 ], [ -6.21, 57.6456 ], [ -6.2028, 57.6446 ], [ -6.2053, 57.6396 ] ] ], [ [ [ -6.2284, 57.6629 ], [ -6.2329, 57.6667 ], [ -6.2224, 57.6654 ], [ -6.2284, 57.6629 ] ] ], [ [ [ -6.2284, 57.6695 ], [ -6.2295, 57.6718 ], [ -6.2263, 57.67 ], [ -6.2284, 57.6695 ] ] ], [ [ [ -6.2127, 58.189 ], [ -6.212, 58.1887 ], [ -6.2124, 58.1886 ], [ -6.2127, 58.189 ] ] ], [ [ [ -6.2028, 58.1891 ], [ -6.2012, 58.1906 ], [ -6.1999, 58.1902 ], [ -6.2028, 58.1891 ] ] ], [ [ [ -6.2037, 58.1905 ], [ -6.2025, 58.1902 ], [ -6.2035, 58.1896 ], [ -6.2037, 58.1905 ] ] ], [ [ [ -6.1643, 58.2272 ], [ -6.1641, 58.2276 ], [ -6.1633, 58.2275 ], [ -6.1643, 58.2272 ] ] ], [ [ [ -6.1717, 58.254 ], [ -6.172, 58.2541 ], [ -6.1719, 58.2543 ], [ -6.1717, 58.254 ] ] ], [ [ [ -6.2577, 58.2841 ], [ -6.2645, 58.2833 ], [ -6.2638, 58.2838 ], [ -6.2577, 58.2841 ] ] ], [ [ [ -6.2642, 58.2848 ], [ -6.2667, 58.2849 ], [ -6.2654, 58.2857 ], [ -6.2642, 58.2848 ] ] ], [ [ [ -6.2579, 58.2857 ], [ -6.2582, 58.2859 ], [ -6.2567, 58.2863 ], [ -6.2579, 58.2857 ] ] ], [ [ [ -6.2678, 58.2861 ], [ -6.2693, 58.2862 ], [ -6.2693, 58.2863 ], [ -6.2678, 58.2861 ] ] ], [ [ [ -6.2619, 58.2883 ], [ -6.2605, 58.2872 ], [ -6.2673, 58.2862 ], [ -6.2619, 58.2883 ] ] ], [ [ [ -6.24, 58.3091 ], [ -6.2384, 58.3091 ], [ -6.2393, 58.3087 ], [ -6.24, 58.3091 ] ] ], [ [ [ -6.1749, 58.341 ], [ -6.1751, 58.3411 ], [ -6.1745, 58.3412 ], [ -6.1749, 58.341 ] ] ], [ [ [ -6.1916, 58.3997 ], [ -6.1929, 58.3999 ], [ -6.1921, 58.4001 ], [ -6.1916, 58.3997 ] ] ], [ [ [ -6.1689, 58.4218 ], [ -6.1685, 58.4221 ], [ -6.1685, 58.4219 ], [ -6.1689, 58.4218 ] ] ], [ [ [ -6.1904, 58.449 ], [ -6.1899, 58.4488 ], [ -6.1902, 58.4486 ], [ -6.1904, 58.449 ] ] ], [ [ [ -6.1859, 58.4694 ], [ -6.1848, 58.4701 ], [ -6.1847, 58.4698 ], [ -6.1859, 58.4694 ] ] ], [ [ [ -6.1931, 58.4736 ], [ -6.1933, 58.4737 ], [ -6.1927, 58.4739 ], [ -6.1931, 58.4736 ] ] ], [ [ [ -6.1934, 58.4754 ], [ -6.1938, 58.4754 ], [ -6.1931, 58.4756 ], [ -6.1934, 58.4754 ] ] ], [ [ [ -6.2173, 58.485 ], [ -6.2193, 58.4852 ], [ -6.2172, 58.4866 ], [ -6.2173, 58.485 ] ] ], [ [ [ -6.2368, 58.5038 ], [ -6.2363, 58.5041 ], [ -6.2352, 58.5039 ], [ -6.2368, 58.5038 ] ] ], [ [ [ -6.2316, 58.5043 ], [ -6.2329, 58.5043 ], [ -6.2327, 58.5044 ], [ -6.2316, 58.5043 ] ] ], [ [ [ -6.2311, 58.5043 ], [ -6.2301, 58.5046 ], [ -6.2295, 58.5045 ], [ -6.2311, 58.5043 ] ] ], [ [ [ -6.2426, 58.5068 ], [ -6.2416, 58.5071 ], [ -6.241, 58.5071 ], [ -6.2426, 58.5068 ] ] ], [ [ [ -6.2593, 58.5159 ], [ -6.2596, 58.5161 ], [ -6.259, 58.5161 ], [ -6.2593, 58.5159 ] ] ], [ [ [ -6.2608, 58.5166 ], [ -6.2588, 58.5164 ], [ -6.2602, 58.5163 ], [ -6.2608, 58.5166 ] ] ], [ [ [ -6.2616, 58.5166 ], [ -6.2609, 58.5162 ], [ -6.2618, 58.5163 ], [ -6.2616, 58.5166 ] ] ], [ [ [ -6.258, 58.5167 ], [ -6.2583, 58.5167 ], [ -6.2581, 58.5168 ], [ -6.258, 58.5167 ] ] ], [ [ [ -6.2622, 58.5175 ], [ -6.2617, 58.5177 ], [ -6.2616, 58.5176 ], [ -6.2622, 58.5175 ] ] ], [ [ [ -6.2624, 58.5179 ], [ -6.2615, 58.5183 ], [ -6.2608, 58.518 ], [ -6.2624, 58.5179 ] ] ], [ [ [ -6.2616, 58.5194 ], [ -6.2621, 58.5195 ], [ -6.2619, 58.5195 ], [ -6.2616, 58.5194 ] ] ], [ [ [ -6.1581, 59.088 ], [ -6.1579, 59.0878 ], [ -6.1585, 59.087 ], [ -6.1581, 59.088 ] ] ], [ [ [ -6.1591, 59.0932 ], [ -6.1598, 59.0938 ], [ -6.1565, 59.0973 ], [ -6.1504, 59.0993 ], [ -6.1591, 59.0932 ] ] ], [ [ [ -6.1575, 59.0973 ], [ -6.1573, 59.097 ], [ -6.158, 59.0969 ], [ -6.1575, 59.0973 ] ] ], [ [ [ -6.1591, 59.0975 ], [ -6.1594, 59.0978 ], [ -6.1587, 59.0979 ], [ -6.1591, 59.0975 ] ] ], [ [ [ -5.7476, 55.6302 ], [ -5.7474, 55.6309 ], [ -5.7469, 55.631 ], [ -5.7476, 55.6302 ] ] ], [ [ [ -5.7512, 55.6254 ], [ -5.7587, 55.6266 ], [ -5.7492, 55.6396 ], [ -5.7512, 55.6254 ] ] ], [ [ [ -5.745, 55.6455 ], [ -5.7446, 55.6459 ], [ -5.7446, 55.6456 ], [ -5.745, 55.6455 ] ] ], [ [ [ -5.7424, 55.6474 ], [ -5.7434, 55.6457 ], [ -5.7438, 55.6459 ], [ -5.7424, 55.6474 ] ] ], [ [ [ -5.7442, 55.647 ], [ -5.7441, 55.6475 ], [ -5.7438, 55.647 ], [ -5.7442, 55.647 ] ] ], [ [ [ -5.7437, 55.6476 ], [ -5.7434, 55.648 ], [ -5.7429, 55.6478 ], [ -5.7437, 55.6476 ] ] ], [ [ [ -5.7447, 55.6482 ], [ -5.7441, 55.6487 ], [ -5.744, 55.6485 ], [ -5.7447, 55.6482 ] ] ], [ [ [ -5.7405, 55.6482 ], [ -5.7433, 55.6481 ], [ -5.7418, 55.6509 ], [ -5.7405, 55.6482 ] ] ], [ [ [ -5.7537, 55.6505 ], [ -5.7534, 55.6511 ], [ -5.7531, 55.6509 ], [ -5.7537, 55.6505 ] ] ], [ [ [ -5.7441, 55.6511 ], [ -5.7436, 55.6512 ], [ -5.7437, 55.6506 ], [ -5.7441, 55.6511 ] ] ], [ [ [ -5.7426, 55.6523 ], [ -5.7414, 55.6522 ], [ -5.7433, 55.6508 ], [ -5.7426, 55.6523 ] ] ], [ [ [ -5.7693, 55.6572 ], [ -5.7691, 55.6579 ], [ -5.7686, 55.6575 ], [ -5.7693, 55.6572 ] ] ], [ [ [ -5.7772, 55.6573 ], [ -5.7769, 55.658 ], [ -5.776, 55.6578 ], [ -5.7772, 55.6573 ] ] ], [ [ [ -5.7683, 55.66 ], [ -5.7675, 55.6606 ], [ -5.7676, 55.6602 ], [ -5.7683, 55.66 ] ] ], [ [ [ -5.7676, 55.6607 ], [ -5.7677, 55.6612 ], [ -5.7672, 55.6611 ], [ -5.7676, 55.6607 ] ] ], [ [ [ -6.031, 55.6616 ], [ -6.0314, 55.661 ], [ -6.0317, 55.6612 ], [ -6.031, 55.6616 ] ] ], [ [ [ -5.767, 55.6621 ], [ -5.7664, 55.6623 ], [ -5.7665, 55.662 ], [ -5.767, 55.6621 ] ] ], [ [ [ -6.0299, 55.6627 ], [ -6.0291, 55.6631 ], [ -6.0301, 55.6622 ], [ -6.0299, 55.6627 ] ] ], [ [ [ -5.7758, 55.6644 ], [ -5.7773, 55.6644 ], [ -5.776, 55.6665 ], [ -5.7758, 55.6644 ] ] ], [ [ [ -5.7616, 55.6667 ], [ -5.7612, 55.667 ], [ -5.7612, 55.6664 ], [ -5.7616, 55.6667 ] ] ], [ [ [ -5.7708, 55.6666 ], [ -5.7707, 55.6668 ], [ -5.7706, 55.6667 ], [ -5.7708, 55.6666 ] ] ], [ [ [ -6.0258, 55.6686 ], [ -6.0182, 55.6693 ], [ -6.023, 55.6648 ], [ -6.0258, 55.6686 ] ] ], [ [ [ -5.7749, 55.6678 ], [ -5.7739, 55.6682 ], [ -5.774, 55.668 ], [ -5.7749, 55.6678 ] ] ], [ [ [ -5.7737, 55.6697 ], [ -5.7737, 55.6696 ], [ -5.7746, 55.6692 ], [ -5.7737, 55.6697 ] ] ], [ [ [ -6.0291, 55.6689 ], [ -6.0286, 55.6704 ], [ -6.0286, 55.6705 ], [ -6.0253, 55.6714 ], [ -6.0291, 55.6689 ] ] ], [ [ [ -6.0336, 55.671 ], [ -6.0254, 55.6723 ], [ -6.0286, 55.6705 ], [ -6.0336, 55.671 ] ] ], [ [ [ -6.026, 55.6754 ], [ -6.0255, 55.6753 ], [ -6.0279, 55.6745 ], [ -6.026, 55.6754 ] ] ], [ [ [ -5.7344, 55.6844 ], [ -5.7326, 55.6827 ], [ -5.7269, 55.6836 ], [ -5.7177, 55.688 ], [ -5.718, 55.6852 ], [ -5.7262, 55.6838 ], [ -5.7365, 55.6771 ], [ -5.7344, 55.6594 ], [ -5.74, 55.6601 ], [ -5.7637, 55.6458 ], [ -5.7344, 55.6844 ] ] ], [ [ [ -5.757, 55.6931 ], [ -5.756, 55.6936 ], [ -5.756, 55.6932 ], [ -5.757, 55.6931 ] ] ], [ [ [ -5.7497, 55.7066 ], [ -5.7501, 55.7071 ], [ -5.7494, 55.7069 ], [ -5.7497, 55.7066 ] ] ], [ [ [ -5.7432, 55.7077 ], [ -5.7435, 55.7078 ], [ -5.7428, 55.708 ], [ -5.7432, 55.7077 ] ] ], [ [ [ -5.7377, 55.7088 ], [ -5.7374, 55.7092 ], [ -5.7374, 55.7088 ], [ -5.7377, 55.7088 ] ] ], [ [ [ -5.994, 55.7906 ], [ -5.9887, 55.7909 ], [ -5.9897, 55.7903 ], [ -5.994, 55.7906 ] ] ], [ [ [ -5.952, 55.8097 ], [ -5.9515, 55.8099 ], [ -5.9512, 55.8096 ], [ -5.952, 55.8097 ] ] ], [ [ [ -5.9423, 55.8316 ], [ -5.9415, 55.8318 ], [ -5.9422, 55.8313 ], [ -5.9423, 55.8316 ] ] ], [ [ [ -5.9362, 55.8337 ], [ -5.9373, 55.8335 ], [ -5.9289, 55.8407 ], [ -5.9362, 55.8337 ] ] ], [ [ [ -5.923, 55.846 ], [ -5.9254, 55.8445 ], [ -5.9249, 55.8477 ], [ -5.923, 55.846 ] ] ], [ [ [ -5.9193, 55.8465 ], [ -5.9187, 55.847 ], [ -5.9184, 55.8466 ], [ -5.9193, 55.8465 ] ] ], [ [ [ -5.9295, 55.8482 ], [ -5.9306, 55.8491 ], [ -5.929, 55.851 ], [ -5.9295, 55.8482 ] ] ], [ [ [ -5.9094, 55.8617 ], [ -5.9066, 55.86 ], [ -5.9105, 55.8568 ], [ -5.9094, 55.8617 ] ] ], [ [ [ -5.831, 55.8738 ], [ -5.8312, 55.8742 ], [ -5.8306, 55.8744 ], [ -5.831, 55.8738 ] ] ], [ [ [ -5.7417, 55.9093 ], [ -5.7415, 55.9089 ], [ -5.7432, 55.9081 ], [ -5.7417, 55.9093 ] ] ], [ [ [ -5.7432, 55.9457 ], [ -5.7426, 55.946 ], [ -5.7425, 55.9456 ], [ -5.7432, 55.9457 ] ] ], [ [ [ -5.7466, 55.9461 ], [ -5.7451, 55.9473 ], [ -5.7454, 55.9457 ], [ -5.7466, 55.9461 ] ] ], [ [ [ -5.981, 55.9521 ], [ -5.9815, 55.9524 ], [ -5.9813, 55.9529 ], [ -5.981, 55.9521 ] ] ], [ [ [ -5.9803, 55.9542 ], [ -5.981, 55.9536 ], [ -5.9802, 55.9547 ], [ -5.9803, 55.9542 ] ] ], [ [ [ -5.9788, 55.9557 ], [ -5.9782, 55.9565 ], [ -5.9784, 55.9558 ], [ -5.9788, 55.9557 ] ] ], [ [ [ -5.9395, 55.9599 ], [ -5.939, 55.9604 ], [ -5.9392, 55.9597 ], [ -5.9395, 55.9599 ] ] ], [ [ [ -5.9361, 55.9604 ], [ -5.9363, 55.9606 ], [ -5.9353, 55.9615 ], [ -5.9361, 55.9604 ] ] ], [ [ [ -5.9512, 55.9621 ], [ -5.9515, 55.9622 ], [ -5.951, 55.9624 ], [ -5.9512, 55.9621 ] ] ], [ [ [ -5.9192, 55.9646 ], [ -5.9183, 55.9652 ], [ -5.9192, 55.9637 ], [ -5.9208, 55.9639 ], [ -5.9192, 55.9646 ] ] ], [ [ [ -5.9844, 55.9667 ], [ -5.9853, 55.9654 ], [ -5.9858, 55.9659 ], [ -5.9844, 55.9667 ] ] ], [ [ [ -5.9172, 55.9675 ], [ -5.9169, 55.9675 ], [ -5.9174, 55.9664 ], [ -5.9172, 55.9675 ] ] ], [ [ [ -5.8878, 55.9695 ], [ -5.8928, 55.9657 ], [ -5.8928, 55.9672 ], [ -5.8878, 55.9695 ] ] ], [ [ [ -5.986, 55.9688 ], [ -5.985, 55.9685 ], [ -5.9854, 55.9679 ], [ -5.986, 55.9688 ] ] ], [ [ [ -5.914, 55.9686 ], [ -5.911, 55.9702 ], [ -5.9124, 55.9683 ], [ -5.914, 55.9686 ] ] ], [ [ [ -5.9365, 55.8674 ], [ -5.964, 55.7924 ], [ -6.0785, 55.8181 ], [ -6.0427, 55.9406 ], [ -5.915, 55.9563 ], [ -5.8479, 55.9789 ], [ -5.8548, 55.9903 ], [ -5.9404, 55.9604 ], [ -5.9941, 55.9757 ], [ -6.0063, 55.973 ], [ -5.964, 56.0276 ], [ -5.6932, 56.1381 ], [ -5.9365, 55.8674 ] ] ], [ [ [ -5.8746, 55.9725 ], [ -5.8756, 55.9731 ], [ -5.8745, 55.9736 ], [ -5.8746, 55.9725 ] ] ], [ [ [ -5.9991, 55.9727 ], [ -6.0001, 55.973 ], [ -6.0, 55.9735 ], [ -5.9991, 55.9727 ] ] ], [ [ [ -5.8749, 55.9745 ], [ -5.8736, 55.9748 ], [ -5.8745, 55.9742 ], [ -5.8749, 55.9745 ] ] ], [ [ [ -5.8671, 55.9761 ], [ -5.8675, 55.9753 ], [ -5.8694, 55.9751 ], [ -5.8671, 55.9761 ] ] ], [ [ [ -6.0029, 55.9834 ], [ -6.0032, 55.9835 ], [ -6.0026, 55.9846 ], [ -6.0029, 55.9834 ] ] ], [ [ [ -5.9996, 55.9906 ], [ -5.9998, 55.9906 ], [ -5.9998, 55.9908 ], [ -5.9996, 55.9906 ] ] ], [ [ [ -5.9912, 55.9993 ], [ -5.992, 55.9993 ], [ -5.9911, 55.9999 ], [ -5.9912, 55.9993 ] ] ], [ [ [ -5.7942, 56.0092 ], [ -5.7931, 56.0105 ], [ -5.7932, 56.0091 ], [ -5.7942, 56.0092 ] ] ], [ [ [ -5.7839, 56.0132 ], [ -5.785, 56.0119 ], [ -5.7838, 56.0139 ], [ -5.7839, 56.0132 ] ] ], [ [ [ -5.9715, 56.0216 ], [ -5.9717, 56.0218 ], [ -5.9702, 56.0225 ], [ -5.969, 56.022 ], [ -5.9715, 56.0216 ] ] ], [ [ [ -5.7659, 56.0273 ], [ -5.7673, 56.0262 ], [ -5.767, 56.0275 ], [ -5.7659, 56.0273 ] ] ], [ [ [ -5.7627, 56.0337 ], [ -5.7636, 56.0336 ], [ -5.7627, 56.0344 ], [ -5.7627, 56.0337 ] ] ], [ [ [ -5.8783, 56.0717 ], [ -5.8774, 56.0722 ], [ -5.878, 56.0715 ], [ -5.8783, 56.0717 ] ] ], [ [ [ -5.8639, 56.0782 ], [ -5.8641, 56.0785 ], [ -5.8636, 56.0788 ], [ -5.8639, 56.0782 ] ] ], [ [ [ -5.7879, 56.1086 ], [ -5.7883, 56.1091 ], [ -5.7875, 56.1093 ], [ -5.7879, 56.1086 ] ] ], [ [ [ -5.7851, 56.11 ], [ -5.7858, 56.1102 ], [ -5.7853, 56.1106 ], [ -5.7851, 56.11 ] ] ], [ [ [ -5.7902, 56.1109 ], [ -5.7902, 56.1114 ], [ -5.7899, 56.1112 ], [ -5.7902, 56.1109 ] ] ], [ [ [ -5.7757, 56.1194 ], [ -5.7753, 56.1191 ], [ -5.7765, 56.1184 ], [ -5.7757, 56.1194 ] ] ], [ [ [ -5.7446, 56.1456 ], [ -5.743, 56.1449 ], [ -5.7452, 56.1443 ], [ -5.7446, 56.1456 ] ] ], [ [ [ -5.7459, 56.1453 ], [ -5.7464, 56.1456 ], [ -5.7457, 56.1457 ], [ -5.7459, 56.1453 ] ] ], [ [ [ -5.7441, 56.1783 ], [ -5.7439, 56.1788 ], [ -5.7437, 56.1784 ], [ -5.7441, 56.1783 ] ] ], [ [ [ -5.7422, 56.1786 ], [ -5.7417, 56.1789 ], [ -5.7416, 56.1782 ], [ -5.7422, 56.1786 ] ] ], [ [ [ -5.8007, 56.2225 ], [ -5.8188, 56.2164 ], [ -5.8025, 56.2279 ], [ -5.8007, 56.2225 ] ] ], [ [ [ -5.7879, 56.2302 ], [ -5.7859, 56.2311 ], [ -5.7864, 56.2307 ], [ -5.7879, 56.2302 ] ] ], [ [ [ -5.7924, 56.231 ], [ -5.7951, 56.23 ], [ -5.7951, 56.2309 ], [ -5.7924, 56.231 ] ] ], [ [ [ -5.7865, 56.2374 ], [ -5.7795, 56.2381 ], [ -5.783, 56.2344 ], [ -5.7865, 56.2374 ] ] ], [ [ [ -5.7776, 56.2371 ], [ -5.7501, 56.2485 ], [ -5.7534, 56.2418 ], [ -5.7776, 56.2371 ] ] ], [ [ [ -5.7472, 56.2502 ], [ -5.7427, 56.2516 ], [ -5.7434, 56.2494 ], [ -5.7472, 56.2502 ] ] ], [ [ [ -5.839, 56.308 ], [ -5.8388, 56.3091 ], [ -5.8352, 56.3095 ], [ -5.839, 56.308 ] ] ], [ [ [ -5.9704, 56.3144 ], [ -5.9669, 56.3138 ], [ -5.9702, 56.3137 ], [ -5.9704, 56.3144 ] ] ], [ [ [ -5.9668, 56.3149 ], [ -5.9653, 56.3145 ], [ -5.9662, 56.3142 ], [ -5.9668, 56.3149 ] ] ], [ [ [ -5.862, 56.34 ], [ -5.8613, 56.339 ], [ -5.8626, 56.3388 ], [ -5.862, 56.34 ] ] ], [ [ [ -5.8682, 56.3524 ], [ -5.8663, 56.3516 ], [ -5.8672, 56.3504 ], [ -5.8682, 56.3524 ] ] ], [ [ [ -5.9855, 56.3881 ], [ -5.984, 56.3879 ], [ -5.9854, 56.3874 ], [ -5.9855, 56.3881 ] ] ], [ [ [ -5.9515, 56.518 ], [ -5.6526, 56.4155 ], [ -5.7482, 56.4135 ], [ -5.7949, 56.3664 ], [ -5.6908, 56.377 ], [ -5.8341, 56.3109 ], [ -5.889, 56.3217 ], [ -5.8462, 56.3456 ], [ -5.8767, 56.3562 ], [ -6.3492, 56.2819 ], [ -6.3468, 56.306 ], [ -6.3643, 56.3031 ], [ -6.3646, 56.3111 ], [ -6.3769, 56.3088 ], [ -6.3689, 56.3136 ], [ -6.3655, 56.3372 ], [ -6.3476, 56.3443 ], [ -6.3507, 56.3476 ], [ -6.2364, 56.3157 ], [ -6.237, 56.3304 ], [ -6.2479, 56.3298 ], [ -6.2513, 56.3423 ], [ -6.2348, 56.344 ], [ -6.2138, 56.3331 ], [ -6.1903, 56.3322 ], [ -6.1031, 56.3423 ], [ -5.9793, 56.3859 ], [ -5.9788, 56.3903 ], [ -6.0227, 56.3947 ], [ -6.1949, 56.3588 ], [ -5.9953, 56.4932 ], [ -6.3404, 56.5371 ], [ -6.2797, 56.5773 ], [ -6.3238, 56.6062 ], [ -6.1883, 56.5824 ], [ -6.227, 56.6334 ], [ -6.1946, 56.6237 ], [ -6.1172, 56.6466 ], [ -5.9515, 56.518 ] ] ], [ [ [ -5.933, 56.5215 ], [ -5.9331, 56.522 ], [ -5.9294, 56.521 ], [ -5.933, 56.5215 ] ] ], [ [ [ -5.9126, 56.5353 ], [ -5.9135, 56.5362 ], [ -5.9132, 56.5365 ], [ -5.9126, 56.5353 ] ] ], [ [ [ -5.8699, 56.547 ], [ -5.8693, 56.546 ], [ -5.8749, 56.5473 ], [ -5.8699, 56.547 ] ] ], [ [ [ -5.9813, 56.5627 ], [ -5.9802, 56.562 ], [ -5.9808, 56.5622 ], [ -5.9813, 56.5627 ] ] ], [ [ [ -6.0296, 56.6115 ], [ -6.0331, 56.6117 ], [ -6.033, 56.6127 ], [ -6.0296, 56.6115 ] ] ], [ [ [ -5.8897, 56.6492 ], [ -5.889, 56.6494 ], [ -5.8887, 56.6488 ], [ -5.8897, 56.6492 ] ] ], [ [ [ -5.8983, 56.6556 ], [ -5.898, 56.654 ], [ -5.9009, 56.654 ], [ -5.8983, 56.6556 ] ] ], [ [ [ -5.9401, 56.6601 ], [ -5.9405, 56.6605 ], [ -5.9399, 56.6609 ], [ -5.9401, 56.6601 ] ] ], [ [ [ -5.8823, 56.6526 ], [ -5.8948, 56.6528 ], [ -5.8839, 56.6703 ], [ -5.8823, 56.6526 ] ] ], [ [ [ -5.9402, 56.6626 ], [ -5.9408, 56.6591 ], [ -5.9281, 56.6695 ], [ -5.9054, 56.6589 ], [ -5.9509, 56.6584 ], [ -5.9402, 56.6626 ] ] ], [ [ [ -5.9358, 56.6675 ], [ -5.9368, 56.6679 ], [ -5.9364, 56.6685 ], [ -5.9358, 56.6675 ] ] ], [ [ [ -5.9817, 56.6698 ], [ -5.9808, 56.6702 ], [ -5.9807, 56.6695 ], [ -5.9817, 56.6698 ] ] ], [ [ [ -5.8991, 56.6718 ], [ -5.898, 56.6706 ], [ -5.903, 56.669 ], [ -5.8991, 56.6718 ] ] ], [ [ [ -5.9069, 56.6705 ], [ -5.9068, 56.6712 ], [ -5.9059, 56.6701 ], [ -5.9069, 56.6705 ] ] ], [ [ [ -5.8413, 56.673 ], [ -5.8401, 56.6728 ], [ -5.8404, 56.6725 ], [ -5.8413, 56.673 ] ] ], [ [ [ -5.9006, 56.6757 ], [ -5.8992, 56.675 ], [ -5.903, 56.6733 ], [ -5.9006, 56.6757 ] ] ], [ [ [ -5.8895, 56.6741 ], [ -5.8897, 56.6749 ], [ -5.8891, 56.6746 ], [ -5.8895, 56.6741 ] ] ], [ [ [ -5.9101, 56.675 ], [ -5.9099, 56.6747 ], [ -5.9104, 56.6742 ], [ -5.9101, 56.675 ] ] ], [ [ [ -5.8897, 56.675 ], [ -5.89, 56.6759 ], [ -5.8884, 56.676 ], [ -5.8897, 56.675 ] ] ], [ [ [ -5.9456, 56.6871 ], [ -5.9378, 56.6802 ], [ -5.9463, 56.6786 ], [ -5.9456, 56.6871 ] ] ], [ [ [ -5.8994, 56.7716 ], [ -5.8992, 56.7721 ], [ -5.8985, 56.772 ], [ -5.8994, 56.7716 ] ] ], [ [ [ -5.9522, 56.7816 ], [ -5.9513, 56.781 ], [ -5.9521, 56.781 ], [ -5.9522, 56.7816 ] ] ], [ [ [ -5.9594, 56.7838 ], [ -5.9609, 56.7845 ], [ -5.9603, 56.7843 ], [ -5.9594, 56.7838 ] ] ], [ [ [ -5.8855, 56.7871 ], [ -5.8828, 56.787 ], [ -5.8845, 56.787 ], [ -5.8855, 56.7871 ] ] ], [ [ [ -5.8275, 56.7862 ], [ -5.8313, 56.7883 ], [ -5.8265, 56.7886 ], [ -5.8275, 56.7862 ] ] ], [ [ [ -5.8115, 56.7874 ], [ -5.8162, 56.7887 ], [ -5.8139, 56.79 ], [ -5.8115, 56.7874 ] ] ], [ [ [ -5.872, 56.7892 ], [ -5.8725, 56.7903 ], [ -5.8703, 56.7894 ], [ -5.872, 56.7892 ] ] ], [ [ [ -5.8812, 56.7898 ], [ -5.8807, 56.7904 ], [ -5.8806, 56.7899 ], [ -5.8812, 56.7898 ] ] ], [ [ [ -5.8847, 56.7905 ], [ -5.8856, 56.7911 ], [ -5.8846, 56.7913 ], [ -5.8847, 56.7905 ] ] ], [ [ [ -5.8866, 56.7909 ], [ -5.8878, 56.7914 ], [ -5.8859, 56.7913 ], [ -5.8866, 56.7909 ] ] ], [ [ [ -5.8893, 56.7957 ], [ -5.8898, 56.7947 ], [ -5.8908, 56.7954 ], [ -5.8893, 56.7957 ] ] ], [ [ [ -5.834, 56.7958 ], [ -5.8092, 56.7935 ], [ -5.8875, 56.7926 ], [ -5.834, 56.7958 ] ] ], [ [ [ -5.8771, 56.818 ], [ -5.8767, 56.8194 ], [ -5.8758, 56.8194 ], [ -5.8771, 56.818 ] ] ], [ [ [ -5.873, 56.8165 ], [ -5.8719, 56.8201 ], [ -5.8699, 56.8177 ], [ -5.873, 56.8165 ] ] ], [ [ [ -5.8331, 56.8352 ], [ -5.8375, 56.8348 ], [ -5.8358, 56.8367 ], [ -5.8331, 56.8352 ] ] ], [ [ [ -5.7363, 56.8461 ], [ -5.7401, 56.8467 ], [ -5.7386, 56.8467 ], [ -5.7363, 56.8461 ] ] ], [ [ [ -5.7821, 56.8493 ], [ -5.7814, 56.8513 ], [ -5.7818, 56.8472 ], [ -5.7821, 56.8493 ] ] ], [ [ [ -5.7396, 56.8492 ], [ -5.7409, 56.8501 ], [ -5.7368, 56.85 ], [ -5.7396, 56.8492 ] ] ], [ [ [ -5.7426, 56.8533 ], [ -5.7388, 56.8543 ], [ -5.7353, 56.8522 ], [ -5.7426, 56.8533 ] ] ], [ [ [ -5.7586, 56.8556 ], [ -5.7585, 56.8549 ], [ -5.76, 56.8552 ], [ -5.7586, 56.8556 ] ] ], [ [ [ -5.7859, 56.8568 ], [ -5.7841, 56.855 ], [ -5.7863, 56.8553 ], [ -5.7859, 56.8568 ] ] ], [ [ [ -5.8889, 56.8628 ], [ -5.8895, 56.8634 ], [ -5.8873, 56.8636 ], [ -5.8889, 56.8628 ] ] ], [ [ [ -5.895, 56.8736 ], [ -5.8949, 56.8724 ], [ -5.8983, 56.8725 ], [ -5.895, 56.8736 ] ] ], [ [ [ -5.8294, 56.8754 ], [ -5.8292, 56.8751 ], [ -5.8322, 56.874 ], [ -5.8294, 56.8754 ] ] ], [ [ [ -5.8177, 56.8779 ], [ -5.8201, 56.8779 ], [ -5.8174, 56.8786 ], [ -5.8177, 56.8779 ] ] ], [ [ [ -5.8239, 56.8808 ], [ -5.8245, 56.8813 ], [ -5.8218, 56.8821 ], [ -5.8239, 56.8808 ] ] ], [ [ [ -5.8201, 56.8853 ], [ -5.8183, 56.8846 ], [ -5.8223, 56.8823 ], [ -5.8201, 56.8853 ] ] ], [ [ [ -5.8042, 56.8844 ], [ -5.8054, 56.8847 ], [ -5.805, 56.8855 ], [ -5.8042, 56.8844 ] ] ], [ [ [ -5.7446, 56.8911 ], [ -5.7441, 56.8915 ], [ -5.7436, 56.8912 ], [ -5.7446, 56.8911 ] ] ], [ [ [ -5.7524, 56.8922 ], [ -5.7491, 56.8916 ], [ -5.75, 56.8907 ], [ -5.7524, 56.8922 ] ] ], [ [ [ -5.7431, 56.8914 ], [ -5.7436, 56.8917 ], [ -5.7428, 56.8916 ], [ -5.7431, 56.8914 ] ] ], [ [ [ -5.7405, 56.894 ], [ -5.7416, 56.8941 ], [ -5.741, 56.8947 ], [ -5.7405, 56.894 ] ] ], [ [ [ -5.9288, 56.9009 ], [ -5.9343, 56.9023 ], [ -5.9293, 56.9052 ], [ -5.9288, 56.9009 ] ] ], [ [ [ -5.9077, 56.9061 ], [ -5.9091, 56.9069 ], [ -5.9084, 56.907 ], [ -5.9077, 56.9061 ] ] ], [ [ [ -5.9041, 56.9134 ], [ -5.9043, 56.9137 ], [ -5.902, 56.914 ], [ -5.9041, 56.9134 ] ] ], [ [ [ -5.9191, 56.915 ], [ -5.9179, 56.9158 ], [ -5.9174, 56.9151 ], [ -5.9191, 56.915 ] ] ], [ [ [ -5.914, 56.9165 ], [ -5.9083, 56.9158 ], [ -5.9104, 56.9145 ], [ -5.914, 56.9165 ] ] ], [ [ [ -5.9159, 56.9147 ], [ -5.9167, 56.9154 ], [ -5.9152, 56.9166 ], [ -5.9159, 56.9147 ] ] ], [ [ [ -5.8854, 56.9177 ], [ -5.8848, 56.9186 ], [ -5.8844, 56.9179 ], [ -5.8854, 56.9177 ] ] ], [ [ [ -5.8857, 56.9192 ], [ -5.8872, 56.9179 ], [ -5.8873, 56.9191 ], [ -5.8857, 56.9192 ] ] ], [ [ [ -5.8862, 56.9199 ], [ -5.9002, 56.9197 ], [ -5.8903, 56.9261 ], [ -5.8862, 56.9199 ] ] ], [ [ [ -5.8855, 56.9244 ], [ -5.8847, 56.9234 ], [ -5.8857, 56.9233 ], [ -5.8855, 56.9244 ] ] ], [ [ [ -5.8629, 56.9426 ], [ -5.8625, 56.9433 ], [ -5.8611, 56.9427 ], [ -5.8629, 56.9426 ] ] ], [ [ [ -5.8569, 56.9426 ], [ -5.8597, 56.9423 ], [ -5.8589, 56.9439 ], [ -5.8569, 56.9426 ] ] ], [ [ [ -5.86, 56.9483 ], [ -5.8595, 56.9486 ], [ -5.8591, 56.9478 ], [ -5.86, 56.9483 ] ] ], [ [ [ -5.8727, 56.9524 ], [ -5.8731, 56.9527 ], [ -5.8719, 56.9528 ], [ -5.8727, 56.9524 ] ] ], [ [ [ -5.8727, 56.9558 ], [ -5.8728, 56.9561 ], [ -5.8719, 56.9564 ], [ -5.8714, 56.956 ], [ -5.8727, 56.9558 ] ] ], [ [ [ -5.859, 56.9567 ], [ -5.8595, 56.9573 ], [ -5.8585, 56.957 ], [ -5.859, 56.9567 ] ] ], [ [ [ -5.8573, 56.9568 ], [ -5.8571, 56.9576 ], [ -5.8563, 56.9574 ], [ -5.8573, 56.9568 ] ] ], [ [ [ -5.8352, 57.0055 ], [ -5.836, 57.0055 ], [ -5.8358, 57.0058 ], [ -5.8352, 57.0055 ] ] ], [ [ [ -6.0214, 57.0194 ], [ -6.0221, 57.0196 ], [ -6.0218, 57.0204 ], [ -6.0214, 57.0194 ] ] ], [ [ [ -5.7798, 57.0368 ], [ -5.779, 57.0363 ], [ -5.7812, 57.0356 ], [ -5.7798, 57.0368 ] ] ], [ [ [ -5.7837, 57.0419 ], [ -5.7839, 57.0421 ], [ -5.7823, 57.0432 ], [ -5.7837, 57.0419 ] ] ], [ [ [ -5.7714, 57.0848 ], [ -5.7704, 57.086 ], [ -5.7699, 57.0853 ], [ -5.7714, 57.0848 ] ] ], [ [ [ -5.9759, 57.1393 ], [ -5.9789, 57.1381 ], [ -5.9793, 57.139 ], [ -5.9759, 57.1393 ] ] ], [ [ [ -5.7911, 57.1427 ], [ -5.7896, 57.1432 ], [ -5.7894, 57.1429 ], [ -5.7911, 57.1427 ] ] ], [ [ [ -5.7841, 57.143 ], [ -5.7844, 57.1434 ], [ -5.7803, 57.1437 ], [ -5.7841, 57.143 ] ] ], [ [ [ -5.7843, 57.1445 ], [ -5.7936, 57.1435 ], [ -5.7894, 57.1505 ], [ -5.7843, 57.1445 ] ] ], [ [ [ -5.9343, 57.17 ], [ -5.9336, 57.1701 ], [ -5.9332, 57.1699 ], [ -5.9328, 57.1695 ], [ -5.9343, 57.17 ] ] ], [ [ [ -5.8982, 57.1738 ], [ -5.8948, 57.1766 ], [ -5.8902, 57.1728 ], [ -5.8982, 57.1738 ] ] ], [ [ [ -5.9213, 57.2753 ], [ -5.9208, 57.2764 ], [ -5.9184, 57.2734 ], [ -5.9213, 57.2753 ] ] ], [ [ [ -5.8645, 57.2685 ], [ -5.871, 57.276 ], [ -5.8552, 57.2826 ], [ -5.8645, 57.2685 ] ] ], [ [ [ -5.7401, 57.2777 ], [ -5.7424, 57.2783 ], [ -5.74, 57.2802 ], [ -5.7401, 57.2777 ] ] ], [ [ [ -5.7395, 57.2895 ], [ -5.7353, 57.2884 ], [ -5.7365, 57.286 ], [ -5.7395, 57.2895 ] ] ], [ [ [ -5.9263, 57.3082 ], [ -5.9256, 57.2835 ], [ -6.0229, 57.3047 ], [ -5.9263, 57.3082 ] ] ], [ [ [ -5.8849, 57.311 ], [ -5.8836, 57.3087 ], [ -5.8932, 57.306 ], [ -5.8849, 57.311 ] ] ], [ [ [ -5.9254, 57.3257 ], [ -5.9275, 57.3258 ], [ -5.9255, 57.327 ], [ -5.9254, 57.3257 ] ] ], [ [ [ -5.8412, 57.3382 ], [ -5.8194, 57.3358 ], [ -5.8455, 57.335 ], [ -5.8412, 57.3382 ] ] ], [ [ [ -5.8406, 57.3723 ], [ -5.8354, 57.3756 ], [ -5.8354, 57.372 ], [ -5.8406, 57.3723 ] ] ], [ [ [ -5.8306, 57.4028 ], [ -5.828, 57.4061 ], [ -5.8252, 57.4042 ], [ -5.8306, 57.4028 ] ] ], [ [ [ -6.0283, 57.4712 ], [ -6.0294, 57.4712 ], [ -6.0288, 57.4717 ], [ -6.0283, 57.4712 ] ] ], [ [ [ -6.0252, 57.4755 ], [ -6.0341, 57.4897 ], [ -6.0253, 57.4965 ], [ -6.0252, 57.4755 ] ] ], [ [ [ -5.9787, 57.509 ], [ -5.979, 57.5095 ], [ -5.9783, 57.5093 ], [ -5.9787, 57.509 ] ] ], [ [ [ -5.9864, 57.5087 ], [ -5.9887, 57.5097 ], [ -5.9877, 57.5094 ], [ -5.9864, 57.5087 ] ] ], [ [ [ -5.9802, 57.5097 ], [ -5.9838, 57.5116 ], [ -5.9821, 57.5113 ], [ -5.9802, 57.5097 ] ] ], [ [ [ -5.9926, 57.5064 ], [ -6.014, 57.5145 ], [ -6.0015, 57.516 ], [ -5.9926, 57.5064 ] ] ], [ [ [ -5.9826, 57.5128 ], [ -5.9842, 57.5146 ], [ -5.9755, 57.5133 ], [ -5.9826, 57.5128 ] ] ], [ [ [ -6.004, 57.5332 ], [ -5.998, 57.5332 ], [ -6.0006, 57.5314 ], [ -6.004, 57.5332 ] ] ], [ [ [ -6.0013, 57.5378 ], [ -6.003, 57.5385 ], [ -6.0026, 57.5389 ], [ -6.0013, 57.5378 ] ] ], [ [ [ -5.9545, 57.5646 ], [ -5.9804, 57.5149 ], [ -6.0011, 57.5427 ], [ -5.9545, 57.5646 ] ] ], [ [ [ -5.7511, 57.5609 ], [ -5.7506, 57.5586 ], [ -5.7538, 57.5595 ], [ -5.7511, 57.5609 ] ] ], [ [ [ -5.991, 57.5719 ], [ -5.9898, 57.5715 ], [ -5.9906, 57.5714 ], [ -5.991, 57.5719 ] ] ], [ [ [ -5.989, 57.5721 ], [ -5.9897, 57.5726 ], [ -5.9887, 57.5725 ], [ -5.989, 57.5721 ] ] ], [ [ [ -5.9871, 57.5749 ], [ -5.9882, 57.5753 ], [ -5.9874, 57.5753 ], [ -5.9871, 57.5749 ] ] ], [ [ [ -5.9774, 57.5838 ], [ -5.9764, 57.5836 ], [ -5.9772, 57.5826 ], [ -5.9774, 57.5838 ] ] ], [ [ [ -5.9643, 57.5844 ], [ -5.9646, 57.5852 ], [ -5.9639, 57.5851 ], [ -5.9643, 57.5844 ] ] ], [ [ [ -5.9684, 57.5848 ], [ -5.9688, 57.5852 ], [ -5.9682, 57.5851 ], [ -5.9684, 57.5848 ] ] ], [ [ [ -5.97, 57.5865 ], [ -5.9699, 57.5868 ], [ -5.9695, 57.5867 ], [ -5.97, 57.5865 ] ] ], [ [ [ -5.8026, 57.6347 ], [ -5.8023, 57.6351 ], [ -5.8018, 57.6349 ], [ -5.8026, 57.6347 ] ] ], [ [ [ -5.7895, 57.737 ], [ -5.8012, 57.7265 ], [ -5.8241, 57.7341 ], [ -5.7895, 57.737 ] ] ], [ [ [ -5.8082, 57.8619 ], [ -5.8066, 57.8624 ], [ -5.8068, 57.8619 ], [ -5.8082, 57.8619 ] ] ], [ [ [ -5.8115, 59.114 ], [ -5.8125, 59.114 ], [ -5.8109, 59.1146 ], [ -5.8115, 59.114 ] ] ], [ [ [ -5.8432, 59.1182 ], [ -5.842, 59.1174 ], [ -5.8455, 59.1181 ], [ -5.8432, 59.1182 ] ] ], [ [ [ -5.813, 59.119 ], [ -5.8275, 59.1195 ], [ -5.8383, 59.116 ], [ -5.8431, 59.1169 ], [ -5.842, 59.1174 ], [ -5.8226, 59.126 ], [ -5.813, 59.119 ] ] ], [ [ [ -5.6746, 50.1617 ], [ -5.6748, 50.1623 ], [ -5.6736, 50.1626 ], [ -5.6746, 50.1617 ] ] ], [ [ [ -5.6689, 51.7209 ], [ -5.6687, 51.721 ], [ -5.6689, 51.7205 ], [ -5.6689, 51.7209 ] ] ], [ [ [ -5.582, 55.2746 ], [ -5.5978, 55.2793 ], [ -5.5723, 55.2866 ], [ -5.582, 55.2746 ] ] ], [ [ [ -5.5552, 55.2877 ], [ -5.5588, 55.2871 ], [ -5.5584, 55.2877 ], [ -5.5552, 55.2877 ] ] ], [ [ [ -5.5724, 55.2939 ], [ -5.5692, 55.2906 ], [ -5.5729, 55.2895 ], [ -5.5724, 55.2939 ] ] ], [ [ [ -5.5398, 55.4284 ], [ -5.5363, 55.4232 ], [ -5.5538, 55.4249 ], [ -5.5398, 55.4284 ] ] ], [ [ [ -5.5284, 55.4758 ], [ -5.5284, 55.4751 ], [ -5.5295, 55.4754 ], [ -5.5284, 55.4758 ] ] ], [ [ [ -5.5137, 55.4904 ], [ -5.5146, 55.4905 ], [ -5.5135, 55.4913 ], [ -5.5137, 55.4904 ] ] ], [ [ [ -5.7277, 55.6628 ], [ -5.7274, 55.6624 ], [ -5.7281, 55.6618 ], [ -5.7277, 55.6628 ] ] ], [ [ [ -5.7317, 55.6696 ], [ -5.7333, 55.6702 ], [ -5.7311, 55.6714 ], [ -5.7317, 55.6696 ] ] ], [ [ [ -5.7295, 55.6708 ], [ -5.7302, 55.6704 ], [ -5.7302, 55.6708 ], [ -5.7295, 55.6708 ] ] ], [ [ [ -5.7316, 55.6792 ], [ -5.7319, 55.6793 ], [ -5.7312, 55.6799 ], [ -5.7316, 55.6792 ] ] ], [ [ [ -5.7305, 55.6844 ], [ -5.7304, 55.6837 ], [ -5.7311, 55.6834 ], [ -5.7305, 55.6844 ] ] ], [ [ [ -5.7233, 55.6861 ], [ -5.7239, 55.686 ], [ -5.7239, 55.6872 ], [ -5.7233, 55.6861 ] ] ], [ [ [ -5.7362, 55.7189 ], [ -5.736, 55.7184 ], [ -5.7367, 55.7182 ], [ -5.7362, 55.7189 ] ] ], [ [ [ -5.7134, 55.7193 ], [ -5.7132, 55.7196 ], [ -5.7129, 55.7194 ], [ -5.7134, 55.7193 ] ] ], [ [ [ -5.7373, 55.7201 ], [ -5.7373, 55.7205 ], [ -5.7366, 55.7207 ], [ -5.7373, 55.7201 ] ] ], [ [ [ -5.7284, 55.7266 ], [ -5.7277, 55.7264 ], [ -5.7283, 55.7257 ], [ -5.7284, 55.7266 ] ] ], [ [ [ -5.7279, 55.7271 ], [ -5.7273, 55.7276 ], [ -5.7273, 55.7273 ], [ -5.7279, 55.7271 ] ] ], [ [ [ -5.7266, 55.7292 ], [ -5.7268, 55.7295 ], [ -5.7262, 55.7297 ], [ -5.7266, 55.7292 ] ] ], [ [ [ -5.7217, 55.7359 ], [ -5.7213, 55.7362 ], [ -5.7214, 55.7359 ], [ -5.7217, 55.7359 ] ] ], [ [ [ -5.7212, 55.7366 ], [ -5.721, 55.737 ], [ -5.7205, 55.7369 ], [ -5.7212, 55.7366 ] ] ], [ [ [ -5.7203, 55.7383 ], [ -5.7207, 55.7376 ], [ -5.7217, 55.7373 ], [ -5.7203, 55.7383 ] ] ], [ [ [ -5.5965, 55.759 ], [ -5.5983, 55.7596 ], [ -5.5927, 55.7644 ], [ -5.5965, 55.759 ] ] ], [ [ [ -5.6615, 55.8911 ], [ -5.6625, 55.8905 ], [ -5.6616, 55.8913 ], [ -5.6615, 55.8911 ] ] ], [ [ [ -5.688, 55.891 ], [ -5.6868, 55.892 ], [ -5.6868, 55.8913 ], [ -5.688, 55.891 ] ] ], [ [ [ -5.6632, 55.8915 ], [ -5.6587, 55.895 ], [ -5.6599, 55.8934 ], [ -5.6632, 55.8915 ] ] ], [ [ [ -5.6619, 55.8941 ], [ -5.6601, 55.8954 ], [ -5.6605, 55.8945 ], [ -5.6619, 55.8941 ] ] ], [ [ [ -5.6888, 55.8973 ], [ -5.6908, 55.8957 ], [ -5.6905, 55.8966 ], [ -5.6888, 55.8973 ] ] ], [ [ [ -5.6875, 55.8978 ], [ -5.6873, 55.898 ], [ -5.6873, 55.8975 ], [ -5.6875, 55.8978 ] ] ], [ [ [ -5.6864, 55.8989 ], [ -5.6867, 55.8994 ], [ -5.686, 55.8995 ], [ -5.6864, 55.8989 ] ] ], [ [ [ -5.637, 55.9073 ], [ -5.6374, 55.9079 ], [ -5.637, 55.909 ], [ -5.637, 55.9073 ] ] ], [ [ [ -5.7382, 55.9159 ], [ -5.7307, 55.9168 ], [ -5.7347, 55.9111 ], [ -5.7382, 55.9159 ] ] ], [ [ [ -5.7, 55.9168 ], [ -5.6964, 55.919 ], [ -5.6969, 55.9175 ], [ -5.7, 55.9168 ] ] ], [ [ [ -5.721, 55.9184 ], [ -5.7163, 55.9221 ], [ -5.7162, 55.9194 ], [ -5.721, 55.9184 ] ] ], [ [ [ -5.6889, 55.9183 ], [ -5.6863, 55.9205 ], [ -5.6867, 55.9195 ], [ -5.6889, 55.9183 ] ] ], [ [ [ -5.712, 55.9209 ], [ -5.7153, 55.9175 ], [ -5.7156, 55.9196 ], [ -5.712, 55.9209 ] ] ], [ [ [ -5.6002, 55.9226 ], [ -5.5983, 55.9242 ], [ -5.5991, 55.923 ], [ -5.6002, 55.9226 ] ] ], [ [ [ -5.6036, 55.9277 ], [ -5.6031, 55.9286 ], [ -5.6021, 55.9287 ], [ -5.6036, 55.9277 ] ] ], [ [ [ -5.7047, 55.929 ], [ -5.7044, 55.93 ], [ -5.7034, 55.9308 ], [ -5.7047, 55.929 ] ] ], [ [ [ -5.6913, 55.9305 ], [ -5.6909, 55.9305 ], [ -5.6916, 55.9297 ], [ -5.6913, 55.9305 ] ] ], [ [ [ -5.701, 55.9327 ], [ -5.7032, 55.9312 ], [ -5.7026, 55.9337 ], [ -5.701, 55.9327 ] ] ], [ [ [ -5.7061, 55.9383 ], [ -5.7091, 55.936 ], [ -5.7074, 55.9384 ], [ -5.7061, 55.9383 ] ] ], [ [ [ -5.7079, 55.9429 ], [ -5.7063, 55.9445 ], [ -5.7087, 55.9406 ], [ -5.7079, 55.9429 ] ] ], [ [ [ -5.6989, 55.9536 ], [ -5.6803, 55.9519 ], [ -5.667, 55.9632 ], [ -5.6938, 55.9332 ], [ -5.6989, 55.9536 ] ] ], [ [ [ -5.6567, 55.9787 ], [ -5.6622, 55.9778 ], [ -5.6608, 55.9794 ], [ -5.6567, 55.9787 ] ] ], [ [ [ -5.6555, 55.9821 ], [ -5.652, 55.9824 ], [ -5.6509, 55.9797 ], [ -5.6555, 55.9821 ] ] ], [ [ [ -5.6408, 55.9861 ], [ -5.6486, 55.98 ], [ -5.6477, 55.9825 ], [ -5.6408, 55.9861 ] ] ], [ [ [ -5.6786, 56.0076 ], [ -5.6773, 56.0091 ], [ -5.6774, 56.0082 ], [ -5.6786, 56.0076 ] ] ], [ [ [ -5.5999, 56.0095 ], [ -5.6053, 56.0057 ], [ -5.6073, 56.0067 ], [ -5.5999, 56.0095 ] ] ], [ [ [ -5.6057, 56.0113 ], [ -5.607, 56.01 ], [ -5.6069, 56.0113 ], [ -5.6057, 56.0113 ] ] ], [ [ [ -5.6717, 56.0156 ], [ -5.6691, 56.0163 ], [ -5.6717, 56.0137 ], [ -5.6717, 56.0156 ] ] ], [ [ [ -5.6685, 56.014 ], [ -5.6713, 56.0117 ], [ -5.6716, 56.0125 ], [ -5.6685, 56.014 ] ] ], [ [ [ -5.5751, 56.0173 ], [ -5.5758, 56.0175 ], [ -5.5732, 56.0192 ], [ -5.5751, 56.0173 ] ] ], [ [ [ -5.6645, 56.0212 ], [ -5.6587, 56.0279 ], [ -5.6585, 56.0245 ], [ -5.6645, 56.0212 ] ] ], [ [ [ -5.659, 56.0215 ], [ -5.6602, 56.0212 ], [ -5.6494, 56.0307 ], [ -5.659, 56.0215 ] ] ], [ [ [ -5.5921, 56.0315 ], [ -5.5902, 56.0326 ], [ -5.5913, 56.0312 ], [ -5.5921, 56.0315 ] ] ], [ [ [ -5.5855, 56.0345 ], [ -5.5894, 56.0314 ], [ -5.5891, 56.0325 ], [ -5.5855, 56.0345 ] ] ], [ [ [ -5.5871, 56.0353 ], [ -5.5861, 56.0353 ], [ -5.588, 56.0338 ], [ -5.5871, 56.0353 ] ] ], [ [ [ -5.5851, 56.0366 ], [ -5.5839, 56.0373 ], [ -5.5853, 56.0361 ], [ -5.5851, 56.0366 ] ] ], [ [ [ -5.6437, 56.0371 ], [ -5.6457, 56.0373 ], [ -5.6442, 56.0419 ], [ -5.6437, 56.0371 ] ] ], [ [ [ -5.6628, 56.0716 ], [ -5.6631, 56.0718 ], [ -5.6603, 56.0734 ], [ -5.6628, 56.0716 ] ] ], [ [ [ -5.5687, 56.0913 ], [ -5.567, 56.093 ], [ -5.5654, 56.0908 ], [ -5.5687, 56.0913 ] ] ], [ [ [ -5.5417, 56.0926 ], [ -5.543, 56.0928 ], [ -5.5409, 56.0954 ], [ -5.5417, 56.0926 ] ] ], [ [ [ -5.6232, 56.1074 ], [ -5.6261, 56.1051 ], [ -5.6247, 56.1068 ], [ -5.6232, 56.1074 ] ] ], [ [ [ -5.626, 56.1094 ], [ -5.6251, 56.1101 ], [ -5.6249, 56.1098 ], [ -5.626, 56.1094 ] ] ], [ [ [ -5.6248, 56.1105 ], [ -5.6252, 56.1106 ], [ -5.6249, 56.111 ], [ -5.6248, 56.1105 ] ] ], [ [ [ -5.5772, 56.1103 ], [ -5.5762, 56.1124 ], [ -5.5751, 56.1124 ], [ -5.5772, 56.1103 ] ] ], [ [ [ -5.6207, 56.1127 ], [ -5.6163, 56.1149 ], [ -5.6207, 56.1107 ], [ -5.6207, 56.1127 ] ] ], [ [ [ -5.6198, 56.1151 ], [ -5.6197, 56.1151 ], [ -5.6199, 56.1141 ], [ -5.6198, 56.1151 ] ] ], [ [ [ -5.6285, 56.1152 ], [ -5.6262, 56.1176 ], [ -5.6276, 56.1155 ], [ -5.6285, 56.1152 ] ] ], [ [ [ -5.6152, 56.1175 ], [ -5.614, 56.1176 ], [ -5.6159, 56.1153 ], [ -5.6152, 56.1175 ] ] ], [ [ [ -5.6072, 56.1236 ], [ -5.6156, 56.1177 ], [ -5.6132, 56.1204 ], [ -5.6072, 56.1236 ] ] ], [ [ [ -5.5787, 56.1208 ], [ -5.5761, 56.1226 ], [ -5.5761, 56.1218 ], [ -5.5787, 56.1208 ] ] ], [ [ [ -5.5767, 56.1247 ], [ -5.5763, 56.1256 ], [ -5.5759, 56.1249 ], [ -5.5767, 56.1247 ] ] ], [ [ [ -5.6444, 56.1334 ], [ -5.6449, 56.1342 ], [ -5.6417, 56.1354 ], [ -5.6481, 56.129 ], [ -5.6444, 56.1334 ] ] ], [ [ [ -5.572, 56.1281 ], [ -5.5742, 56.128 ], [ -5.5561, 56.1419 ], [ -5.572, 56.1281 ] ] ], [ [ [ -5.6297, 56.142 ], [ -5.6303, 56.1424 ], [ -5.6284, 56.1442 ], [ -5.6297, 56.142 ] ] ], [ [ [ -5.5547, 56.1455 ], [ -5.5596, 56.1427 ], [ -5.5601, 56.1433 ], [ -5.5547, 56.1455 ] ] ], [ [ [ -5.729, 56.146 ], [ -5.7285, 56.1453 ], [ -5.73, 56.145 ], [ -5.729, 56.146 ] ] ], [ [ [ -5.6258, 56.1468 ], [ -5.6248, 56.1484 ], [ -5.625, 56.1474 ], [ -5.6258, 56.1468 ] ] ], [ [ [ -5.6238, 56.1511 ], [ -5.6196, 56.1517 ], [ -5.6251, 56.1442 ], [ -5.6238, 56.1511 ] ] ], [ [ [ -5.5667, 56.1585 ], [ -5.5631, 56.1581 ], [ -5.5637, 56.1557 ], [ -5.5667, 56.1585 ] ] ], [ [ [ -5.5555, 56.1472 ], [ -5.5267, 56.1686 ], [ -5.5406, 56.1557 ], [ -5.5555, 56.1472 ] ] ], [ [ [ -5.6028, 56.1574 ], [ -5.6053, 56.1575 ], [ -5.6045, 56.1596 ], [ -5.6028, 56.1574 ] ] ], [ [ [ -5.5582, 56.1625 ], [ -5.551, 56.1636 ], [ -5.5605, 56.1556 ], [ -5.5582, 56.1625 ] ] ], [ [ [ -5.5276, 56.1801 ], [ -5.5487, 56.1653 ], [ -5.5451, 56.1709 ], [ -5.5276, 56.1801 ] ] ], [ [ [ -5.6723, 56.1682 ], [ -5.7517, 56.1679 ], [ -5.7254, 56.1907 ], [ -5.6723, 56.1682 ] ] ], [ [ [ -5.6407, 56.1888 ], [ -5.6352, 56.189 ], [ -5.6361, 56.1858 ], [ -5.6407, 56.1888 ] ] ], [ [ [ -5.6751, 56.1916 ], [ -5.6757, 56.1912 ], [ -5.6757, 56.1922 ], [ -5.6751, 56.1916 ] ] ], [ [ [ -5.6844, 56.2014 ], [ -5.687, 56.2017 ], [ -5.6867, 56.2019 ], [ -5.6844, 56.2014 ] ] ], [ [ [ -5.5679, 56.204 ], [ -5.5696, 56.2016 ], [ -5.5695, 56.2031 ], [ -5.5679, 56.204 ] ] ], [ [ [ -5.7237, 56.209 ], [ -5.7188, 56.2089 ], [ -5.7197, 56.206 ], [ -5.7237, 56.209 ] ] ], [ [ [ -5.5707, 56.2053 ], [ -5.5739, 56.2064 ], [ -5.57, 56.2096 ], [ -5.5707, 56.2053 ] ] ], [ [ [ -5.7126, 56.2083 ], [ -5.7119, 56.2085 ], [ -5.7116, 56.208 ], [ -5.7126, 56.2083 ] ] ], [ [ [ -5.5887, 56.2074 ], [ -5.6113, 56.1954 ], [ -5.6186, 56.209 ], [ -5.5887, 56.2074 ] ] ], [ [ [ -5.6854, 56.203 ], [ -5.7146, 56.21 ], [ -5.6907, 56.2367 ], [ -5.6854, 56.203 ] ] ], [ [ [ -5.5748, 56.2205 ], [ -5.5717, 56.2245 ], [ -5.5722, 56.2222 ], [ -5.5748, 56.2205 ] ] ], [ [ [ -5.7186, 56.226 ], [ -5.7204, 56.2254 ], [ -5.7194, 56.2263 ], [ -5.7186, 56.226 ] ] ], [ [ [ -5.6333, 56.2547 ], [ -5.6177, 56.2477 ], [ -5.6324, 56.1881 ], [ -5.6333, 56.2547 ] ] ], [ [ [ -5.72, 56.227 ], [ -5.7283, 56.2288 ], [ -5.7096, 56.2347 ], [ -5.72, 56.227 ] ] ], [ [ [ -5.6631, 56.2336 ], [ -5.6627, 56.2352 ], [ -5.6623, 56.235 ], [ -5.6631, 56.2336 ] ] ], [ [ [ -5.6683, 56.2361 ], [ -5.6682, 56.2357 ], [ -5.6687, 56.2354 ], [ -5.6683, 56.2361 ] ] ], [ [ [ -5.6605, 56.2357 ], [ -5.6607, 56.2367 ], [ -5.6594, 56.2366 ], [ -5.6605, 56.2357 ] ] ], [ [ [ -5.6656, 56.2398 ], [ -5.6619, 56.2388 ], [ -5.6639, 56.2338 ], [ -5.6656, 56.2398 ] ] ], [ [ [ -5.7208, 56.2398 ], [ -5.7162, 56.2378 ], [ -5.7179, 56.2349 ], [ -5.7208, 56.2398 ] ] ], [ [ [ -5.5799, 56.2398 ], [ -5.577, 56.2387 ], [ -5.5788, 56.238 ], [ -5.5799, 56.2398 ] ] ], [ [ [ -5.6023, 56.2408 ], [ -5.6021, 56.2415 ], [ -5.6009, 56.2412 ], [ -5.6023, 56.2408 ] ] ], [ [ [ -5.6945, 56.2416 ], [ -5.6964, 56.2428 ], [ -5.6962, 56.2435 ], [ -5.6945, 56.2416 ] ] ], [ [ [ -5.6596, 56.2441 ], [ -5.6613, 56.2411 ], [ -5.6614, 56.2432 ], [ -5.6596, 56.2441 ] ] ], [ [ [ -5.6586, 56.2432 ], [ -5.6571, 56.2466 ], [ -5.658, 56.2417 ], [ -5.6586, 56.2432 ] ] ], [ [ [ -5.655, 56.2445 ], [ -5.6569, 56.2407 ], [ -5.6576, 56.2411 ], [ -5.655, 56.2445 ] ] ], [ [ [ -5.67, 56.2461 ], [ -5.6693, 56.2464 ], [ -5.6694, 56.2455 ], [ -5.67, 56.2461 ] ] ], [ [ [ -5.682, 56.2488 ], [ -5.6799, 56.2484 ], [ -5.6814, 56.2478 ], [ -5.682, 56.2488 ] ] ], [ [ [ -5.6591, 56.251 ], [ -5.6582, 56.2503 ], [ -5.6592, 56.2498 ], [ -5.6591, 56.251 ] ] ], [ [ [ -5.6913, 56.2536 ], [ -5.6893, 56.2512 ], [ -5.6938, 56.2509 ], [ -5.6913, 56.2536 ] ] ], [ [ [ -5.5521, 56.2577 ], [ -5.5497, 56.2577 ], [ -5.5508, 56.2559 ], [ -5.5521, 56.2577 ] ] ], [ [ [ -5.6262, 56.2539 ], [ -5.6094, 56.2658 ], [ -5.607, 56.2594 ], [ -5.6262, 56.2539 ] ] ], [ [ [ -5.6237, 56.2588 ], [ -5.623, 56.2582 ], [ -5.6233, 56.2581 ], [ -5.6237, 56.2588 ] ] ], [ [ [ -5.6212, 56.2603 ], [ -5.6197, 56.2608 ], [ -5.6207, 56.2598 ], [ -5.6212, 56.2603 ] ] ], [ [ [ -5.5881, 56.2841 ], [ -5.5872, 56.2839 ], [ -5.5888, 56.2822 ], [ -5.5881, 56.2841 ] ] ], [ [ [ -5.6533, 56.2898 ], [ -5.6641, 56.2894 ], [ -5.6606, 56.2943 ], [ -5.6533, 56.2898 ] ] ], [ [ [ -5.5965, 56.2945 ], [ -5.5956, 56.2939 ], [ -5.6006, 56.2928 ], [ -5.5965, 56.2945 ] ] ], [ [ [ -5.6225, 56.2651 ], [ -5.6542, 56.2969 ], [ -5.6174, 56.3224 ], [ -5.6115, 56.3095 ], [ -5.6018, 56.3117 ], [ -5.5812, 56.3271 ], [ -5.6225, 56.2651 ] ] ], [ [ [ -5.6765, 56.3108 ], [ -5.6619, 56.317 ], [ -5.6619, 56.3153 ], [ -5.6765, 56.3108 ] ] ], [ [ [ -5.5987, 56.3165 ], [ -5.599, 56.317 ], [ -5.5985, 56.3174 ], [ -5.5987, 56.3165 ] ] ], [ [ [ -5.6114, 56.318 ], [ -5.611, 56.3186 ], [ -5.6102, 56.3188 ], [ -5.6114, 56.318 ] ] ], [ [ [ -5.61, 56.3182 ], [ -5.6086, 56.3189 ], [ -5.6084, 56.3184 ], [ -5.61, 56.3182 ] ] ], [ [ [ -5.6057, 56.3186 ], [ -5.6076, 56.3188 ], [ -5.6055, 56.3204 ], [ -5.6057, 56.3186 ] ] ], [ [ [ -5.5913, 56.3218 ], [ -5.5949, 56.3205 ], [ -5.5932, 56.3225 ], [ -5.5913, 56.3218 ] ] ], [ [ [ -5.592, 56.3238 ], [ -5.5916, 56.3237 ], [ -5.5919, 56.3229 ], [ -5.592, 56.3238 ] ] ], [ [ [ -5.589, 56.326 ], [ -5.5881, 56.3249 ], [ -5.5914, 56.3225 ], [ -5.5899, 56.3241 ], [ -5.589, 56.326 ] ] ], [ [ [ -5.5859, 56.3251 ], [ -5.5837, 56.3266 ], [ -5.5843, 56.3256 ], [ -5.5859, 56.3251 ] ] ], [ [ [ -5.584, 56.3296 ], [ -5.5898, 56.3271 ], [ -5.5873, 56.3287 ], [ -5.584, 56.3296 ] ] ], [ [ [ -5.5892, 56.3278 ], [ -5.5902, 56.3278 ], [ -5.5886, 56.3285 ], [ -5.5892, 56.3278 ] ] ], [ [ [ -5.5905, 56.3337 ], [ -5.5881, 56.3323 ], [ -5.5941, 56.3299 ], [ -5.5905, 56.3337 ] ] ], [ [ [ -5.621, 56.3677 ], [ -5.6196, 56.3669 ], [ -5.6217, 56.3662 ], [ -5.621, 56.3677 ] ] ], [ [ [ -5.5718, 56.3805 ], [ -5.5764, 56.3787 ], [ -5.5756, 56.3805 ], [ -5.5728, 56.3811 ], [ -5.5739, 56.3801 ], [ -5.5718, 56.3805 ] ] ], [ [ [ -5.5993, 56.3805 ], [ -5.6027, 56.3821 ], [ -5.5993, 56.3828 ], [ -5.5993, 56.3805 ] ] ], [ [ [ -5.5516, 56.3728 ], [ -5.5646, 56.3821 ], [ -5.589, 56.3804 ], [ -5.4914, 56.4203 ], [ -5.5516, 56.3728 ] ] ], [ [ [ -5.7184, 56.406 ], [ -5.7169, 56.4055 ], [ -5.7172, 56.4052 ], [ -5.7184, 56.406 ] ] ], [ [ [ -5.5404, 56.4135 ], [ -5.5407, 56.4153 ], [ -5.5376, 56.4162 ], [ -5.5404, 56.4135 ] ] ], [ [ [ -5.5268, 56.416 ], [ -5.5252, 56.4157 ], [ -5.528, 56.4152 ], [ -5.5268, 56.416 ] ] ], [ [ [ -5.535, 56.4158 ], [ -5.5369, 56.415 ], [ -5.5361, 56.4159 ], [ -5.535, 56.4158 ] ] ], [ [ [ -5.6476, 56.4247 ], [ -5.6474, 56.4259 ], [ -5.647, 56.4252 ], [ -5.6476, 56.4247 ] ] ], [ [ [ -5.6475, 56.4263 ], [ -5.6477, 56.4267 ], [ -5.6471, 56.427 ], [ -5.6475, 56.4263 ] ] ], [ [ [ -5.6028, 56.4583 ], [ -5.6008, 56.4597 ], [ -5.6025, 56.4573 ], [ -5.6084, 56.455 ], [ -5.6028, 56.4583 ] ] ], [ [ [ -5.6808, 56.4616 ], [ -5.68, 56.4614 ], [ -5.6807, 56.4609 ], [ -5.6808, 56.4616 ] ] ], [ [ [ -5.5162, 56.477 ], [ -5.5144, 56.4769 ], [ -5.5168, 56.475 ], [ -5.5162, 56.477 ] ] ], [ [ [ -5.5271, 56.4836 ], [ -5.5284, 56.4833 ], [ -5.5279, 56.4848 ], [ -5.5271, 56.4836 ] ] ], [ [ [ -5.519, 56.4871 ], [ -5.5264, 56.4847 ], [ -5.5256, 56.4867 ], [ -5.519, 56.4871 ] ] ], [ [ [ -5.5858, 56.491 ], [ -5.5953, 56.4908 ], [ -5.5742, 56.4966 ], [ -5.5858, 56.491 ] ] ], [ [ [ -5.6968, 56.5008 ], [ -5.7008, 56.5023 ], [ -5.6974, 56.5037 ], [ -5.6968, 56.5008 ] ] ], [ [ [ -5.662, 56.6841 ], [ -5.6568, 56.6815 ], [ -5.6617, 56.6802 ], [ -5.662, 56.6841 ] ] ], [ [ [ -5.6816, 56.6879 ], [ -5.6818, 56.6881 ], [ -5.6813, 56.6881 ], [ -5.6816, 56.6879 ] ] ], [ [ [ -5.6827, 56.6932 ], [ -5.6804, 56.6925 ], [ -5.6818, 56.6925 ], [ -5.6827, 56.6932 ] ] ], [ [ [ -5.6891, 56.6952 ], [ -5.6928, 56.6934 ], [ -5.6927, 56.6953 ], [ -5.6891, 56.6952 ] ] ], [ [ [ -5.6979, 56.6959 ], [ -5.6965, 56.6955 ], [ -5.6977, 56.6952 ], [ -5.6979, 56.6959 ] ] ], [ [ [ -5.7196, 56.849 ], [ -5.7226, 56.8496 ], [ -5.722, 56.85 ], [ -5.7196, 56.849 ] ] ], [ [ [ -5.6988, 56.868 ], [ -5.6974, 56.8682 ], [ -5.6978, 56.8673 ], [ -5.6988, 56.868 ] ] ], [ [ [ -5.6352, 56.9859 ], [ -5.6366, 56.9866 ], [ -5.6356, 56.9871 ], [ -5.6352, 56.9859 ] ] ], [ [ [ -5.5356, 56.997 ], [ -5.536, 56.9975 ], [ -5.5336, 56.9984 ], [ -5.5356, 56.997 ] ] ], [ [ [ -5.5282, 57.0973 ], [ -5.5283, 57.0979 ], [ -5.5269, 57.0981 ], [ -5.5282, 57.0973 ] ] ], [ [ [ -5.5284, 57.0995 ], [ -5.5278, 57.0992 ], [ -5.5288, 57.0991 ], [ -5.5284, 57.0995 ] ] ], [ [ [ -5.5272, 57.1006 ], [ -5.5283, 57.1009 ], [ -5.5273, 57.1011 ], [ -5.5272, 57.1006 ] ] ], [ [ [ -5.5847, 57.1153 ], [ -5.5826, 57.1151 ], [ -5.5839, 57.114 ], [ -5.5847, 57.1153 ] ] ], [ [ [ -5.6103, 57.1403 ], [ -5.6107, 57.1405 ], [ -5.6085, 57.1413 ], [ -5.6103, 57.1403 ] ] ], [ [ [ -5.6164, 57.1447 ], [ -5.614, 57.1434 ], [ -5.6192, 57.1417 ], [ -5.6164, 57.1447 ] ] ], [ [ [ -5.6841, 57.1513 ], [ -5.6833, 57.1511 ], [ -5.684, 57.1507 ], [ -5.6841, 57.1513 ] ] ], [ [ [ -5.6985, 57.1662 ], [ -5.6988, 57.167 ], [ -5.6975, 57.1671 ], [ -5.6985, 57.1662 ] ] ], [ [ [ -5.7045, 57.1658 ], [ -5.7054, 57.1669 ], [ -5.7051, 57.1677 ], [ -5.7006, 57.1678 ], [ -5.7045, 57.1658 ] ] ], [ [ [ -5.692, 57.1684 ], [ -5.6914, 57.1683 ], [ -5.693, 57.1676 ], [ -5.692, 57.1684 ] ] ], [ [ [ -5.6965, 57.169 ], [ -5.6944, 57.1694 ], [ -5.6946, 57.1682 ], [ -5.6965, 57.169 ] ] ], [ [ [ -5.5806, 57.2679 ], [ -5.5726, 57.2673 ], [ -5.5728, 57.2637 ], [ -5.5739, 57.2623 ], [ -5.5806, 57.2679 ] ] ], [ [ [ -5.7066, 57.2772 ], [ -5.7062, 57.2768 ], [ -5.7075, 57.2762 ], [ -5.7066, 57.2772 ] ] ], [ [ [ -5.7108, 57.277 ], [ -5.7131, 57.2769 ], [ -5.7118, 57.2772 ], [ -5.7108, 57.277 ] ] ], [ [ [ -5.7372, 57.2806 ], [ -5.7355, 57.2807 ], [ -5.7349, 57.2793 ], [ -5.7372, 57.2806 ] ] ], [ [ [ -5.7335, 57.3 ], [ -5.7307, 57.2995 ], [ -5.7319, 57.2982 ], [ -5.7335, 57.3 ] ] ], [ [ [ -5.7315, 57.3015 ], [ -5.731, 57.3009 ], [ -5.7348, 57.3013 ], [ -5.7315, 57.3015 ] ] ], [ [ [ -5.6933, 57.3282 ], [ -5.6925, 57.3281 ], [ -5.6926, 57.3276 ], [ -5.6933, 57.3282 ] ] ], [ [ [ -5.697, 57.3325 ], [ -5.6971, 57.3317 ], [ -5.6981, 57.3314 ], [ -5.697, 57.3325 ] ] ], [ [ [ -5.6886, 57.3366 ], [ -5.6887, 57.3369 ], [ -5.688, 57.3371 ], [ -5.6886, 57.3366 ] ] ], [ [ [ -5.6684, 57.3423 ], [ -5.6678, 57.343 ], [ -5.6665, 57.3426 ], [ -5.6684, 57.3423 ] ] ], [ [ [ -5.6651, 57.3464 ], [ -5.6648, 57.3461 ], [ -5.6666, 57.3458 ], [ -5.6651, 57.3464 ] ] ], [ [ [ -5.6524, 57.349 ], [ -5.6522, 57.3491 ], [ -5.6515, 57.3489 ], [ -5.6524, 57.349 ] ] ], [ [ [ -5.6023, 57.3493 ], [ -5.6039, 57.3497 ], [ -5.604, 57.3501 ], [ -5.6023, 57.3493 ] ] ], [ [ [ -5.6054, 57.3499 ], [ -5.6057, 57.3502 ], [ -5.6048, 57.3504 ], [ -5.6054, 57.3499 ] ] ], [ [ [ -5.5977, 57.35 ], [ -5.5984, 57.35 ], [ -5.5977, 57.3503 ], [ -5.5977, 57.35 ] ] ], [ [ [ -5.5987, 57.3522 ], [ -5.596, 57.3524 ], [ -5.5975, 57.3522 ], [ -5.5987, 57.3522 ] ] ], [ [ [ -5.6175, 57.3583 ], [ -5.6177, 57.3587 ], [ -5.6164, 57.359 ], [ -5.6175, 57.3583 ] ] ], [ [ [ -5.6453, 57.3703 ], [ -5.6486, 57.3708 ], [ -5.6462, 57.3718 ], [ -5.6453, 57.3703 ] ] ], [ [ [ -5.6518, 57.3774 ], [ -5.6474, 57.3785 ], [ -5.6499, 57.3733 ], [ -5.6518, 57.3774 ] ] ], [ [ [ -5.6609, 57.5251 ], [ -5.6621, 57.5275 ], [ -5.6577, 57.5265 ], [ -5.6609, 57.5251 ] ] ], [ [ [ -5.686, 57.5278 ], [ -5.6861, 57.5284 ], [ -5.6846, 57.5281 ], [ -5.686, 57.5278 ] ] ], [ [ [ -5.6873, 57.5322 ], [ -5.6861, 57.5313 ], [ -5.6869, 57.5308 ], [ -5.6873, 57.5322 ] ] ], [ [ [ -5.6864, 57.693 ], [ -5.6862, 57.6921 ], [ -5.69, 57.6923 ], [ -5.6864, 57.693 ] ] ], [ [ [ -5.6905, 57.6946 ], [ -5.691, 57.6955 ], [ -5.69, 57.6959 ], [ -5.6905, 57.6946 ] ] ], [ [ [ -5.697, 57.7007 ], [ -5.6959, 57.7 ], [ -5.697, 57.6994 ], [ -5.697, 57.7007 ] ] ], [ [ [ -5.7237, 57.7016 ], [ -5.7253, 57.7001 ], [ -5.726, 57.7006 ], [ -5.7237, 57.7016 ] ] ], [ [ [ -5.7225, 57.7065 ], [ -5.7106, 57.7066 ], [ -5.7139, 57.7016 ], [ -5.7225, 57.7065 ] ] ], [ [ [ -5.7066, 57.7136 ], [ -5.7063, 57.7133 ], [ -5.7077, 57.7131 ], [ -5.7066, 57.7136 ] ] ], [ [ [ -5.6019, 57.8302 ], [ -5.6023, 57.8218 ], [ -5.6448, 57.8401 ], [ -5.6019, 57.8302 ] ] ], [ [ [ -5.6808, 57.8369 ], [ -5.6798, 57.8368 ], [ -5.6799, 57.8365 ], [ -5.6808, 57.8369 ] ] ], [ [ [ -5.6551, 57.8443 ], [ -5.6564, 57.8465 ], [ -5.6553, 57.8472 ], [ -5.6551, 57.8443 ] ] ], [ [ [ -5.6898, 57.8671 ], [ -5.6915, 57.8677 ], [ -5.6907, 57.8676 ], [ -5.6898, 57.8671 ] ] ], [ [ [ -5.6887, 57.8691 ], [ -5.6866, 57.8676 ], [ -5.6894, 57.8672 ], [ -5.6887, 57.8691 ] ] ], [ [ [ -5.7013, 57.8726 ], [ -5.7013, 57.8722 ], [ -5.7027, 57.8724 ], [ -5.7013, 57.8726 ] ] ], [ [ [ -5.7084, 57.8735 ], [ -5.7185, 57.8743 ], [ -5.7174, 57.8756 ], [ -5.7084, 57.8735 ] ] ], [ [ [ -5.2265, 49.9719 ], [ -5.2265, 49.9724 ], [ -5.2259, 49.9714 ], [ -5.2265, 49.9719 ] ] ], [ [ [ -5.2325, 49.9743 ], [ -5.2318, 49.9732 ], [ -5.2345, 49.9739 ], [ -5.2325, 49.9743 ] ] ], [ [ [ -5.2663, 50.0131 ], [ -5.2651, 50.0118 ], [ -5.2687, 50.0119 ], [ -5.2663, 50.0131 ] ] ], [ [ [ -5.4754, 50.1171 ], [ -5.479, 50.1154 ], [ -5.4803, 50.1164 ], [ -5.4754, 50.1171 ] ] ], [ [ [ -5.2896, 51.6952 ], [ -5.2902, 51.6952 ], [ -5.2895, 51.6954 ], [ -5.2896, 51.6952 ] ] ], [ [ [ -5.2647, 51.7018 ], [ -5.2743, 51.6942 ], [ -5.2901, 51.6956 ], [ -5.2647, 51.7018 ] ] ], [ [ [ -5.264, 51.7022 ], [ -5.2647, 51.7023 ], [ -5.2647, 51.7025 ], [ -5.264, 51.7022 ] ] ], [ [ [ -5.2916, 51.7281 ], [ -5.2903, 51.7278 ], [ -5.2927, 51.7274 ], [ -5.2916, 51.7281 ] ] ], [ [ [ -5.4813, 51.7306 ], [ -5.4805, 51.7309 ], [ -5.4814, 51.7301 ], [ -5.4813, 51.7306 ] ] ], [ [ [ -5.4798, 51.7314 ], [ -5.4761, 51.7319 ], [ -5.4777, 51.7293 ], [ -5.4798, 51.7314 ] ] ], [ [ [ -5.314, 51.7353 ], [ -5.3132, 51.7352 ], [ -5.3134, 51.7348 ], [ -5.314, 51.7353 ] ] ], [ [ [ -5.267, 51.7339 ], [ -5.2672, 51.7352 ], [ -5.2642, 51.7368 ], [ -5.267, 51.7339 ] ] ], [ [ [ -5.2688, 51.7353 ], [ -5.3147, 51.7373 ], [ -5.3006, 51.7452 ], [ -5.2688, 51.7353 ] ] ], [ [ [ -5.3021, 51.7465 ], [ -5.301, 51.7462 ], [ -5.3024, 51.7459 ], [ -5.3021, 51.7465 ] ] ], [ [ [ -5.3307, 51.8484 ], [ -5.3309, 51.8489 ], [ -5.3297, 51.8491 ], [ -5.3307, 51.8484 ] ] ], [ [ [ -5.3349, 51.8512 ], [ -5.3419, 51.8471 ], [ -5.34, 51.8488 ], [ -5.3349, 51.8512 ] ] ], [ [ [ -5.4125, 51.8529 ], [ -5.4111, 51.8528 ], [ -5.4129, 51.8518 ], [ -5.4125, 51.8529 ] ] ], [ [ [ -5.3322, 51.8536 ], [ -5.3321, 51.8522 ], [ -5.3342, 51.852 ], [ -5.3322, 51.8536 ] ] ], [ [ [ -5.3352, 51.8532 ], [ -5.3365, 51.8534 ], [ -5.3361, 51.854 ], [ -5.3352, 51.8532 ] ] ], [ [ [ -5.3998, 51.8629 ], [ -5.3957, 51.8623 ], [ -5.398, 51.8622 ], [ -5.3998, 51.8629 ] ] ], [ [ [ -5.3334, 51.8538 ], [ -5.3499, 51.8578 ], [ -5.3483, 51.8761 ], [ -5.3334, 51.8538 ] ] ], [ [ [ -5.3894, 51.8803 ], [ -5.3884, 51.8792 ], [ -5.3955, 51.878 ], [ -5.3894, 51.8803 ] ] ], [ [ [ -5.3816, 51.8814 ], [ -5.3851, 51.8803 ], [ -5.3849, 51.8808 ], [ -5.3816, 51.8814 ] ] ], [ [ [ -5.3939, 51.9001 ], [ -5.3915, 51.9009 ], [ -5.3912, 51.9 ], [ -5.3939, 51.9001 ] ] ], [ [ [ -5.3897, 51.9006 ], [ -5.3907, 51.9012 ], [ -5.3881, 51.9031 ], [ -5.3837, 51.9039 ], [ -5.3897, 51.9006 ] ] ], [ [ [ -5.507, 55.4888 ], [ -5.507, 55.4892 ], [ -5.506, 55.4898 ], [ -5.507, 55.4888 ] ] ], [ [ [ -5.4932, 55.553 ], [ -5.493, 55.5534 ], [ -5.4927, 55.5531 ], [ -5.4932, 55.553 ] ] ], [ [ [ -5.4901, 55.5601 ], [ -5.4906, 55.5599 ], [ -5.4905, 55.5603 ], [ -5.4901, 55.5601 ] ] ], [ [ [ -5.4899, 55.5609 ], [ -5.4905, 55.5607 ], [ -5.4903, 55.5614 ], [ -5.4899, 55.5609 ] ] ], [ [ [ -5.0829, 55.5527 ], [ -5.1293, 55.5282 ], [ -5.1032, 55.4428 ], [ -5.3554, 55.5067 ], [ -5.372, 55.6709 ], [ -5.2294, 55.7117 ], [ -5.0829, 55.5527 ] ] ], [ [ [ -5.4592, 55.5808 ], [ -5.4592, 55.5817 ], [ -5.4589, 55.5814 ], [ -5.4592, 55.5808 ] ] ], [ [ [ -5.5005, 55.7976 ], [ -5.5001, 55.7972 ], [ -5.5012, 55.7967 ], [ -5.5005, 55.7976 ] ] ], [ [ [ -5.4745, 55.8178 ], [ -5.4738, 55.8174 ], [ -5.4747, 55.8167 ], [ -5.4745, 55.8178 ] ] ], [ [ [ -5.4608, 55.8367 ], [ -5.4586, 55.8388 ], [ -5.458, 55.8375 ], [ -5.4608, 55.8367 ] ] ], [ [ [ -5.289, 55.8472 ], [ -5.2899, 55.848 ], [ -5.289, 55.8488 ], [ -5.289, 55.8472 ] ] ], [ [ [ -5.3078, 55.847 ], [ -5.309, 55.8478 ], [ -5.3068, 55.849 ], [ -5.3078, 55.847 ] ] ], [ [ [ -5.4061, 55.8672 ], [ -5.4055, 55.8671 ], [ -5.4064, 55.8666 ], [ -5.4061, 55.8672 ] ] ], [ [ [ -5.3319, 55.8721 ], [ -5.3309, 55.8723 ], [ -5.3312, 55.8712 ], [ -5.3319, 55.8721 ] ] ], [ [ [ -5.4007, 55.8764 ], [ -5.4011, 55.8767 ], [ -5.4004, 55.8766 ], [ -5.4007, 55.8764 ] ] ], [ [ [ -5.3385, 55.881 ], [ -5.3387, 55.8817 ], [ -5.337, 55.8822 ], [ -5.3385, 55.881 ] ] ], [ [ [ -5.3446, 55.8868 ], [ -5.3452, 55.8868 ], [ -5.3445, 55.8872 ], [ -5.3446, 55.8868 ] ] ], [ [ [ -5.3528, 55.8941 ], [ -5.3521, 55.8943 ], [ -5.3527, 55.8936 ], [ -5.3528, 55.8941 ] ] ], [ [ [ -5.3507, 55.8973 ], [ -5.3516, 55.8974 ], [ -5.3501, 55.8981 ], [ -5.3507, 55.8973 ] ] ], [ [ [ -5.4436, 55.9746 ], [ -5.4433, 55.9743 ], [ -5.4444, 55.9739 ], [ -5.4436, 55.9746 ] ] ], [ [ [ -5.3888, 55.9978 ], [ -5.388, 56.0001 ], [ -5.3863, 56.0002 ], [ -5.3888, 55.9978 ] ] ], [ [ [ -5.394, 56.004 ], [ -5.3998, 55.9978 ], [ -5.4, 55.999 ], [ -5.394, 56.004 ] ] ], [ [ [ -5.386, 56.0018 ], [ -5.3855, 56.0021 ], [ -5.3855, 56.0016 ], [ -5.386, 56.0018 ] ] ], [ [ [ -5.3525, 56.018 ], [ -5.3531, 56.0187 ], [ -5.3513, 56.0195 ], [ -5.3525, 56.018 ] ] ], [ [ [ -5.2438, 56.0996 ], [ -5.2425, 56.1008 ], [ -5.2428, 56.1001 ], [ -5.2438, 56.0996 ] ] ], [ [ [ -5.241, 56.1028 ], [ -5.2398, 56.1027 ], [ -5.2395, 56.1017 ], [ -5.241, 56.1028 ] ] ], [ [ [ -5.4884, 56.355 ], [ -5.4894, 56.3551 ], [ -5.4893, 56.3555 ], [ -5.4884, 56.355 ] ] ], [ [ [ -5.5016, 56.4087 ], [ -5.504, 56.4069 ], [ -5.5042, 56.4073 ], [ -5.5016, 56.4087 ] ] ], [ [ [ -5.4933, 56.432 ], [ -5.4912, 56.4302 ], [ -5.4917, 56.4295 ], [ -5.4933, 56.432 ] ] ], [ [ [ -5.4845, 56.4369 ], [ -5.4841, 56.4373 ], [ -5.4841, 56.4369 ], [ -5.4845, 56.4369 ] ] ], [ [ [ -5.3244, 56.4555 ], [ -5.3251, 56.4562 ], [ -5.3228, 56.4565 ], [ -5.3244, 56.4555 ] ] ], [ [ [ -5.4308, 56.4557 ], [ -5.4343, 56.457 ], [ -5.4335, 56.459 ], [ -5.4308, 56.4557 ] ] ], [ [ [ -5.3582, 56.458 ], [ -5.3593, 56.4576 ], [ -5.3595, 56.4582 ], [ -5.3582, 56.458 ] ] ], [ [ [ -5.3553, 56.4589 ], [ -5.3559, 56.4594 ], [ -5.3544, 56.46 ], [ -5.3553, 56.4589 ] ] ], [ [ [ -5.4265, 56.4612 ], [ -5.4268, 56.4607 ], [ -5.4274, 56.4615 ], [ -5.4265, 56.4612 ] ] ], [ [ [ -5.5105, 56.478 ], [ -5.5097, 56.478 ], [ -5.5123, 56.4764 ], [ -5.5105, 56.478 ] ] ], [ [ [ -5.5161, 56.4846 ], [ -5.5107, 56.489 ], [ -5.5064, 56.4864 ], [ -5.5161, 56.4846 ] ] ], [ [ [ -5.4592, 56.4951 ], [ -5.4609, 56.4949 ], [ -5.4596, 56.4965 ], [ -5.4592, 56.4951 ] ] ], [ [ [ -5.507, 56.4981 ], [ -5.5989, 56.461 ], [ -5.4272, 56.5614 ], [ -5.507, 56.4981 ] ] ], [ [ [ -5.4591, 56.5239 ], [ -5.4535, 56.5256 ], [ -5.457, 56.5218 ], [ -5.4591, 56.5239 ] ] ], [ [ [ -5.4306, 56.525 ], [ -5.401, 56.536 ], [ -5.4089, 56.5265 ], [ -5.4183, 56.5291 ], [ -5.4306, 56.525 ] ] ], [ [ [ -5.4283, 56.5347 ], [ -5.4273, 56.5353 ], [ -5.4277, 56.5347 ], [ -5.4283, 56.5347 ] ] ], [ [ [ -5.4785, 56.551 ], [ -5.4808, 56.5519 ], [ -5.4766, 56.5545 ], [ -5.4785, 56.551 ] ] ], [ [ [ -5.4488, 56.5552 ], [ -5.4482, 56.555 ], [ -5.4508, 56.554 ], [ -5.4488, 56.5552 ] ] ], [ [ [ -5.4506, 56.5575 ], [ -5.4456, 56.5592 ], [ -5.4479, 56.5564 ], [ -5.4506, 56.5575 ] ] ], [ [ [ -5.4405, 56.5593 ], [ -5.4448, 56.5571 ], [ -5.4432, 56.5589 ], [ -5.4405, 56.5593 ] ] ], [ [ [ -5.4667, 56.5603 ], [ -5.4689, 56.5593 ], [ -5.4685, 56.5597 ], [ -5.4667, 56.5603 ] ] ], [ [ [ -5.4217, 56.56 ], [ -5.4189, 56.5622 ], [ -5.4202, 56.5609 ], [ -5.4217, 56.56 ] ] ], [ [ [ -5.4196, 56.5648 ], [ -5.4219, 56.5644 ], [ -5.4152, 56.5678 ], [ -5.4196, 56.5648 ] ] ], [ [ [ -5.4363, 56.5703 ], [ -5.4348, 56.5715 ], [ -5.4353, 56.5706 ], [ -5.4363, 56.5703 ] ] ], [ [ [ -5.3865, 56.5713 ], [ -5.3861, 56.5717 ], [ -5.386, 56.5714 ], [ -5.3865, 56.5713 ] ] ], [ [ [ -5.4229, 56.573 ], [ -5.4212, 56.5745 ], [ -5.421, 56.5738 ], [ -5.4229, 56.573 ] ] ], [ [ [ -5.4398, 56.5747 ], [ -5.4391, 56.5747 ], [ -5.4423, 56.5733 ], [ -5.4398, 56.5747 ] ] ], [ [ [ -5.4027, 56.5902 ], [ -5.3807, 56.5956 ], [ -5.3838, 56.5927 ], [ -5.4027, 56.5902 ] ] ], [ [ [ -5.3414, 56.6327 ], [ -5.3358, 56.6365 ], [ -5.3366, 56.6307 ], [ -5.3414, 56.6327 ] ] ], [ [ [ -5.2357, 56.7608 ], [ -5.2364, 56.7617 ], [ -5.2357, 56.7621 ], [ -5.2357, 56.7608 ] ] ], [ [ [ -5.2366, 56.7628 ], [ -5.2357, 56.7629 ], [ -5.2356, 56.7622 ], [ -5.2366, 56.7628 ] ] ], [ [ [ -5.2292, 56.7631 ], [ -5.2302, 56.7649 ], [ -5.2293, 56.764 ], [ -5.2292, 56.7631 ] ] ], [ [ [ -5.4539, 57.1066 ], [ -5.4548, 57.1068 ], [ -5.4519, 57.1072 ], [ -5.4539, 57.1066 ] ] ], [ [ [ -5.4871, 57.3901 ], [ -5.4862, 57.3914 ], [ -5.4839, 57.3919 ], [ -5.4871, 57.3901 ] ] ], [ [ [ -5.4772, 57.397 ], [ -5.4782, 57.3972 ], [ -5.4775, 57.3976 ], [ -5.4772, 57.397 ] ] ], [ [ [ -5.4592, 57.8784 ], [ -5.482, 57.8895 ], [ -5.4792, 57.8985 ], [ -5.4592, 57.8784 ] ] ], [ [ [ -5.2128, 57.9371 ], [ -5.2393, 57.9465 ], [ -5.236, 57.949 ], [ -5.2128, 57.9371 ] ] ], [ [ [ -5.3589, 57.959 ], [ -5.3594, 57.9593 ], [ -5.3585, 57.959 ], [ -5.3589, 57.959 ] ] ], [ [ [ -5.3618, 57.9589 ], [ -5.3658, 57.96 ], [ -5.3644, 57.9605 ], [ -5.3618, 57.9589 ] ] ], [ [ [ -5.4593, 57.9615 ], [ -5.4552, 57.9616 ], [ -5.4604, 57.9587 ], [ -5.4593, 57.9615 ] ] ], [ [ [ -5.4982, 57.96 ], [ -5.4986, 57.96 ], [ -5.4984, 57.9604 ], [ -5.4982, 57.96 ] ] ], [ [ [ -5.5, 57.9605 ], [ -5.4998, 57.961 ], [ -5.4987, 57.9607 ], [ -5.5, 57.9605 ] ] ], [ [ [ -5.3614, 57.9608 ], [ -5.3596, 57.9599 ], [ -5.3644, 57.9614 ], [ -5.3614, 57.9608 ] ] ], [ [ [ -5.4975, 57.9575 ], [ -5.5257, 57.9611 ], [ -5.5094, 57.968 ], [ -5.4975, 57.9575 ] ] ], [ [ [ -5.4388, 57.9617 ], [ -5.4403, 57.9613 ], [ -5.4392, 57.9621 ], [ -5.4388, 57.9617 ] ] ], [ [ [ -5.4592, 57.9616 ], [ -5.4593, 57.9619 ], [ -5.4585, 57.9622 ], [ -5.4592, 57.9616 ] ] ], [ [ [ -5.438, 57.9632 ], [ -5.4382, 57.9641 ], [ -5.437, 57.9643 ], [ -5.438, 57.9632 ] ] ], [ [ [ -5.437, 57.9649 ], [ -5.4363, 57.9649 ], [ -5.4372, 57.9646 ], [ -5.437, 57.9649 ] ] ], [ [ [ -5.4433, 57.9625 ], [ -5.4534, 57.9635 ], [ -5.4471, 57.9677 ], [ -5.4433, 57.9625 ] ] ], [ [ [ -5.4367, 57.9654 ], [ -5.4369, 57.9658 ], [ -5.4362, 57.9659 ], [ -5.4367, 57.9654 ] ] ], [ [ [ -5.4321, 57.9703 ], [ -5.4352, 57.974 ], [ -5.4296, 57.9793 ], [ -5.4321, 57.9703 ] ] ], [ [ [ -5.4507, 57.9767 ], [ -5.4489, 57.9782 ], [ -5.4491, 57.9773 ], [ -5.4507, 57.9767 ] ] ], [ [ [ -5.4506, 57.9781 ], [ -5.4522, 57.9772 ], [ -5.452, 57.9778 ], [ -5.4506, 57.9781 ] ] ], [ [ [ -5.3176, 57.9778 ], [ -5.3184, 57.9783 ], [ -5.3184, 57.9784 ], [ -5.3176, 57.9778 ] ] ], [ [ [ -5.5118, 57.9832 ], [ -5.5108, 57.9825 ], [ -5.5119, 57.9826 ], [ -5.5118, 57.9832 ] ] ], [ [ [ -5.5102, 57.9832 ], [ -5.5122, 57.9839 ], [ -5.5066, 57.9889 ], [ -5.5102, 57.9832 ] ] ], [ [ [ -5.3462, 57.9797 ], [ -5.3524, 57.9815 ], [ -5.3497, 57.993 ], [ -5.3462, 57.9797 ] ] ], [ [ [ -5.4446, 57.9923 ], [ -5.4434, 57.9927 ], [ -5.4433, 57.9923 ], [ -5.4446, 57.9923 ] ] ], [ [ [ -5.4622, 57.9932 ], [ -5.464, 57.9921 ], [ -5.4628, 57.993 ], [ -5.4622, 57.9932 ] ] ], [ [ [ -5.4308, 57.9943 ], [ -5.429, 57.9951 ], [ -5.4292, 57.9948 ], [ -5.4308, 57.9943 ] ] ], [ [ [ -5.3478, 57.9971 ], [ -5.3447, 57.9939 ], [ -5.3475, 57.993 ], [ -5.3478, 57.9971 ] ] ], [ [ [ -5.3873, 58.0093 ], [ -5.3863, 58.0091 ], [ -5.3868, 58.0088 ], [ -5.3873, 58.0093 ] ] ], [ [ [ -5.3938, 58.0092 ], [ -5.3939, 58.0102 ], [ -5.3919, 58.01 ], [ -5.3938, 58.0092 ] ] ], [ [ [ -5.4476, 58.0039 ], [ -5.4583, 58.0122 ], [ -5.446, 58.0159 ], [ -5.4476, 58.0039 ] ] ], [ [ [ -5.4035, 58.0099 ], [ -5.3863, 58.0085 ], [ -5.383, 58.0052 ], [ -5.4217, 58.0054 ], [ -5.4035, 58.0099 ] ] ], [ [ [ -5.4282, 58.0098 ], [ -5.4302, 58.0083 ], [ -5.4371, 58.0113 ], [ -5.4368, 58.0147 ], [ -5.4282, 58.0098 ] ] ], [ [ [ -5.4401, 58.0138 ], [ -5.4391, 58.0142 ], [ -5.4394, 58.0137 ], [ -5.4401, 58.0138 ] ] ], [ [ [ -5.4302, 58.0148 ], [ -5.4304, 58.0152 ], [ -5.4294, 58.0153 ], [ -5.4302, 58.0148 ] ] ], [ [ [ -5.4242, 58.0168 ], [ -5.4268, 58.0163 ], [ -5.4255, 58.0184 ], [ -5.4242, 58.0168 ] ] ], [ [ [ -5.4158, 58.0192 ], [ -5.4151, 58.019 ], [ -5.4151, 58.0186 ], [ -5.4158, 58.0192 ] ] ], [ [ [ -5.4302, 58.0202 ], [ -5.4279, 58.0196 ], [ -5.4296, 58.0178 ], [ -5.4302, 58.0202 ] ] ], [ [ [ -5.4201, 58.0199 ], [ -5.4175, 58.0205 ], [ -5.4168, 58.018 ], [ -5.4201, 58.0199 ] ] ], [ [ [ -5.4252, 58.0195 ], [ -5.4254, 58.0199 ], [ -5.4244, 58.0202 ], [ -5.4252, 58.0195 ] ] ], [ [ [ -5.4497, 58.0196 ], [ -5.4499, 58.02 ], [ -5.4494, 58.02 ], [ -5.4497, 58.0196 ] ] ], [ [ [ -5.4388, 58.0201 ], [ -5.441, 58.0191 ], [ -5.4404, 58.0206 ], [ -5.4388, 58.0201 ] ] ], [ [ [ -5.445, 58.0226 ], [ -5.4437, 58.0219 ], [ -5.4446, 58.0189 ], [ -5.445, 58.0226 ] ] ], [ [ [ -5.417, 58.0207 ], [ -5.4174, 58.0209 ], [ -5.4172, 58.0213 ], [ -5.417, 58.0207 ] ] ], [ [ [ -5.4237, 58.0208 ], [ -5.4248, 58.021 ], [ -5.4242, 58.0215 ], [ -5.4237, 58.0208 ] ] ], [ [ [ -5.4289, 58.0223 ], [ -5.4258, 58.0224 ], [ -5.4272, 58.0203 ], [ -5.4289, 58.0223 ] ] ], [ [ [ -5.4219, 58.0218 ], [ -5.4226, 58.0221 ], [ -5.4218, 58.0223 ], [ -5.4219, 58.0218 ] ] ], [ [ [ -5.4465, 58.0233 ], [ -5.4469, 58.0234 ], [ -5.4462, 58.0236 ], [ -5.4465, 58.0233 ] ] ], [ [ [ -5.445, 58.0245 ], [ -5.4449, 58.0249 ], [ -5.4445, 58.0247 ], [ -5.445, 58.0245 ] ] ], [ [ [ -5.4623, 58.025 ], [ -5.4632, 58.0259 ], [ -5.4619, 58.0263 ], [ -5.4623, 58.025 ] ] ], [ [ [ -5.4517, 58.0278 ], [ -5.4517, 58.0275 ], [ -5.4523, 58.0275 ], [ -5.4517, 58.0278 ] ] ], [ [ [ -5.4682, 58.0252 ], [ -5.4727, 58.0249 ], [ -5.4721, 58.0316 ], [ -5.4682, 58.0252 ] ] ], [ [ [ -5.4735, 58.03 ], [ -5.4739, 58.0306 ], [ -5.4732, 58.0306 ], [ -5.4735, 58.03 ] ] ], [ [ [ -5.4316, 58.0382 ], [ -5.4511, 58.0431 ], [ -5.4435, 58.0505 ], [ -5.4316, 58.0382 ] ] ], [ [ [ -5.4636, 58.0437 ], [ -5.467, 58.047 ], [ -5.459, 58.0519 ], [ -5.4636, 58.0437 ] ] ], [ [ [ -5.4565, 58.0481 ], [ -5.4571, 58.0482 ], [ -5.4565, 58.0485 ], [ -5.4565, 58.0481 ] ] ], [ [ [ -5.4617, 58.0505 ], [ -5.4615, 58.0512 ], [ -5.4609, 58.051 ], [ -5.4617, 58.0505 ] ] ], [ [ [ -5.438, 58.0507 ], [ -5.4389, 58.0523 ], [ -5.4383, 58.0523 ], [ -5.438, 58.0507 ] ] ], [ [ [ -5.3252, 58.0787 ], [ -5.3244, 58.0774 ], [ -5.3271, 58.0782 ], [ -5.3252, 58.0787 ] ] ], [ [ [ -5.3439, 58.0791 ], [ -5.3445, 58.0791 ], [ -5.3438, 58.0795 ], [ -5.3439, 58.0791 ] ] ], [ [ [ -5.4515, 58.0814 ], [ -5.4506, 58.0814 ], [ -5.4515, 58.0805 ], [ -5.4515, 58.0814 ] ] ], [ [ [ -5.2991, 58.0831 ], [ -5.2979, 58.0835 ], [ -5.2961, 58.0825 ], [ -5.2958, 58.0817 ], [ -5.2991, 58.0831 ] ] ], [ [ [ -5.2847, 58.0881 ], [ -5.2833, 58.0879 ], [ -5.283, 58.0873 ], [ -5.2847, 58.0881 ] ] ], [ [ [ -5.4531, 58.0887 ], [ -5.4523, 58.0893 ], [ -5.4524, 58.0888 ], [ -5.4531, 58.0887 ] ] ], [ [ [ -5.2886, 58.0909 ], [ -5.2893, 58.0912 ], [ -5.2884, 58.0915 ], [ -5.2886, 58.0909 ] ] ], [ [ [ -5.289, 58.0917 ], [ -5.2901, 58.0923 ], [ -5.2898, 58.0924 ], [ -5.289, 58.0917 ] ] ], [ [ [ -5.2777, 58.1035 ], [ -5.2714, 58.1021 ], [ -5.2768, 58.1 ], [ -5.2777, 58.1035 ] ] ], [ [ [ -5.3019, 58.1008 ], [ -5.3073, 58.1029 ], [ -5.3003, 58.1047 ], [ -5.3019, 58.1008 ] ] ], [ [ [ -5.3052, 58.1039 ], [ -5.3041, 58.104 ], [ -5.3049, 58.1036 ], [ -5.3052, 58.1039 ] ] ], [ [ [ -5.2878, 58.1037 ], [ -5.2888, 58.1043 ], [ -5.2874, 58.1061 ], [ -5.2878, 58.1037 ] ] ], [ [ [ -5.2719, 58.1054 ], [ -5.2722, 58.1054 ], [ -5.2715, 58.1058 ], [ -5.2719, 58.1054 ] ] ], [ [ [ -5.3085, 58.1109 ], [ -5.3049, 58.1093 ], [ -5.3085, 58.1086 ], [ -5.3085, 58.1109 ] ] ], [ [ [ -5.2792, 58.1135 ], [ -5.2792, 58.1139 ], [ -5.2787, 58.1136 ], [ -5.2792, 58.1135 ] ] ], [ [ [ -5.2908, 58.1234 ], [ -5.2901, 58.1237 ], [ -5.2898, 58.1234 ], [ -5.2908, 58.1234 ] ] ], [ [ [ -5.3488, 58.1302 ], [ -5.3425, 58.1296 ], [ -5.3459, 58.1286 ], [ -5.3488, 58.1302 ] ] ], [ [ [ -5.2769, 58.1386 ], [ -5.2756, 58.1384 ], [ -5.2759, 58.1379 ], [ -5.2769, 58.1386 ] ] ], [ [ [ -5.2779, 58.1389 ], [ -5.2776, 58.1387 ], [ -5.2777, 58.1387 ], [ -5.2779, 58.1389 ] ] ], [ [ [ -5.26, 58.1391 ], [ -5.2593, 58.139 ], [ -5.2595, 58.1388 ], [ -5.26, 58.1391 ] ] ], [ [ [ -5.2743, 58.1388 ], [ -5.2738, 58.1393 ], [ -5.2735, 58.1391 ], [ -5.2743, 58.1388 ] ] ], [ [ [ -5.2833, 58.1397 ], [ -5.2846, 58.1401 ], [ -5.2841, 58.1401 ], [ -5.2833, 58.1397 ] ] ], [ [ [ -5.3248, 58.1412 ], [ -5.3308, 58.1424 ], [ -5.3103, 58.1436 ], [ -5.3248, 58.1412 ] ] ], [ [ [ -5.3092, 58.143 ], [ -5.3102, 58.1431 ], [ -5.3098, 58.1434 ], [ -5.3092, 58.143 ] ] ], [ [ [ -5.3067, 58.1442 ], [ -5.3078, 58.1442 ], [ -5.3062, 58.1448 ], [ -5.3067, 58.1442 ] ] ], [ [ [ -5.2723, 58.1443 ], [ -5.2731, 58.1447 ], [ -5.2724, 58.1449 ], [ -5.2723, 58.1443 ] ] ], [ [ [ -5.3094, 58.1444 ], [ -5.3107, 58.1451 ], [ -5.3082, 58.1448 ], [ -5.3094, 58.1444 ] ] ], [ [ [ -5.3195, 58.1459 ], [ -5.3182, 58.1461 ], [ -5.3186, 58.145 ], [ -5.3195, 58.1459 ] ] ], [ [ [ -5.3026, 58.1467 ], [ -5.3019, 58.1466 ], [ -5.3033, 58.1462 ], [ -5.3026, 58.1467 ] ] ], [ [ [ -5.2848, 58.1494 ], [ -5.2853, 58.1495 ], [ -5.2846, 58.1497 ], [ -5.2848, 58.1494 ] ] ], [ [ [ -5.3113, 58.162 ], [ -5.3101, 58.162 ], [ -5.3107, 58.1617 ], [ -5.3113, 58.162 ] ] ], [ [ [ -5.2991, 58.1636 ], [ -5.2987, 58.1635 ], [ -5.2988, 58.1632 ], [ -5.2991, 58.1636 ] ] ], [ [ [ -5.3447, 58.1935 ], [ -5.3447, 58.1943 ], [ -5.3445, 58.194 ], [ -5.3447, 58.1935 ] ] ], [ [ [ -5.304, 58.2284 ], [ -5.3039, 58.2284 ], [ -5.3052, 58.227 ], [ -5.304, 58.2284 ] ] ], [ [ [ -5.3116, 58.2313 ], [ -5.3115, 58.2315 ], [ -5.3105, 58.231 ], [ -5.3116, 58.2313 ] ] ], [ [ [ -5.4042, 58.2379 ], [ -5.4037, 58.2377 ], [ -5.4039, 58.2374 ], [ -5.4042, 58.2379 ] ] ], [ [ [ -5.4032, 58.2408 ], [ -5.4038, 58.2404 ], [ -5.4036, 58.2409 ], [ -5.4032, 58.2408 ] ] ], [ [ [ -5.3967, 58.2483 ], [ -5.3972, 58.2484 ], [ -5.3964, 58.2486 ], [ -5.3967, 58.2483 ] ] ], [ [ [ -5.2926, 58.2491 ], [ -5.2933, 58.2494 ], [ -5.2919, 58.25 ], [ -5.2926, 58.2491 ] ] ], [ [ [ -5.2416, 58.2498 ], [ -5.2422, 58.2503 ], [ -5.2415, 58.2501 ], [ -5.2416, 58.2498 ] ] ], [ [ [ -5.3474, 58.2512 ], [ -5.3488, 58.2513 ], [ -5.3473, 58.2515 ], [ -5.3474, 58.2512 ] ] ], [ [ [ -5.2982, 58.2516 ], [ -5.2911, 58.2517 ], [ -5.2911, 58.2507 ], [ -5.2982, 58.2516 ] ] ], [ [ [ -5.2747, 58.252 ], [ -5.2745, 58.2515 ], [ -5.2751, 58.2516 ], [ -5.2747, 58.252 ] ] ], [ [ [ -5.2723, 58.252 ], [ -5.2739, 58.252 ], [ -5.2731, 58.2524 ], [ -5.2723, 58.252 ] ] ], [ [ [ -5.24, 58.254 ], [ -5.241, 58.2537 ], [ -5.2416, 58.2543 ], [ -5.24, 58.254 ] ] ], [ [ [ -5.2262, 58.2559 ], [ -5.2241, 58.2549 ], [ -5.225, 58.2539 ], [ -5.2262, 58.2559 ] ] ], [ [ [ -5.2385, 58.2552 ], [ -5.2347, 58.2551 ], [ -5.2366, 58.2544 ], [ -5.2385, 58.2552 ] ] ], [ [ [ -5.229, 58.2545 ], [ -5.2307, 58.2544 ], [ -5.2282, 58.2563 ], [ -5.229, 58.2545 ] ] ], [ [ [ -5.2226, 58.2573 ], [ -5.2219, 58.2568 ], [ -5.2229, 58.2567 ], [ -5.2226, 58.2573 ] ] ], [ [ [ -5.2193, 58.2568 ], [ -5.219, 58.2572 ], [ -5.2183, 58.257 ], [ -5.2193, 58.2568 ] ] ], [ [ [ -5.2294, 58.2571 ], [ -5.2307, 58.2567 ], [ -5.2324, 58.2575 ], [ -5.2294, 58.2571 ] ] ], [ [ [ -5.2423, 58.258 ], [ -5.2399, 58.258 ], [ -5.241, 58.2573 ], [ -5.2423, 58.258 ] ] ], [ [ [ -5.2295, 58.258 ], [ -5.2282, 58.2584 ], [ -5.2283, 58.2576 ], [ -5.2295, 58.258 ] ] ], [ [ [ -5.2193, 58.2595 ], [ -5.2188, 58.2592 ], [ -5.2194, 58.2588 ], [ -5.2193, 58.2595 ] ] ], [ [ [ -5.242, 58.2504 ], [ -5.2801, 58.2578 ], [ -5.2624, 58.2685 ], [ -5.242, 58.2504 ] ] ], [ [ [ -5.3853, 58.2594 ], [ -5.3841, 58.2596 ], [ -5.3837, 58.2594 ], [ -5.3853, 58.2594 ] ] ], [ [ [ -5.2462, 58.2593 ], [ -5.2465, 58.2604 ], [ -5.2453, 58.2604 ], [ -5.2462, 58.2593 ] ] ], [ [ [ -5.2441, 58.2599 ], [ -5.2445, 58.2601 ], [ -5.2437, 58.2605 ], [ -5.2441, 58.2599 ] ] ], [ [ [ -5.2419, 58.261 ], [ -5.2411, 58.2616 ], [ -5.2405, 58.2613 ], [ -5.2419, 58.261 ] ] ], [ [ [ -5.3823, 58.2612 ], [ -5.3833, 58.2612 ], [ -5.3824, 58.2615 ], [ -5.3823, 58.2612 ] ] ], [ [ [ -5.242, 58.2634 ], [ -5.2417, 58.2622 ], [ -5.2441, 58.2615 ], [ -5.242, 58.2634 ] ] ], [ [ [ -5.2682, 58.2672 ], [ -5.2667, 58.2676 ], [ -5.2682, 58.2666 ], [ -5.2682, 58.2672 ] ] ], [ [ [ -5.2654, 58.2687 ], [ -5.265, 58.2686 ], [ -5.2649, 58.2683 ], [ -5.2654, 58.2687 ] ] ], [ [ [ -5.0832, 50.4156 ], [ -5.0831, 50.416 ], [ -5.0827, 50.416 ], [ -5.0832, 50.4156 ] ] ], [ [ [ -5.0664, 50.4273 ], [ -5.0608, 50.4267 ], [ -5.0624, 50.426 ], [ -5.0664, 50.4273 ] ] ], [ [ [ -5.1176, 51.6922 ], [ -5.1168, 51.6919 ], [ -5.1185, 51.6913 ], [ -5.1176, 51.6922 ] ] ], [ [ [ -5.0925, 51.7027 ], [ -5.0919, 51.7028 ], [ -5.0917, 51.7024 ], [ -5.0925, 51.7027 ] ] ], [ [ [ -5.1665, 51.7223 ], [ -5.1647, 51.7232 ], [ -5.1665, 51.7214 ], [ -5.1665, 51.7223 ] ] ], [ [ [ -5.164, 51.7255 ], [ -5.1636, 51.7246 ], [ -5.1641, 51.7249 ], [ -5.164, 51.7255 ] ] ], [ [ [ -5.2015, 51.8582 ], [ -5.2033, 51.8585 ], [ -5.201, 51.8593 ], [ -5.2015, 51.8582 ] ] ], [ [ [ -5.1165, 55.2576 ], [ -5.1068, 55.2518 ], [ -5.1194, 55.2471 ], [ -5.1165, 55.2576 ] ] ], [ [ [ -5.116, 55.426 ], [ -5.1186, 55.4244 ], [ -5.1214, 55.4276 ], [ -5.116, 55.426 ] ] ], [ [ [ -5.1864, 55.4318 ], [ -5.1868, 55.4323 ], [ -5.1844, 55.4324 ], [ -5.1864, 55.4318 ] ] ], [ [ [ -5.1884, 55.4323 ], [ -5.1883, 55.4321 ], [ -5.1895, 55.4319 ], [ -5.1884, 55.4323 ] ] ], [ [ [ -5.0649, 55.5244 ], [ -5.0634, 55.5123 ], [ -5.0869, 55.5259 ], [ -5.0649, 55.5244 ] ] ], [ [ [ -5.1642, 55.7821 ], [ -5.1651, 55.8043 ], [ -5.1593, 55.8045 ], [ -5.1642, 55.7821 ] ] ], [ [ [ -5.0247, 55.8435 ], [ -5.0041, 55.7301 ], [ -5.2215, 55.9005 ], [ -5.0247, 55.8435 ] ] ], [ [ [ -5.1725, 55.9251 ], [ -5.1745, 55.9281 ], [ -5.1725, 55.9279 ], [ -5.1725, 55.9251 ] ] ], [ [ [ -5.1781, 55.9286 ], [ -5.1767, 55.9295 ], [ -5.1776, 55.928 ], [ -5.1781, 55.9286 ] ] ], [ [ [ -5.1735, 55.9304 ], [ -5.1728, 55.9307 ], [ -5.1726, 55.9301 ], [ -5.1735, 55.9304 ] ] ], [ [ [ -5.192, 55.9333 ], [ -5.1921, 55.9322 ], [ -5.1945, 55.9329 ], [ -5.192, 55.9333 ] ] ], [ [ [ -5.1631, 56.1546 ], [ -5.1637, 56.155 ], [ -5.1623, 56.1549 ], [ -5.1631, 56.1546 ] ] ], [ [ [ -5.1457, 56.4808 ], [ -5.1464, 56.4812 ], [ -5.1462, 56.4815 ], [ -5.1457, 56.4808 ] ] ], [ [ [ -5.1471, 56.4808 ], [ -5.147, 56.4814 ], [ -5.1465, 56.4816 ], [ -5.1471, 56.4808 ] ] ], [ [ [ -5.1532, 56.6837 ], [ -5.1544, 56.6845 ], [ -5.1541, 56.6851 ], [ -5.1532, 56.6837 ] ] ], [ [ [ -5.1294, 56.6836 ], [ -5.1319, 56.6843 ], [ -5.1307, 56.6852 ], [ -5.1294, 56.6836 ] ] ], [ [ [ -5.1272, 56.6851 ], [ -5.1267, 56.6857 ], [ -5.1266, 56.6852 ], [ -5.1272, 56.6851 ] ] ], [ [ [ -5.1238, 56.6863 ], [ -5.1249, 56.6863 ], [ -5.1248, 56.6869 ], [ -5.1238, 56.6863 ] ] ], [ [ [ -5.1949, 56.7547 ], [ -5.1943, 56.7548 ], [ -5.1946, 56.7546 ], [ -5.1949, 56.7547 ] ] ], [ [ [ -5.096, 56.8287 ], [ -5.0968, 56.8284 ], [ -5.0966, 56.8294 ], [ -5.096, 56.8287 ] ] ], [ [ [ -5.0939, 56.8288 ], [ -5.0944, 56.8284 ], [ -5.0953, 56.8284 ], [ -5.0939, 56.8288 ] ] ], [ [ [ -5.0902, 56.8308 ], [ -5.0855, 56.8326 ], [ -5.087, 56.8316 ], [ -5.0902, 56.8308 ] ] ], [ [ [ -5.0989, 56.8326 ], [ -5.096, 56.8334 ], [ -5.096, 56.8324 ], [ -5.0989, 56.8326 ] ] ], [ [ [ -5.1211, 56.8334 ], [ -5.1215, 56.8342 ], [ -5.1209, 56.8343 ], [ -5.1211, 56.8334 ] ] ], [ [ [ -5.1271, 56.8375 ], [ -5.1283, 56.8377 ], [ -5.1274, 56.8385 ], [ -5.1271, 56.8375 ] ] ], [ [ [ -5.1331, 56.8388 ], [ -5.1341, 56.8396 ], [ -5.1329, 56.8394 ], [ -5.1331, 56.8388 ] ] ], [ [ [ -5.1694, 58.2401 ], [ -5.1681, 58.2397 ], [ -5.169, 58.2393 ], [ -5.1694, 58.2401 ] ] ], [ [ [ -5.1765, 58.2504 ], [ -5.1779, 58.2495 ], [ -5.1772, 58.2504 ], [ -5.1765, 58.2504 ] ] ], [ [ [ -5.201, 58.251 ], [ -5.1985, 58.2501 ], [ -5.2003, 58.2494 ], [ -5.201, 58.251 ] ] ], [ [ [ -5.1984, 58.2521 ], [ -5.1971, 58.2515 ], [ -5.1983, 58.251 ], [ -5.1984, 58.2521 ] ] ], [ [ [ -5.1785, 58.2515 ], [ -5.1788, 58.2523 ], [ -5.1775, 58.252 ], [ -5.1785, 58.2515 ] ] ], [ [ [ -5.2077, 58.2529 ], [ -5.2026, 58.2514 ], [ -5.2043, 58.2512 ], [ -5.2077, 58.2529 ] ] ], [ [ [ -5.203, 58.2539 ], [ -5.2007, 58.2529 ], [ -5.2021, 58.2524 ], [ -5.203, 58.2539 ] ] ], [ [ [ -5.2073, 58.2551 ], [ -5.2085, 58.2552 ], [ -5.2062, 58.2559 ], [ -5.2073, 58.2551 ] ] ], [ [ [ -5.1913, 58.2559 ], [ -5.193, 58.2558 ], [ -5.1914, 58.2565 ], [ -5.1913, 58.2559 ] ] ], [ [ [ -5.1486, 58.2587 ], [ -5.1478, 58.2589 ], [ -5.1479, 58.2585 ], [ -5.1486, 58.2587 ] ] ], [ [ [ -5.1368, 58.2618 ], [ -5.1353, 58.2608 ], [ -5.1367, 58.2611 ], [ -5.1368, 58.2618 ] ] ], [ [ [ -5.1336, 58.2668 ], [ -5.1263, 58.2666 ], [ -5.1282, 58.2652 ], [ -5.1336, 58.2668 ] ] ], [ [ [ -5.1108, 58.2771 ], [ -5.1112, 58.2777 ], [ -5.1099, 58.2777 ], [ -5.1108, 58.2771 ] ] ], [ [ [ -5.144, 58.2772 ], [ -5.1439, 58.2779 ], [ -5.1423, 58.2779 ], [ -5.144, 58.2772 ] ] ], [ [ [ -5.141, 58.2786 ], [ -5.1414, 58.2798 ], [ -5.1403, 58.2795 ], [ -5.141, 58.2786 ] ] ], [ [ [ -5.1461, 58.278 ], [ -5.1499, 58.283 ], [ -5.1566, 58.2851 ], [ -5.1437, 58.2821 ], [ -5.1461, 58.278 ] ] ], [ [ [ -5.1525, 58.2826 ], [ -5.153, 58.2827 ], [ -5.1527, 58.283 ], [ -5.1525, 58.2826 ] ] ], [ [ [ -5.1343, 58.2779 ], [ -5.1392, 58.2832 ], [ -5.1322, 58.2881 ], [ -5.1343, 58.2779 ] ] ], [ [ [ -5.1832, 58.2831 ], [ -5.1847, 58.2831 ], [ -5.184, 58.2836 ], [ -5.1832, 58.2831 ] ] ], [ [ [ -5.2014, 58.2867 ], [ -5.195, 58.2877 ], [ -5.1982, 58.2851 ], [ -5.2014, 58.2867 ] ] ], [ [ [ -5.2016, 58.2869 ], [ -5.1996, 58.2877 ], [ -5.1991, 58.2874 ], [ -5.2016, 58.2869 ] ] ], [ [ [ -5.2035, 58.2884 ], [ -5.2037, 58.2886 ], [ -5.2031, 58.2887 ], [ -5.2035, 58.2884 ] ] ], [ [ [ -5.2099, 58.2905 ], [ -5.2029, 58.2909 ], [ -5.2029, 58.2896 ], [ -5.2099, 58.2905 ] ] ], [ [ [ -5.1779, 58.2972 ], [ -5.1768, 58.297 ], [ -5.18, 58.2965 ], [ -5.1779, 58.2972 ] ] ], [ [ [ -5.1839, 58.3008 ], [ -5.1842, 58.3011 ], [ -5.1833, 58.3013 ], [ -5.1839, 58.3008 ] ] ], [ [ [ -5.1877, 58.3014 ], [ -5.1869, 58.3015 ], [ -5.1873, 58.3012 ], [ -5.1877, 58.3014 ] ] ], [ [ [ -5.1856, 58.3017 ], [ -5.1852, 58.3021 ], [ -5.1848, 58.302 ], [ -5.1856, 58.3017 ] ] ], [ [ [ -5.1807, 58.3031 ], [ -5.1797, 58.3028 ], [ -5.1806, 58.3027 ], [ -5.1807, 58.3031 ] ] ], [ [ [ -5.184, 58.3033 ], [ -5.1832, 58.3031 ], [ -5.1841, 58.3026 ], [ -5.184, 58.3033 ] ] ], [ [ [ -5.1787, 58.3035 ], [ -5.1799, 58.3037 ], [ -5.1794, 58.3038 ], [ -5.1787, 58.3035 ] ] ], [ [ [ -5.1744, 58.3056 ], [ -5.1685, 58.3031 ], [ -5.1742, 58.3024 ], [ -5.1744, 58.3056 ] ] ], [ [ [ -5.1643, 58.3053 ], [ -5.1639, 58.3057 ], [ -5.1638, 58.3051 ], [ -5.1643, 58.3053 ] ] ], [ [ [ -5.1882, 58.3069 ], [ -5.1864, 58.3067 ], [ -5.1895, 58.3045 ], [ -5.1882, 58.3069 ] ] ], [ [ [ -5.1663, 58.3064 ], [ -5.1661, 58.3058 ], [ -5.1673, 58.3057 ], [ -5.1663, 58.3064 ] ] ], [ [ [ -5.1815, 58.3066 ], [ -5.1823, 58.3068 ], [ -5.179, 58.3075 ], [ -5.1815, 58.3066 ] ] ], [ [ [ -5.1891, 58.3073 ], [ -5.1881, 58.3072 ], [ -5.1903, 58.3071 ], [ -5.1891, 58.3073 ] ] ], [ [ [ -5.168, 58.3071 ], [ -5.1689, 58.3071 ], [ -5.169, 58.3078 ], [ -5.168, 58.3071 ] ] ], [ [ [ -5.1779, 58.3092 ], [ -5.1713, 58.3088 ], [ -5.1757, 58.3073 ], [ -5.1779, 58.3092 ] ] ], [ [ [ -5.1552, 58.3085 ], [ -5.1533, 58.3089 ], [ -5.1537, 58.3087 ], [ -5.1552, 58.3085 ] ] ], [ [ [ -5.1678, 58.3086 ], [ -5.1566, 58.3111 ], [ -5.1568, 58.3097 ], [ -5.1678, 58.3086 ] ] ], [ [ [ -5.1517, 58.3097 ], [ -5.1532, 58.3111 ], [ -5.1504, 58.3107 ], [ -5.1517, 58.3097 ] ] ], [ [ [ -5.148, 58.3108 ], [ -5.1488, 58.3108 ], [ -5.148, 58.3113 ], [ -5.148, 58.3108 ] ] ], [ [ [ -5.1502, 58.3124 ], [ -5.1498, 58.3122 ], [ -5.1512, 58.3116 ], [ -5.1502, 58.3124 ] ] ], [ [ [ -5.1836, 58.3122 ], [ -5.1844, 58.3127 ], [ -5.1836, 58.3127 ], [ -5.1836, 58.3122 ] ] ], [ [ [ -5.1657, 58.3122 ], [ -5.169, 58.3109 ], [ -5.1697, 58.3134 ], [ -5.1657, 58.3122 ] ] ], [ [ [ -5.1871, 58.3125 ], [ -5.1887, 58.3126 ], [ -5.1882, 58.3137 ], [ -5.1871, 58.3125 ] ] ], [ [ [ -5.1483, 58.3132 ], [ -5.1492, 58.3135 ], [ -5.1479, 58.3139 ], [ -5.1483, 58.3132 ] ] ], [ [ [ -5.152, 58.3137 ], [ -5.1525, 58.314 ], [ -5.1518, 58.3141 ], [ -5.152, 58.3137 ] ] ], [ [ [ -5.1727, 58.316 ], [ -5.1689, 58.3141 ], [ -5.1698, 58.3137 ], [ -5.1727, 58.316 ] ] ], [ [ [ -5.1839, 58.3164 ], [ -5.181, 58.3158 ], [ -5.185, 58.3145 ], [ -5.1839, 58.3164 ] ] ], [ [ [ -5.1492, 58.3151 ], [ -5.1458, 58.3167 ], [ -5.1478, 58.3145 ], [ -5.1492, 58.3151 ] ] ], [ [ [ -5.1638, 58.3158 ], [ -5.167, 58.3165 ], [ -5.1651, 58.3177 ], [ -5.1638, 58.3158 ] ] ], [ [ [ -5.1711, 58.3167 ], [ -5.1706, 58.3171 ], [ -5.1692, 58.3166 ], [ -5.1711, 58.3167 ] ] ], [ [ [ -5.1413, 58.3175 ], [ -5.141, 58.3179 ], [ -5.1409, 58.3175 ], [ -5.1413, 58.3175 ] ] ], [ [ [ -5.1403, 58.3181 ], [ -5.1398, 58.3185 ], [ -5.1397, 58.3181 ], [ -5.1403, 58.3181 ] ] ], [ [ [ -5.1446, 58.3216 ], [ -5.1446, 58.3221 ], [ -5.1436, 58.3216 ], [ -5.1446, 58.3216 ] ] ], [ [ [ -5.1441, 58.3236 ], [ -5.1423, 58.3233 ], [ -5.1428, 58.3224 ], [ -5.1441, 58.3236 ] ] ], [ [ [ -5.1387, 58.3242 ], [ -5.139, 58.3244 ], [ -5.1384, 58.3245 ], [ -5.1387, 58.3242 ] ] ], [ [ [ -5.1421, 58.3247 ], [ -5.142, 58.3244 ], [ -5.1427, 58.3247 ], [ -5.1421, 58.3247 ] ] ], [ [ [ -5.177, 58.342 ], [ -5.1767, 58.3423 ], [ -5.1763, 58.3422 ], [ -5.177, 58.342 ] ] ], [ [ [ -5.1853, 58.3436 ], [ -5.1855, 58.3441 ], [ -5.1851, 58.3444 ], [ -5.1853, 58.3436 ] ] ], [ [ [ -5.1824, 58.3462 ], [ -5.1817, 58.3458 ], [ -5.183, 58.3459 ], [ -5.1824, 58.3462 ] ] ], [ [ [ -5.1785, 58.3468 ], [ -5.1783, 58.3465 ], [ -5.1791, 58.3463 ], [ -5.1785, 58.3468 ] ] ], [ [ [ -5.1803, 58.3465 ], [ -5.1806, 58.3466 ], [ -5.1801, 58.347 ], [ -5.1803, 58.3465 ] ] ], [ [ [ -5.1795, 58.3476 ], [ -5.1798, 58.3477 ], [ -5.1794, 58.3485 ], [ -5.1795, 58.3476 ] ] ], [ [ [ -5.1782, 58.3492 ], [ -5.1779, 58.3491 ], [ -5.1787, 58.349 ], [ -5.1782, 58.3492 ] ] ], [ [ [ -5.1854, 58.3545 ], [ -5.1833, 58.3536 ], [ -5.1855, 58.352 ], [ -5.1854, 58.3545 ] ] ], [ [ [ -5.1825, 58.3708 ], [ -5.1839, 58.3697 ], [ -5.1847, 58.3699 ], [ -5.1825, 58.3708 ] ] ], [ [ [ -5.1667, 58.3825 ], [ -5.1718, 58.3741 ], [ -5.2097, 58.3772 ], [ -5.1667, 58.3825 ] ] ], [ [ [ -5.1639, 58.3822 ], [ -5.1637, 58.3817 ], [ -5.1643, 58.3816 ], [ -5.1639, 58.3822 ] ] ], [ [ [ -5.1528, 58.3834 ], [ -5.1511, 58.3836 ], [ -5.1526, 58.3826 ], [ -5.1528, 58.3834 ] ] ], [ [ [ -5.1513, 58.3838 ], [ -5.1509, 58.3843 ], [ -5.1502, 58.3839 ], [ -5.1513, 58.3838 ] ] ], [ [ [ -5.146, 58.3864 ], [ -5.1452, 58.3859 ], [ -5.1459, 58.3861 ], [ -5.146, 58.3864 ] ] ], [ [ [ -5.1475, 58.3875 ], [ -5.1481, 58.3878 ], [ -5.1474, 58.3879 ], [ -5.1475, 58.3875 ] ] ], [ [ [ -5.1971, 58.3875 ], [ -5.1978, 58.3879 ], [ -5.1972, 58.3883 ], [ -5.1971, 58.3875 ] ] ], [ [ [ -5.1465, 58.3879 ], [ -5.1467, 58.3882 ], [ -5.1463, 58.3881 ], [ -5.1465, 58.3879 ] ] ], [ [ [ -5.1553, 58.3883 ], [ -5.1551, 58.3884 ], [ -5.155, 58.3882 ], [ -5.1553, 58.3883 ] ] ], [ [ [ -5.1643, 58.3886 ], [ -5.1634, 58.3886 ], [ -5.1634, 58.3883 ], [ -5.1643, 58.3886 ] ] ], [ [ [ -5.1608, 58.3882 ], [ -5.1643, 58.3891 ], [ -5.1613, 58.3895 ], [ -5.1608, 58.3882 ] ] ], [ [ [ -5.15, 58.3893 ], [ -5.1514, 58.39 ], [ -5.1493, 58.3903 ], [ -5.15, 58.3893 ] ] ], [ [ [ -5.1505, 58.3909 ], [ -5.15, 58.3906 ], [ -5.1501, 58.3903 ], [ -5.1505, 58.3909 ] ] ], [ [ [ -5.1606, 58.3903 ], [ -5.1614, 58.3908 ], [ -5.1606, 58.391 ], [ -5.1606, 58.3903 ] ] ], [ [ [ -5.148, 58.3906 ], [ -5.1495, 58.391 ], [ -5.1487, 58.3909 ], [ -5.148, 58.3906 ] ] ], [ [ [ -5.1583, 58.3907 ], [ -5.1588, 58.3911 ], [ -5.1587, 58.3912 ], [ -5.1583, 58.3907 ] ] ], [ [ [ -5.0697, 58.3908 ], [ -5.0712, 58.3909 ], [ -5.0705, 58.3916 ], [ -5.0697, 58.3908 ] ] ], [ [ [ -5.1512, 58.3912 ], [ -5.1523, 58.3914 ], [ -5.1515, 58.3915 ], [ -5.1512, 58.3912 ] ] ], [ [ [ -5.1557, 58.3914 ], [ -5.1558, 58.3911 ], [ -5.1569, 58.3915 ], [ -5.1557, 58.3914 ] ] ], [ [ [ -5.1526, 58.3916 ], [ -5.1527, 58.3917 ], [ -5.1521, 58.3918 ], [ -5.1526, 58.3916 ] ] ], [ [ [ -5.1554, 58.3914 ], [ -5.1562, 58.3921 ], [ -5.1548, 58.3919 ], [ -5.1554, 58.3914 ] ] ], [ [ [ -5.1574, 58.3916 ], [ -5.1588, 58.3925 ], [ -5.1568, 58.3918 ], [ -5.1574, 58.3916 ] ] ], [ [ [ -5.161, 58.3918 ], [ -5.162, 58.3922 ], [ -5.1606, 58.3921 ], [ -5.161, 58.3918 ] ] ], [ [ [ -5.0688, 58.3922 ], [ -5.0717, 58.3925 ], [ -5.0685, 58.3924 ], [ -5.0688, 58.3922 ] ] ], [ [ [ -5.1551, 58.3922 ], [ -5.1562, 58.3921 ], [ -5.1566, 58.3921 ], [ -5.1581, 58.3928 ], [ -5.1551, 58.3922 ] ] ], [ [ [ -5.0771, 58.3911 ], [ -5.0791, 58.3917 ], [ -5.0743, 58.3942 ], [ -5.0771, 58.3911 ] ] ], [ [ [ -5.1563, 58.3933 ], [ -5.1567, 58.3938 ], [ -5.155, 58.3931 ], [ -5.1563, 58.3933 ] ] ], [ [ [ -5.0906, 58.3947 ], [ -5.0888, 58.3947 ], [ -5.0885, 58.3942 ], [ -5.0906, 58.3947 ] ] ], [ [ [ -5.0907, 58.3952 ], [ -5.0916, 58.396 ], [ -5.0907, 58.3965 ], [ -5.0907, 58.3952 ] ] ], [ [ [ -5.0922, 58.3958 ], [ -5.0931, 58.3959 ], [ -5.0933, 58.3964 ], [ -5.0922, 58.3958 ] ] ], [ [ [ -5.0619, 58.397 ], [ -5.0621, 58.3959 ], [ -5.064, 58.3964 ], [ -5.0619, 58.397 ] ] ], [ [ [ -5.091, 58.3992 ], [ -5.0994, 58.3987 ], [ -5.092, 58.4003 ], [ -5.091, 58.3992 ] ] ], [ [ [ -5.065, 58.4 ], [ -5.0645, 58.3996 ], [ -5.065, 58.3993 ], [ -5.065, 58.4 ] ] ], [ [ [ -5.1015, 58.4038 ], [ -5.1113, 58.4032 ], [ -5.1071, 58.4058 ], [ -5.1015, 58.4038 ] ] ], [ [ [ -5.1136, 58.4039 ], [ -5.1141, 58.4044 ], [ -5.1121, 58.4051 ], [ -5.1136, 58.4039 ] ] ], [ [ [ -5.0757, 58.407 ], [ -5.0731, 58.4043 ], [ -5.0807, 58.4023 ], [ -5.0757, 58.407 ] ] ], [ [ [ -5.1269, 58.4074 ], [ -5.1255, 58.4074 ], [ -5.1262, 58.4068 ], [ -5.1269, 58.4074 ] ] ], [ [ [ -5.1192, 58.4079 ], [ -5.1182, 58.4076 ], [ -5.1192, 58.4068 ], [ -5.1192, 58.4079 ] ] ], [ [ [ -5.1128, 58.407 ], [ -5.1142, 58.4073 ], [ -5.1115, 58.4072 ], [ -5.1128, 58.407 ] ] ], [ [ [ -5.1242, 58.4103 ], [ -5.1245, 58.4108 ], [ -5.1238, 58.4108 ], [ -5.1242, 58.4103 ] ] ], [ [ [ -5.1252, 58.4106 ], [ -5.1252, 58.41 ], [ -5.1269, 58.41 ], [ -5.1252, 58.4106 ] ] ], [ [ [ -5.0583, 58.4105 ], [ -5.063, 58.411 ], [ -5.0596, 58.4123 ], [ -5.0583, 58.4105 ] ] ], [ [ [ -5.1378, 58.4131 ], [ -5.1369, 58.4138 ], [ -5.1364, 58.4132 ], [ -5.1378, 58.4131 ] ] ], [ [ [ -5.1135, 58.4147 ], [ -5.1143, 58.4149 ], [ -5.1138, 58.4152 ], [ -5.1135, 58.4147 ] ] ], [ [ [ -5.1188, 58.4161 ], [ -5.1178, 58.4163 ], [ -5.118, 58.416 ], [ -5.1188, 58.4161 ] ] ], [ [ [ -5.1183, 58.4174 ], [ -5.1153, 58.4172 ], [ -5.1157, 58.4159 ], [ -5.1183, 58.4174 ] ] ], [ [ [ -5.1034, 58.4168 ], [ -5.1065, 58.4166 ], [ -5.1026, 58.418 ], [ -5.1034, 58.4168 ] ] ], [ [ [ -5.1131, 58.4174 ], [ -5.1126, 58.4177 ], [ -5.1116, 58.4174 ], [ -5.1131, 58.4174 ] ] ], [ [ [ -5.105, 58.4178 ], [ -5.1058, 58.4179 ], [ -5.1053, 58.4181 ], [ -5.105, 58.4178 ] ] ], [ [ [ -5.1043, 58.4178 ], [ -5.1022, 58.4187 ], [ -5.1024, 58.4181 ], [ -5.1043, 58.4178 ] ] ], [ [ [ -5.1162, 58.4181 ], [ -5.1176, 58.4183 ], [ -5.1168, 58.4188 ], [ -5.1162, 58.4181 ] ] ], [ [ [ -5.1088, 58.4178 ], [ -5.1096, 58.4183 ], [ -5.1064, 58.4191 ], [ -5.1088, 58.4178 ] ] ], [ [ [ -5.0931, 58.4203 ], [ -5.0918, 58.4209 ], [ -5.0922, 58.4204 ], [ -5.0931, 58.4203 ] ] ], [ [ [ -5.1163, 58.427 ], [ -5.1167, 58.4264 ], [ -5.118, 58.4269 ], [ -5.1163, 58.427 ] ] ], [ [ [ -5.1151, 58.4268 ], [ -5.1157, 58.4265 ], [ -5.1156, 58.4271 ], [ -5.1151, 58.4268 ] ] ], [ [ [ -5.1158, 58.4279 ], [ -5.1165, 58.4279 ], [ -5.1159, 58.4285 ], [ -5.1158, 58.4279 ] ] ], [ [ [ -5.1174, 58.4283 ], [ -5.1177, 58.4285 ], [ -5.1167, 58.4288 ], [ -5.1174, 58.4283 ] ] ], [ [ [ -5.1178, 58.4296 ], [ -5.1206, 58.4276 ], [ -5.1219, 58.4292 ], [ -5.1178, 58.4296 ] ] ], [ [ [ -5.1301, 58.4296 ], [ -5.1301, 58.43 ], [ -5.1293, 58.4301 ], [ -5.1301, 58.4296 ] ] ], [ [ [ -5.1245, 58.4299 ], [ -5.1249, 58.4302 ], [ -5.1231, 58.431 ], [ -5.1245, 58.4299 ] ] ], [ [ [ -5.1142, 58.4319 ], [ -5.1128, 58.4327 ], [ -5.1126, 58.4326 ], [ -5.1142, 58.4319 ] ] ], [ [ [ -5.1162, 58.4335 ], [ -5.1152, 58.434 ], [ -5.1153, 58.4334 ], [ -5.1162, 58.4335 ] ] ], [ [ [ -5.1432, 58.4346 ], [ -5.1431, 58.4351 ], [ -5.1419, 58.4352 ], [ -5.1432, 58.4346 ] ] ], [ [ [ -5.1395, 58.4349 ], [ -5.1378, 58.4358 ], [ -5.1393, 58.4347 ], [ -5.1395, 58.4349 ] ] ], [ [ [ -5.1187, 58.4352 ], [ -5.1198, 58.4353 ], [ -5.1187, 58.4355 ], [ -5.1187, 58.4352 ] ] ], [ [ [ -5.1188, 58.4372 ], [ -5.118, 58.437 ], [ -5.1189, 58.4365 ], [ -5.1188, 58.4372 ] ] ], [ [ [ -5.1366, 58.4369 ], [ -5.1354, 58.437 ], [ -5.1359, 58.4367 ], [ -5.1366, 58.4369 ] ] ], [ [ [ -5.1072, 58.4371 ], [ -5.1077, 58.4372 ], [ -5.1072, 58.4375 ], [ -5.1072, 58.4371 ] ] ], [ [ [ -5.1153, 58.4375 ], [ -5.1146, 58.4378 ], [ -5.1147, 58.4376 ], [ -5.1153, 58.4375 ] ] ], [ [ [ -5.137, 58.4393 ], [ -5.1384, 58.4395 ], [ -5.1363, 58.4397 ], [ -5.137, 58.4393 ] ] ], [ [ [ -5.1346, 58.4404 ], [ -5.1347, 58.4396 ], [ -5.1358, 58.44 ], [ -5.1346, 58.4404 ] ] ], [ [ [ -5.1112, 58.4404 ], [ -5.1111, 58.4404 ], [ -5.1122, 58.4399 ], [ -5.1112, 58.4404 ] ] ], [ [ [ -5.1121, 58.4403 ], [ -5.1131, 58.4403 ], [ -5.1127, 58.4405 ], [ -5.1121, 58.4403 ] ] ], [ [ [ -5.1319, 58.4411 ], [ -5.1327, 58.4416 ], [ -5.1312, 58.4415 ], [ -5.1319, 58.4411 ] ] ], [ [ [ -5.1219, 58.4421 ], [ -5.122, 58.4426 ], [ -5.1215, 58.4424 ], [ -5.1219, 58.4421 ] ] ], [ [ [ -5.0887, 58.4463 ], [ -5.0896, 58.4464 ], [ -5.0885, 58.4468 ], [ -5.0887, 58.4463 ] ] ], [ [ [ -5.0863, 58.4504 ], [ -5.0879, 58.4505 ], [ -5.0841, 58.4516 ], [ -5.0863, 58.4504 ] ] ], [ [ [ -5.0881, 58.4511 ], [ -5.0888, 58.4514 ], [ -5.0881, 58.4516 ], [ -5.0881, 58.4511 ] ] ], [ [ [ -5.0871, 58.4524 ], [ -5.0841, 58.4521 ], [ -5.0854, 58.4518 ], [ -5.0871, 58.4524 ] ] ], [ [ [ -5.0846, 58.4527 ], [ -5.0833, 58.4525 ], [ -5.0836, 58.4522 ], [ -5.0846, 58.4527 ] ] ], [ [ [ -5.0784, 58.4575 ], [ -5.0772, 58.4578 ], [ -5.0778, 58.4571 ], [ -5.0784, 58.4575 ] ] ], [ [ [ -5.0848, 58.4624 ], [ -5.0852, 58.4643 ], [ -5.076, 58.465 ], [ -5.0848, 58.4624 ] ] ], [ [ [ -5.0874, 58.4663 ], [ -5.0861, 58.467 ], [ -5.0859, 58.4665 ], [ -5.0874, 58.4663 ] ] ], [ [ [ -5.0883, 58.4665 ], [ -5.0866, 58.4671 ], [ -5.0877, 58.4665 ], [ -5.0883, 58.4665 ] ] ], [ [ [ -5.0891, 58.4663 ], [ -5.0893, 58.4668 ], [ -5.0878, 58.4672 ], [ -5.0891, 58.4663 ] ] ], [ [ [ -5.0894, 58.4723 ], [ -5.0897, 58.4732 ], [ -5.0889, 58.4734 ], [ -5.0894, 58.4723 ] ] ], [ [ [ -5.0884, 58.4741 ], [ -5.088, 58.4739 ], [ -5.0887, 58.4739 ], [ -5.0884, 58.4741 ] ] ], [ [ [ -5.1407, 58.4744 ], [ -5.1411, 58.4755 ], [ -5.1389, 58.4744 ], [ -5.1407, 58.4744 ] ] ], [ [ [ -5.1395, 58.4762 ], [ -5.1336, 58.4773 ], [ -5.1341, 58.4731 ], [ -5.1395, 58.4762 ] ] ], [ [ [ -5.1036, 58.4755 ], [ -5.1032, 58.4753 ], [ -5.1043, 58.475 ], [ -5.1036, 58.4755 ] ] ], [ [ [ -5.1322, 58.473 ], [ -5.1336, 58.4741 ], [ -5.1222, 58.4799 ], [ -5.1165, 58.4777 ], [ -5.1322, 58.473 ] ] ], [ [ [ -5.0987, 58.4762 ], [ -5.1025, 58.4754 ], [ -5.1025, 58.4762 ], [ -5.0987, 58.4762 ] ] ], [ [ [ -5.1165, 58.4814 ], [ -5.117, 58.4814 ], [ -5.1169, 58.4816 ], [ -5.1165, 58.4814 ] ] ], [ [ [ -5.1405, 58.4814 ], [ -5.1398, 58.4819 ], [ -5.1385, 58.482 ], [ -5.138, 58.482 ], [ -5.1405, 58.4814 ] ] ], [ [ [ -5.1385, 58.482 ], [ -5.139, 58.4821 ], [ -5.138, 58.4826 ], [ -5.1385, 58.482 ] ] ], [ [ [ -5.1291, 58.4864 ], [ -5.1304, 58.486 ], [ -5.13, 58.4868 ], [ -5.1291, 58.4864 ] ] ], [ [ [ -5.1269, 58.4867 ], [ -5.1277, 58.4868 ], [ -5.1274, 58.4874 ], [ -5.1269, 58.4867 ] ] ], [ [ [ -5.1132, 58.5222 ], [ -5.1142, 58.5229 ], [ -5.1133, 58.5233 ], [ -5.1132, 58.5222 ] ] ], [ [ [ -5.1073, 58.5254 ], [ -5.1071, 58.525 ], [ -5.108, 58.5249 ], [ -5.1073, 58.5254 ] ] ], [ [ [ -5.1058, 58.5293 ], [ -5.105, 58.5296 ], [ -5.1046, 58.5292 ], [ -5.1058, 58.5293 ] ] ], [ [ [ -5.1185, 58.5446 ], [ -5.12, 58.5461 ], [ -5.1186, 58.5472 ], [ -5.1185, 58.5446 ] ] ], [ [ [ -4.9056, 50.1948 ], [ -4.906, 50.1953 ], [ -4.9057, 50.1956 ], [ -4.9056, 50.1948 ] ] ], [ [ [ -4.1089, 50.3059 ], [ -4.1087, 50.3057 ], [ -4.1095, 50.3057 ], [ -4.109, 50.3059 ], [ -4.1089, 50.3059 ] ] ], [ [ [ -4.1084, 50.3059 ], [ -4.1089, 50.3059 ], [ -4.1086, 50.3062 ], [ -4.1084, 50.3059 ] ] ], [ [ [ -4.1062, 50.3063 ], [ -4.1085, 50.3066 ], [ -4.1056, 50.3081 ], [ -4.1062, 50.3063 ] ] ], [ [ [ -4.1544, 50.3338 ], [ -4.1373, 50.3336 ], [ -4.1546, 50.3336 ], [ -4.1544, 50.3338 ] ] ], [ [ [ -4.4505, 50.3389 ], [ -4.4464, 50.3366 ], [ -4.4516, 50.3355 ], [ -4.4505, 50.3389 ] ] ], [ [ [ -4.1533, 50.3546 ], [ -4.1554, 50.356 ], [ -4.152, 50.3557 ], [ -4.1533, 50.3546 ] ] ], [ [ [ -4.4646, 50.3789 ], [ -4.4648, 50.3793 ], [ -4.4655, 50.38 ], [ -4.4646, 50.3793 ], [ -4.4643, 50.3788 ], [ -4.4649, 50.3767 ], [ -4.465, 50.3755 ], [ -4.4652, 50.3758 ], [ -4.4646, 50.3789 ] ] ], [ [ [ -4.4645, 50.3749 ], [ -4.4625, 50.374 ], [ -4.4644, 50.374 ], [ -4.465, 50.3755 ], [ -4.4645, 50.3749 ] ] ], [ [ [ -4.2874, 50.386 ], [ -4.2885, 50.3879 ], [ -4.2845, 50.3885 ], [ -4.2874, 50.386 ] ] ], [ [ [ -4.2478, 50.3886 ], [ -4.2485, 50.3897 ], [ -4.2456, 50.3889 ], [ -4.246, 50.3876 ], [ -4.2478, 50.3886 ] ] ], [ [ [ -4.1757, 50.4227 ], [ -4.1759, 50.4232 ], [ -4.1752, 50.4232 ], [ -4.1757, 50.4227 ] ] ], [ [ [ -4.2214, 50.4272 ], [ -4.2187, 50.4269 ], [ -4.2219, 50.4261 ], [ -4.2211, 50.4265 ], [ -4.2214, 50.4272 ] ] ], [ [ [ -4.2, 50.4501 ], [ -4.2002, 50.4508 ], [ -4.1997, 50.451 ], [ -4.2, 50.4501 ] ] ], [ [ [ -4.1994, 50.4501 ], [ -4.1992, 50.4509 ], [ -4.1997, 50.451 ], [ -4.2006, 50.4512 ], [ -4.1968, 50.4517 ], [ -4.1994, 50.4501 ] ] ], [ [ [ -4.1966, 50.4528 ], [ -4.1964, 50.4529 ], [ -4.1964, 50.453 ], [ -4.1972, 50.4533 ], [ -4.1957, 50.4532 ], [ -4.1959, 50.4531 ], [ -4.1954, 50.4526 ], [ -4.1958, 50.4507 ], [ -4.1966, 50.4528 ] ], [ [ -4.1963, 50.4526 ], [ -4.1961, 50.4526 ], [ -4.1964, 50.4529 ], [ -4.1963, 50.4526 ] ], [ [ -4.196, 50.4531 ], [ -4.196, 50.453 ], [ -4.1959, 50.4531 ], [ -4.196, 50.4531 ] ] ], [ [ [ -4.2004, 50.4536 ], [ -4.1972, 50.4519 ], [ -4.2, 50.4524 ], [ -4.2004, 50.4536 ] ] ], [ [ [ -4.1971, 50.4524 ], [ -4.1987, 50.453 ], [ -4.1973, 50.4529 ], [ -4.1971, 50.4524 ] ] ], [ [ [ -4.1954, 50.4527 ], [ -4.1958, 50.4531 ], [ -4.1952, 50.4531 ], [ -4.1954, 50.4527 ] ] ], [ [ [ -5.0354, 50.4841 ], [ -5.0359, 50.4846 ], [ -5.0352, 50.4849 ], [ -5.0354, 50.4841 ] ] ], [ [ [ -5.0297, 50.5158 ], [ -5.0295, 50.5152 ], [ -5.0299, 50.5151 ], [ -5.0297, 50.5158 ] ] ], [ [ [ -5.0292, 50.5153 ], [ -5.0294, 50.5159 ], [ -5.0289, 50.5156 ], [ -5.0292, 50.5153 ] ] ], [ [ [ -5.0295, 50.5162 ], [ -5.0294, 50.5164 ], [ -5.0286, 50.5159 ], [ -5.0295, 50.5162 ] ] ], [ [ [ -4.8485, 50.5277 ], [ -4.8492, 50.5275 ], [ -4.8483, 50.5282 ], [ -4.8485, 50.5277 ] ] ], [ [ [ -4.8507, 50.5285 ], [ -4.8503, 50.529 ], [ -4.85, 50.5286 ], [ -4.8507, 50.5285 ] ] ], [ [ [ -4.8489, 50.5303 ], [ -4.8492, 50.5276 ], [ -4.8494, 50.5295 ], [ -4.8514, 50.5288 ], [ -4.8546, 50.5303 ], [ -4.8489, 50.5303 ] ] ], [ [ [ -4.9981, 50.5714 ], [ -4.9994, 50.5723 ], [ -4.9954, 50.5716 ], [ -4.9981, 50.5714 ] ] ], [ [ [ -4.5455, 50.9524 ], [ -4.5468, 50.9527 ], [ -4.5454, 50.9526 ], [ -4.5455, 50.9524 ] ] ], [ [ [ -4.5443, 50.9524 ], [ -4.5452, 50.9527 ], [ -4.5444, 50.9528 ], [ -4.5443, 50.9524 ] ] ], [ [ [ -4.6617, 51.1671 ], [ -4.6537, 51.1614 ], [ -4.6806, 51.1724 ], [ -4.6617, 51.1671 ] ] ], [ [ [ -4.2061, 51.5358 ], [ -4.207, 51.5366 ], [ -4.2065, 51.5371 ], [ -4.2061, 51.5358 ] ] ], [ [ [ -4.2723, 51.5557 ], [ -4.2719, 51.5561 ], [ -4.2718, 51.5556 ], [ -4.2723, 51.5557 ] ] ], [ [ [ -4.3259, 51.5661 ], [ -4.3182, 51.5646 ], [ -4.3146, 51.5628 ], [ -4.3259, 51.5661 ] ] ], [ [ [ -4.3102, 51.6085 ], [ -4.3161, 51.609 ], [ -4.3155, 51.6098 ], [ -4.3102, 51.6085 ] ] ], [ [ [ -4.2193, 51.625 ], [ -4.2202, 51.6255 ], [ -4.2196, 51.6258 ], [ -4.2193, 51.625 ] ] ], [ [ [ -4.2449, 51.6278 ], [ -4.2447, 51.6282 ], [ -4.2436, 51.6282 ], [ -4.2449, 51.6278 ] ] ], [ [ [ -4.2106, 51.6276 ], [ -4.2118, 51.6287 ], [ -4.2103, 51.6278 ], [ -4.2106, 51.6276 ] ] ], [ [ [ -4.2136, 51.6274 ], [ -4.2152, 51.6286 ], [ -4.215, 51.6296 ], [ -4.2136, 51.6274 ] ] ], [ [ [ -4.2158, 51.6295 ], [ -4.2162, 51.6312 ], [ -4.2146, 51.6303 ], [ -4.2158, 51.6295 ] ] ], [ [ [ -4.2425, 51.6311 ], [ -4.2416, 51.6313 ], [ -4.2422, 51.6308 ], [ -4.2425, 51.6311 ] ] ], [ [ [ -4.241, 51.6319 ], [ -4.2398, 51.6321 ], [ -4.2415, 51.6311 ], [ -4.241, 51.6319 ] ] ], [ [ [ -4.2412, 51.6322 ], [ -4.2422, 51.6314 ], [ -4.2417, 51.6319 ], [ -4.2412, 51.6322 ] ] ], [ [ [ -4.2408, 51.6322 ], [ -4.241, 51.6324 ], [ -4.2404, 51.6327 ], [ -4.2408, 51.6322 ] ] ], [ [ [ -4.2259, 51.6331 ], [ -4.2252, 51.6323 ], [ -4.2257, 51.6322 ], [ -4.2259, 51.6331 ] ] ], [ [ [ -4.2397, 51.6338 ], [ -4.2387, 51.6341 ], [ -4.2397, 51.6334 ], [ -4.2392, 51.6323 ], [ -4.2405, 51.6323 ], [ -4.2397, 51.6338 ] ] ], [ [ [ -4.2345, 51.6336 ], [ -4.2397, 51.6318 ], [ -4.2344, 51.6352 ], [ -4.2345, 51.6336 ] ] ], [ [ [ -4.237, 51.6358 ], [ -4.2354, 51.6357 ], [ -4.2363, 51.6351 ], [ -4.2385, 51.635 ], [ -4.2377, 51.6352 ], [ -4.237, 51.6358 ] ] ], [ [ [ -4.6856, 51.6299 ], [ -4.7095, 51.6422 ], [ -4.6938, 51.6397 ], [ -4.6856, 51.6299 ] ] ], [ [ [ -4.7196, 51.6436 ], [ -4.7141, 51.6433 ], [ -4.7171, 51.6416 ], [ -4.7196, 51.6436 ] ] ], [ [ [ -4.072, 51.6548 ], [ -4.0739, 51.6564 ], [ -4.0723, 51.6571 ], [ -4.0698, 51.6542 ], [ -4.072, 51.6548 ] ] ], [ [ [ -4.0805, 51.6571 ], [ -4.0817, 51.6566 ], [ -4.0821, 51.6554 ], [ -4.0824, 51.6528 ], [ -4.0832, 51.6554 ], [ -4.0855, 51.6557 ], [ -4.0805, 51.6571 ] ] ], [ [ [ -4.0879, 51.6569 ], [ -4.085, 51.6569 ], [ -4.0871, 51.6554 ], [ -4.0879, 51.6569 ] ] ], [ [ [ -4.0862, 51.6576 ], [ -4.0812, 51.6588 ], [ -4.0815, 51.6581 ], [ -4.0862, 51.6576 ] ] ], [ [ [ -4.6916, 51.6709 ], [ -4.691, 51.6704 ], [ -4.694, 51.671 ], [ -4.6916, 51.6709 ] ] ], [ [ [ -4.8547, 51.718 ], [ -4.8553, 51.718 ], [ -4.8558, 51.7203 ], [ -4.8547, 51.718 ] ] ], [ [ [ -4.8581, 51.72 ], [ -4.858, 51.7182 ], [ -4.8591, 51.7196 ], [ -4.8581, 51.72 ] ] ], [ [ [ -4.3217, 51.7234 ], [ -4.3206, 51.7224 ], [ -4.3222, 51.7222 ], [ -4.3231, 51.7213 ], [ -4.3241, 51.7214 ], [ -4.3217, 51.7234 ] ] ], [ [ [ -4.3339, 51.7251 ], [ -4.3312, 51.7228 ], [ -4.3327, 51.7212 ], [ -4.3328, 51.7207 ], [ -4.3339, 51.7251 ] ] ], [ [ [ -4.3249, 51.7235 ], [ -4.3281, 51.7217 ], [ -4.3334, 51.7255 ], [ -4.3249, 51.7235 ] ] ], [ [ [ -4.3377, 51.7226 ], [ -4.3389, 51.7242 ], [ -4.3428, 51.7253 ], [ -4.3371, 51.7254 ], [ -4.3377, 51.7226 ] ] ], [ [ [ -4.346, 51.7275 ], [ -4.3427, 51.7275 ], [ -4.342, 51.7279 ], [ -4.3436, 51.7254 ], [ -4.3487, 51.7254 ], [ -4.347, 51.7249 ], [ -4.3521, 51.7244 ], [ -4.353, 51.723 ], [ -4.3552, 51.7234 ], [ -4.3556, 51.7227 ], [ -4.358, 51.7231 ], [ -4.3597, 51.7228 ], [ -4.346, 51.7275 ] ] ], [ [ [ -4.3414, 51.727 ], [ -4.34, 51.73 ], [ -4.3345, 51.729 ], [ -4.3414, 51.727 ] ] ], [ [ [ -4.3464, 51.731 ], [ -4.3432, 51.7301 ], [ -4.349, 51.7288 ], [ -4.3471, 51.7293 ], [ -4.3464, 51.731 ] ] ], [ [ [ -4.3508, 51.7307 ], [ -4.3469, 51.7311 ], [ -4.3479, 51.7294 ], [ -4.3526, 51.73 ], [ -4.3508, 51.7307 ] ] ], [ [ [ -4.8854, 51.7604 ], [ -4.8861, 51.7605 ], [ -4.8859, 51.7608 ], [ -4.8854, 51.7604 ] ] ], [ [ [ -4.8819, 51.7699 ], [ -4.8816, 51.7701 ], [ -4.8815, 51.7696 ], [ -4.8819, 51.7699 ] ] ], [ [ [ -4.8801, 51.7703 ], [ -4.8813, 51.7698 ], [ -4.8809, 51.7706 ], [ -4.8801, 51.7703 ] ] ], [ [ [ -4.8533, 51.7894 ], [ -4.8539, 51.7894 ], [ -4.8537, 51.7897 ], [ -4.8533, 51.7894 ] ] ], [ [ [ -4.9563, 51.7949 ], [ -4.9569, 51.7959 ], [ -4.9557, 51.795 ], [ -4.9563, 51.7949 ] ] ], [ [ [ -4.6887, 52.1341 ], [ -4.6859, 52.132 ], [ -4.6886, 52.1304 ], [ -4.6887, 52.1341 ] ] ], [ [ [ -4.077, 52.6022 ], [ -4.0786, 52.6025 ], [ -4.0774, 52.6026 ], [ -4.077, 52.6022 ] ] ], [ [ [ -4.0763, 52.6026 ], [ -4.0787, 52.6031 ], [ -4.0783, 52.6032 ], [ -4.0763, 52.6026 ] ] ], [ [ [ -4.0728, 52.6047 ], [ -4.0739, 52.6026 ], [ -4.0756, 52.6022 ], [ -4.0728, 52.6047 ] ] ], [ [ [ -4.8042, 52.7558 ], [ -4.8039, 52.7572 ], [ -4.8025, 52.7567 ], [ -4.8042, 52.7558 ] ] ], [ [ [ -4.7859, 52.7532 ], [ -4.8024, 52.7454 ], [ -4.7951, 52.768 ], [ -4.7859, 52.7532 ] ] ], [ [ [ -4.7462, 52.7815 ], [ -4.7455, 52.7814 ], [ -4.7455, 52.7812 ], [ -4.7462, 52.7815 ] ] ], [ [ [ -4.6976, 52.7844 ], [ -4.6991, 52.7845 ], [ -4.6991, 52.785 ], [ -4.6976, 52.7844 ] ] ], [ [ [ -4.6927, 52.7878 ], [ -4.6967, 52.7865 ], [ -4.6955, 52.7877 ], [ -4.6927, 52.7878 ] ] ], [ [ [ -4.4729, 52.7982 ], [ -4.4712, 52.8019 ], [ -4.4707, 52.8007 ], [ -4.4729, 52.7982 ] ] ], [ [ [ -4.6705, 52.8007 ], [ -4.6711, 52.8014 ], [ -4.6708, 52.8017 ], [ -4.6705, 52.8007 ] ] ], [ [ [ -4.4598, 52.8037 ], [ -4.4651, 52.8055 ], [ -4.4628, 52.8074 ], [ -4.4598, 52.8037 ] ] ], [ [ [ -4.1289, 52.8244 ], [ -4.1287, 52.8242 ], [ -4.1335, 52.8227 ], [ -4.1289, 52.8244 ] ] ], [ [ [ -4.7395, 52.8271 ], [ -4.74, 52.8276 ], [ -4.7387, 52.828 ], [ -4.7395, 52.8271 ] ] ], [ [ [ -4.083, 52.9141 ], [ -4.0791, 52.9129 ], [ -4.0817, 52.9105 ], [ -4.083, 52.9141 ] ] ], [ [ [ -4.1279, 52.9186 ], [ -4.1294, 52.9185 ], [ -4.1276, 52.9209 ], [ -4.1279, 52.9186 ] ] ], [ [ [ -4.4135, 53.1391 ], [ -4.4063, 53.1436 ], [ -4.406, 53.1401 ], [ -4.4135, 53.1391 ] ] ], [ [ [ -4.5077, 53.1876 ], [ -4.5076, 53.1881 ], [ -4.5065, 53.1877 ], [ -4.5077, 53.1876 ] ] ], [ [ [ -4.1849, 53.2179 ], [ -4.1853, 53.2182 ], [ -4.1848, 53.2187 ], [ -4.1849, 53.2179 ] ] ], [ [ [ -4.1818, 53.2185 ], [ -4.1812, 53.2193 ], [ -4.1794, 53.2186 ], [ -4.1818, 53.2185 ] ] ], [ [ [ -4.1753, 53.2229 ], [ -4.1728, 53.2219 ], [ -4.1741, 53.2208 ], [ -4.1753, 53.2229 ] ] ], [ [ [ -4.1538, 53.2308 ], [ -4.1538, 53.2304 ], [ -4.1586, 53.2294 ], [ -4.1538, 53.2308 ] ] ], [ [ [ -4.5427, 53.2298 ], [ -4.5432, 53.2309 ], [ -4.542, 53.2313 ], [ -4.5427, 53.2298 ] ] ], [ [ [ -4.1531, 53.2319 ], [ -4.1518, 53.2322 ], [ -4.1524, 53.2316 ], [ -4.1531, 53.2319 ] ] ], [ [ [ -4.5419, 53.2326 ], [ -4.5421, 53.2319 ], [ -4.5433, 53.2318 ], [ -4.5419, 53.2326 ] ] ], [ [ [ -4.1514, 53.2333 ], [ -4.1514, 53.2335 ], [ -4.1505, 53.2338 ], [ -4.1514, 53.2333 ] ] ], [ [ [ -4.5399, 53.2346 ], [ -4.5413, 53.2326 ], [ -4.5405, 53.2341 ], [ -4.5399, 53.2346 ] ] ], [ [ [ -4.5561, 53.25 ], [ -4.5566, 53.2509 ], [ -4.5554, 53.2505 ], [ -4.5561, 53.25 ] ] ], [ [ [ -4.5575, 53.2545 ], [ -4.5604, 53.2563 ], [ -4.5586, 53.2559 ], [ -4.5575, 53.2545 ] ] ], [ [ [ -4.5719, 53.2727 ], [ -4.5709, 53.2715 ], [ -4.5724, 53.2711 ], [ -4.5719, 53.2727 ] ] ], [ [ [ -4.5928, 53.2765 ], [ -4.5931, 53.2778 ], [ -4.5921, 53.2781 ], [ -4.5928, 53.2765 ] ] ], [ [ [ -4.287, 53.4168 ], [ -4.2041, 53.2923 ], [ -4.0402, 53.3106 ], [ -4.3309, 53.1656 ], [ -4.3275, 53.1269 ], [ -4.4183, 53.1628 ], [ -4.3907, 53.1702 ], [ -4.385, 53.1916 ], [ -4.3468, 53.2025 ], [ -4.3239, 53.22 ], [ -4.3127, 53.2297 ], [ -4.3469, 53.2026 ], [ -4.3708, 53.198 ], [ -4.3969, 53.1879 ], [ -4.4436, 53.155 ], [ -4.5845, 53.3312 ], [ -4.5735, 53.4041 ], [ -4.287, 53.4168 ] ] ], [ [ [ -4.5849, 53.301 ], [ -4.5837, 53.2902 ], [ -4.6018, 53.288 ], [ -4.5972, 53.2836 ], [ -4.6087, 53.2834 ], [ -4.6099, 53.2793 ], [ -4.5534, 53.2471 ], [ -4.6865, 53.2841 ], [ -4.5849, 53.301 ] ] ], [ [ [ -4.2272, 53.3579 ], [ -4.226, 53.3584 ], [ -4.2261, 53.3579 ], [ -4.2272, 53.3579 ] ] ], [ [ [ -4.5544, 53.4179 ], [ -4.5543, 53.4175 ], [ -4.5547, 53.4174 ], [ -4.5544, 53.4179 ] ] ], [ [ [ -4.6123, 53.421 ], [ -4.6108, 53.4213 ], [ -4.6098, 53.4195 ], [ -4.6123, 53.421 ] ] ], [ [ [ -4.6074, 53.4213 ], [ -4.6087, 53.4202 ], [ -4.6092, 53.4217 ], [ -4.6074, 53.4213 ] ] ], [ [ [ -4.6044, 53.4244 ], [ -4.6039, 53.4237 ], [ -4.6066, 53.4221 ], [ -4.6044, 53.4244 ] ] ], [ [ [ -4.603, 53.4237 ], [ -4.6035, 53.424 ], [ -4.6029, 53.4246 ], [ -4.603, 53.4237 ] ] ], [ [ [ -4.6064, 53.4248 ], [ -4.6056, 53.4246 ], [ -4.6057, 53.4241 ], [ -4.6064, 53.4248 ] ] ], [ [ [ -4.4379, 53.435 ], [ -4.4379, 53.4355 ], [ -4.4369, 53.4355 ], [ -4.4379, 53.435 ] ] ], [ [ [ -4.4387, 53.4357 ], [ -4.4382, 53.4355 ], [ -4.4385, 53.4354 ], [ -4.4387, 53.4357 ] ] ], [ [ [ -4.086, 54.7637 ], [ -4.0885, 54.7654 ], [ -4.0839, 54.7685 ], [ -4.086, 54.7637 ] ] ], [ [ [ -4.84, 55.2894 ], [ -4.8402, 55.2901 ], [ -4.8384, 55.2896 ], [ -4.84, 55.2894 ] ] ], [ [ [ -4.8531, 55.3035 ], [ -4.8497, 55.3071 ], [ -4.8457, 55.3072 ], [ -4.8531, 55.3035 ] ] ], [ [ [ -4.7355, 55.5279 ], [ -4.7325, 55.5267 ], [ -4.7334, 55.5253 ], [ -4.7355, 55.5279 ] ] ], [ [ [ -4.8467, 55.6465 ], [ -4.8463, 55.6479 ], [ -4.8406, 55.6457 ], [ -4.8467, 55.6465 ] ] ], [ [ [ -4.9516, 55.7101 ], [ -4.9677, 55.7183 ], [ -4.9382, 55.735 ], [ -4.9516, 55.7101 ] ] ], [ [ [ -4.9257, 55.7477 ], [ -4.9267, 55.7483 ], [ -4.9244, 55.7489 ], [ -4.9257, 55.7477 ] ] ], [ [ [ -4.9263, 55.7496 ], [ -4.9266, 55.7498 ], [ -4.9257, 55.7506 ], [ -4.9263, 55.7496 ] ] ], [ [ [ -4.911, 55.7458 ], [ -4.9176, 55.7547 ], [ -4.9474, 55.7431 ], [ -4.8998, 55.7738 ], [ -4.911, 55.7458 ] ] ], [ [ [ -4.7244, 55.9461 ], [ -4.7263, 55.946 ], [ -4.7231, 55.9463 ], [ -4.7244, 55.9461 ] ] ], [ [ [ -4.7334, 55.9455 ], [ -4.7283, 55.9465 ], [ -4.7279, 55.9442 ], [ -4.7334, 55.9455 ] ] ], [ [ [ -4.9386, 56.2563 ], [ -4.9389, 56.2556 ], [ -4.9395, 56.2559 ], [ -4.9386, 56.2563 ] ] ], [ [ [ -5.0085, 56.7129 ], [ -5.008, 56.7127 ], [ -5.0086, 56.7124 ], [ -5.0085, 56.7129 ] ] ], [ [ [ -4.0439, 57.7338 ], [ -4.0444, 57.7347 ], [ -4.0434, 57.7345 ], [ -4.0439, 57.7338 ] ] ], [ [ [ -4.0392, 57.7362 ], [ -4.0396, 57.7363 ], [ -4.0394, 57.7367 ], [ -4.0392, 57.7362 ] ] ], [ [ [ -4.9487, 58.2246 ], [ -4.9479, 58.2237 ], [ -4.9491, 58.224 ], [ -4.9487, 58.2246 ] ] ], [ [ [ -4.953, 58.2274 ], [ -4.9515, 58.226 ], [ -4.952, 58.2259 ], [ -4.953, 58.2274 ] ] ], [ [ [ -4.9588, 58.2269 ], [ -4.9578, 58.2272 ], [ -4.9586, 58.2265 ], [ -4.9588, 58.2269 ] ] ], [ [ [ -4.951, 58.2271 ], [ -4.9497, 58.2272 ], [ -4.9502, 58.2264 ], [ -4.951, 58.2271 ] ] ], [ [ [ -4.9519, 58.2286 ], [ -4.9516, 58.2283 ], [ -4.9537, 58.2276 ], [ -4.9519, 58.2286 ] ] ], [ [ [ -4.9495, 58.2285 ], [ -4.9509, 58.2287 ], [ -4.9505, 58.229 ], [ -4.9495, 58.2285 ] ] ], [ [ [ -4.9772, 58.2308 ], [ -4.9782, 58.231 ], [ -4.9771, 58.2311 ], [ -4.9772, 58.2308 ] ] ], [ [ [ -4.9833, 58.2356 ], [ -4.9844, 58.236 ], [ -4.9834, 58.2364 ], [ -4.9833, 58.2356 ] ] ], [ [ [ -5.0611, 58.2533 ], [ -5.0568, 58.2523 ], [ -5.0579, 58.2508 ], [ -5.0611, 58.2533 ] ] ], [ [ [ -5.0152, 58.2599 ], [ -5.0168, 58.2601 ], [ -5.0166, 58.2605 ], [ -5.0152, 58.2599 ] ] ], [ [ [ -5.0148, 58.2613 ], [ -5.0132, 58.2608 ], [ -5.0154, 58.2607 ], [ -5.0148, 58.2613 ] ] ], [ [ [ -5.0205, 58.2622 ], [ -5.0192, 58.2623 ], [ -5.0191, 58.2618 ], [ -5.0205, 58.2622 ] ] ], [ [ [ -5.0235, 58.263 ], [ -5.0225, 58.2627 ], [ -5.0227, 58.2623 ], [ -5.0235, 58.263 ] ] ], [ [ [ -5.0598, 58.3856 ], [ -5.0574, 58.3867 ], [ -5.0532, 58.3842 ], [ -5.0598, 58.3856 ] ] ], [ [ [ -5.0441, 58.3908 ], [ -5.0429, 58.3905 ], [ -5.0454, 58.3884 ], [ -5.0441, 58.3908 ] ] ], [ [ [ -5.0588, 58.396 ], [ -5.0593, 58.396 ], [ -5.0588, 58.3964 ], [ -5.0588, 58.396 ] ] ], [ [ [ -4.7494, 58.4513 ], [ -4.748, 58.4528 ], [ -4.7472, 58.4514 ], [ -4.7494, 58.4513 ] ] ], [ [ [ -4.7499, 58.4512 ], [ -4.7531, 58.4513 ], [ -4.7501, 58.454 ], [ -4.7499, 58.4512 ] ] ], [ [ [ -4.7051, 58.482 ], [ -4.7127, 58.4765 ], [ -4.7102, 58.4849 ], [ -4.7051, 58.482 ] ] ], [ [ [ -4.4193, 58.5042 ], [ -4.4196, 58.5043 ], [ -4.4184, 58.5048 ], [ -4.4193, 58.5042 ] ] ], [ [ [ -4.4018, 58.5087 ], [ -4.4017, 58.5078 ], [ -4.4029, 58.507 ], [ -4.4018, 58.5087 ] ] ], [ [ [ -4.6246, 58.5284 ], [ -4.6292, 58.528 ], [ -4.6254, 58.5287 ], [ -4.6246, 58.5284 ] ] ], [ [ [ -4.4004, 58.5303 ], [ -4.408, 58.5343 ], [ -4.4034, 58.5377 ], [ -4.4004, 58.5303 ] ] ], [ [ [ -4.3917, 58.5332 ], [ -4.3967, 58.5352 ], [ -4.3917, 58.541 ], [ -4.3917, 58.5332 ] ] ], [ [ [ -4.2221, 58.5404 ], [ -4.2205, 58.5405 ], [ -4.2207, 58.5397 ], [ -4.2221, 58.5404 ] ] ], [ [ [ -4.3875, 58.5438 ], [ -4.3873, 58.5433 ], [ -4.389, 58.5423 ], [ -4.3875, 58.5438 ] ] ], [ [ [ -4.4138, 58.5445 ], [ -4.4125, 58.5453 ], [ -4.4124, 58.5448 ], [ -4.4138, 58.5445 ] ] ], [ [ [ -4.1661, 58.5468 ], [ -4.1649, 58.5461 ], [ -4.1653, 58.5455 ], [ -4.1661, 58.5468 ] ] ], [ [ [ -4.3869, 58.5443 ], [ -4.389, 58.5436 ], [ -4.3891, 58.5461 ], [ -4.3869, 58.5443 ] ] ], [ [ [ -4.4103, 58.5468 ], [ -4.4097, 58.5466 ], [ -4.4099, 58.5461 ], [ -4.4103, 58.5468 ] ] ], [ [ [ -4.1859, 58.5473 ], [ -4.1851, 58.5467 ], [ -4.1857, 58.5464 ], [ -4.1859, 58.5473 ] ] ], [ [ [ -4.1934, 58.5468 ], [ -4.1933, 58.5472 ], [ -4.1928, 58.547 ], [ -4.1934, 58.5468 ] ] ], [ [ [ -4.2969, 58.5446 ], [ -4.3048, 58.5491 ], [ -4.2961, 58.5503 ], [ -4.2969, 58.5446 ] ] ], [ [ [ -4.1643, 58.5474 ], [ -4.1653, 58.5467 ], [ -4.166, 58.5481 ], [ -4.1643, 58.5474 ] ] ], [ [ [ -4.1614, 58.5492 ], [ -4.1611, 58.5485 ], [ -4.1625, 58.5478 ], [ -4.1614, 58.5492 ] ] ], [ [ [ -4.4212, 58.5518 ], [ -4.4215, 58.5487 ], [ -4.4229, 58.5495 ], [ -4.4212, 58.5518 ] ] ], [ [ [ -4.2079, 58.5519 ], [ -4.2081, 58.5521 ], [ -4.2075, 58.5524 ], [ -4.2079, 58.5519 ] ] ], [ [ [ -4.645, 58.5527 ], [ -4.6459, 58.5534 ], [ -4.6437, 58.554 ], [ -4.645, 58.5527 ] ] ], [ [ [ -4.6438, 58.5544 ], [ -4.6467, 58.5542 ], [ -4.6459, 58.5553 ], [ -4.6438, 58.5544 ] ] ], [ [ [ -4.3394, 58.5485 ], [ -4.3529, 58.5518 ], [ -4.346, 58.5607 ], [ -4.3394, 58.5485 ] ] ], [ [ [ -4.7005, 58.5594 ], [ -4.7009, 58.5595 ], [ -4.6994, 58.5608 ], [ -4.7005, 58.5594 ] ] ], [ [ [ -4.3521, 58.5576 ], [ -4.3609, 58.5599 ], [ -4.3514, 58.5629 ], [ -4.3521, 58.5576 ] ] ], [ [ [ -4.3578, 58.5632 ], [ -4.3562, 58.5625 ], [ -4.3584, 58.5611 ], [ -4.3578, 58.5632 ] ] ], [ [ [ -4.6972, 58.5626 ], [ -4.6969, 58.5624 ], [ -4.6974, 58.5622 ], [ -4.6972, 58.5626 ] ] ], [ [ [ -4.6966, 58.5634 ], [ -4.6962, 58.5629 ], [ -4.6983, 58.563 ], [ -4.6966, 58.5634 ] ] ], [ [ [ -4.6779, 58.5644 ], [ -4.6868, 58.5647 ], [ -4.6658, 58.5687 ], [ -4.6779, 58.5644 ] ] ], [ [ [ -4.6685, 58.57 ], [ -4.6671, 58.5704 ], [ -4.6699, 58.5695 ], [ -4.6685, 58.57 ] ] ], [ [ [ -4.6579, 58.5726 ], [ -4.6579, 58.5727 ], [ -4.6568, 58.573 ], [ -4.6579, 58.5726 ] ] ], [ [ [ -4.6558, 58.5735 ], [ -4.6545, 58.5733 ], [ -4.6549, 58.5728 ], [ -4.6563, 58.5729 ], [ -4.6558, 58.5735 ] ] ], [ [ [ -4.0519, 58.5773 ], [ -4.0526, 58.5781 ], [ -4.0513, 58.5789 ], [ -4.0519, 58.5773 ] ] ], [ [ [ -4.5853, 58.5779 ], [ -4.5855, 58.5783 ], [ -4.5848, 58.5782 ], [ -4.5853, 58.5779 ] ] ], [ [ [ -4.5889, 58.5785 ], [ -4.5895, 58.5787 ], [ -4.5889, 58.5789 ], [ -4.5889, 58.5785 ] ] ], [ [ [ -4.5581, 58.5793 ], [ -4.5592, 58.5794 ], [ -4.5587, 58.5796 ], [ -4.5581, 58.5793 ] ] ], [ [ [ -4.5818, 58.5809 ], [ -4.5805, 58.5808 ], [ -4.5807, 58.5806 ], [ -4.5818, 58.5809 ] ] ], [ [ [ -4.5428, 58.5815 ], [ -4.5426, 58.5812 ], [ -4.5434, 58.5811 ], [ -4.5428, 58.5815 ] ] ], [ [ [ -4.535, 58.5815 ], [ -4.5341, 58.5812 ], [ -4.5357, 58.5811 ], [ -4.535, 58.5815 ] ] ], [ [ [ -4.5423, 58.5818 ], [ -4.5427, 58.5819 ], [ -4.5419, 58.5822 ], [ -4.5423, 58.5818 ] ] ], [ [ [ -4.7807, 58.5902 ], [ -4.7814, 58.5904 ], [ -4.7814, 58.5908 ], [ -4.7807, 58.5902 ] ] ], [ [ [ -4.7868, 58.5909 ], [ -4.7875, 58.5913 ], [ -4.7876, 58.5915 ], [ -4.7868, 58.5909 ] ] ], [ [ [ -4.7906, 58.5915 ], [ -4.7907, 58.5921 ], [ -4.7901, 58.5921 ], [ -4.7906, 58.5915 ] ] ], [ [ [ -4.0266, 58.5921 ], [ -4.0266, 58.5926 ], [ -4.0258, 58.5926 ], [ -4.0266, 58.5921 ] ] ], [ [ [ -4.0298, 58.5922 ], [ -4.0317, 58.5913 ], [ -4.0321, 58.5934 ], [ -4.0298, 58.5922 ] ] ], [ [ [ -4.0295, 58.5934 ], [ -4.0285, 58.5932 ], [ -4.0292, 58.5921 ], [ -4.0295, 58.5934 ] ] ], [ [ [ -4.0328, 58.5939 ], [ -4.033, 58.5947 ], [ -4.0322, 58.5942 ], [ -4.0328, 58.5939 ] ] ], [ [ [ -4.7568, 58.5985 ], [ -4.758, 58.5987 ], [ -4.758, 58.5993 ], [ -4.7568, 58.5985 ] ] ], [ [ [ -4.7606, 58.5988 ], [ -4.7616, 58.5989 ], [ -4.7609, 58.5996 ], [ -4.7606, 58.5988 ] ] ], [ [ [ -4.7899, 58.6015 ], [ -4.7888, 58.6014 ], [ -4.7894, 58.6013 ], [ -4.7899, 58.6015 ] ] ], [ [ [ -4.7818, 58.6015 ], [ -4.7823, 58.6016 ], [ -4.782, 58.602 ], [ -4.7818, 58.6015 ] ] ], [ [ [ -4.8467, 58.6032 ], [ -4.8454, 58.6033 ], [ -4.8461, 58.6027 ], [ -4.8467, 58.6032 ] ] ], [ [ [ -4.8456, 58.604 ], [ -4.8474, 58.6035 ], [ -4.8478, 58.6043 ], [ -4.8456, 58.604 ] ] ], [ [ [ -4.8494, 58.6051 ], [ -4.849, 58.6056 ], [ -4.8473, 58.6051 ], [ -4.8494, 58.6051 ] ] ], [ [ [ -4.9459, 58.6124 ], [ -4.9461, 58.613 ], [ -4.9454, 58.6124 ], [ -4.9459, 58.6124 ] ] ], [ [ [ -4.9457, 58.6131 ], [ -4.9457, 58.6134 ], [ -4.9446, 58.6126 ], [ -4.9457, 58.6131 ] ] ], [ [ [ -4.9382, 58.6174 ], [ -4.9376, 58.6176 ], [ -4.9377, 58.6174 ], [ -4.9382, 58.6174 ] ] ], [ [ [ -4.871, 58.6174 ], [ -4.8737, 58.617 ], [ -4.8734, 58.6177 ], [ -4.871, 58.6174 ] ] ], [ [ [ -4.5072, 59.0239 ], [ -4.5068, 59.0251 ], [ -4.5059, 59.0242 ], [ -4.5072, 59.0239 ] ] ], [ [ [ -4.4085, 59.0825 ], [ -4.4115, 59.0831 ], [ -4.4041, 59.0865 ], [ -4.4085, 59.0825 ] ] ], [ [ [ -4.4036, 59.0871 ], [ -4.4018, 59.0872 ], [ -4.4026, 59.087 ], [ -4.4036, 59.0871 ] ] ], [ [ [ -3.9017, 50.2773 ], [ -3.9029, 50.2779 ], [ -3.902, 50.2782 ], [ -3.9017, 50.2773 ] ] ], [ [ [ -3.9011, 50.2777 ], [ -3.9029, 50.28 ], [ -3.9007, 50.2812 ], [ -3.8969, 50.2791 ], [ -3.9011, 50.2777 ] ] ], [ [ [ -3.5835, 50.5374 ], [ -3.5893, 50.5371 ], [ -3.5883, 50.539 ], [ -3.5835, 50.5374 ] ] ], [ [ [ -3.3088, 50.6311 ], [ -3.3108, 50.6317 ], [ -3.3084, 50.6313 ], [ -3.3088, 50.6311 ] ] ], [ [ [ -3.3103, 50.6335 ], [ -3.3097, 50.6337 ], [ -3.3084, 50.6313 ], [ -3.3103, 50.6335 ] ] ], [ [ [ -3.4918, 50.6937 ], [ -3.4966, 50.6941 ], [ -3.4996, 50.6971 ], [ -3.4952, 50.6949 ], [ -3.4918, 50.6937 ] ] ], [ [ [ -3.013, 51.2251 ], [ -3.0157, 51.2231 ], [ -3.0173, 51.2267 ], [ -3.0157, 51.2328 ], [ -3.013, 51.2251 ] ] ], [ [ [ -3.1117, 51.3382 ], [ -3.1151, 51.3396 ], [ -3.106, 51.3414 ], [ -3.1117, 51.3382 ] ] ], [ [ [ -3.1217, 51.3802 ], [ -3.1166, 51.3776 ], [ -3.1179, 51.3751 ], [ -3.1217, 51.3802 ] ] ], [ [ [ -3.2006, 51.395 ], [ -3.2025, 51.3956 ], [ -3.1948, 51.3954 ], [ -3.2006, 51.395 ] ] ], [ [ [ -3.9722, 51.5673 ], [ -3.9704, 51.5671 ], [ -3.9703, 51.5665 ], [ -3.9722, 51.5673 ] ] ], [ [ [ -3.9737, 51.5672 ], [ -3.9755, 51.5668 ], [ -3.9756, 51.568 ], [ -3.9737, 51.5672 ] ] ], [ [ [ -3.3124, 53.3423 ], [ -3.2983, 53.3321 ], [ -3.109, 53.2409 ], [ -3.1071, 53.2451 ], [ -3.0442, 53.2141 ], [ -2.9316, 53.1804 ], [ -3.2041, 53.3829 ], [ -3.0403, 53.4428 ], [ -2.9495, 53.3231 ], [ -2.8572, 53.2869 ], [ -2.7547, 53.3118 ], [ -2.7538, 53.3434 ], [ -2.669, 53.356 ], [ -2.6593, 53.3728 ], [ -2.6231, 53.3744 ], [ -2.6094, 53.3864 ], [ -2.6066, 53.3863 ], [ -2.6095, 53.3811 ], [ -2.607, 53.3751 ], [ -2.6044, 53.374 ], [ -2.5978, 53.3727 ], [ -2.5771, 53.384 ], [ -2.6158, 53.3901 ], [ -2.6602, 53.3739 ], [ -2.6745, 53.3568 ], [ -2.7645, 53.3552 ], [ -2.7898, 53.3224 ], [ -2.8649, 53.3301 ], [ -3.1039, 53.5429 ], [ -2.9383, 53.7249 ], [ -2.9049, 53.7087 ], [ -2.8346, 53.7221 ], [ -2.8243, 53.7028 ], [ -2.8255, 53.701 ], [ -2.8304, 53.7021 ], [ -2.833, 53.7 ], [ -2.8339, 53.6978 ], [ -2.8332, 53.6951 ], [ -2.8302, 53.6936 ], [ -2.8294, 53.6905 ], [ -2.8254, 53.6871 ], [ -2.819, 53.6865 ], [ -2.823, 53.6842 ], [ -2.8244, 53.681 ], [ -2.8092, 53.6601 ], [ -2.8109, 53.6482 ], [ -2.806, 53.6327 ], [ -2.808, 53.6304 ], [ -2.8082, 53.629 ], [ -2.8077, 53.6282 ], [ -2.8029, 53.6266 ], [ -2.8011, 53.625 ], [ -2.7634, 53.6709 ], [ -2.8102, 53.6627 ], [ -2.8212, 53.7303 ], [ -2.8554, 53.7351 ], [ -2.7524, 53.757 ], [ -2.7107, 53.7476 ], [ -2.6786, 53.7456 ], [ -2.6847, 53.749 ], [ -2.6794, 53.7525 ], [ -2.6732, 53.7494 ], [ -2.6683, 53.7482 ], [ -2.6649, 53.7485 ], [ -2.6617, 53.7501 ], [ -2.6777, 53.7534 ], [ -2.7112, 53.7484 ], [ -2.7304, 53.7586 ], [ -2.7501, 53.7585 ], [ -2.7879, 53.7533 ], [ -2.7899, 53.7658 ], [ -2.7884, 53.7531 ], [ -2.9291, 53.7315 ], [ -3.055, 53.762 ], [ -3.0448, 53.9232 ], [ -2.9819, 53.8582 ], [ -2.9439, 53.8501 ], [ -2.9218, 53.8562 ], [ -2.9127, 53.8596 ], [ -2.911, 53.8637 ], [ -2.9056, 53.8645 ], [ -2.8963, 53.8605 ], [ -2.8791, 53.8604 ], [ -2.869, 53.8659 ], [ -2.8651, 53.8592 ], [ -2.848, 53.857 ], [ -2.825, 53.8633 ], [ -2.8479, 53.8575 ], [ -2.8685, 53.8661 ], [ -2.9096, 53.8649 ], [ -2.9249, 53.8566 ], [ -2.9492, 53.8539 ], [ -2.9995, 53.9287 ], [ -2.8905, 53.9396 ], [ -2.8641, 53.9533 ], [ -2.8745, 53.9518 ], [ -2.8868, 53.9584 ], [ -2.8619, 53.9646 ], [ -2.8543, 53.9651 ], [ -2.8532, 53.9644 ], [ -2.8538, 53.9636 ], [ -2.8529, 53.9624 ], [ -2.8528, 53.9642 ], [ -2.8406, 53.9561 ], [ -2.8363, 53.9546 ], [ -2.7917, 54.0623 ], [ -2.7933, 54.063 ], [ -2.7958, 54.0612 ], [ -2.7998, 54.0532 ], [ -2.8472, 54.0453 ], [ -2.8329, 54.0269 ], [ -2.8421, 54.0261 ], [ -2.8438, 54.0214 ], [ -2.8353, 54.0109 ], [ -2.871, 54.0144 ], [ -2.8709, 54.0082 ], [ -2.8647, 54.005 ], [ -2.8731, 54.0082 ], [ -2.8779, 54.0063 ], [ -2.881, 53.9895 ], [ -2.9244, 54.0313 ], [ -2.7804, 54.1355 ], [ -2.8649, 54.1852 ], [ -2.7858, 54.2265 ], [ -2.7937, 54.2524 ], [ -2.9501, 54.1492 ], [ -3.0387, 54.1973 ], [ -3.0146, 54.2068 ], [ -3.0487, 54.2333 ], [ -3.0143, 54.2399 ], [ -3.0082, 54.269 ], [ -3.0522, 54.2358 ], [ -3.0609, 54.162 ], [ -3.1725, 54.0818 ], [ -3.1518, 54.0702 ], [ -3.1507, 54.0648 ], [ -3.2449, 54.1169 ], [ -3.1797, 54.2388 ], [ -3.222, 54.2804 ], [ -3.3242, 54.1915 ], [ -3.4227, 54.2939 ], [ -3.4214, 54.3411 ], [ -3.41, 54.3503 ], [ -3.4119, 54.3381 ], [ -3.4002, 54.3351 ], [ -3.4018, 54.3328 ], [ -3.4009, 54.3323 ], [ -3.4001, 54.3327 ], [ -3.4007, 54.3318 ], [ -3.3991, 54.3311 ], [ -3.3829, 54.3499 ], [ -3.3747, 54.3494 ], [ -3.3738, 54.3555 ], [ -3.3726, 54.3556 ], [ -3.3722, 54.3539 ], [ -3.3712, 54.3533 ], [ -3.37, 54.3533 ], [ -3.3607, 54.3578 ], [ -3.3605, 54.3586 ], [ -3.3624, 54.359 ], [ -3.3586, 54.36 ], [ -3.3552, 54.3617 ], [ -3.3553, 54.3621 ], [ -3.3567, 54.3632 ], [ -3.3541, 54.3631 ], [ -3.3533, 54.3657 ], [ -3.4307, 54.3769 ], [ -3.4353, 54.3434 ], [ -3.6398, 54.5144 ], [ -3.3983, 54.8689 ], [ -3.3665, 54.8917 ], [ -3.3384, 54.9003 ], [ -3.3352, 54.8986 ], [ -3.3504, 54.8937 ], [ -3.351, 54.8934 ], [ -3.3508, 54.8926 ], [ -3.3534, 54.8924 ], [ -3.3546, 54.892 ], [ -3.355, 54.8912 ], [ -3.3554, 54.8919 ], [ -3.3558, 54.892 ], [ -3.3577, 54.892 ], [ -3.359, 54.8913 ], [ -3.3596, 54.8908 ], [ -3.3591, 54.8902 ], [ -3.36, 54.8902 ], [ -3.3606, 54.8896 ], [ -3.3603, 54.8892 ], [ -3.3587, 54.8883 ], [ -3.3584, 54.8882 ], [ -3.3582, 54.8882 ], [ -3.3578, 54.8885 ], [ -3.3573, 54.8882 ], [ -3.3593, 54.8876 ], [ -3.3597, 54.8864 ], [ -3.2854, 54.8782 ], [ -3.2974, 54.8575 ], [ -3.2957, 54.8554 ], [ -3.2921, 54.8543 ], [ -3.2891, 54.8542 ], [ -3.2884, 54.8535 ], [ -3.2873, 54.8534 ], [ -3.2858, 54.854 ], [ -3.2836, 54.8531 ], [ -3.2523, 54.9112 ], [ -3.22, 54.9018 ], [ -3.2095, 54.9036 ], [ -3.2008, 54.9079 ], [ -3.2024, 54.9095 ], [ -3.1983, 54.9082 ], [ -3.1922, 54.9113 ], [ -3.1917, 54.9093 ], [ -3.19, 54.909 ], [ -3.1881, 54.9097 ], [ -3.1914, 54.9117 ], [ -3.3134, 54.9147 ], [ -3.2851, 54.9416 ], [ -3.1189, 54.9254 ], [ -3.0163, 54.9471 ], [ -3.006, 54.9306 ], [ -2.9961, 54.9359 ], [ -3.0084, 54.9471 ], [ -3.0518, 54.956 ], [ -3.1095, 54.932 ], [ -3.1271, 54.9509 ], [ -3.0604, 54.985 ], [ -3.0482, 54.9834 ], [ -3.0479, 54.9781 ], [ -3.0504, 54.9779 ], [ -3.0503, 54.977 ], [ -3.0419, 54.9745 ], [ -3.0426, 54.9695 ], [ -3.0372, 54.9664 ], [ -3.009, 54.9743 ], [ -3.0535, 54.9928 ], [ -3.2646, 54.9691 ], [ -3.2756, 54.9794 ], [ -3.265, 54.9876 ], [ -3.2676, 54.9912 ], [ -3.2605, 54.9963 ], [ -3.2607, 54.9979 ], [ -3.2627, 54.9989 ], [ -3.5227, 54.9654 ], [ -3.5604, 54.98 ], [ -3.5777, 55.0151 ], [ -3.6039, 55.0332 ], [ -3.6031, 55.0586 ], [ -3.6104, 55.0657 ], [ -3.6152, 55.0681 ], [ -3.5952, 54.8729 ], [ -3.7883, 54.8532 ], [ -3.8126, 54.8952 ], [ -3.8371, 54.8935 ], [ -3.8209, 54.9025 ], [ -3.8197, 54.9074 ], [ -3.824, 54.9123 ], [ -3.8216, 54.9148 ], [ -3.8221, 54.9169 ], [ -3.8196, 54.9171 ], [ -3.8192, 54.9182 ], [ -3.8232, 54.929 ], [ -3.8409, 54.9287 ], [ -3.8196, 54.9184 ], [ -3.8225, 54.9172 ], [ -3.8245, 54.9124 ], [ -3.8216, 54.9027 ], [ -3.8397, 54.8957 ], [ -3.8071, 54.8456 ], [ -3.8637, 54.8459 ], [ -3.8245, 54.8237 ], [ -4.0453, 54.77 ], [ -4.0733, 54.8144 ], [ -4.0421, 54.8468 ], [ -4.0488, 54.8537 ], [ -4.0344, 54.8594 ], [ -4.0505, 54.8668 ], [ -4.0913, 54.8144 ], [ -4.1062, 54.7784 ], [ -4.0903, 54.7751 ], [ -4.0909, 54.7715 ], [ -4.095, 54.7655 ], [ -4.2196, 54.8254 ], [ -4.2233, 54.849 ], [ -4.1841, 54.8781 ], [ -4.1864, 54.881 ], [ -4.1849, 54.8852 ], [ -4.1858, 54.8863 ], [ -4.3004, 54.8425 ], [ -4.3833, 54.8777 ], [ -4.3817, 54.9006 ], [ -4.3938, 54.899 ], [ -4.4002, 54.9043 ], [ -4.3953, 54.9119 ], [ -4.3963, 54.9155 ], [ -4.3991, 54.9196 ], [ -4.4207, 54.9237 ], [ -4.4032, 54.939 ], [ -4.4136, 54.9405 ], [ -4.4104, 54.941 ], [ -4.4139, 54.9444 ], [ -4.4125, 54.9448 ], [ -4.4095, 54.9443 ], [ -4.4087, 54.9445 ], [ -4.4067, 54.9541 ], [ -4.4076, 54.9558 ], [ -4.4105, 54.9565 ], [ -4.41, 54.958 ], [ -4.4743, 54.9503 ], [ -4.3949, 54.8939 ], [ -4.4813, 54.862 ], [ -4.3413, 54.7991 ], [ -4.3814, 54.6812 ], [ -4.4962, 54.7039 ], [ -4.7087, 54.8239 ], [ -4.8178, 54.867 ], [ -4.8784, 54.8699 ], [ -4.9611, 54.8039 ], [ -4.8529, 54.637 ], [ -4.9648, 54.664 ], [ -5.1855, 54.9776 ], [ -5.0983, 55.0181 ], [ -4.9937, 54.9148 ], [ -5.0605, 55.0281 ], [ -4.9965, 55.1383 ], [ -4.8601, 55.2274 ], [ -4.7536, 55.4162 ], [ -4.6216, 55.4596 ], [ -4.686, 55.6423 ], [ -4.9055, 55.6992 ], [ -4.8788, 55.9423 ], [ -4.4871, 55.9264 ], [ -4.4069, 55.8922 ], [ -4.4708, 55.8752 ], [ -4.4224, 55.8511 ], [ -4.4036, 55.8913 ], [ -4.3525, 55.8654 ], [ -4.2211, 55.8329 ], [ -4.1946, 55.8383 ], [ -4.5718, 55.9672 ], [ -4.7017, 55.9673 ], [ -4.8307, 56.0799 ], [ -4.7669, 55.9896 ], [ -4.8519, 55.989 ], [ -4.88, 56.0582 ], [ -4.7463, 56.2069 ], [ -4.8617, 56.1004 ], [ -4.9014, 56.1704 ], [ -4.9177, 56.164 ], [ -4.8741, 56.0864 ], [ -4.9789, 55.8618 ], [ -5.1232, 56.0097 ], [ -5.0744, 55.9011 ], [ -5.1784, 55.9328 ], [ -5.1862, 55.9856 ], [ -5.1968, 55.9854 ], [ -5.2422, 55.8944 ], [ -5.2042, 55.8269 ], [ -5.2562, 55.8517 ], [ -5.3125, 55.8525 ], [ -5.3112, 55.8756 ], [ -5.317, 55.8708 ], [ -5.3136, 55.8778 ], [ -5.3401, 55.8897 ], [ -5.3477, 55.8877 ], [ -5.3419, 55.9951 ], [ -5.2032, 56.1284 ], [ -5.1019, 56.1559 ], [ -5.0552, 56.2109 ], [ -4.9816, 56.2356 ], [ -4.9394, 56.2546 ], [ -4.9174, 56.2725 ], [ -5.0419, 56.2595 ], [ -5.3845, 56.0026 ], [ -5.4275, 56.0114 ], [ -5.4305, 56.0348 ], [ -5.4404, 56.0382 ], [ -5.4511, 55.9719 ], [ -5.4195, 55.8965 ], [ -5.4011, 55.8767 ], [ -5.3954, 55.8705 ], [ -5.4064, 55.871 ], [ -5.4151, 55.8636 ], [ -5.3146, 55.7831 ], [ -5.451, 55.7071 ], [ -5.4837, 55.6426 ], [ -5.4585, 55.5764 ], [ -5.4669, 55.5711 ], [ -5.4702, 55.5824 ], [ -5.4876, 55.5789 ], [ -5.4846, 55.5845 ], [ -5.4854, 55.5848 ], [ -5.4881, 55.5849 ], [ -5.4885, 55.5848 ], [ -5.5505, 55.4343 ], [ -5.6041, 55.4259 ], [ -5.5168, 55.3681 ], [ -5.8039, 55.3057 ], [ -5.6765, 55.6824 ], [ -5.479, 55.804 ], [ -5.4355, 55.8572 ], [ -5.6155, 55.7607 ], [ -5.6649, 55.8402 ], [ -5.569, 55.9374 ], [ -5.6884, 55.9109 ], [ -5.5725, 56.0171 ], [ -5.5662, 56.0412 ], [ -5.5796, 56.0546 ], [ -5.715, 55.9487 ], [ -5.5847, 56.0918 ], [ -5.5675, 56.0877 ], [ -5.5533, 56.0911 ], [ -5.5505, 56.0808 ], [ -5.5289, 56.0743 ], [ -5.5292, 56.0737 ], [ -5.5252, 56.0711 ], [ -5.5211, 56.0701 ], [ -5.5267, 56.0732 ], [ -5.516, 56.0731 ], [ -5.5124, 56.0747 ], [ -5.5172, 56.0789 ], [ -5.5119, 56.0778 ], [ -5.5095, 56.0785 ], [ -5.5686, 56.1137 ], [ -5.5081, 56.1912 ], [ -5.5794, 56.1571 ], [ -5.5983, 56.1327 ], [ -5.6147, 56.1316 ], [ -5.4813, 56.2569 ], [ -5.5052, 56.2701 ], [ -5.596, 56.2488 ], [ -5.5792, 56.2839 ], [ -5.5776, 56.3335 ], [ -5.5545, 56.3476 ], [ -5.5201, 56.3404 ], [ -5.4415, 56.3643 ], [ -5.5382, 56.3597 ], [ -5.461, 56.448 ], [ -5.2372, 56.4363 ], [ -5.1905, 56.4483 ], [ -5.1191, 56.489 ], [ -5.0625, 56.5592 ], [ -5.2302, 56.4466 ], [ -5.4738, 56.481 ], [ -5.2315, 56.5639 ], [ -5.4167, 56.539 ], [ -5.2959, 56.6389 ], [ -5.3174, 56.6534 ], [ -5.2236, 56.6863 ], [ -5.1374, 56.6771 ], [ -4.9694, 56.7146 ], [ -5.0085, 56.7129 ], [ -5.2474, 56.703 ], [ -5.0845, 56.8326 ], [ -5.1914, 56.8551 ], [ -5.2558, 56.853 ], [ -5.3318, 56.8602 ], [ -5.3483, 56.8592 ], [ -5.1227, 56.8272 ], [ -5.2403, 56.7668 ], [ -5.2427, 56.7204 ], [ -5.6852, 56.4971 ], [ -5.7481, 56.5648 ], [ -5.9046, 56.5512 ], [ -6.0073, 56.6451 ], [ -5.8307, 56.6212 ], [ -5.8796, 56.653 ], [ -5.7468, 56.7017 ], [ -5.6738, 56.677 ], [ -5.6103, 56.6767 ], [ -5.5353, 56.6843 ], [ -5.5343, 56.6889 ], [ -5.7777, 56.7168 ], [ -5.8356, 56.6749 ], [ -5.9457, 56.6886 ], [ -5.9743, 56.6724 ], [ -5.9874, 56.6849 ], [ -6.1099, 56.6975 ], [ -6.1844, 56.6873 ], [ -6.2269, 56.7278 ], [ -6.2112, 56.7257 ], [ -6.2015, 56.7383 ], [ -6.1889, 56.7341 ], [ -6.1851, 56.7355 ], [ -6.1861, 56.7552 ], [ -5.9659, 56.7847 ], [ -5.8446, 56.7394 ], [ -5.893, 56.7792 ], [ -5.7468, 56.7842 ], [ -5.867, 56.8124 ], [ -5.8558, 56.8332 ], [ -5.7177, 56.844 ], [ -5.666, 56.8753 ], [ -5.6903, 56.8795 ], [ -5.7262, 56.851 ], [ -5.7373, 56.856 ], [ -5.7564, 56.855 ], [ -5.7615, 56.8597 ], [ -5.7889, 56.8597 ], [ -5.7219, 56.887 ], [ -5.7377, 56.8961 ], [ -5.9217, 56.8838 ], [ -5.8437, 56.907 ], [ -5.8305, 57.008 ], [ -5.6356, 56.9698 ], [ -5.5077, 56.9945 ], [ -5.7915, 57.0528 ], [ -5.722, 57.1182 ], [ -5.52, 57.0814 ], [ -5.3849, 57.1069 ], [ -5.693, 57.1691 ], [ -5.5306, 57.2713 ], [ -5.4772, 57.2335 ], [ -5.4329, 57.2122 ], [ -5.423, 57.2137 ], [ -5.5161, 57.2795 ], [ -5.4078, 57.3099 ], [ -5.5926, 57.2709 ], [ -5.7337, 57.2833 ], [ -5.6686, 57.3273 ], [ -5.6859, 57.3416 ], [ -5.6504, 57.3344 ], [ -5.5339, 57.3531 ], [ -5.4574, 57.3911 ], [ -5.4422, 57.4227 ], [ -5.822, 57.3635 ], [ -5.8363, 57.579 ], [ -5.6496, 57.5089 ], [ -5.5108, 57.5371 ], [ -5.6685, 57.5456 ], [ -5.7556, 57.6236 ], [ -5.8188, 57.6393 ], [ -5.7892, 57.6974 ], [ -5.6839, 57.689 ], [ -5.6717, 57.7014 ], [ -5.6964, 57.7301 ], [ -5.8129, 57.7499 ], [ -5.8139, 57.8581 ], [ -5.6835, 57.8652 ], [ -5.6926, 57.8438 ], [ -5.6688, 57.8001 ], [ -5.6035, 57.7651 ], [ -5.5819, 57.8361 ], [ -5.6559, 57.8787 ], [ -5.6184, 57.9243 ], [ -5.4881, 57.8561 ], [ -5.4545, 57.8509 ], [ -5.4223, 57.9091 ], [ -5.3104, 57.8608 ], [ -5.2124, 57.8464 ], [ -5.4061, 57.9277 ], [ -5.3607, 57.939 ], [ -5.0678, 57.816 ], [ -5.2236, 57.9249 ], [ -5.1795, 57.941 ], [ -5.1739, 57.9561 ], [ -5.4577, 58.0771 ], [ -5.3006, 58.0642 ], [ -5.2668, 58.102 ], [ -5.2789, 58.1146 ], [ -5.303, 58.1195 ], [ -5.2622, 58.1211 ], [ -5.2991, 58.1374 ], [ -5.2583, 58.1375 ], [ -5.2395, 58.1466 ], [ -5.4048, 58.2358 ], [ -5.376, 58.2642 ], [ -5.3105, 58.2242 ], [ -5.1588, 58.233 ], [ -5.1655, 58.2584 ], [ -5.12, 58.2474 ], [ -5.1091, 58.2701 ], [ -5.0544, 58.246 ], [ -5.0075, 58.2549 ], [ -5.0027, 58.2405 ], [ -4.9359, 58.2139 ], [ -4.9473, 58.2307 ], [ -4.9947, 58.2506 ], [ -4.9231, 58.2576 ], [ -5.1829, 58.3511 ], [ -5.1546, 58.3529 ], [ -5.1759, 58.362 ], [ -5.1445, 58.3853 ], [ -5.1418, 58.4123 ], [ -5.0453, 58.3733 ], [ -5.0195, 58.3768 ], [ -5.0312, 58.4105 ], [ -5.1156, 58.4284 ], [ -4.991, 58.4403 ], [ -5.1256, 58.4938 ], [ -5.0028, 58.6271 ], [ -4.9574, 58.6097 ], [ -4.8249, 58.5967 ], [ -4.8128, 58.5108 ], [ -4.7657, 58.5806 ], [ -4.7769, 58.5934 ], [ -4.7872, 58.5951 ], [ -4.7918, 58.6008 ], [ -4.7799, 58.6001 ], [ -4.7681, 58.6052 ], [ -4.7348, 58.5664 ], [ -4.7179, 58.5703 ], [ -4.7032, 58.5562 ], [ -4.6541, 58.5515 ], [ -4.6534, 58.5328 ], [ -4.7123, 58.4963 ], [ -4.7613, 58.4494 ], [ -4.7524, 58.445 ], [ -4.6158, 58.5132 ], [ -4.5895, 58.5777 ], [ -4.4371, 58.5563 ], [ -4.4092, 58.5217 ], [ -4.455, 58.4962 ], [ -4.4858, 58.4441 ], [ -4.4763, 58.4398 ], [ -4.3514, 58.5384 ], [ -4.2116, 58.4949 ], [ -4.2408, 58.5375 ], [ -4.0735, 58.5505 ], [ -4.0475, 58.572 ], [ -4.0434, 58.5911 ], [ -4.0255, 58.5909 ], [ -4.019, 58.6017 ], [ -3.9004, 58.5377 ], [ -3.9029, 58.5662 ], [ -3.859, 58.5628 ], [ -3.8007, 58.5736 ], [ -3.78, 58.5629 ], [ -3.6562, 58.6214 ], [ -3.3677, 58.5954 ], [ -3.3768, 58.6722 ], [ -3.3446, 58.6467 ], [ -3.31, 58.643 ], [ -3.0243, 58.6436 ], [ -3.1514, 58.5135 ], [ -3.0485, 58.4776 ], [ -3.1228, 58.4489 ], [ -3.1079, 58.3712 ], [ -3.3815, 58.2705 ], [ -4.008, 57.9338 ], [ -4.0822, 57.9511 ], [ -4.0019, 57.9279 ], [ -4.0114, 57.8593 ], [ -4.2325, 57.8751 ], [ -4.291, 57.8621 ], [ -4.4094, 57.9394 ], [ -4.4663, 57.9564 ], [ -4.5326, 57.957 ], [ -4.5423, 57.9631 ], [ -4.5791, 57.9739 ], [ -4.6052, 57.9742 ], [ -4.297, 57.8519 ], [ -4.0373, 57.8121 ], [ -3.9609, 57.8459 ], [ -3.9192, 57.838 ], [ -3.8976, 57.8287 ], [ -3.8935, 57.8248 ], [ -3.907, 57.8313 ], [ -3.9591, 57.8168 ], [ -3.9522, 57.8123 ], [ -3.9474, 57.8123 ], [ -3.941, 57.8149 ], [ -3.9398, 57.8147 ], [ -3.94, 57.8145 ], [ -3.9404, 57.8146 ], [ -3.9413, 57.814 ], [ -3.9404, 57.8134 ], [ -3.9385, 57.8146 ], [ -3.939, 57.8169 ], [ -3.9202, 57.8172 ], [ -3.9091, 57.8227 ], [ -3.8592, 57.8245 ], [ -3.772, 57.8669 ], [ -3.9796, 57.6928 ], [ -4.0095, 57.7423 ], [ -4.0147, 57.736 ], [ -4.0357, 57.7373 ], [ -4.0392, 57.7369 ], [ -4.0444, 57.7347 ], [ -4.0482, 57.7331 ], [ -4.05, 57.7294 ], [ -4.0845, 57.7282 ], [ -4.1678, 57.6851 ], [ -4.2998, 57.6764 ], [ -4.2797, 57.6647 ], [ -4.4289, 57.5984 ], [ -4.445, 57.5637 ], [ -4.2343, 57.6693 ], [ -3.9935, 57.6763 ], [ -4.2344, 57.5007 ], [ -4.383, 57.5116 ], [ -4.4355, 57.497 ], [ -4.4374, 57.4849 ], [ -4.4546, 57.4855 ], [ -4.4575, 57.4824 ], [ -4.4506, 57.4786 ], [ -4.4626, 57.4806 ], [ -4.4754, 57.4737 ], [ -4.4767, 57.4712 ], [ -4.4732, 57.4666 ], [ -4.2281, 57.4692 ], [ -4.0581, 57.5909 ], [ -3.8657, 57.5833 ], [ -3.649, 57.663 ], [ -3.6521, 57.6379 ], [ -3.6079, 57.6271 ], [ -3.342, 57.7249 ], [ -2.5285, 57.6515 ], [ -2.3446, 57.6699 ], [ -2.2975, 57.6962 ], [ -2.2924, 57.6894 ], [ -2.2633, 57.6793 ], [ -2.1919, 57.6713 ], [ -2.0054, 57.6989 ], [ -1.8235, 57.6122 ], [ -1.7671, 57.5069 ], [ -1.7936, 57.4974 ], [ -1.7754, 57.4965 ], [ -1.7961, 57.4847 ], [ -1.7754, 57.4747 ], [ -1.7787, 57.475 ], [ -1.7756, 57.4741 ], [ -1.7836, 57.4627 ], [ -1.7809, 57.4613 ], [ -1.801, 57.4537 ], [ -1.7966, 57.4512 ], [ -1.7994, 57.4487 ], [ -1.7975, 57.4472 ], [ -1.8195, 57.4354 ], [ -1.8154, 57.4275 ], [ -1.8217, 57.426 ], [ -1.8248, 57.422 ], [ -1.8286, 57.4219 ], [ -1.8275, 57.4168 ], [ -1.8299, 57.4161 ], [ -1.8312, 57.4158 ], [ -1.8331, 57.4139 ], [ -1.8357, 57.4141 ], [ -1.8352, 57.4113 ], [ -1.8438, 57.4101 ], [ -1.8435, 57.4111 ], [ -1.8458, 57.4111 ], [ -1.8466, 57.4142 ], [ -1.8482, 57.4161 ], [ -1.849, 57.4163 ], [ -1.8595, 57.408 ], [ -1.8584, 57.3899 ], [ -1.9102, 57.3659 ], [ -1.9861, 57.3107 ], [ -1.9906, 57.349 ], [ -2.0176, 57.3642 ], [ -2.0529, 57.3635 ], [ -1.9899, 57.306 ], [ -2.1247, 57.1191 ], [ -2.0556, 57.1449 ], [ -2.0486, 57.1283 ], [ -2.2333, 56.8628 ], [ -2.4522, 56.7044 ], [ -2.4782, 56.7221 ], [ -2.5281, 56.7101 ], [ -2.5301, 56.7152 ], [ -2.5396, 56.7204 ], [ -2.5318, 56.7139 ], [ -2.5386, 56.7122 ], [ -2.5447, 56.7165 ], [ -2.5529, 56.7166 ], [ -2.5565, 56.7161 ], [ -2.5572, 56.7155 ], [ -2.5163, 56.6985 ], [ -2.4359, 56.701 ], [ -2.5378, 56.567 ], [ -3.2911, 56.3582 ], [ -3.3812, 56.3855 ], [ -3.4132, 56.3795 ], [ -3.4287, 56.4111 ], [ -3.4469, 56.4212 ], [ -3.4542, 56.4222 ], [ -3.4274, 56.3784 ], [ -3.3012, 56.3536 ], [ -3.3351, 56.3526 ], [ -3.3389, 56.339 ], [ -3.3387, 56.3446 ], [ -3.3448, 56.352 ], [ -3.3537, 56.3496 ], [ -3.3673, 56.353 ], [ -3.3754, 56.352 ], [ -3.3799, 56.3496 ], [ -3.3859, 56.3518 ], [ -3.401, 56.3496 ], [ -3.421, 56.3606 ], [ -3.4465, 56.3579 ], [ -3.3421, 56.3375 ], [ -3.2263, 56.3551 ], [ -2.9202, 56.4517 ], [ -2.817, 56.4437 ], [ -2.926, 56.341 ], [ -2.5954, 56.2684 ], [ -2.8131, 56.1833 ], [ -2.9433, 56.2135 ], [ -3.0144, 56.1941 ], [ -3.3909, 56.0058 ], [ -3.6854, 56.0478 ], [ -3.7731, 56.1079 ], [ -3.8453, 56.1248 ], [ -3.8573, 56.1198 ], [ -3.8665, 56.1078 ], [ -3.8706, 56.1104 ], [ -3.863, 56.1139 ], [ -3.8636, 56.119 ], [ -3.8886, 56.1315 ], [ -3.9019, 56.1217 ], [ -3.9014, 56.1265 ], [ -3.9053, 56.1286 ], [ -3.91, 56.1292 ], [ -3.9127, 56.1282 ], [ -3.916, 56.1208 ], [ -3.9289, 56.1196 ], [ -3.9317, 56.1223 ], [ -3.9259, 56.1213 ], [ -3.9226, 56.1219 ], [ -3.9184, 56.1338 ], [ -3.9492, 56.1459 ], [ -3.9546, 56.1413 ], [ -3.9575, 56.1427 ], [ -3.9598, 56.1428 ], [ -3.9657, 56.1409 ], [ -3.9677, 56.1393 ], [ -3.6947, 55.9984 ], [ -3.0533, 55.9427 ], [ -2.679, 56.0619 ], [ -2.6238, 55.9968 ], [ -2.1378, 55.9171 ], [ -1.9841, 55.7648 ], [ -2.018, 55.7746 ], [ -2.1001, 55.7633 ], [ -2.1103, 55.7581 ], [ -2.1069, 55.7488 ], [ -2.1152, 55.7485 ], [ -2.1181, 55.746 ], [ -2.1199, 55.7432 ], [ -2.1177, 55.7393 ], [ -2.1366, 55.7401 ], [ -2.1253, 55.7371 ], [ -2.1173, 55.7384 ], [ -2.106, 55.7482 ], [ -2.1025, 55.7613 ], [ -2.0478, 55.7577 ], [ -2.0138, 55.7714 ], [ -1.7704, 55.6034 ], [ -1.6396, 55.5784 ], [ -1.5754, 55.4309 ], [ -1.6237, 55.3897 ], [ -1.588, 55.3454 ], [ -1.5708, 55.3398 ], [ -1.591, 55.3412 ], [ -1.5974, 55.3507 ], [ -1.6272, 55.3487 ], [ -1.5493, 55.322 ], [ -1.489, 55.1187 ], [ -1.4985, 55.1285 ], [ -1.5219, 55.1436 ], [ -1.559, 55.1467 ], [ -1.5688, 55.1308 ], [ -1.404, 55.0147 ], [ -1.7848, 54.9838 ], [ -1.4009, 55.0113 ], [ -1.3524, 54.9213 ], [ -1.4276, 54.918 ], [ -1.4735, 54.9036 ], [ -1.5428, 54.8658 ], [ -1.3528, 54.9191 ], [ -1.1576, 54.6482 ], [ -1.2538, 54.6275 ], [ -1.1592, 54.6129 ], [ -1.2978, 54.5895 ], [ -1.277, 54.5472 ], [ -1.1327, 54.6082 ], [ -1.1543, 54.6277 ], [ -1.1355, 54.6296 ], [ -1.1431, 54.6369 ], [ -1.1373, 54.6476 ], [ -1.0018, 54.5936 ], [ -0.898, 54.5713 ], [ -0.7745, 54.5574 ], [ -0.0769, 54.1171 ], [ -0.2131, 54.0075 ], [ 0.1242, 53.653 ], [ 0.1413, 53.6227 ], [ 0.1466, 53.6086 ], [ 0.1467, 53.6004 ], [ 0.1372, 53.5899 ], [ 0.1094, 53.5714 ], [ 0.1055, 53.6322 ], [ -0.3312, 53.7383 ], [ -0.327, 53.7446 ], [ -0.3327, 53.7514 ], [ -0.3291, 53.7529 ], [ -0.3286, 53.7538 ], [ -0.3296, 53.7564 ], [ -0.3361, 53.7599 ], [ -0.3328, 53.7641 ], [ -0.3288, 53.7643 ], [ -0.3278, 53.765 ], [ -0.328, 53.7661 ], [ -0.3542, 53.8144 ], [ -0.3846, 53.8391 ], [ -0.3996, 53.8437 ], [ -0.3993, 53.8457 ], [ -0.3961, 53.8483 ], [ -0.393, 53.8539 ], [ -0.393, 53.8557 ], [ -0.3992, 53.8778 ], [ -0.4079, 53.8824 ], [ -0.4071, 53.8846 ], [ -0.4011, 53.8831 ], [ -0.395, 53.8853 ], [ -0.3941, 53.8881 ], [ -0.3955, 53.8961 ], [ -0.3825, 53.9015 ], [ -0.3814, 53.9039 ], [ -0.3838, 53.9098 ], [ -0.3761, 53.9135 ], [ -0.3711, 53.9121 ], [ -0.3669, 53.9133 ], [ -0.3563, 53.9255 ], [ -0.3565, 53.9339 ], [ -0.4215, 53.9274 ], [ -0.3959, 53.8958 ], [ -0.3975, 53.8963 ], [ -0.3994, 53.8964 ], [ -0.4037, 53.8956 ], [ -0.4176, 53.9022 ], [ -0.4349, 53.9067 ], [ -0.4365, 53.9059 ], [ -0.4037, 53.8955 ], [ -0.3959, 53.8956 ], [ -0.4139, 53.8827 ], [ -0.4001, 53.8441 ], [ -0.3286, 53.7448 ], [ -0.4476, 53.7139 ], [ -0.6302, 53.734 ], [ -0.696, 53.7044 ], [ -0.8097, 53.7072 ], [ -0.825, 53.7036 ], [ -0.8526, 53.6865 ], [ -0.8638, 53.7006 ], [ -0.8418, 53.7095 ], [ -0.8417, 53.7235 ], [ -0.8488, 53.7309 ], [ -1.0009, 53.7696 ], [ -1.0259, 53.7606 ], [ -1.0333, 53.7655 ], [ -1.0216, 53.7709 ], [ -1.0213, 53.7736 ], [ -1.024, 53.7761 ], [ -1.0268, 53.7775 ], [ -1.0447, 53.7796 ], [ -1.0658, 53.7865 ], [ -1.0467, 53.7897 ], [ -1.0423, 53.8106 ], [ -1.0764, 53.8361 ], [ -1.0787, 53.8362 ], [ -1.0836, 53.8349 ], [ -1.0885, 53.8319 ], [ -1.0987, 53.8367 ], [ -1.1048, 53.8376 ], [ -1.1181, 53.8369 ], [ -1.1277, 53.8338 ], [ -1.1179, 53.8562 ], [ -1.1271, 53.8646 ], [ -1.1193, 53.8667 ], [ -1.1064, 53.8751 ], [ -1.1004, 53.8764 ], [ -1.0997, 53.8804 ], [ -1.0956, 53.883 ], [ -1.093, 53.8902 ], [ -1.0973, 53.8933 ], [ -1.2064, 53.8547 ], [ -1.1265, 53.8327 ], [ -1.0887, 53.8314 ], [ -1.0766, 53.8356 ], [ -1.068, 53.7862 ], [ -1.0245, 53.7595 ], [ -0.987, 53.7642 ], [ -0.9039, 53.7212 ], [ -0.9578, 53.715 ], [ -0.9593, 53.7137 ], [ -0.9594, 53.7099 ], [ -0.9617, 53.7077 ], [ -0.9581, 53.7051 ], [ -0.9629, 53.7036 ], [ -0.9628, 53.701 ], [ -0.9696, 53.7023 ], [ -0.966, 53.7046 ], [ -0.9663, 53.706 ], [ -0.968, 53.707 ], [ -0.9809, 53.7052 ], [ -0.9829, 53.7043 ], [ -0.9837, 53.7026 ], [ -0.9827, 53.6991 ], [ -0.9803, 53.6971 ], [ -1.0011, 53.6991 ], [ -1.0031, 53.6986 ], [ -1.0069, 53.6955 ], [ -1.011, 53.6971 ], [ -1.0214, 53.6982 ], [ -1.0341, 53.6966 ], [ -1.0389, 53.6941 ], [ -1.041, 53.6962 ], [ -1.0456, 53.6987 ], [ -1.048, 53.6987 ], [ -1.0535, 53.697 ], [ -1.0539, 53.7016 ], [ -1.0615, 53.7069 ], [ -1.0635, 53.7068 ], [ -1.0686, 53.7043 ], [ -1.0719, 53.709 ], [ -1.0754, 53.7093 ], [ -1.0806, 53.7083 ], [ -1.0809, 53.7111 ], [ -1.0844, 53.715 ], [ -1.084, 53.7173 ], [ -1.1209, 53.7267 ], [ -1.1049, 53.7147 ], [ -1.0848, 53.7169 ], [ -1.0848, 53.7146 ], [ -1.0814, 53.711 ], [ -1.0813, 53.7083 ], [ -1.069, 53.704 ], [ -1.0615, 53.7065 ], [ -1.0539, 53.6968 ], [ -1.039, 53.6937 ], [ -0.9806, 53.6967 ], [ -0.9796, 53.6975 ], [ -0.9823, 53.704 ], [ -0.9747, 53.7059 ], [ -0.968, 53.7065 ], [ -0.9704, 53.7022 ], [ -0.9625, 53.7005 ], [ -0.9573, 53.705 ], [ -0.9582, 53.7144 ], [ -0.9054, 53.7167 ], [ -0.903, 53.7196 ], [ -0.9051, 53.7271 ], [ -0.8449, 53.7198 ], [ -0.9916, 53.674 ], [ -0.9925, 53.6554 ], [ -0.9833, 53.6208 ], [ -1.0872, 53.5948 ], [ -1.0911, 53.5922 ], [ -1.0912, 53.5908 ], [ -1.0814, 53.5719 ], [ -1.0914, 53.5636 ], [ -1.0929, 53.5536 ], [ -1.0809, 53.5725 ], [ -1.0873, 53.5944 ], [ -1.0335, 53.6015 ], [ -0.9954, 53.612 ], [ -0.9885, 53.6154 ], [ -0.9822, 53.6218 ], [ -0.991, 53.6736 ], [ -0.6985, 53.6977 ], [ -0.8211, 53.4403 ], [ -0.8183, 53.426 ], [ -0.8041, 53.417 ], [ -0.7947, 53.414 ], [ -0.7891, 53.4148 ], [ -0.7925, 53.4115 ], [ -0.7908, 53.4073 ], [ -0.7868, 53.4023 ], [ -0.7777, 53.3969 ], [ -0.7907, 53.3861 ], [ -0.7822, 53.3824 ], [ -0.7759, 53.3778 ], [ -0.7831, 53.3821 ], [ -0.7762, 53.3777 ], [ -0.7865, 53.3747 ], [ -0.7912, 53.3689 ], [ -0.7915, 53.3635 ], [ -0.7591, 53.3537 ], [ -0.7637, 53.3498 ], [ -0.7652, 53.3459 ], [ -0.7572, 53.3397 ], [ -0.767, 53.3301 ], [ -0.7608, 53.3243 ], [ -0.7503, 53.3236 ], [ -0.7544, 53.3202 ], [ -0.7548, 53.3147 ], [ -0.7508, 53.2946 ], [ -0.7577, 53.2931 ], [ -0.7589, 53.2986 ], [ -0.7619, 53.3001 ], [ -0.7647, 53.2995 ], [ -0.781, 53.2816 ], [ -0.7649, 53.2728 ], [ -0.7743, 53.2611 ], [ -0.7729, 53.2555 ], [ -0.7708, 53.2533 ], [ -0.7788, 53.2524 ], [ -0.7832, 53.2408 ], [ -0.7778, 53.2389 ], [ -0.7843, 53.2242 ], [ -0.7761, 53.2148 ], [ -0.7791, 53.2129 ], [ -0.7759, 53.2073 ], [ -0.7809, 53.2038 ], [ -0.7776, 53.1998 ], [ -0.791, 53.1904 ], [ -0.7958, 53.1812 ], [ -0.7853, 53.1759 ], [ -0.7947, 53.1812 ], [ -0.7763, 53.1996 ], [ -0.7637, 53.2719 ], [ -0.7772, 53.2839 ], [ -0.7452, 53.293 ], [ -0.7485, 53.3227 ], [ -0.7581, 53.3539 ], [ -0.7904, 53.3635 ], [ -0.7747, 53.3777 ], [ -0.7765, 53.3965 ], [ -0.788, 53.4153 ], [ -0.8172, 53.4264 ], [ -0.82, 53.4406 ], [ -0.6395, 53.7102 ], [ -0.5235, 53.677 ], [ -0.2893, 53.7132 ], [ 0.0407, 53.508 ], [ 0.1479, 53.4922 ], [ 0.2287, 53.406 ], [ 0.3481, 53.109 ], [ 0.1375, 53.004 ], [ 0.0863, 52.9618 ], [ 0.0782, 52.9337 ], [ -0.0297, 52.9815 ], [ 0.0781, 52.9319 ], [ 0.0525, 52.9288 ], [ 0.0517, 52.9172 ], [ 0.0494, 52.9288 ], [ 0.0442, 52.9276 ], [ 0.0425, 52.9308 ], [ 0.0418, 52.9283 ], [ 0.039, 52.9316 ], [ 0.0345, 52.9309 ], [ -0.0909, 52.8533 ], [ -0.1012, 52.8459 ], [ -0.1352, 52.7997 ], [ 0.0734, 52.9061 ], [ 0.0916, 52.8853 ], [ 0.1019, 52.8838 ], [ 0.1172, 52.8815 ], [ 0.1155, 52.8853 ], [ 0.1176, 52.8927 ], [ 0.1764, 52.874 ], [ 0.1634, 52.8624 ], [ 0.1926, 52.8525 ], [ 0.1847, 52.8444 ], [ 0.197, 52.8465 ], [ 0.1934, 52.8371 ], [ 0.2022, 52.8382 ], [ 0.195, 52.8354 ], [ 0.2038, 52.8367 ], [ 0.1989, 52.833 ], [ 0.2077, 52.8336 ], [ 0.204, 52.826 ], [ 0.2077, 52.8222 ], [ 0.2154, 52.8261 ], [ 0.2147, 52.8209 ], [ 0.1558, 52.7077 ], [ 0.152, 52.6762 ], [ 0.1592, 52.6668 ], [ 0.151, 52.6629 ], [ 0.1305, 52.6425 ], [ -0.1244, 52.5767 ], [ 0.1304, 52.6421 ], [ 0.1595, 52.6666 ], [ 0.2292, 52.8238 ], [ 0.3879, 52.7593 ], [ 0.3919, 52.7464 ], [ 0.3572, 52.7204 ], [ 0.3533, 52.7149 ], [ 0.3542, 52.7061 ], [ 0.3512, 52.7041 ], [ 0.3642, 52.6107 ], [ 0.3409, 52.5907 ], [ 0.3402, 52.5831 ], [ 0.2604, 52.5117 ], [ 0.1151, 52.4107 ], [ 0.1085, 52.4057 ], [ 0.1001, 52.3988 ], [ 0.0932, 52.3909 ], [ 0.0512, 52.3583 ], [ 0.0276, 52.3534 ], [ 0.009, 52.3415 ], [ 0.0086, 52.3353 ], [ 0.0446, 52.3524 ], [ 0.2606, 52.5116 ], [ 0.3423, 52.5839 ], [ 0.3416, 52.5905 ], [ 0.3608, 52.6042 ], [ 0.3654, 52.6111 ], [ 0.3688, 52.6405 ], [ 0.3612, 52.6666 ], [ 0.3733, 52.6877 ], [ 0.3545, 52.7141 ], [ 0.3967, 52.7504 ], [ 0.3578, 52.8127 ], [ 0.5342, 52.9741 ], [ 0.5721, 52.964 ], [ 0.5879, 52.9771 ], [ 0.6139, 52.966 ], [ 0.6262, 52.9674 ], [ 0.6265, 52.9703 ], [ 0.6282, 52.9704 ], [ 0.6288, 52.9716 ], [ 0.6227, 52.9738 ], [ 0.6627, 52.9787 ], [ 0.6361, 52.9678 ], [ 0.6434, 52.9662 ], [ 0.6602, 52.9701 ], [ 0.6549, 52.9673 ], [ 0.6814, 52.9673 ], [ 0.6837, 52.9701 ], [ 0.6847, 52.9675 ], [ 0.7001, 52.9735 ], [ 0.6933, 52.9737 ], [ 0.6806, 52.9693 ], [ 0.68, 52.9695 ], [ 0.6787, 52.9709 ], [ 0.68, 52.9719 ], [ 0.6824, 52.972 ], [ 0.6834, 52.9726 ], [ 0.6829, 52.973 ], [ 0.6868, 52.9737 ], [ 0.6902, 52.9769 ], [ 0.6925, 52.9759 ], [ 0.6933, 52.979 ], [ 0.6974, 52.9753 ], [ 0.7016, 52.9774 ], [ 0.7025, 52.9738 ], [ 0.706, 52.9732 ], [ 0.7069, 52.9731 ], [ 0.7097, 52.9726 ], [ 0.7114, 52.9722 ], [ 0.7181, 52.9717 ], [ 0.7212, 52.9717 ], [ 0.7235, 52.9717 ], [ 0.7262, 52.9721 ], [ 0.7307, 52.9729 ], [ 0.7337, 52.9743 ], [ 0.7351, 52.9738 ], [ 0.7348, 52.9746 ], [ 0.7384, 52.9739 ], [ 0.7428, 52.975 ], [ 0.7522, 52.9728 ], [ 0.7317, 52.9727 ], [ 0.7355, 52.9683 ], [ 0.7308, 52.9646 ], [ 0.73, 52.9631 ], [ 0.7317, 52.9611 ], [ 0.8382, 52.9781 ], [ 0.8511, 52.9577 ], [ 0.8696, 52.9548 ], [ 1.0106, 52.955 ], [ 1.0126, 52.9569 ], [ 1.0154, 52.9554 ], [ 1.0176, 52.9564 ], [ 1.0179, 52.9651 ], [ 1.0248, 52.9644 ], [ 1.0305, 52.9666 ], [ 1.0472, 52.9591 ], [ 1.0458, 52.9652 ], [ 1.0452, 52.9648 ], [ 1.0448, 52.9654 ], [ 1.0429, 52.9662 ], [ 1.0369, 52.9673 ], [ 1.0311, 52.9677 ], [ 1.0317, 52.9685 ], [ 1.0247, 52.967 ], [ 1.0213, 52.9687 ], [ 1.0269, 52.9678 ], [ 1.0273, 52.9695 ], [ 1.0137, 52.9729 ], [ 1.0069, 52.9743 ], [ 1.0011, 52.9708 ], [ 1.0008, 52.9738 ], [ 1.0008, 52.9709 ], [ 0.9966, 52.9704 ], [ 0.9972, 52.976 ], [ 0.9575, 52.97 ], [ 0.9748, 52.9804 ], [ 1.301, 52.9328 ], [ 1.6975, 52.7236 ], [ 1.7452, 52.6262 ], [ 1.7398, 52.573 ], [ 1.7337, 52.5741 ], [ 1.7257, 52.6041 ], [ 1.72, 52.6107 ], [ 1.7225, 52.6119 ], [ 1.7154, 52.613 ], [ 1.7165, 52.6165 ], [ 1.714, 52.618 ], [ 1.7057, 52.6196 ], [ 1.658, 52.604 ], [ 1.6388, 52.5875 ], [ 1.6361, 52.5818 ], [ 1.6295, 52.581 ], [ 1.6274, 52.5799 ], [ 1.6204, 52.5737 ], [ 1.6117, 52.5754 ], [ 1.6072, 52.5742 ], [ 1.5918, 52.5582 ], [ 1.4329, 52.6218 ], [ 1.4294, 52.6183 ], [ 1.4221, 52.6223 ], [ 1.4135, 52.6211 ], [ 1.3875, 52.6046 ], [ 1.3815, 52.6064 ], [ 1.3767, 52.6207 ], [ 1.3716, 52.6247 ], [ 1.3289, 52.6261 ], [ 1.3106, 52.6202 ], [ 1.3033, 52.6257 ], [ 1.3054, 52.6273 ], [ 1.3078, 52.6303 ], [ 1.3091, 52.6335 ], [ 1.3084, 52.6345 ], [ 1.3025, 52.6354 ], [ 1.2922, 52.6317 ], [ 1.288, 52.6333 ], [ 1.3124, 52.613 ], [ 1.3695, 52.6236 ], [ 1.3708, 52.6148 ], [ 1.3763, 52.6175 ], [ 1.3806, 52.6063 ], [ 1.3875, 52.604 ], [ 1.4342, 52.6197 ], [ 1.5412, 52.5534 ], [ 1.5378, 52.553 ], [ 1.5362, 52.5519 ], [ 1.5331, 52.5531 ], [ 1.5307, 52.5526 ], [ 1.5192, 52.542 ], [ 1.5167, 52.5426 ], [ 1.5115, 52.5409 ], [ 1.5066, 52.5416 ], [ 1.4987, 52.5392 ], [ 1.487, 52.539 ], [ 1.4807, 52.5376 ], [ 1.682, 52.4953 ], [ 1.6689, 52.4819 ], [ 1.671, 52.4771 ], [ 1.6627, 52.4747 ], [ 1.6587, 52.4686 ], [ 1.6536, 52.4685 ], [ 1.6487, 52.4737 ], [ 1.6477, 52.4738 ], [ 1.6491, 52.4719 ], [ 1.6433, 52.4726 ], [ 1.6429, 52.4688 ], [ 1.6363, 52.4671 ], [ 1.6338, 52.463 ], [ 1.6074, 52.4667 ], [ 1.604, 52.4718 ], [ 1.5873, 52.4789 ], [ 1.5849, 52.4785 ], [ 1.5831, 52.4771 ], [ 1.5801, 52.4802 ], [ 1.5675, 52.4745 ], [ 1.5594, 52.4654 ], [ 1.5624, 52.4618 ], [ 1.5571, 52.4578 ], [ 1.5545, 52.4593 ], [ 1.5493, 52.4589 ], [ 1.5479, 52.4611 ], [ 1.5441, 52.4632 ], [ 1.5413, 52.462 ], [ 1.5359, 52.4667 ], [ 1.5298, 52.4685 ], [ 1.5253, 52.4682 ], [ 1.5222, 52.4658 ], [ 1.5193, 52.4663 ], [ 1.5174, 52.4709 ], [ 1.5158, 52.4716 ], [ 1.5213, 52.462 ], [ 1.516, 52.4641 ], [ 1.5088, 52.4627 ], [ 1.508, 52.4618 ], [ 1.4961, 52.4678 ], [ 1.4812, 52.4724 ], [ 1.4797, 52.4713 ], [ 1.5079, 52.4617 ], [ 1.5217, 52.4617 ], [ 1.5292, 52.4683 ], [ 1.5313, 52.4647 ], [ 1.5337, 52.4669 ], [ 1.5397, 52.4623 ], [ 1.5421, 52.4616 ], [ 1.5442, 52.4628 ], [ 1.5487, 52.4589 ], [ 1.5573, 52.4574 ], [ 1.586, 52.4784 ], [ 1.6067, 52.4665 ], [ 1.6168, 52.4633 ], [ 1.6347, 52.4628 ], [ 1.6362, 52.4666 ], [ 1.6427, 52.4682 ], [ 1.6466, 52.4718 ], [ 1.6538, 52.4679 ], [ 1.6588, 52.4682 ], [ 1.6709, 52.476 ], [ 1.6815, 52.4893 ], [ 1.6812, 52.4743 ], [ 1.6907, 52.4703 ], [ 1.7097, 52.4741 ], [ 1.6821, 52.477 ], [ 1.6836, 52.4952 ], [ 1.6541, 52.5018 ], [ 1.6212, 52.54 ], [ 1.6059, 52.5444 ], [ 1.7249, 52.6034 ], [ 1.7278, 52.4001 ], [ 1.6749, 52.3136 ], [ 1.6596, 52.3249 ], [ 1.6517, 52.3249 ], [ 1.645, 52.3291 ], [ 1.6408, 52.3297 ], [ 1.6387, 52.3312 ], [ 1.6346, 52.3325 ], [ 1.6333, 52.3313 ], [ 1.6261, 52.3346 ], [ 1.5614, 52.3319 ], [ 1.6085, 52.3155 ], [ 1.6322, 52.3218 ], [ 1.63, 52.3264 ], [ 1.6375, 52.3276 ], [ 1.6383, 52.33 ], [ 1.6724, 52.3141 ], [ 1.6311, 52.2713 ], [ 1.6231, 52.1885 ], [ 1.6101, 52.1695 ], [ 1.5877, 52.1029 ], [ 1.5824, 52.0908 ], [ 1.5797, 52.0871 ], [ 1.4662, 52.0468 ], [ 1.5802, 52.0885 ], [ 1.5992, 52.1437 ], [ 1.5519, 52.1667 ], [ 1.4947, 52.1652 ], [ 1.5106, 52.151 ], [ 1.5955, 52.1416 ], [ 1.4835, 52.1136 ], [ 1.3938, 51.9865 ], [ 1.3953, 51.9994 ], [ 1.3659, 52.0084 ], [ 1.3641, 52.0105 ], [ 1.3661, 52.0098 ], [ 1.3663, 52.0203 ], [ 1.3447, 52.0313 ], [ 1.3528, 52.0391 ], [ 1.3438, 52.0641 ], [ 1.319, 52.0805 ], [ 1.3332, 52.1006 ], [ 1.3489, 52.1027 ], [ 1.3532, 52.1091 ], [ 1.3532, 52.1107 ], [ 1.3523, 52.1113 ], [ 1.3541, 52.1116 ], [ 1.3546, 52.112 ], [ 1.3523, 52.1125 ], [ 1.3469, 52.1028 ], [ 1.3309, 52.101 ], [ 1.3136, 52.0778 ], [ 1.2953, 52.078 ], [ 1.2947, 52.0757 ], [ 1.3174, 52.0761 ], [ 1.3374, 52.0244 ], [ 1.3915, 51.9894 ], [ 1.3192, 51.9324 ], [ 1.2803, 51.9931 ], [ 1.1879, 52.0152 ], [ 1.1605, 52.049 ], [ 1.158, 52.0509 ], [ 1.1551, 52.052 ], [ 1.1418, 52.0519 ], [ 1.1401, 52.0542 ], [ 1.1353, 52.0559 ], [ 1.1345, 52.0592 ], [ 1.1348, 52.0559 ], [ 1.1415, 52.0517 ], [ 1.1589, 52.0496 ], [ 1.1823, 52.0085 ], [ 1.2118, 51.9965 ], [ 1.2269, 51.9968 ], [ 1.242, 51.9902 ], [ 1.2673, 51.9878 ], [ 1.2782, 51.9587 ], [ 1.1635, 51.9706 ], [ 1.0533, 51.9525 ], [ 1.2917, 51.9493 ], [ 1.1782, 51.8714 ], [ 1.2324, 51.8551 ], [ 1.2699, 51.8636 ], [ 1.2648, 51.8556 ], [ 1.269, 51.8518 ], [ 1.2906, 51.8742 ], [ 1.2872, 51.8593 ], [ 1.2366, 51.8193 ], [ 1.1325, 51.7753 ], [ 1.116, 51.7715 ], [ 1.0822, 51.7726 ], [ 1.0647, 51.77 ], [ 1.0427, 51.7699 ], [ 1.0423, 51.7705 ], [ 1.0442, 51.77 ], [ 1.0543, 51.77 ], [ 1.0605, 51.7707 ], [ 1.059, 51.7709 ], [ 1.0629, 51.7711 ], [ 1.0655, 51.773 ], [ 1.0674, 51.7726 ], [ 1.072, 51.7727 ], [ 1.0732, 51.772 ], [ 1.0781, 51.7723 ], [ 1.0178, 51.8011 ], [ 1.0655, 51.7962 ], [ 1.0669, 51.8211 ], [ 0.9148, 51.8913 ], [ 0.913, 51.8453 ], [ 0.9748, 51.847 ], [ 0.9822, 51.8174 ], [ 0.9619, 51.8331 ], [ 0.9524, 51.8332 ], [ 0.9434, 51.8222 ], [ 0.9912, 51.8073 ], [ 0.9696, 51.8128 ], [ 0.9162, 51.8114 ], [ 0.9178, 51.7992 ], [ 0.9217, 51.7955 ], [ 0.9244, 51.7941 ], [ 0.9648, 51.8088 ], [ 1.004, 51.7967 ], [ 0.9257, 51.7732 ], [ 0.8984, 51.7784 ], [ 0.921, 51.7924 ], [ 0.9215, 51.7954 ], [ 0.9105, 51.8036 ], [ 0.8299, 51.789 ], [ 0.8447, 51.78 ], [ 0.8773, 51.7793 ], [ 0.8866, 51.7709 ], [ 0.8869, 51.7708 ], [ 0.885, 51.7697 ], [ 0.8837, 51.7638 ], [ 0.8575, 51.775 ], [ 0.8368, 51.7739 ], [ 0.8313, 51.77 ], [ 0.8476, 51.7629 ], [ 0.8485, 51.7638 ], [ 0.8503, 51.7656 ], [ 0.8508, 51.7644 ], [ 0.8497, 51.7643 ], [ 0.8479, 51.7628 ], [ 0.8505, 51.757 ], [ 0.8827, 51.7576 ], [ 0.8475, 51.7475 ], [ 0.8472, 51.7472 ], [ 0.8467, 51.7455 ], [ 0.8469, 51.7448 ], [ 0.8531, 51.7421 ], [ 0.8416, 51.7408 ], [ 0.8414, 51.7387 ], [ 0.7923, 51.7452 ], [ 0.7838, 51.7381 ], [ 0.7967, 51.74 ], [ 0.7886, 51.7367 ], [ 0.7786, 51.7393 ], [ 0.7767, 51.744 ], [ 0.7719, 51.7419 ], [ 0.7708, 51.7397 ], [ 0.7719, 51.7393 ], [ 0.7724, 51.7399 ], [ 0.7729, 51.7393 ], [ 0.773, 51.7398 ], [ 0.7747, 51.7389 ], [ 0.7675, 51.7389 ], [ 0.7604, 51.7425 ], [ 0.745, 51.7364 ], [ 0.745, 51.7334 ], [ 0.75, 51.7346 ], [ 0.7491, 51.7325 ], [ 0.7474, 51.7323 ], [ 0.7476, 51.7319 ], [ 0.7358, 51.7295 ], [ 0.7137, 51.7376 ], [ 0.7111, 51.7368 ], [ 0.7117, 51.7352 ], [ 0.7146, 51.7341 ], [ 0.7079, 51.7248 ], [ 0.7055, 51.7238 ], [ 0.7035, 51.7275 ], [ 0.7032, 51.7277 ], [ 0.7019, 51.7287 ], [ 0.7019, 51.7276 ], [ 0.6936, 51.7303 ], [ 0.6923, 51.7298 ], [ 0.693, 51.7311 ], [ 0.6912, 51.7345 ], [ 0.6865, 51.733 ], [ 0.6912, 51.7346 ], [ 0.6906, 51.7356 ], [ 0.6771, 51.7346 ], [ 0.6642, 51.7394 ], [ 0.6651, 51.7412 ], [ 0.6639, 51.7437 ], [ 0.6621, 51.7428 ], [ 0.6645, 51.7385 ], [ 0.6682, 51.7372 ], [ 0.6658, 51.7375 ], [ 0.6918, 51.7267 ], [ 0.6973, 51.7267 ], [ 0.6994, 51.7261 ], [ 0.6971, 51.7265 ], [ 0.6991, 51.725 ], [ 0.6974, 51.7254 ], [ 0.6968, 51.7236 ], [ 0.6981, 51.7233 ], [ 0.6979, 51.7232 ], [ 0.6975, 51.7228 ], [ 0.7112, 51.7135 ], [ 0.7692, 51.7084 ], [ 0.7383, 51.6937 ], [ 0.7378, 51.6872 ], [ 0.7781, 51.6852 ], [ 0.9303, 51.7466 ], [ 0.9345, 51.6328 ], [ 0.8334, 51.6226 ], [ 0.7618, 51.6443 ], [ 0.6663, 51.641 ], [ 0.6633, 51.637 ], [ 0.6668, 51.6426 ], [ 0.6605, 51.6481 ], [ 0.6562, 51.6488 ], [ 0.6546, 51.6478 ], [ 0.6564, 51.6457 ], [ 0.651, 51.6471 ], [ 0.6531, 51.6489 ], [ 0.6078, 51.6297 ], [ 0.6032, 51.6379 ], [ 0.598, 51.6383 ], [ 0.5956, 51.637 ], [ 0.5947, 51.6376 ], [ 0.5965, 51.6389 ], [ 0.5975, 51.6408 ], [ 0.6003, 51.643 ], [ 0.6014, 51.6459 ], [ 0.5984, 51.642 ], [ 0.6, 51.6456 ], [ 0.5992, 51.647 ], [ 0.5961, 51.6491 ], [ 0.5956, 51.6491 ], [ 0.5515, 51.6178 ], [ 0.5958, 51.6314 ], [ 0.6489, 51.6233 ], [ 0.6517, 51.6235 ], [ 0.6519, 51.6257 ], [ 0.6506, 51.6285 ], [ 0.6578, 51.6286 ], [ 0.6587, 51.6299 ], [ 0.6581, 51.6327 ], [ 0.6565, 51.6341 ], [ 0.6552, 51.6341 ], [ 0.6567, 51.6352 ], [ 0.7371, 51.6303 ], [ 0.764, 51.6368 ], [ 0.7771, 51.6181 ], [ 0.8078, 51.6224 ], [ 0.8258, 51.6153 ], [ 0.8469, 51.6168 ], [ 0.8628, 51.6094 ], [ 0.8654, 51.6154 ], [ 0.8639, 51.6088 ], [ 0.843, 51.6135 ], [ 0.854, 51.5958 ], [ 0.8204, 51.5989 ], [ 0.8196, 51.6038 ], [ 0.7972, 51.6159 ], [ 0.7823, 51.6179 ], [ 0.8191, 51.5976 ], [ 0.7543, 51.5882 ], [ 0.7604, 51.5815 ], [ 0.7458, 51.5822 ], [ 0.7292, 51.5786 ], [ 0.7241, 51.5801 ], [ 0.7219, 51.5798 ], [ 0.7259, 51.5774 ], [ 0.7172, 51.5748 ], [ 0.7143, 51.5736 ], [ 0.7135, 51.5726 ], [ 0.8488, 51.5516 ], [ 0.5027, 51.5591 ], [ 0.5015, 51.5311 ], [ 0.5039, 51.5361 ], [ 0.5074, 51.5367 ], [ 0.5217, 51.5162 ], [ 0.5413, 51.5126 ], [ 0.4234, 51.5145 ], [ 0.359, 51.4511 ], [ 0.0574, 51.5608 ], [ 0.0737, 51.5004 ], [ 0.0011, 51.5311 ], [ -0.0067, 51.4871 ], [ -0.0299, 51.5089 ], [ -0.1085, 51.5109 ], [ -0.2925, 51.4875 ], [ -0.3063, 51.4828 ], [ -0.3069, 51.4762 ], [ -0.3225, 51.4707 ], [ -0.3268, 51.4616 ], [ -0.3044, 51.4516 ], [ -0.3252, 51.4465 ], [ -0.3272, 51.4456 ], [ -0.3316, 51.4413 ], [ -0.3318, 51.4392 ], [ -0.3272, 51.4324 ], [ -0.3223, 51.4299 ], [ -0.3185, 51.4291 ], [ -0.3026, 51.4522 ], [ -0.3186, 51.4702 ], [ -0.3068, 51.4749 ], [ -0.29, 51.4863 ], [ -0.2603, 51.4703 ], [ -0.2331, 51.4886 ], [ -0.2237, 51.4716 ], [ -0.1955, 51.4629 ], [ -0.1951, 51.46 ], [ -0.1933, 51.4598 ], [ -0.111, 51.5085 ], [ -0.0212, 51.4753 ], [ 0.1289, 51.5132 ], [ 0.1779, 51.483 ], [ 0.1986, 51.4783 ], [ 0.1987, 51.4783 ], [ 0.2001, 51.4784 ], [ 0.2021, 51.479 ], [ 0.2023, 51.4806 ], [ 0.2117, 51.4827 ], [ 0.2177, 51.4804 ], [ 0.216, 51.4795 ], [ 0.2164, 51.4775 ], [ 0.2119, 51.4758 ], [ 0.2082, 51.4708 ], [ 0.2102, 51.4625 ], [ 0.2044, 51.46 ], [ 0.2026, 51.4583 ], [ 0.1991, 51.4586 ], [ 0.1984, 51.4584 ], [ 0.1973, 51.4576 ], [ 0.2155, 51.4525 ], [ 0.4144, 51.4438 ], [ 0.4595, 51.4547 ], [ 0.4836, 51.4873 ], [ 0.7205, 51.4598 ], [ 0.7134, 51.4357 ], [ 0.6778, 51.4332 ], [ 0.6721, 51.448 ], [ 0.6634, 51.4436 ], [ 0.6638, 51.4461 ], [ 0.6593, 51.449 ], [ 0.6359, 51.4462 ], [ 0.619, 51.4375 ], [ 0.6052, 51.4205 ], [ 0.6138, 51.423 ], [ 0.6155, 51.425 ], [ 0.6181, 51.4279 ], [ 0.6238, 51.4241 ], [ 0.6227, 51.4243 ], [ 0.6216, 51.4231 ], [ 0.6228, 51.4228 ], [ 0.6109, 51.4174 ], [ 0.5325, 51.4127 ], [ 0.4498, 51.3666 ], [ 0.448, 51.3474 ], [ 0.4572, 51.3356 ], [ 0.4512, 51.3338 ], [ 0.4505, 51.3299 ], [ 0.4551, 51.3285 ], [ 0.459, 51.3307 ], [ 0.4552, 51.3271 ], [ 0.4563, 51.3186 ], [ 0.4575, 51.3129 ], [ 0.4624, 51.3045 ], [ 0.4636, 51.3034 ], [ 0.4691, 51.3015 ], [ 0.4789, 51.3031 ], [ 0.4829, 51.3003 ], [ 0.4858, 51.2994 ], [ 0.4927, 51.3009 ], [ 0.4987, 51.2965 ], [ 0.5022, 51.2956 ], [ 0.4503, 51.3642 ], [ 0.5372, 51.4103 ], [ 0.6285, 51.3731 ], [ 0.648, 51.3976 ], [ 0.6706, 51.3732 ], [ 0.7192, 51.3881 ], [ 0.6968, 51.4205 ], [ 0.711, 51.4171 ], [ 0.7094, 51.4184 ], [ 0.7223, 51.4174 ], [ 0.7225, 51.4174 ], [ 0.7234, 51.4175 ], [ 0.7236, 51.4176 ], [ 0.7235, 51.4186 ], [ 0.7225, 51.4185 ], [ 0.7229, 51.4188 ], [ 0.7227, 51.4192 ], [ 0.7284, 51.4203 ], [ 0.7292, 51.4199 ], [ 0.7266, 51.4198 ], [ 0.7242, 51.419 ], [ 0.7239, 51.4188 ], [ 0.7314, 51.416 ], [ 0.729, 51.4168 ], [ 0.7267, 51.4171 ], [ 0.7294, 51.4158 ], [ 0.7201, 51.4169 ], [ 0.7162, 51.4131 ], [ 0.7264, 51.399 ], [ 0.7637, 51.382 ], [ 0.7346, 51.3458 ], [ 0.8882, 51.3172 ], [ 1.425, 51.3938 ], [ 1.4222, 51.3237 ], [ 1.2319, 51.3324 ], [ 1.1174, 51.297 ], [ 1.1221, 51.2956 ], [ 1.1238, 51.2954 ], [ 1.1592, 51.3014 ], [ 1.2326, 51.3323 ], [ 1.3397, 51.3125 ], [ 1.3457, 51.3022 ], [ 1.3401, 51.2937 ], [ 1.3345, 51.2935 ], [ 1.3311, 51.2906 ], [ 1.3281, 51.2869 ], [ 1.3282, 51.2862 ], [ 1.3292, 51.2851 ], [ 1.3314, 51.284 ], [ 1.3307, 51.2821 ], [ 1.3322, 51.2809 ], [ 1.3335, 51.2806 ], [ 1.3365, 51.2818 ], [ 1.3386, 51.2777 ], [ 1.3422, 51.2758 ], [ 1.3484, 51.2739 ], [ 1.352, 51.2751 ], [ 1.3522, 51.2775 ], [ 1.3561, 51.2775 ], [ 1.3569, 51.2778 ], [ 1.357, 51.2784 ], [ 1.3563, 51.2971 ], [ 1.3552, 51.2988 ], [ 1.3503, 51.2993 ], [ 1.3493, 51.3016 ], [ 1.3678, 51.317 ], [ 1.4021, 51.167 ], [ 1.0068, 51.0316 ], [ 0.9767, 50.9117 ], [ 0.7502, 50.9697 ], [ 0.666, 50.872 ], [ 0.241, 50.7344 ], [ 0.1489, 50.7591 ], [ 0.1647, 50.8158 ], [ 0.0583, 50.7821 ], [ 0.0372, 50.9156 ], [ 0.0003, 50.8896 ], [ -0.0028, 50.8874 ], [ 0.0585, 50.7758 ], [ -0.0921, 50.8118 ], [ -0.1064, 50.8083 ], [ -0.157, 50.8218 ], [ -0.2463, 50.8262 ], [ -0.2382, 50.8305 ], [ -0.2792, 50.8322 ], [ -0.2746, 50.9553 ], [ -0.3097, 50.8888 ], [ -0.2865, 50.8298 ], [ -0.2839, 50.8291 ], [ -0.2754, 50.8294 ], [ -0.2669, 50.831 ], [ -0.2514, 50.8303 ], [ -0.2489, 50.8255 ], [ -0.5418, 50.8014 ], [ -0.4856, 50.952 ], [ -0.5233, 50.9823 ], [ -0.577, 50.8255 ], [ -0.542, 50.8002 ], [ -0.7022, 50.7774 ], [ -0.7526, 50.758 ], [ -0.7498, 50.7616 ], [ -0.7554, 50.772 ], [ -0.7624, 50.773 ], [ -0.7669, 50.7728 ], [ -0.7679, 50.7704 ], [ -0.7635, 50.7677 ], [ -0.7812, 50.7686 ], [ -0.7868, 50.7599 ], [ -0.7618, 50.7512 ], [ -0.7483, 50.7581 ], [ -0.7864, 50.7224 ], [ -0.8241, 50.7641 ], [ -0.8346, 50.7504 ], [ -0.8235, 50.7438 ], [ -0.9167, 50.781 ], [ -0.8255, 50.8044 ], [ -0.8144, 50.8143 ], [ -0.812, 50.8339 ], [ -1.1719, 50.8566 ], [ -1.1412, 50.7733 ], [ -1.3067, 50.8404 ], [ -1.2485, 50.9033 ], [ -1.2674, 50.9157 ], [ -1.3131, 50.8488 ], [ -1.3715, 50.936 ], [ -1.3933, 50.883 ], [ -1.4815, 50.9348 ], [ -1.3076, 50.8161 ], [ -1.4512, 50.8192 ], [ -1.3934, 50.7754 ], [ -1.5505, 50.7063 ], [ -1.8064, 50.7413 ], [ -1.7614, 50.718 ], [ -1.7395, 50.7244 ], [ -1.7488, 50.7111 ], [ -1.8792, 50.7148 ], [ -1.947, 50.6827 ], [ -1.934, 50.6991 ], [ -1.9961, 50.7375 ], [ -2.0085, 50.7345 ], [ -2.011, 50.7284 ], [ -2.0053, 50.7185 ], [ -1.9882, 50.7076 ], [ -2.0425, 50.7318 ], [ -2.0788, 50.6884 ], [ -2.0838, 50.6909 ], [ -2.0906, 50.689 ], [ -2.0912, 50.6884 ], [ -2.0908, 50.6875 ], [ -2.0875, 50.6864 ], [ -2.088, 50.6848 ], [ -2.0841, 50.6906 ], [ -2.0813, 50.6863 ], [ -2.0658, 50.687 ], [ -2.0325, 50.708 ], [ -2.0471, 50.6704 ], [ -1.9499, 50.6802 ], [ -1.9598, 50.5912 ], [ -2.4195, 50.6364 ], [ -2.4704, 50.5831 ], [ -2.5175, 50.6179 ], [ -2.6115, 50.6541 ], [ -2.4696, 50.5824 ], [ -2.4605, 50.571 ], [ -2.4372, 50.5731 ], [ -2.4409, 50.57 ], [ -2.4307, 50.5676 ], [ -2.4224, 50.5691 ], [ -2.4566, 50.5131 ], [ -2.7937, 50.7182 ], [ -3.0525, 50.7256 ], [ -3.2642, 50.6712 ], [ -3.3619, 50.6066 ], [ -3.4244, 50.6164 ], [ -3.4155, 50.6292 ], [ -3.457, 50.6995 ], [ -3.5044, 50.7027 ], [ -3.4436, 50.6013 ], [ -3.4227, 50.6133 ], [ -3.4998, 50.5405 ], [ -3.5011, 50.5459 ], [ -3.5293, 50.5473 ], [ -3.6091, 50.5384 ], [ -3.5949, 50.5243 ], [ -3.4962, 50.5379 ], [ -3.4807, 50.4634 ], [ -3.5591, 50.4355 ], [ -3.4824, 50.4 ], [ -3.5179, 50.3464 ], [ -3.5725, 50.3471 ], [ -3.5752, 50.3933 ], [ -3.6724, 50.4523 ], [ -3.6908, 50.4391 ], [ -3.5635, 50.3354 ], [ -3.6425, 50.2904 ], [ -3.6595, 50.2382 ], [ -3.6541, 50.2276 ], [ -3.6401, 50.223 ], [ -3.6416, 50.2224 ], [ -3.6407, 50.2218 ], [ -3.642, 50.2213 ], [ -3.7705, 50.2219 ], [ -3.7204, 50.2481 ], [ -3.758, 50.2837 ], [ -3.7846, 50.2108 ], [ -3.8234, 50.2172 ], [ -3.8817, 50.2765 ], [ -3.88, 50.2818 ], [ -3.8681, 50.2793 ], [ -3.8524, 50.2911 ], [ -3.8449, 50.3077 ], [ -3.8385, 50.3072 ], [ -3.8311, 50.3103 ], [ -3.8268, 50.31 ], [ -3.8258, 50.3105 ], [ -3.8259, 50.3107 ], [ -3.8547, 50.3091 ], [ -3.871, 50.2813 ], [ -3.9437, 50.2959 ], [ -3.92, 50.3316 ], [ -3.9361, 50.325 ], [ -3.9269, 50.3367 ], [ -3.9248, 50.3472 ], [ -3.9259, 50.3482 ], [ -4.119, 50.3194 ], [ -4.0778, 50.391 ], [ -4.1855, 50.3672 ], [ -4.1505, 50.4651 ], [ -4.1851, 50.4342 ], [ -4.1938, 50.4551 ], [ -4.2158, 50.4683 ], [ -4.2368, 50.4595 ], [ -4.1804, 50.501 ], [ -4.18, 50.5028 ], [ -4.1809, 50.5044 ], [ -4.1837, 50.5079 ], [ -4.1854, 50.5085 ], [ -4.1901, 50.5077 ], [ -4.1923, 50.5062 ], [ -4.1928, 50.5065 ], [ -4.1943, 50.503 ], [ -4.2025, 50.5032 ], [ -4.2016, 50.5134 ], [ -4.2071, 50.5172 ], [ -4.25, 50.4664 ], [ -4.2119, 50.3993 ], [ -4.2775, 50.4297 ], [ -4.325, 50.3889 ], [ -4.2816, 50.3713 ], [ -4.2308, 50.3904 ], [ -4.2022, 50.3884 ], [ -4.1884, 50.3177 ], [ -4.4668, 50.3907 ], [ -4.473, 50.3331 ], [ -4.6331, 50.3243 ], [ -4.6159, 50.3856 ], [ -4.6677, 50.41 ], [ -4.6342, 50.3349 ], [ -4.7568, 50.3311 ], [ -4.7985, 50.2195 ], [ -4.9533, 50.2039 ], [ -4.982, 50.1518 ], [ -5.0096, 50.1393 ], [ -5.0342, 50.2046 ], [ -4.9516, 50.2389 ], [ -5.0502, 50.2641 ], [ -5.0284, 50.2099 ], [ -5.0591, 50.1932 ], [ -5.0666, 50.2105 ], [ -5.0987, 50.212 ], [ -5.0874, 50.2074 ], [ -5.1002, 50.2117 ], [ -5.0976, 50.2081 ], [ -5.0999, 50.2091 ], [ -5.1019, 50.2092 ], [ -5.1147, 50.2066 ], [ -5.1142, 50.2062 ], [ -5.1174, 50.2052 ], [ -5.1184, 50.2042 ], [ -5.0419, 50.1439 ], [ -5.2111, 50.0939 ], [ -5.0578, 50.0528 ], [ -5.1856, 49.9631 ], [ -5.3163, 50.0852 ], [ -5.4839, 50.1276 ], [ -5.5546, 50.0598 ], [ -5.6846, 50.0379 ], [ -5.6731, 50.1662 ], [ -5.4983, 50.2199 ], [ -5.433, 50.1643 ], [ -5.0692, 50.3965 ], [ -5.1258, 50.4122 ], [ -5.0997, 50.4259 ], [ -5.0854, 50.4151 ], [ -5.0765, 50.4164 ], [ -5.055, 50.4256 ], [ -5.0438, 50.4422 ], [ -5.0227, 50.5266 ], [ -5.0367, 50.5494 ], [ -4.8029, 50.4926 ], [ -4.85, 50.5333 ], [ -4.9256, 50.5448 ], [ -4.9354, 50.5867 ], [ -4.7959, 50.5982 ], [ -4.5619, 50.7813 ], [ -4.5257, 51.0223 ], [ -4.3434, 50.9889 ], [ -4.2173, 51.065 ], [ -4.1907, 51.0548 ], [ -4.2039, 51.0318 ], [ -4.2067, 51.008 ], [ -4.2035, 50.9906 ], [ -4.1779, 50.9977 ], [ -4.1827, 50.9918 ], [ -4.1924, 50.9922 ], [ -4.1948, 50.9915 ], [ -4.1978, 50.9895 ], [ -4.1927, 50.9853 ], [ -4.1887, 50.9843 ], [ -4.19, 50.9821 ], [ -4.1894, 50.9782 ], [ -4.1856, 50.9761 ], [ -4.1834, 50.9757 ], [ -4.1881, 50.9841 ], [ -4.1973, 50.9895 ], [ -4.1815, 50.9917 ], [ -4.1774, 50.9954 ], [ -4.178, 50.9993 ], [ -4.2043, 51.0084 ], [ -4.1721, 51.072 ], [ -4.0494, 51.0437 ], [ -4.0493, 51.0874 ], [ -4.2174, 51.0768 ], [ -4.2293, 51.1885 ], [ -3.0229, 51.2186 ], [ -3.0662, 51.1924 ], [ -3.0601, 51.1743 ], [ -3.0435, 51.1641 ], [ -3.0364, 51.1625 ], [ -3.029, 51.1661 ], [ -3.0288, 51.1745 ], [ -3.0204, 51.176 ], [ -3.0025, 51.161 ], [ -2.9897, 51.1612 ], [ -2.9995, 51.1517 ], [ -2.9992, 51.145 ], [ -2.9932, 51.1416 ], [ -2.9979, 51.1401 ], [ -3.0026, 51.1374 ], [ -3.0037, 51.1335 ], [ -2.9958, 51.1189 ], [ -2.9931, 51.1167 ], [ -2.9792, 51.1148 ], [ -2.9705, 51.1048 ], [ -2.9685, 51.1037 ], [ -2.9662, 51.103 ], [ -2.9662, 51.1005 ], [ -2.9655, 51.0996 ], [ -2.9585, 51.0947 ], [ -2.9538, 51.0922 ], [ -2.9491, 51.0907 ], [ -2.9452, 51.0913 ], [ -2.9432, 51.088 ], [ -2.9392, 51.0844 ], [ -2.938, 51.0839 ], [ -2.9349, 51.0835 ], [ -2.9336, 51.0797 ], [ -2.9269, 51.0743 ], [ -2.9199, 51.0708 ], [ -2.9172, 51.0679 ], [ -2.9761, 51.0373 ], [ -2.8794, 51.0466 ], [ -2.9899, 51.1627 ], [ -3.0187, 51.1771 ], [ -3.0289, 51.1762 ], [ -3.0396, 51.1642 ], [ -3.0549, 51.1762 ], [ -2.9843, 51.2204 ], [ -3.0355, 51.3285 ], [ -2.7736, 51.4947 ], [ -2.6216, 51.4456 ], [ -2.5708, 51.4428 ], [ -2.5606, 51.445 ], [ -2.5578, 51.4464 ], [ -2.5539, 51.4511 ], [ -2.6209, 51.4461 ], [ -2.7182, 51.5082 ], [ -2.3805, 51.7606 ], [ -2.4336, 51.811 ], [ -2.3747, 51.7927 ], [ -2.3507, 51.7953 ], [ -2.3462, 51.8047 ], [ -2.3617, 51.8223 ], [ -2.3486, 51.8294 ], [ -2.3515, 51.846 ], [ -2.308, 51.8465 ], [ -2.301, 51.8336 ], [ -2.2966, 51.8319 ], [ -2.2915, 51.8332 ], [ -2.2598, 51.8625 ], [ -2.267, 51.8894 ], [ -2.4404, 51.8126 ], [ -2.4066, 51.7705 ], [ -2.6509, 51.6098 ], [ -2.6652, 51.6647 ], [ -2.6691, 51.6656 ], [ -2.6784, 51.6604 ], [ -2.6856, 51.6627 ], [ -2.6823, 51.6687 ], [ -2.6673, 51.6689 ], [ -2.6592, 51.671 ], [ -2.6564, 51.6735 ], [ -2.6699, 51.7428 ], [ -2.7128, 51.5823 ], [ -2.9805, 51.5441 ], [ -2.9612, 51.552 ], [ -2.9914, 51.6084 ], [ -2.98, 51.6048 ], [ -2.9758, 51.6052 ], [ -2.9738, 51.6089 ], [ -2.9613, 51.6018 ], [ -2.955, 51.6019 ], [ -2.9515, 51.6076 ], [ -2.9457, 51.6063 ], [ -2.9345, 51.6151 ], [ -2.9408, 51.6173 ], [ -2.9307, 51.6192 ], [ -2.9212, 51.6265 ], [ -2.9127, 51.6226 ], [ -2.9076, 51.6238 ], [ -2.9079, 51.629 ], [ -2.9057, 51.6294 ], [ -2.9047, 51.6275 ], [ -2.9034, 51.6269 ], [ -2.902, 51.6268 ], [ -2.8959, 51.6301 ], [ -2.886, 51.6391 ], [ -2.8858, 51.6459 ], [ -2.8891, 51.648 ], [ -2.9934, 51.6095 ], [ -3.0045, 51.5305 ], [ -3.1416, 51.5123 ], [ -3.1697, 51.4063 ], [ -3.3415, 51.3811 ], [ -3.7208, 51.4797 ], [ -3.8508, 51.6145 ], [ -3.8247, 51.6283 ], [ -3.8359, 51.6517 ], [ -3.8182, 51.6548 ], [ -3.8098, 51.6625 ], [ -3.8072, 51.6662 ], [ -3.8013, 51.666 ], [ -3.7922, 51.6673 ], [ -3.7877, 51.6714 ], [ -3.7881, 51.6727 ], [ -3.8075, 51.6666 ], [ -3.8178, 51.6564 ], [ -3.8231, 51.6589 ], [ -3.8202, 51.6549 ], [ -3.8309, 51.658 ], [ -3.8383, 51.6506 ], [ -3.8365, 51.6387 ], [ -3.8451, 51.6363 ], [ -3.8344, 51.626 ], [ -3.8491, 51.619 ], [ -3.9939, 51.5987 ], [ -3.9816, 51.5645 ], [ -4.3082, 51.563 ], [ -4.2455, 51.6476 ], [ -4.2456, 51.618 ], [ -4.1732, 51.6161 ], [ -4.0486, 51.6557 ], [ -4.0813, 51.662 ], [ -4.0626, 51.6727 ], [ -4.0768, 51.683 ], [ -4.0435, 51.7063 ], [ -4.0429, 51.7075 ], [ -4.0444, 51.709 ], [ -4.0497, 51.712 ], [ -4.1477, 51.6547 ], [ -4.369, 51.7124 ], [ -4.3033, 51.7232 ], [ -4.3661, 51.7872 ], [ -4.3603, 51.7864 ], [ -4.324, 51.8015 ], [ -4.3182, 51.819 ], [ -4.3272, 51.8268 ], [ -4.311, 51.8361 ], [ -4.3144, 51.8521 ], [ -4.2949, 51.854 ], [ -4.2918, 51.857 ], [ -4.2938, 51.858 ], [ -4.2963, 51.8573 ], [ -4.2964, 51.8579 ], [ -4.294, 51.8598 ], [ -4.2913, 51.8581 ], [ -4.2874, 51.859 ], [ -4.2882, 51.8629 ], [ -4.2748, 51.8577 ], [ -4.2575, 51.8598 ], [ -4.2523, 51.8625 ], [ -4.2878, 51.8635 ], [ -4.3227, 51.8512 ], [ -4.4038, 51.7573 ], [ -4.4489, 51.7701 ], [ -4.4375, 51.7732 ], [ -4.4386, 51.7744 ], [ -4.4357, 51.7765 ], [ -4.4353, 51.7793 ], [ -4.4547, 51.7886 ], [ -4.4544, 51.7913 ], [ -4.4518, 51.793 ], [ -4.4508, 51.7947 ], [ -4.4564, 51.7925 ], [ -4.4535, 51.7947 ], [ -4.4542, 51.7951 ], [ -4.4563, 51.7947 ], [ -4.4565, 51.7952 ], [ -4.4535, 51.7967 ], [ -4.4572, 51.7972 ], [ -4.4513, 51.7991 ], [ -4.4512, 51.8005 ], [ -4.4533, 51.8019 ], [ -4.4664, 51.7889 ], [ -4.4928, 51.8168 ], [ -4.4944, 51.8089 ], [ -4.4974, 51.8103 ], [ -4.5031, 51.8108 ], [ -4.5042, 51.8105 ], [ -4.5044, 51.8095 ], [ -4.5067, 51.8086 ], [ -4.5097, 51.8084 ], [ -4.5148, 51.8119 ], [ -4.5182, 51.8118 ], [ -4.5229, 51.8101 ], [ -4.4177, 51.7449 ], [ -4.6628, 51.7313 ], [ -4.9263, 51.5961 ], [ -5.1257, 51.6816 ], [ -4.8199, 51.6969 ], [ -4.8234, 51.7289 ], [ -4.897, 51.7407 ], [ -4.8092, 51.797 ], [ -4.967, 51.8013 ], [ -4.8949, 51.711 ], [ -5.093, 51.7405 ], [ -5.17, 51.731 ], [ -5.1685, 51.7068 ], [ -5.1496, 51.7024 ], [ -5.1573, 51.688 ], [ -5.1759, 51.6804 ], [ -5.254, 51.7381 ], [ -5.1076, 51.7742 ], [ -5.1284, 51.8585 ], [ -5.3198, 51.8615 ], [ -5.071, 52.0303 ], [ -4.969, 51.995 ], [ -4.8144, 52.0185 ], [ -4.7315, 52.1179 ], [ -4.6787, 52.0824 ], [ -4.6429, 52.0787 ], [ -4.6428, 52.0656 ], [ -4.6394, 52.0613 ], [ -4.637, 52.0604 ], [ -4.636, 52.069 ], [ -4.642, 52.0746 ], [ -4.6414, 52.0783 ], [ -4.6455, 52.0818 ], [ -4.681, 52.0851 ], [ -4.6875, 52.1287 ], [ -4.2075, 52.2637 ], [ -4.0675, 52.4029 ], [ -4.0581, 52.5309 ], [ -4.0394, 52.4888 ], [ -3.8919, 52.5771 ], [ -4.0665, 52.5418 ], [ -4.1264, 52.6073 ], [ -4.1043, 52.5992 ], [ -4.075, 52.6015 ], [ -4.0733, 52.6021 ], [ -4.0716, 52.6059 ], [ -4.1286, 52.6117 ], [ -3.9009, 52.7559 ], [ -3.9184, 52.7569 ], [ -3.9317, 52.7541 ], [ -3.9368, 52.7491 ], [ -3.9502, 52.7529 ], [ -4.0232, 52.7361 ], [ -4.0523, 52.7165 ], [ -4.1501, 52.8074 ], [ -4.1079, 52.8266 ], [ -4.1452, 52.8937 ], [ -4.0729, 52.8935 ], [ -4.0718, 52.917 ], [ -4.0585, 52.9168 ], [ -4.0558, 52.9234 ], [ -4.0439, 52.9269 ], [ -4.0378, 52.9363 ], [ -4.0045, 52.9358 ], [ -3.9952, 52.9424 ], [ -3.9985, 52.9453 ], [ -3.9911, 52.9459 ], [ -3.9889, 52.9476 ], [ -4.4069, 52.8918 ], [ -4.528, 52.7777 ], [ -4.6032, 52.825 ], [ -4.7573, 52.7882 ], [ -4.7675, 52.7981 ], [ -4.7225, 52.8363 ], [ -4.7262, 52.8535 ], [ -4.1278, 53.2357 ], [ -3.8415, 53.2955 ], [ -3.8096, 53.2662 ], [ -3.8282, 53.2526 ], [ -3.808, 53.236 ], [ -3.823, 53.2286 ], [ -3.8378, 53.2104 ], [ -3.8413, 53.1919 ], [ -3.82, 53.1808 ], [ -3.8255, 53.1702 ], [ -3.8251, 53.1573 ], [ -3.8226, 53.1537 ], [ -3.8219, 53.1563 ], [ -3.8141, 53.1528 ], [ -3.8127, 53.1531 ], [ -3.7976, 53.2733 ], [ -3.8744, 53.3413 ], [ -3.4561, 53.2778 ], [ -3.4592, 53.2856 ], [ -3.5093, 53.3132 ], [ -3.3124, 53.3423 ] ], [ [ -3.1869, 54.9089 ], [ -3.1908, 54.9085 ], [ -3.1927, 54.9069 ], [ -3.192, 54.9004 ], [ -3.1918, 54.9004 ], [ -3.1868, 54.909 ], [ -3.1881, 54.9097 ], [ -3.1869, 54.9089 ] ], [ [ 1.7232, 52.6122 ], [ 1.7238, 52.614 ], [ 1.7223, 52.6197 ], [ 1.7254, 52.621 ], [ 1.7267, 52.6232 ], [ 1.7254, 52.6272 ], [ 1.7214, 52.6304 ], [ 1.5578, 52.6511 ], [ 1.6329, 52.7261 ], [ 1.5347, 52.7078 ], [ 1.5463, 52.6802 ], [ 1.5359, 52.6837 ], [ 1.5266, 52.6823 ], [ 1.5231, 52.6859 ], [ 1.5135, 52.6895 ], [ 1.5146, 52.6904 ], [ 1.5152, 52.6971 ], [ 1.5046, 52.7056 ], [ 1.4957, 52.7056 ], [ 1.5081, 52.7155 ], [ 1.5093, 52.7285 ], [ 1.4991, 52.7349 ], [ 1.4157, 52.6948 ], [ 1.5996, 52.6252 ], [ 1.7248, 52.627 ], [ 1.7219, 52.6198 ], [ 1.7225, 52.6119 ], [ 1.7232, 52.6122 ] ], [ [ 0.6973, 51.7231 ], [ 0.6974, 51.7228 ], [ 0.6975, 51.7228 ], [ 0.6973, 51.7231 ] ], [ [ 0.7236, 51.4187 ], [ 0.7238, 51.4176 ], [ 0.7239, 51.4176 ], [ 0.7239, 51.4188 ], [ 0.7236, 51.4187 ] ], [ [ -2.0922, 50.6857 ], [ -2.0955, 50.6849 ], [ -2.0986, 50.68 ], [ -2.1038, 50.6833 ], [ -2.1104, 50.6841 ], [ -2.1155, 50.6807 ], [ -2.1159, 50.6788 ], [ -2.1152, 50.6782 ], [ -2.1173, 50.6783 ], [ -2.1176, 50.678 ], [ -2.1151, 50.6781 ], [ -2.1107, 50.6837 ], [ -2.0993, 50.6796 ], [ -2.0893, 50.6828 ], [ -2.088, 50.6848 ], [ -2.0922, 50.6857 ] ], [ [ -3.1864, 54.8983 ], [ -3.1893, 54.8988 ], [ -3.19, 54.8987 ], [ -3.19, 54.8928 ], [ -3.1899, 54.8927 ], [ -3.1851, 54.8988 ], [ -3.1852, 54.8988 ], [ -3.1864, 54.8983 ] ], [ [ -3.1872, 54.8904 ], [ -3.1846, 54.891 ], [ -3.1829, 54.892 ], [ -3.1899, 54.8927 ], [ -3.1872, 54.8904 ] ] ], [ [ [ 0.8906, 51.7697 ], [ 0.8895, 51.7686 ], [ 0.8897, 51.7698 ], [ 0.8886, 51.7701 ], [ 0.8874, 51.7697 ], [ 0.8873, 51.77 ], [ 0.8879, 51.7703 ], [ 0.8869, 51.7708 ], [ 0.8906, 51.7697 ] ] ], [ [ [ 0.8883, 51.769 ], [ 0.8872, 51.7689 ], [ 0.8876, 51.7692 ], [ 0.8874, 51.7697 ], [ 0.8883, 51.769 ] ] ], [ [ [ 0.7492, 51.7323 ], [ 0.7502, 51.7333 ], [ 0.7521, 51.7328 ], [ 0.7476, 51.7319 ], [ 0.7492, 51.7323 ] ] ], [ [ [ -3.9928, 52.5248 ], [ -3.9925, 52.5244 ], [ -3.9965, 52.527 ], [ -3.9928, 52.5248 ] ] ], [ [ [ -3.9981, 52.5284 ], [ -3.9972, 52.5288 ], [ -3.9958, 52.5275 ], [ -3.9981, 52.5284 ] ] ], [ [ [ -3.9857, 52.5353 ], [ -3.9863, 52.5357 ], [ -3.9855, 52.5363 ], [ -3.9857, 52.5353 ] ] ], [ [ [ -3.9913, 52.5358 ], [ -3.9924, 52.536 ], [ -3.9918, 52.5361 ], [ -3.9913, 52.5358 ] ] ], [ [ [ -3.9532, 52.5533 ], [ -3.9524, 52.5558 ], [ -3.9518, 52.5546 ], [ -3.9532, 52.5533 ] ] ], [ [ [ -3.9511, 52.5545 ], [ -3.9515, 52.5555 ], [ -3.951, 52.555 ], [ -3.9511, 52.5545 ] ] ], [ [ [ -3.9557, 52.5555 ], [ -3.957, 52.5557 ], [ -3.9545, 52.5562 ], [ -3.9557, 52.5555 ] ] ], [ [ [ -3.9248, 52.7546 ], [ -3.9222, 52.7554 ], [ -3.9233, 52.7544 ], [ -3.9248, 52.7546 ] ] ], [ [ [ -3.9222, 52.7556 ], [ -3.9227, 52.7557 ], [ -3.9211, 52.7562 ], [ -3.9222, 52.7556 ] ] ], [ [ [ -3.8343, 53.1993 ], [ -3.8338, 53.1969 ], [ -3.8341, 53.1971 ], [ -3.8343, 53.1993 ] ] ], [ [ [ -3.8326, 53.1974 ], [ -3.8331, 53.1991 ], [ -3.8316, 53.1984 ], [ -3.8326, 53.1974 ] ] ], [ [ [ -3.8333, 53.1976 ], [ -3.8342, 53.1997 ], [ -3.8334, 53.1986 ], [ -3.8333, 53.1976 ] ] ], [ [ [ -3.8138, 53.2808 ], [ -3.8138, 53.2803 ], [ -3.8151, 53.2811 ], [ -3.8138, 53.2808 ] ] ], [ [ [ -3.46, 53.282 ], [ -3.4602, 53.2828 ], [ -3.4598, 53.2827 ], [ -3.46, 53.282 ] ] ], [ [ [ -4.0264, 53.3209 ], [ -4.0202, 53.3215 ], [ -4.0275, 53.3165 ], [ -4.0264, 53.3209 ] ] ], [ [ [ -3.2057, 53.3707 ], [ -3.2071, 53.3724 ], [ -3.2061, 53.3725 ], [ -3.2057, 53.3707 ] ] ], [ [ [ -3.2222, 53.3792 ], [ -3.2173, 53.3763 ], [ -3.2194, 53.3773 ], [ -3.2222, 53.3792 ] ] ], [ [ [ -3.2287, 53.3847 ], [ -3.2237, 53.3795 ], [ -3.2262, 53.3805 ], [ -3.2287, 53.3847 ] ] ], [ [ [ -2.8989, 53.7158 ], [ -2.8999, 53.716 ], [ -2.8996, 53.7164 ], [ -2.8989, 53.7158 ] ] ], [ [ [ -2.9031, 53.7222 ], [ -2.903, 53.7225 ], [ -2.9005, 53.7217 ], [ -2.8993, 53.7216 ], [ -2.899, 53.7202 ], [ -2.9048, 53.7208 ], [ -2.9129, 53.727 ], [ -2.9031, 53.7222 ] ] ], [ [ [ -2.8969, 53.7228 ], [ -2.9029, 53.7226 ], [ -2.9059, 53.726 ], [ -2.8969, 53.7228 ] ] ], [ [ [ -2.9032, 53.7292 ], [ -2.895, 53.7298 ], [ -2.9014, 53.7264 ], [ -2.9032, 53.7292 ] ] ], [ [ [ -2.9048, 53.7273 ], [ -2.9078, 53.7283 ], [ -2.9075, 53.7284 ], [ -2.9048, 53.7273 ] ] ], [ [ [ -2.9401, 53.8539 ], [ -2.9377, 53.8545 ], [ -2.9395, 53.8521 ], [ -2.9401, 53.8539 ] ] ], [ [ [ -2.9908, 53.9113 ], [ -2.9902, 53.9106 ], [ -2.9911, 53.9107 ], [ -2.9908, 53.9113 ] ] ], [ [ [ -2.9067, 53.9396 ], [ -2.906, 53.9397 ], [ -2.906, 53.9389 ], [ -2.9067, 53.9396 ] ] ], [ [ [ -2.9001, 53.9399 ], [ -2.8997, 53.9396 ], [ -2.9, 53.9396 ], [ -2.9001, 53.9399 ] ] ], [ [ [ -2.8997, 53.9396 ], [ -2.9002, 53.9408 ], [ -2.8977, 53.9403 ], [ -2.8997, 53.9396 ] ] ], [ [ [ -2.9069, 53.9409 ], [ -2.9078, 53.9414 ], [ -2.9067, 53.9412 ], [ -2.9069, 53.9409 ] ] ], [ [ [ -2.8967, 53.9422 ], [ -2.8944, 53.9416 ], [ -2.8964, 53.9413 ], [ -2.8967, 53.9422 ] ] ], [ [ [ -2.9085, 53.9451 ], [ -2.9063, 53.9455 ], [ -2.9062, 53.9444 ], [ -2.9085, 53.9451 ] ] ], [ [ [ -2.8992, 53.9907 ], [ -2.8933, 53.9896 ], [ -2.8983, 53.9878 ], [ -2.8992, 53.9907 ] ] ], [ [ [ -3.1723, 54.0643 ], [ -3.1737, 54.0619 ], [ -3.1769, 54.0635 ], [ -3.1723, 54.0643 ] ] ], [ [ [ -3.2011, 54.0641 ], [ -3.2034, 54.0653 ], [ -3.2018, 54.0656 ], [ -3.2011, 54.0641 ] ] ], [ [ [ -3.2525, 54.0958 ], [ -3.2055, 54.052 ], [ -3.1732, 54.0471 ], [ -3.2099, 54.0477 ], [ -3.2471, 54.082 ], [ -3.2726, 54.1176 ], [ -3.2525, 54.0958 ] ] ], [ [ [ -3.0417, 54.1733 ], [ -3.0423, 54.1757 ], [ -3.0408, 54.174 ], [ -3.0417, 54.1733 ] ] ], [ [ [ -3.0368, 54.21 ], [ -3.0327, 54.2124 ], [ -3.0394, 54.2058 ], [ -3.0368, 54.21 ] ] ], [ [ [ -3.2561, 54.2152 ], [ -3.2568, 54.2151 ], [ -3.2562, 54.2158 ], [ -3.2561, 54.2152 ] ] ], [ [ [ -3.2539, 54.217 ], [ -3.2543, 54.2171 ], [ -3.2533, 54.2173 ], [ -3.2539, 54.217 ] ] ], [ [ [ -3.2544, 54.218 ], [ -3.2534, 54.2196 ], [ -3.252, 54.2189 ], [ -3.2544, 54.218 ] ] ], [ [ [ -3.2354, 54.2309 ], [ -3.2337, 54.2297 ], [ -3.2342, 54.2291 ], [ -3.2354, 54.2309 ] ] ], [ [ [ -3.2335, 54.2602 ], [ -3.2327, 54.2623 ], [ -3.2322, 54.2619 ], [ -3.2335, 54.2602 ] ] ], [ [ [ -3.2877, 54.8793 ], [ -3.2886, 54.8812 ], [ -3.2864, 54.8798 ], [ -3.2877, 54.8793 ] ] ], [ [ [ -3.0018, 54.9343 ], [ -3.0013, 54.9343 ], [ -3.0012, 54.9337 ], [ -3.0018, 54.9343 ] ] ], [ [ [ -2.9998, 54.936 ], [ -3.0021, 54.9346 ], [ -3.0021, 54.9357 ], [ -2.9998, 54.936 ] ] ], [ [ [ -3.1622, 55.985 ], [ -3.1643, 55.9846 ], [ -3.1717, 55.9875 ], [ -3.1622, 55.985 ] ] ], [ [ [ -3.291, 55.9901 ], [ -3.2926, 55.9931 ], [ -3.2883, 55.9953 ], [ -3.291, 55.9901 ] ] ], [ [ [ -3.3869, 56.0006 ], [ -3.388, 56.0012 ], [ -3.3872, 56.0012 ], [ -3.3869, 56.0006 ] ] ], [ [ [ -3.2729, 56.0108 ], [ -3.275, 56.012 ], [ -3.2738, 56.0122 ], [ -3.2729, 56.0108 ] ] ], [ [ [ -3.3084, 56.0274 ], [ -3.303, 56.0309 ], [ -3.2963, 56.029 ], [ -3.3084, 56.0274 ] ] ], [ [ [ -3.1304, 56.0274 ], [ -3.1408, 56.0349 ], [ -3.1378, 56.0369 ], [ -3.1304, 56.0274 ] ] ], [ [ [ -3.8199, 56.1093 ], [ -3.8104, 56.1087 ], [ -3.8131, 56.1036 ], [ -3.8199, 56.1093 ] ] ], [ [ [ -3.8295, 56.1092 ], [ -3.8331, 56.1087 ], [ -3.8312, 56.114 ], [ -3.8295, 56.1092 ] ] ], [ [ [ -3.963, 56.1407 ], [ -3.9653, 56.1395 ], [ -3.9651, 56.1401 ], [ -3.963, 56.1407 ] ] ], [ [ [ -3.9627, 56.1409 ], [ -3.9636, 56.1412 ], [ -3.9605, 56.1424 ], [ -3.9576, 56.1422 ], [ -3.9627, 56.1409 ] ] ], [ [ [ -3.2517, 56.3582 ], [ -3.2451, 56.3579 ], [ -3.2692, 56.3548 ], [ -3.2517, 56.3582 ] ] ], [ [ [ -3.4159, 56.3797 ], [ -3.4189, 56.3779 ], [ -3.4264, 56.379 ], [ -3.4159, 56.3797 ] ] ], [ [ [ -3.4474, 56.4185 ], [ -3.4495, 56.4191 ], [ -3.4492, 56.4197 ], [ -3.4474, 56.4185 ] ] ], [ [ [ -3.806, 57.6183 ], [ -3.8059, 57.6177 ], [ -3.8049, 57.6177 ], [ -3.8338, 57.6034 ], [ -3.806, 57.6183 ] ] ], [ [ [ -3.6382, 57.6413 ], [ -3.6417, 57.6419 ], [ -3.6389, 57.6433 ], [ -3.6382, 57.6413 ] ] ], [ [ [ -3.3463, 57.7303 ], [ -3.3523, 57.7291 ], [ -3.3531, 57.7295 ], [ -3.3463, 57.7303 ] ] ], [ [ [ -3.9477, 57.8125 ], [ -3.9483, 57.8126 ], [ -3.9473, 57.813 ], [ -3.9477, 57.8125 ] ] ], [ [ [ -3.9488, 57.8127 ], [ -3.9498, 57.8127 ], [ -3.9487, 57.8141 ], [ -3.9488, 57.8127 ] ] ], [ [ [ -3.9499, 57.8126 ], [ -3.9538, 57.8139 ], [ -3.9516, 57.8144 ], [ -3.9499, 57.8126 ] ] ], [ [ [ -3.9432, 57.8147 ], [ -3.9445, 57.8145 ], [ -3.9445, 57.8155 ], [ -3.9432, 57.8147 ] ] ], [ [ [ -3.9645, 57.8518 ], [ -3.9434, 57.8527 ], [ -3.9266, 57.8418 ], [ -3.9645, 57.8518 ] ] ], [ [ [ -3.4931, 58.1839 ], [ -3.4932, 58.1845 ], [ -3.4928, 58.1843 ], [ -3.4931, 58.1839 ] ] ], [ [ [ -3.4852, 58.1916 ], [ -3.4856, 58.1918 ], [ -3.4852, 58.1919 ], [ -3.4852, 58.1916 ] ] ], [ [ [ -3.4842, 58.192 ], [ -3.4832, 58.1918 ], [ -3.484, 58.1917 ], [ -3.4842, 58.192 ] ] ], [ [ [ -3.3478, 58.2776 ], [ -3.3472, 58.2775 ], [ -3.3481, 58.2775 ], [ -3.3478, 58.2776 ] ] ], [ [ [ -3.222, 58.3045 ], [ -3.2214, 58.3048 ], [ -3.2207, 58.3046 ], [ -3.222, 58.3045 ] ] ], [ [ [ -3.2182, 58.3057 ], [ -3.2209, 58.3048 ], [ -3.2198, 58.3054 ], [ -3.2182, 58.3057 ] ] ], [ [ [ -3.1978, 58.3185 ], [ -3.1981, 58.3192 ], [ -3.1966, 58.3195 ], [ -3.1978, 58.3185 ] ] ], [ [ [ -3.0881, 58.5477 ], [ -3.088, 58.5472 ], [ -3.0882, 58.547 ], [ -3.0881, 58.5477 ] ] ], [ [ [ -3.8589, 58.5635 ], [ -3.8603, 58.5644 ], [ -3.8584, 58.564 ], [ -3.8589, 58.5635 ] ] ], [ [ [ -3.8609, 58.565 ], [ -3.8607, 58.5653 ], [ -3.8604, 58.5649 ], [ -3.8609, 58.565 ] ] ], [ [ [ -3.8467, 58.5665 ], [ -3.8461, 58.5663 ], [ -3.8467, 58.5663 ], [ -3.8467, 58.5665 ] ] ], [ [ [ -3.9633, 58.5718 ], [ -3.9638, 58.5722 ], [ -3.9629, 58.5724 ], [ -3.9633, 58.5718 ] ] ], [ [ [ -3.9302, 58.5745 ], [ -3.9301, 58.5739 ], [ -3.9315, 58.5743 ], [ -3.9302, 58.5745 ] ] ], [ [ [ -3.7592, 58.5791 ], [ -3.7575, 58.5796 ], [ -3.7575, 58.5793 ], [ -3.7592, 58.5791 ] ] ], [ [ [ -4.0217, 58.6019 ], [ -4.0209, 58.6011 ], [ -4.0212, 58.6001 ], [ -4.0217, 58.6019 ] ] ], [ [ [ -3.4301, 58.6086 ], [ -3.4315, 58.6085 ], [ -3.431, 58.6101 ], [ -3.4301, 58.6086 ] ] ], [ [ [ -3.5426, 58.6239 ], [ -3.5418, 58.6232 ], [ -3.5433, 58.6237 ], [ -3.5426, 58.6239 ] ] ], [ [ [ -3.3437, 58.6496 ], [ -3.3432, 58.6493 ], [ -3.3436, 58.6491 ], [ -3.3437, 58.6496 ] ] ], [ [ [ -3.1797, 58.6528 ], [ -3.1792, 58.6538 ], [ -3.1772, 58.6522 ], [ -3.1797, 58.6528 ] ] ], [ [ [ -3.2624, 58.6528 ], [ -3.2634, 58.6531 ], [ -3.2626, 58.6532 ], [ -3.2624, 58.6528 ] ] ], [ [ [ -3.2244, 58.6529 ], [ -3.2257, 58.6531 ], [ -3.2236, 58.6531 ], [ -3.2244, 58.6529 ] ] ], [ [ [ -3.2219, 58.6558 ], [ -3.223, 58.6559 ], [ -3.2211, 58.656 ], [ -3.2219, 58.6558 ] ] ], [ [ [ -3.2047, 58.6557 ], [ -3.2049, 58.656 ], [ -3.2046, 58.6562 ], [ -3.2047, 58.6557 ] ] ], [ [ [ -3.2095, 58.6561 ], [ -3.2099, 58.6564 ], [ -3.209, 58.6562 ], [ -3.2095, 58.6561 ] ] ], [ [ [ -3.1905, 58.6627 ], [ -3.1905, 58.6634 ], [ -3.1897, 58.6622 ], [ -3.1905, 58.6627 ] ] ], [ [ [ -3.1066, 58.6723 ], [ -3.1059, 58.6724 ], [ -3.1066, 58.6722 ], [ -3.1066, 58.6723 ] ] ], [ [ [ -2.9114, 58.6738 ], [ -2.9134, 58.6737 ], [ -2.9107, 58.6749 ], [ -2.9114, 58.6738 ] ] ], [ [ [ -3.1001, 58.6829 ], [ -3.1052, 58.6793 ], [ -3.1079, 58.6724 ], [ -3.1056, 58.6715 ], [ -3.1405, 58.6677 ], [ -3.1001, 58.6829 ] ] ], [ [ [ -3.126, 58.6823 ], [ -3.1254, 58.682 ], [ -3.1273, 58.6816 ], [ -3.126, 58.6823 ] ] ], [ [ [ -2.9258, 58.6863 ], [ -2.9335, 58.689 ], [ -2.919, 58.6915 ], [ -2.9258, 58.6863 ] ] ], [ [ [ -3.1121, 58.6927 ], [ -3.1117, 58.693 ], [ -3.111, 58.6929 ], [ -3.1121, 58.6927 ] ] ], [ [ [ -2.975, 58.7325 ], [ -2.9737, 58.732 ], [ -2.9792, 58.7295 ], [ -2.975, 58.7325 ] ] ], [ [ [ -3.0681, 58.7348 ], [ -3.0668, 58.7348 ], [ -3.0673, 58.7341 ], [ -3.0683, 58.734 ], [ -3.0681, 58.7348 ] ] ], [ [ [ -3.0641, 58.7352 ], [ -3.064, 58.7354 ], [ -3.0634, 58.7354 ], [ -3.0641, 58.7352 ] ] ], [ [ [ -3.0714, 58.7364 ], [ -3.0726, 58.7363 ], [ -3.0719, 58.7367 ], [ -3.0714, 58.7364 ] ] ], [ [ [ -3.0575, 58.737 ], [ -3.0561, 58.7372 ], [ -3.0566, 58.7368 ], [ -3.0575, 58.737 ] ] ], [ [ [ -3.057, 58.7375 ], [ -3.0718, 58.7369 ], [ -3.0537, 58.752 ], [ -3.057, 58.7375 ] ] ], [ [ [ -3.0519, 58.7522 ], [ -3.0526, 58.7523 ], [ -3.0525, 58.7524 ], [ -3.0519, 58.7522 ] ] ], [ [ [ -3.1665, 58.7809 ], [ -3.1666, 58.781 ], [ -3.1664, 58.781 ], [ -3.1665, 58.7809 ] ] ], [ [ [ -3.1, 58.7967 ], [ -3.1128, 58.7981 ], [ -3.1021, 58.8027 ], [ -3.1, 58.7967 ] ] ], [ [ [ -3.08, 58.8141 ], [ -3.1477, 58.8281 ], [ -3.1213, 58.8429 ], [ -3.0646, 58.846 ], [ -3.08, 58.8141 ] ] ], [ [ [ -3.0442, 58.8445 ], [ -3.0459, 58.8444 ], [ -3.0459, 58.845 ], [ -3.0442, 58.8445 ] ] ], [ [ [ -3.1609, 58.8547 ], [ -3.1496, 58.8385 ], [ -3.1705, 58.8334 ], [ -3.1609, 58.8547 ] ] ], [ [ [ -3.1695, 58.8207 ], [ -3.2593, 58.7869 ], [ -3.1301, 58.7878 ], [ -3.2936, 58.7765 ], [ -3.4352, 58.8722 ], [ -3.3289, 58.9289 ], [ -3.1695, 58.8207 ] ] ], [ [ [ -3.0719, 58.8551 ], [ -3.0657, 58.8548 ], [ -3.0683, 58.8532 ], [ -3.0719, 58.8551 ] ] ], [ [ [ -3.2005, 58.8592 ], [ -3.2015, 58.8682 ], [ -3.1988, 58.8634 ], [ -3.2005, 58.8592 ] ] ], [ [ [ -3.1747, 58.884 ], [ -3.1566, 58.8763 ], [ -3.1691, 58.8719 ], [ -3.1769, 58.8795 ], [ -3.1747, 58.884 ] ] ], [ [ [ -2.8991, 58.8797 ], [ -2.9001, 58.8802 ], [ -2.898, 58.8804 ], [ -2.8991, 58.8797 ] ] ], [ [ [ -3.184, 58.9103 ], [ -3.1917, 58.9091 ], [ -3.1906, 58.9126 ], [ -3.184, 58.9103 ] ] ], [ [ [ -3.3215, 58.9255 ], [ -3.3233, 58.9274 ], [ -3.3217, 58.9275 ], [ -3.3196, 58.9257 ], [ -3.3215, 58.9255 ] ] ], [ [ [ -3.3199, 58.9288 ], [ -3.3169, 58.9269 ], [ -3.3187, 58.9263 ], [ -3.3199, 58.9288 ] ] ], [ [ [ -3.2669, 58.9238 ], [ -3.3136, 58.9385 ], [ -3.3051, 58.9406 ], [ -3.2669, 58.9238 ] ] ], [ [ [ -3.3225, 58.9308 ], [ -3.3232, 58.9319 ], [ -3.3209, 58.9317 ], [ -3.3225, 58.9308 ] ] ], [ [ [ -3.2977, 58.9405 ], [ -3.2978, 58.9409 ], [ -3.2967, 58.9408 ], [ -3.2977, 58.9405 ] ] ], [ [ [ -3.0041, 59.072 ], [ -3.1114, 59.0043 ], [ -2.9604, 58.9847 ], [ -2.932, 59.0146 ], [ -2.9019, 59.0097 ], [ -2.9189, 58.965 ], [ -2.8869, 58.9603 ], [ -2.7996, 58.9921 ], [ -2.8471, 58.9598 ], [ -2.8418, 58.9253 ], [ -2.7838, 58.9162 ], [ -2.7101, 58.9732 ], [ -2.7105, 58.9223 ], [ -2.7859, 58.9145 ], [ -2.8328, 58.8718 ], [ -2.897, 58.8955 ], [ -2.8837, 58.8896 ], [ -2.9035, 58.8815 ], [ -2.913, 58.8691 ], [ -2.8579, 58.8531 ], [ -2.9166, 58.7353 ], [ -2.9625, 58.73 ], [ -3.0367, 58.8193 ], [ -2.8958, 58.8904 ], [ -2.9699, 58.9605 ], [ -3.1996, 58.9121 ], [ -3.2479, 58.9819 ], [ -3.3557, 58.9649 ], [ -3.3578, 59.1036 ], [ -3.1926, 59.1499 ], [ -3.0041, 59.072 ] ] ], [ [ [ -3.3343, 58.9526 ], [ -3.3341, 58.9518 ], [ -3.3352, 58.9518 ], [ -3.3343, 58.9526 ] ] ], [ [ [ -3.2902, 58.9591 ], [ -3.2902, 58.9602 ], [ -3.2884, 58.9592 ], [ -3.2902, 58.9591 ] ] ], [ [ [ -2.9071, 58.9644 ], [ -2.9064, 58.9644 ], [ -2.9078, 58.9637 ], [ -2.9071, 58.9644 ] ] ], [ [ [ -3.0832, 59.002 ], [ -3.0878, 59.0038 ], [ -3.0824, 59.0059 ], [ -3.0832, 59.002 ] ] ], [ [ [ -3.0653, 59.005 ], [ -3.0681, 59.0081 ], [ -3.0657, 59.011 ], [ -3.0653, 59.005 ] ] ], [ [ [ -3.3664, 59.0161 ], [ -3.3669, 59.0163 ], [ -3.3653, 59.0165 ], [ -3.3664, 59.0161 ] ] ], [ [ [ -2.9385, 59.0182 ], [ -2.9379, 59.0177 ], [ -2.9384, 59.0162 ], [ -2.9385, 59.0182 ] ] ], [ [ [ -3.3637, 59.0206 ], [ -3.3631, 59.0205 ], [ -3.3639, 59.0203 ], [ -3.3637, 59.0206 ] ] ], [ [ [ -3.3623, 59.0225 ], [ -3.3618, 59.0228 ], [ -3.3618, 59.0226 ], [ -3.3623, 59.0225 ] ] ], [ [ [ -2.9045, 59.0204 ], [ -2.9071, 59.0254 ], [ -2.8985, 59.0274 ], [ -2.9045, 59.0204 ] ] ], [ [ [ -2.9308, 59.0495 ], [ -2.9287, 59.0508 ], [ -2.9294, 59.05 ], [ -2.9308, 59.0495 ] ] ], [ [ [ -2.9459, 59.0608 ], [ -2.9446, 59.062 ], [ -2.9428, 59.0608 ], [ -2.9459, 59.0608 ] ] ], [ [ [ -2.9468, 59.0601 ], [ -2.9481, 59.061 ], [ -2.9468, 59.0617 ], [ -2.9468, 59.0614 ], [ -2.9468, 59.0601 ] ] ], [ [ [ -2.9339, 59.0603 ], [ -2.9352, 59.0604 ], [ -2.9344, 59.0615 ], [ -2.9339, 59.0603 ] ] ], [ [ [ -2.9467, 59.0624 ], [ -2.9457, 59.0625 ], [ -2.9454, 59.0621 ], [ -2.9467, 59.0624 ] ] ], [ [ [ -2.9885, 59.0667 ], [ -2.9879, 59.0673 ], [ -2.9871, 59.0667 ], [ -2.9885, 59.0667 ] ] ], [ [ [ -2.9586, 59.0682 ], [ -2.9595, 59.0688 ], [ -2.9592, 59.0704 ], [ -2.9586, 59.0682 ] ] ], [ [ [ -3.0002, 59.0689 ], [ -3.0004, 59.0697 ], [ -2.9986, 59.0704 ], [ -3.0002, 59.0689 ] ] ], [ [ [ -2.8977, 59.0784 ], [ -2.8992, 59.0814 ], [ -2.8954, 59.0792 ], [ -2.8977, 59.0784 ] ] ], [ [ [ -2.9739, 59.0721 ], [ -2.993, 59.0864 ], [ -2.9647, 59.0916 ], [ -2.9739, 59.0721 ] ] ], [ [ [ -2.9474, 59.0906 ], [ -2.95, 59.0868 ], [ -2.956, 59.089 ], [ -2.9474, 59.0906 ] ] ], [ [ [ -2.967, 59.1108 ], [ -3.0115, 59.1133 ], [ -2.9632, 59.1277 ], [ -2.967, 59.1108 ] ] ], [ [ [ -2.9158, 59.1218 ], [ -2.9155, 59.1222 ], [ -2.9151, 59.1221 ], [ -2.9158, 59.1218 ] ] ], [ [ [ -2.9186, 59.1219 ], [ -2.9193, 59.1228 ], [ -2.9188, 59.1225 ], [ -2.9186, 59.1219 ] ] ], [ [ [ -2.9195, 59.1234 ], [ -2.9194, 59.1232 ], [ -2.9197, 59.1231 ], [ -2.9195, 59.1234 ] ] ], [ [ [ -3.3214, 59.1241 ], [ -3.324, 59.1245 ], [ -3.3222, 59.1252 ], [ -3.3214, 59.1241 ] ] ], [ [ [ -3.1025, 59.1357 ], [ -3.1029, 59.1363 ], [ -3.102, 59.136 ], [ -3.1025, 59.1357 ] ] ], [ [ [ -3.3384, 59.1341 ], [ -3.3407, 59.1371 ], [ -3.3299, 59.1381 ], [ -3.3384, 59.1341 ] ] ], [ [ [ -3.1182, 59.1386 ], [ -3.1188, 59.1392 ], [ -3.1177, 59.1392 ], [ -3.1182, 59.1386 ] ] ], [ [ [ -3.1287, 59.1421 ], [ -3.1283, 59.1473 ], [ -3.1111, 59.1464 ], [ -3.1287, 59.1421 ] ] ], [ [ [ -2.9125, 59.1436 ], [ -2.9128, 59.1443 ], [ -2.9121, 59.1443 ], [ -2.9125, 59.1436 ] ] ], [ [ [ -3.0936, 59.1439 ], [ -3.0942, 59.1442 ], [ -3.093, 59.144 ], [ -3.0936, 59.1439 ] ] ], [ [ [ -2.9078, 59.1614 ], [ -2.9203, 59.125 ], [ -2.945, 59.1547 ], [ -2.9078, 59.1614 ] ] ], [ [ [ -3.0962, 59.1477 ], [ -3.0954, 59.1476 ], [ -3.0958, 59.1474 ], [ -3.0962, 59.1477 ] ] ], [ [ [ -3.0984, 59.1483 ], [ -3.0984, 59.1486 ], [ -3.0974, 59.1484 ], [ -3.0984, 59.1483 ] ] ], [ [ [ -3.1079, 59.1497 ], [ -3.1056, 59.1478 ], [ -3.1105, 59.1489 ], [ -3.1079, 59.1497 ] ] ], [ [ [ -3.1101, 59.1499 ], [ -3.1106, 59.1504 ], [ -3.1099, 59.1506 ], [ -3.1101, 59.1499 ] ] ], [ [ [ -3.1103, 59.1507 ], [ -3.111, 59.1505 ], [ -3.1108, 59.1511 ], [ -3.1103, 59.1507 ] ] ], [ [ [ -2.9452, 59.1565 ], [ -2.9452, 59.1568 ], [ -2.9448, 59.1566 ], [ -2.9452, 59.1565 ] ] ], [ [ [ -2.9527, 59.1799 ], [ -2.964, 59.1362 ], [ -3.1153, 59.1624 ], [ -2.9527, 59.1799 ] ] ], [ [ [ -3.1147, 59.1652 ], [ -3.1149, 59.1652 ], [ -3.1145, 59.1655 ], [ -3.1147, 59.1652 ] ] ], [ [ [ -2.9498, 59.169 ], [ -2.9469, 59.1657 ], [ -2.9525, 59.1631 ], [ -2.9498, 59.169 ] ] ], [ [ [ -2.9143, 59.1681 ], [ -2.9133, 59.1682 ], [ -2.9133, 59.1681 ], [ -2.9143, 59.1681 ] ] ], [ [ [ -2.919, 59.1779 ], [ -2.9152, 59.1772 ], [ -2.92, 59.1741 ], [ -2.919, 59.1779 ] ] ], [ [ [ -2.9039, 59.2269 ], [ -2.9041, 59.2252 ], [ -2.9067, 59.2262 ], [ -2.9039, 59.2269 ] ] ], [ [ [ -2.9021, 59.2279 ], [ -2.9031, 59.2282 ], [ -2.9031, 59.229 ], [ -2.9021, 59.2279 ] ] ], [ [ [ -2.9794, 59.2453 ], [ -2.9767, 59.2436 ], [ -2.9778, 59.2427 ], [ -2.9794, 59.2453 ] ] ], [ [ [ -2.9754, 59.2477 ], [ -2.9783, 59.2466 ], [ -2.9779, 59.2474 ], [ -2.9754, 59.2477 ] ] ], [ [ [ -2.9771, 59.2571 ], [ -2.9776, 59.2577 ], [ -2.9769, 59.2587 ], [ -2.9771, 59.2571 ] ] ], [ [ [ -2.9828, 59.2588 ], [ -2.9819, 59.2583 ], [ -2.9821, 59.2578 ], [ -2.9828, 59.2588 ] ] ], [ [ [ -2.979, 59.2595 ], [ -2.9782, 59.2593 ], [ -2.9782, 59.2577 ], [ -2.979, 59.2595 ] ] ], [ [ [ -2.9791, 59.2635 ], [ -2.9789, 59.2629 ], [ -2.9798, 59.2619 ], [ -2.9791, 59.2635 ] ] ], [ [ [ -2.9464, 59.2759 ], [ -2.9461, 59.2763 ], [ -2.9456, 59.276 ], [ -2.9464, 59.2759 ] ] ], [ [ [ -2.9485, 59.2783 ], [ -2.9488, 59.2795 ], [ -2.9479, 59.2789 ], [ -2.9485, 59.2783 ] ] ], [ [ [ -2.9891, 59.3165 ], [ -2.8372, 59.2467 ], [ -3.0708, 59.3297 ], [ -2.9445, 59.3506 ], [ -2.9891, 59.3165 ] ] ], [ [ [ -3.0724, 59.332 ], [ -3.0714, 59.3335 ], [ -3.071, 59.3333 ], [ -3.0724, 59.332 ] ] ], [ [ [ -3.073, 59.333 ], [ -3.0728, 59.334 ], [ -3.0725, 59.3336 ], [ -3.073, 59.333 ] ] ], [ [ [ -2.9355, 59.3495 ], [ -2.9358, 59.3498 ], [ -2.9349, 59.3503 ], [ -2.9355, 59.3495 ] ] ], [ [ [ -2.934, 59.3558 ], [ -2.9335, 59.3551 ], [ -2.9348, 59.355 ], [ -2.934, 59.3558 ] ] ], [ [ [ -2.9334, 59.357 ], [ -2.9337, 59.3563 ], [ -2.9345, 59.356 ], [ -2.9334, 59.357 ] ] ], [ [ [ -2.4341, 50.5712 ], [ -2.4312, 50.5716 ], [ -2.4338, 50.57 ], [ -2.4341, 50.5712 ] ] ], [ [ [ -1.9957, 50.6807 ], [ -1.9907, 50.6808 ], [ -1.9901, 50.6784 ], [ -1.9957, 50.6807 ] ] ], [ [ [ -1.9828, 50.6817 ], [ -1.9896, 50.6825 ], [ -1.9886, 50.6841 ], [ -1.9828, 50.6817 ] ] ], [ [ [ -2.0273, 50.6893 ], [ -2.0282, 50.6889 ], [ -2.0284, 50.6893 ], [ -2.0273, 50.6893 ] ] ], [ [ [ -2.0153, 50.6909 ], [ -2.0145, 50.6854 ], [ -2.0203, 50.688 ], [ -2.0153, 50.6909 ] ] ], [ [ [ -2.0269, 50.6908 ], [ -2.0264, 50.6903 ], [ -2.0272, 50.6896 ], [ -2.0269, 50.6908 ] ] ], [ [ [ -2.0262, 50.6916 ], [ -2.0248, 50.692 ], [ -2.0247, 50.69 ], [ -2.0262, 50.6916 ] ] ], [ [ [ -2.0743, 50.6917 ], [ -2.0736, 50.6925 ], [ -2.0721, 50.6912 ], [ -2.0743, 50.6917 ] ] ], [ [ [ -1.9746, 50.6974 ], [ -1.9559, 50.6909 ], [ -1.9616, 50.6863 ], [ -1.9746, 50.6974 ] ] ], [ [ [ -2.0313, 50.6981 ], [ -2.0313, 50.6976 ], [ -2.0315, 50.6978 ], [ -2.0313, 50.6981 ] ] ], [ [ [ -2.031, 50.6981 ], [ -2.0317, 50.6983 ], [ -2.0288, 50.6983 ], [ -2.031, 50.6981 ] ] ], [ [ [ -1.9615, 50.7117 ], [ -1.9604, 50.7095 ], [ -1.9626, 50.711 ], [ -1.9615, 50.7117 ] ] ], [ [ [ -1.9853, 50.7115 ], [ -1.9786, 50.7109 ], [ -1.9794, 50.7105 ], [ -1.9853, 50.7115 ] ] ], [ [ [ -2.0051, 50.7187 ], [ -2.0055, 50.7193 ], [ -2.0038, 50.7199 ], [ -2.0051, 50.7187 ] ] ], [ [ [ -2.0048, 50.7209 ], [ -2.0042, 50.72 ], [ -2.0057, 50.7197 ], [ -2.0048, 50.7209 ] ] ], [ [ [ -1.7603, 50.7229 ], [ -1.7618, 50.723 ], [ -1.7611, 50.7235 ], [ -1.7603, 50.7229 ] ] ], [ [ [ -2.0037, 50.7233 ], [ -2.0009, 50.7227 ], [ -2.005, 50.7233 ], [ -2.0069, 50.7241 ], [ -2.0037, 50.7233 ] ] ], [ [ [ -2.0076, 50.7243 ], [ -2.0082, 50.7246 ], [ -2.0077, 50.7255 ], [ -2.007, 50.7256 ], [ -2.0076, 50.7243 ] ] ], [ [ [ -1.9994, 50.7264 ], [ -2.0051, 50.7296 ], [ -2.0003, 50.7303 ], [ -1.9954, 50.7299 ], [ -1.9994, 50.7264 ] ] ], [ [ [ -2.0071, 50.7326 ], [ -2.007, 50.733 ], [ -2.0057, 50.7319 ], [ -2.0071, 50.7326 ] ] ], [ [ [ -2.0022, 50.7342 ], [ -1.9985, 50.7344 ], [ -1.9991, 50.7317 ], [ -2.0022, 50.7342 ] ] ], [ [ [ -1.7703, 50.7333 ], [ -1.7697, 50.7311 ], [ -1.7739, 50.7347 ], [ -1.7703, 50.7333 ] ] ], [ [ [ -2.7812, 51.5253 ], [ -2.7815, 51.5257 ], [ -2.7809, 51.526 ], [ -2.7812, 51.5253 ] ] ], [ [ [ -2.8881, 53.7266 ], [ -2.8879, 53.7273 ], [ -2.8871, 53.7267 ], [ -2.8881, 53.7266 ] ] ], [ [ [ -2.8959, 53.7248 ], [ -2.9005, 53.7262 ], [ -2.8895, 53.7307 ], [ -2.8925, 53.7278 ], [ -2.8959, 53.7248 ] ] ], [ [ [ -2.8899, 53.7299 ], [ -2.8866, 53.7302 ], [ -2.8877, 53.7298 ], [ -2.8884, 53.7282 ], [ -2.888, 53.7278 ], [ -2.8888, 53.7278 ], [ -2.8901, 53.7271 ], [ -2.8883, 53.7265 ], [ -2.8909, 53.7253 ], [ -2.8899, 53.7299 ] ] ], [ [ [ -2.8864, 53.7293 ], [ -2.8865, 53.7268 ], [ -2.888, 53.7283 ], [ -2.8864, 53.7293 ] ] ], [ [ [ -2.8939, 53.9427 ], [ -2.8924, 53.9424 ], [ -2.8926, 53.9414 ], [ -2.8939, 53.9427 ] ] ], [ [ [ -2.8862, 53.9433 ], [ -2.892, 53.944 ], [ -2.884, 53.9467 ], [ -2.8862, 53.9433 ] ] ], [ [ [ -2.888, 53.9456 ], [ -2.8895, 53.9481 ], [ -2.8883, 53.9489 ], [ -2.888, 53.9456 ] ] ], [ [ [ -2.8684, 54.0036 ], [ -2.8702, 54.0036 ], [ -2.8698, 54.0039 ], [ -2.8684, 54.0036 ] ] ], [ [ [ -2.8717, 54.0032 ], [ -2.8751, 54.0047 ], [ -2.8723, 54.0047 ], [ -2.8717, 54.0032 ] ] ], [ [ [ -2.8737, 54.0049 ], [ -2.8732, 54.0051 ], [ -2.873, 54.0048 ], [ -2.8737, 54.0049 ] ] ], [ [ [ -2.874, 54.0058 ], [ -2.873, 54.006 ], [ -2.8738, 54.0051 ], [ -2.874, 54.0058 ] ] ], [ [ [ -2.8772, 54.0057 ], [ -2.8778, 54.006 ], [ -2.8776, 54.0061 ], [ -2.8772, 54.0057 ] ] ], [ [ [ -2.8724, 54.006 ], [ -2.8729, 54.0063 ], [ -2.8722, 54.0065 ], [ -2.8724, 54.006 ] ] ], [ [ [ -2.8691, 54.0111 ], [ -2.8688, 54.0106 ], [ -2.8699, 54.01 ], [ -2.8691, 54.0111 ] ] ], [ [ [ -2.8678, 54.0105 ], [ -2.8684, 54.0106 ], [ -2.8681, 54.0109 ], [ -2.8678, 54.0105 ] ] ], [ [ [ -2.8347, 54.0176 ], [ -2.8364, 54.0172 ], [ -2.8413, 54.0222 ], [ -2.8347, 54.0176 ] ] ], [ [ [ -2.7931, 54.0603 ], [ -2.7945, 54.0613 ], [ -2.7935, 54.0622 ], [ -2.7931, 54.0603 ] ] ], [ [ [ -1.8713, 55.6737 ], [ -1.8683, 55.6726 ], [ -1.8706, 55.6728 ], [ -1.8713, 55.6737 ] ] ], [ [ [ -1.7784, 55.6677 ], [ -1.8652, 55.6966 ], [ -1.8179, 55.6868 ], [ -1.7784, 55.6677 ] ] ], [ [ [ -2.1261, 55.739 ], [ -2.1225, 55.7377 ], [ -2.1255, 55.7375 ], [ -2.1261, 55.739 ] ] ], [ [ [ -2.1291, 55.7393 ], [ -2.1302, 55.7397 ], [ -2.1287, 55.7396 ], [ -2.1291, 55.7393 ] ] ], [ [ [ -2.1089, 55.7569 ], [ -2.1072, 55.7542 ], [ -2.1084, 55.7552 ], [ -2.1089, 55.7569 ] ] ], [ [ [ -2.0665, 55.7611 ], [ -2.0642, 55.7603 ], [ -2.0714, 55.7606 ], [ -2.0665, 55.7611 ] ] ], [ [ [ -2.0776, 55.7615 ], [ -2.0756, 55.7608 ], [ -2.0793, 55.7613 ], [ -2.0776, 55.7615 ] ] ], [ [ [ -2.5171, 56.0072 ], [ -2.5119, 56.0063 ], [ -2.5138, 56.0055 ], [ -2.5171, 56.0072 ] ] ], [ [ [ -2.7497, 56.0699 ], [ -2.748, 56.0702 ], [ -2.7481, 56.0695 ], [ -2.7497, 56.0699 ] ] ], [ [ [ -2.7839, 56.0711 ], [ -2.7857, 56.0709 ], [ -2.785, 56.0714 ], [ -2.7807, 56.0713 ], [ -2.7839, 56.0711 ] ] ], [ [ [ -2.7855, 56.0737 ], [ -2.783, 56.0736 ], [ -2.7832, 56.072 ], [ -2.7855, 56.0737 ] ] ], [ [ [ -2.7221, 56.0744 ], [ -2.7178, 56.0746 ], [ -2.7189, 56.0723 ], [ -2.7221, 56.0744 ] ] ], [ [ [ -2.6405, 56.0757 ], [ -2.6429, 56.0766 ], [ -2.643, 56.0783 ], [ -2.6405, 56.0757 ] ] ], [ [ [ -2.5498, 56.1799 ], [ -2.5499, 56.1804 ], [ -2.5491, 56.1803 ], [ -2.5498, 56.1799 ] ] ], [ [ [ -2.5447, 56.181 ], [ -2.5636, 56.1894 ], [ -2.559, 56.1891 ], [ -2.5447, 56.181 ] ] ], [ [ [ -2.5625, 56.192 ], [ -2.5592, 56.1901 ], [ -2.5627, 56.1896 ], [ -2.5625, 56.192 ] ] ], [ [ [ -2.5651, 56.1918 ], [ -2.5673, 56.1922 ], [ -2.5661, 56.1931 ], [ -2.5651, 56.1918 ] ] ], [ [ [ -2.7286, 56.211 ], [ -2.7282, 56.2112 ], [ -2.7286, 56.2108 ], [ -2.7286, 56.211 ] ] ], [ [ [ -2.5332, 56.7165 ], [ -2.5308, 56.7151 ], [ -2.5322, 56.715 ], [ -2.5332, 56.7165 ] ] ], [ [ [ -1.9546, 57.3306 ], [ -1.9547, 57.3309 ], [ -1.9543, 57.3309 ], [ -1.9546, 57.3306 ] ] ], [ [ [ -1.9529, 57.3314 ], [ -1.9525, 57.3319 ], [ -1.9522, 57.3316 ], [ -1.9529, 57.3314 ] ] ], [ [ [ -1.9416, 57.3394 ], [ -1.9417, 57.3399 ], [ -1.9414, 57.3398 ], [ -1.9416, 57.3394 ] ] ], [ [ [ -1.9217, 57.3542 ], [ -1.9226, 57.3543 ], [ -1.9219, 57.3544 ], [ -1.9217, 57.3542 ] ] ], [ [ [ -1.8812, 57.3782 ], [ -1.8815, 57.3785 ], [ -1.8808, 57.3786 ], [ -1.8812, 57.3782 ] ] ], [ [ [ -1.8722, 57.3826 ], [ -1.8723, 57.3831 ], [ -1.871, 57.3833 ], [ -1.8722, 57.3826 ] ] ], [ [ [ -1.8513, 57.388 ], [ -1.8506, 57.388 ], [ -1.8505, 57.3876 ], [ -1.8513, 57.388 ] ] ], [ [ [ -1.8416, 57.4096 ], [ -1.8411, 57.4096 ], [ -1.8413, 57.4093 ], [ -1.8416, 57.4096 ] ] ], [ [ [ -1.8391, 57.4096 ], [ -1.8375, 57.4098 ], [ -1.8389, 57.4095 ], [ -1.8391, 57.4096 ] ] ], [ [ [ -1.8346, 57.4132 ], [ -1.833, 57.4136 ], [ -1.8332, 57.4132 ], [ -1.8346, 57.4132 ] ] ], [ [ [ -1.8325, 57.4133 ], [ -1.8326, 57.4135 ], [ -1.8319, 57.4135 ], [ -1.8325, 57.4133 ] ] ], [ [ [ -1.8297, 57.416 ], [ -1.8299, 57.4161 ], [ -1.8291, 57.4163 ], [ -1.8297, 57.416 ] ] ], [ [ [ -1.8184, 57.4251 ], [ -1.8169, 57.4245 ], [ -1.8189, 57.4243 ], [ -1.8209, 57.4258 ], [ -1.8184, 57.4251 ] ] ], [ [ [ -1.8176, 57.4354 ], [ -1.8186, 57.4356 ], [ -1.8177, 57.4358 ], [ -1.8176, 57.4354 ] ] ], [ [ [ -1.7984, 57.4488 ], [ -1.7973, 57.4489 ], [ -1.7975, 57.4488 ], [ -1.7984, 57.4488 ] ] ], [ [ [ -1.7959, 57.4508 ], [ -1.7951, 57.4508 ], [ -1.7959, 57.4504 ], [ -1.7959, 57.4508 ] ] ], [ [ [ -1.7974, 57.4518 ], [ -1.7972, 57.4522 ], [ -1.7971, 57.4522 ], [ -1.7974, 57.4518 ] ] ], [ [ [ -1.7967, 57.4536 ], [ -1.7966, 57.4538 ], [ -1.7953, 57.4536 ], [ -1.7967, 57.4536 ] ] ], [ [ [ -1.7799, 57.4608 ], [ -1.7813, 57.4605 ], [ -1.7802, 57.4616 ], [ -1.7799, 57.4608 ] ] ], [ [ [ -1.7823, 57.4622 ], [ -1.7819, 57.4628 ], [ -1.7809, 57.4624 ], [ -1.7823, 57.4622 ] ] ], [ [ [ -1.7811, 57.4632 ], [ -1.7818, 57.4632 ], [ -1.7815, 57.4639 ], [ -1.7811, 57.4632 ] ] ], [ [ [ -1.7781, 57.4688 ], [ -1.7786, 57.4689 ], [ -1.7781, 57.469 ], [ -1.7781, 57.4688 ] ] ], [ [ [ -1.7759, 57.4715 ], [ -1.7713, 57.47 ], [ -1.7733, 57.4692 ], [ -1.7759, 57.4715 ] ] ], [ [ [ -1.7744, 57.4743 ], [ -1.773, 57.4743 ], [ -1.7737, 57.4741 ], [ -1.7744, 57.4743 ] ] ], [ [ [ -1.7683, 57.4786 ], [ -1.7683, 57.4787 ], [ -1.7674, 57.479 ], [ -1.7683, 57.4786 ] ] ], [ [ [ -2.4631, 57.6712 ], [ -2.4624, 57.672 ], [ -2.4621, 57.6718 ], [ -2.4631, 57.6712 ] ] ], [ [ [ -2.5268, 57.6719 ], [ -2.5268, 57.6715 ], [ -2.5275, 57.6715 ], [ -2.5268, 57.6719 ] ] ], [ [ [ -2.4742, 57.6722 ], [ -2.4741, 57.6726 ], [ -2.4736, 57.6723 ], [ -2.4742, 57.6722 ] ] ], [ [ [ -2.4931, 57.6739 ], [ -2.4914, 57.6739 ], [ -2.4922, 57.6732 ], [ -2.4931, 57.6739 ] ] ], [ [ [ -2.4862, 57.6735 ], [ -2.4864, 57.6739 ], [ -2.4858, 57.6739 ], [ -2.4862, 57.6735 ] ] ], [ [ [ -2.1798, 57.6747 ], [ -2.1804, 57.6749 ], [ -2.18, 57.6753 ], [ -2.1798, 57.6747 ] ] ], [ [ [ -2.3409, 57.6759 ], [ -2.3405, 57.6758 ], [ -2.3409, 57.6741 ], [ -2.3409, 57.6759 ] ] ], [ [ [ -2.3407, 57.6766 ], [ -2.3401, 57.6767 ], [ -2.3406, 57.676 ], [ -2.3407, 57.6766 ] ] ], [ [ [ -2.5854, 57.6791 ], [ -2.5863, 57.6797 ], [ -2.5852, 57.6794 ], [ -2.5854, 57.6791 ] ] ], [ [ [ -2.2212, 57.6801 ], [ -2.2218, 57.6796 ], [ -2.2217, 57.6802 ], [ -2.2212, 57.6801 ] ] ], [ [ [ -2.2287, 57.6803 ], [ -2.2298, 57.6805 ], [ -2.2293, 57.681 ], [ -2.2287, 57.6803 ] ] ], [ [ [ -2.1589, 57.684 ], [ -2.1583, 57.6837 ], [ -2.1586, 57.6833 ], [ -2.1589, 57.684 ] ] ], [ [ [ -2.7287, 57.6872 ], [ -2.7286, 57.6875 ], [ -2.7281, 57.6875 ], [ -2.7287, 57.6872 ] ] ], [ [ [ -2.3183, 57.6913 ], [ -2.3188, 57.6914 ], [ -2.3185, 57.6916 ], [ -2.3183, 57.6913 ] ] ], [ [ [ -2.2902, 57.6947 ], [ -2.2898, 57.695 ], [ -2.2897, 57.6945 ], [ -2.2902, 57.6947 ] ] ], [ [ [ -2.8497, 57.7066 ], [ -2.8511, 57.7063 ], [ -2.8487, 57.7071 ], [ -2.8497, 57.7066 ] ] ], [ [ [ -2.8886, 58.6825 ], [ -2.8893, 58.6827 ], [ -2.8883, 58.6829 ], [ -2.8886, 58.6825 ] ] ], [ [ [ -2.6836, 58.8993 ], [ -2.6642, 58.9018 ], [ -2.6725, 58.8957 ], [ -2.6836, 58.8993 ] ] ], [ [ [ -2.7019, 58.8975 ], [ -2.7036, 58.8969 ], [ -2.7047, 58.8984 ], [ -2.7019, 58.8975 ] ] ], [ [ [ -2.7021, 58.9027 ], [ -2.6924, 58.9012 ], [ -2.6963, 58.901 ], [ -2.7021, 58.9027 ] ] ], [ [ [ -2.707, 58.9034 ], [ -2.7075, 58.9031 ], [ -2.7072, 58.904 ], [ -2.7044, 58.9036 ], [ -2.707, 58.9034 ] ] ], [ [ [ -2.6566, 58.9113 ], [ -2.6595, 58.91 ], [ -2.659, 58.9106 ], [ -2.6566, 58.9113 ] ] ], [ [ [ -2.7855, 58.9126 ], [ -2.7849, 58.9125 ], [ -2.7862, 58.912 ], [ -2.7855, 58.9126 ] ] ], [ [ [ -2.7117, 58.9209 ], [ -2.7091, 58.9209 ], [ -2.7103, 58.9206 ], [ -2.7117, 58.9209 ] ] ], [ [ [ -2.7986, 58.9228 ], [ -2.7981, 58.9231 ], [ -2.7982, 58.9228 ], [ -2.7986, 58.9228 ] ] ], [ [ [ -2.7035, 58.9417 ], [ -2.7046, 58.9427 ], [ -2.7001, 58.9437 ], [ -2.7035, 58.9417 ] ] ], [ [ [ -2.8119, 58.9438 ], [ -2.8103, 58.943 ], [ -2.8112, 58.9431 ], [ -2.8119, 58.9438 ] ] ], [ [ [ -2.8089, 58.9444 ], [ -2.8104, 58.9445 ], [ -2.8094, 58.9448 ], [ -2.8089, 58.9444 ] ] ], [ [ [ -2.8267, 58.9485 ], [ -2.8274, 58.9488 ], [ -2.8263, 58.9485 ], [ -2.8267, 58.9485 ] ] ], [ [ [ -2.8293, 58.9498 ], [ -2.8288, 58.9501 ], [ -2.8281, 58.9501 ], [ -2.8293, 58.9498 ] ] ], [ [ [ -2.8289, 58.9503 ], [ -2.8294, 58.9505 ], [ -2.828, 58.9507 ], [ -2.8289, 58.9503 ] ] ], [ [ [ -2.7029, 58.9644 ], [ -2.7034, 58.9644 ], [ -2.7029, 58.9648 ], [ -2.7029, 58.9644 ] ] ], [ [ [ -2.7026, 58.9645 ], [ -2.7018, 58.965 ], [ -2.7022, 58.9645 ], [ -2.7026, 58.9645 ] ] ], [ [ [ -2.8415, 58.986 ], [ -2.8406, 58.9861 ], [ -2.8421, 58.9855 ], [ -2.8415, 58.986 ] ] ], [ [ [ -2.8469, 58.9864 ], [ -2.8438, 58.9871 ], [ -2.8418, 58.9863 ], [ -2.8469, 58.9864 ] ] ], [ [ [ -2.5728, 59.025 ], [ -2.5773, 59.0359 ], [ -2.5723, 59.038 ], [ -2.5728, 59.025 ] ] ], [ [ [ -2.5799, 59.0339 ], [ -2.5804, 59.0339 ], [ -2.5798, 59.0342 ], [ -2.5799, 59.0339 ] ] ], [ [ [ -2.5843, 59.0364 ], [ -2.5837, 59.0375 ], [ -2.5833, 59.0373 ], [ -2.5843, 59.0364 ] ] ], [ [ [ -2.8252, 59.0193 ], [ -2.935, 59.0325 ], [ -2.9024, 59.0773 ], [ -2.8623, 59.0525 ], [ -2.8009, 59.0847 ], [ -2.8252, 59.0193 ] ] ], [ [ [ -2.5693, 59.0657 ], [ -2.5692, 59.0663 ], [ -2.5646, 59.0645 ], [ -2.5693, 59.0657 ] ] ], [ [ [ -2.8393, 59.0775 ], [ -2.8402, 59.0779 ], [ -2.8399, 59.0781 ], [ -2.8393, 59.0775 ] ] ], [ [ [ -2.5271, 59.0926 ], [ -2.5266, 59.0927 ], [ -2.5271, 59.0922 ], [ -2.5271, 59.0926 ] ] ], [ [ [ -2.6358, 59.1554 ], [ -2.6249, 59.1433 ], [ -2.5712, 59.1414 ], [ -2.5957, 59.1157 ], [ -2.5372, 59.122 ], [ -2.5356, 59.0767 ], [ -2.6894, 59.0782 ], [ -2.6206, 59.1181 ], [ -2.6755, 59.1532 ], [ -2.6358, 59.1554 ] ] ], [ [ [ -2.8286, 59.1194 ], [ -2.8319, 59.1192 ], [ -2.8322, 59.1206 ], [ -2.8286, 59.1194 ] ] ], [ [ [ -2.5431, 59.1242 ], [ -2.5435, 59.1247 ], [ -2.543, 59.1251 ], [ -2.5431, 59.1242 ] ] ], [ [ [ -2.8325, 59.1317 ], [ -2.8258, 59.1325 ], [ -2.8252, 59.1266 ], [ -2.8325, 59.1317 ] ] ], [ [ [ -2.681, 59.1352 ], [ -2.6694, 59.1336 ], [ -2.6635, 59.1391 ], [ -2.664, 59.1282 ], [ -2.681, 59.1352 ] ] ], [ [ [ -2.6693, 59.137 ], [ -2.6685, 59.1369 ], [ -2.6694, 59.1361 ], [ -2.6693, 59.137 ] ] ], [ [ [ -2.617, 59.1465 ], [ -2.6173, 59.1468 ], [ -2.6166, 59.1467 ], [ -2.617, 59.1465 ] ] ], [ [ [ -2.618, 59.147 ], [ -2.6189, 59.1473 ], [ -2.6176, 59.1475 ], [ -2.618, 59.147 ] ] ], [ [ [ -2.6214, 59.1498 ], [ -2.6199, 59.1502 ], [ -2.6208, 59.1497 ], [ -2.6214, 59.1498 ] ] ], [ [ [ -2.6214, 59.1506 ], [ -2.6201, 59.1504 ], [ -2.6228, 59.1502 ], [ -2.6214, 59.1506 ] ] ], [ [ [ -2.6233, 59.1501 ], [ -2.6245, 59.1505 ], [ -2.6229, 59.1506 ], [ -2.6233, 59.1501 ] ] ], [ [ [ -2.613, 59.1517 ], [ -2.6125, 59.1521 ], [ -2.6113, 59.1518 ], [ -2.613, 59.1517 ] ] ], [ [ [ -2.6028, 59.1516 ], [ -2.5782, 59.149 ], [ -2.5807, 59.1469 ], [ -2.6028, 59.1516 ] ] ], [ [ [ -2.6879, 59.1586 ], [ -2.6864, 59.156 ], [ -2.6899, 59.1567 ], [ -2.6879, 59.1586 ] ] ], [ [ [ -2.8231, 59.1685 ], [ -2.8235, 59.1638 ], [ -2.825, 59.1636 ], [ -2.8231, 59.1685 ] ] ], [ [ [ -2.6556, 59.1647 ], [ -2.6475, 59.1705 ], [ -2.6471, 59.1659 ], [ -2.6556, 59.1647 ] ] ], [ [ [ -2.6957, 59.1707 ], [ -2.6978, 59.1719 ], [ -2.6971, 59.1719 ], [ -2.6957, 59.1707 ] ] ], [ [ [ -2.6927, 59.1744 ], [ -2.6924, 59.1737 ], [ -2.6941, 59.1732 ], [ -2.6927, 59.1744 ] ] ], [ [ [ -2.6895, 59.1777 ], [ -2.6888, 59.1775 ], [ -2.6889, 59.1764 ], [ -2.6895, 59.1777 ] ] ], [ [ [ -2.739, 59.1476 ], [ -2.79, 59.1385 ], [ -2.8277, 59.1879 ], [ -2.7608, 59.2309 ], [ -2.739, 59.1476 ] ] ], [ [ [ -2.8561, 59.2061 ], [ -2.8557, 59.2096 ], [ -2.8525, 59.2094 ], [ -2.8561, 59.2061 ] ] ], [ [ [ -2.8238, 59.2033 ], [ -2.8309, 59.2252 ], [ -2.826, 59.2266 ], [ -2.8238, 59.2033 ] ] ], [ [ [ -2.5878, 59.2219 ], [ -2.5924, 59.2206 ], [ -2.5925, 59.2223 ], [ -2.5878, 59.2219 ] ] ], [ [ [ -2.7094, 59.2329 ], [ -2.7106, 59.2321 ], [ -2.7101, 59.2328 ], [ -2.7094, 59.2329 ] ] ], [ [ [ -2.8278, 59.2362 ], [ -2.8262, 59.2298 ], [ -2.8332, 59.2313 ], [ -2.8278, 59.2362 ] ] ], [ [ [ -2.8938, 59.2357 ], [ -2.8949, 59.2359 ], [ -2.8941, 59.2367 ], [ -2.8938, 59.2357 ] ] ], [ [ [ -2.7267, 59.2369 ], [ -2.7173, 59.2314 ], [ -2.7464, 59.2337 ], [ -2.7267, 59.2369 ] ] ], [ [ [ -2.8062, 59.2415 ], [ -2.8065, 59.2434 ], [ -2.8053, 59.242 ], [ -2.8062, 59.2415 ] ] ], [ [ [ -2.5058, 59.2229 ], [ -2.5291, 59.2573 ], [ -2.7011, 59.1953 ], [ -2.6155, 59.2946 ], [ -2.4078, 59.2793 ], [ -2.5058, 59.2229 ] ] ], [ [ [ -2.7567, 59.2504 ], [ -2.7557, 59.2515 ], [ -2.7559, 59.2504 ], [ -2.7567, 59.2504 ] ] ], [ [ [ -2.7556, 59.2507 ], [ -2.755, 59.2514 ], [ -2.7552, 59.2507 ], [ -2.7556, 59.2507 ] ] ], [ [ [ -2.377, 59.2811 ], [ -2.3738, 59.2767 ], [ -2.3884, 59.2787 ], [ -2.377, 59.2811 ] ] ], [ [ [ -2.3913, 59.2803 ], [ -2.3913, 59.2808 ], [ -2.3905, 59.2806 ], [ -2.3913, 59.2803 ] ] ], [ [ [ -2.3884, 59.2808 ], [ -2.3846, 59.2812 ], [ -2.3862, 59.2807 ], [ -2.3884, 59.2808 ] ] ], [ [ [ -2.883, 59.2911 ], [ -2.8817, 59.2914 ], [ -2.8825, 59.2897 ], [ -2.883, 59.2911 ] ] ], [ [ [ -2.8792, 59.2954 ], [ -2.879, 59.2945 ], [ -2.8796, 59.2945 ], [ -2.8792, 59.2954 ] ] ], [ [ [ -2.5283, 59.2958 ], [ -2.528, 59.2963 ], [ -2.5278, 59.2958 ], [ -2.5283, 59.2958 ] ] ], [ [ [ -2.8762, 59.2974 ], [ -2.8757, 59.2967 ], [ -2.8775, 59.2956 ], [ -2.8762, 59.2974 ] ] ], [ [ [ -2.62, 59.3006 ], [ -2.6183, 59.3008 ], [ -2.6142, 59.2981 ], [ -2.6148, 59.2964 ], [ -2.62, 59.3006 ] ] ], [ [ [ -2.5677, 59.2992 ], [ -2.5679, 59.2992 ], [ -2.567, 59.2998 ], [ -2.5677, 59.2992 ] ] ], [ [ [ -2.5228, 59.2996 ], [ -2.5231, 59.3 ], [ -2.5228, 59.3001 ], [ -2.5228, 59.2996 ] ] ], [ [ [ -2.5232, 59.3001 ], [ -2.5234, 59.3008 ], [ -2.523, 59.3007 ], [ -2.5232, 59.3001 ] ] ], [ [ [ -2.5223, 59.3014 ], [ -2.5226, 59.3004 ], [ -2.5229, 59.3016 ], [ -2.5223, 59.3014 ] ] ], [ [ [ -2.6187, 59.3027 ], [ -2.6235, 59.3041 ], [ -2.622, 59.3058 ], [ -2.6187, 59.3027 ] ] ], [ [ [ -2.5659, 59.3063 ], [ -2.5672, 59.3062 ], [ -2.5657, 59.3071 ], [ -2.5659, 59.3063 ] ] ], [ [ [ -2.5215, 59.3069 ], [ -2.5249, 59.3076 ], [ -2.5237, 59.308 ], [ -2.5215, 59.3069 ] ] ], [ [ [ -2.5644, 59.3075 ], [ -2.5646, 59.3089 ], [ -2.5621, 59.3083 ], [ -2.5644, 59.3075 ] ] ], [ [ [ -2.5623, 59.3093 ], [ -2.5625, 59.3101 ], [ -2.5617, 59.3105 ], [ -2.5623, 59.3093 ] ] ], [ [ [ -2.5621, 59.3138 ], [ -2.5625, 59.3137 ], [ -2.5631, 59.3141 ], [ -2.5621, 59.3138 ] ] ], [ [ [ -2.5636, 59.3145 ], [ -2.5642, 59.3152 ], [ -2.5637, 59.3154 ], [ -2.5636, 59.3145 ] ] ], [ [ [ -2.8636, 59.3501 ], [ -2.8678, 59.3456 ], [ -2.8749, 59.3537 ], [ -2.8636, 59.3501 ] ] ], [ [ [ -2.8888, 59.3538 ], [ -2.8767, 59.3344 ], [ -2.9052, 59.3233 ], [ -2.8888, 59.3538 ] ] ], [ [ [ -2.8752, 59.3563 ], [ -2.874, 59.3562 ], [ -2.8775, 59.3559 ], [ -2.8752, 59.3563 ] ] ], [ [ [ -2.3988, 59.3554 ], [ -2.4498, 59.3578 ], [ -2.4324, 59.3863 ], [ -2.3988, 59.3554 ] ] ], [ [ [ -2.8911, 59.3766 ], [ -2.8921, 59.3768 ], [ -2.8908, 59.3769 ], [ -2.8911, 59.3766 ] ] ], [ [ [ -2.4091, 59.3903 ], [ -2.4098, 59.3904 ], [ -2.4097, 59.3907 ], [ -2.4091, 59.3903 ] ] ], [ [ [ -2.3825, 59.3936 ], [ -2.3833, 59.3941 ], [ -2.3827, 59.3943 ], [ -2.3825, 59.3936 ] ] ], [ [ [ -2.384, 59.395 ], [ -2.3866, 59.3943 ], [ -2.3853, 59.395 ], [ -2.384, 59.395 ] ] ], [ [ [ -2.3836, 59.3948 ], [ -2.3827, 59.395 ], [ -2.3827, 59.3945 ], [ -2.3836, 59.3948 ] ] ], [ [ [ -2.3877, 59.3977 ], [ -2.3878, 59.3979 ], [ -2.3866, 59.3986 ], [ -2.3877, 59.3977 ] ] ], [ [ [ -2.0492, 60.1211 ], [ -2.0494, 60.1217 ], [ -2.0488, 60.1215 ], [ -2.0492, 60.1211 ] ] ], [ [ [ -2.0616, 60.1104 ], [ -2.1167, 60.134 ], [ -2.09, 60.1553 ], [ -2.0616, 60.1104 ] ] ], [ [ [ -2.1174, 60.1421 ], [ -2.1161, 60.1423 ], [ -2.1173, 60.1416 ], [ -2.1174, 60.1421 ] ] ], [ [ [ -2.0854, 60.1563 ], [ -2.0831, 60.1572 ], [ -2.0823, 60.1568 ], [ -2.0854, 60.1563 ] ] ], [ [ [ -2.0727, 60.1578 ], [ -2.0738, 60.1581 ], [ -2.0728, 60.1581 ], [ -2.0727, 60.1578 ] ] ], [ [ [ -2.0768, 60.1579 ], [ -2.0777, 60.1583 ], [ -2.0774, 60.1584 ], [ -2.0768, 60.1579 ] ] ], [ [ [ -2.0741, 60.1587 ], [ -2.0751, 60.1588 ], [ -2.0748, 60.1591 ], [ -2.0741, 60.1587 ] ] ], [ [ [ -1.7526, 60.3365 ], [ -1.7448, 60.3348 ], [ -1.7464, 60.3336 ], [ -1.7526, 60.3365 ] ] ], [ [ [ -1.8253, 60.3687 ], [ -1.8275, 60.3692 ], [ -1.8271, 60.3694 ], [ -1.8253, 60.3687 ] ] ], [ [ [ -1.8187, 60.3702 ], [ -1.8197, 60.3706 ], [ -1.819, 60.3707 ], [ -1.8187, 60.3702 ] ] ], [ [ [ -1.8128, 60.372 ], [ -1.8122, 60.3719 ], [ -1.8123, 60.3716 ], [ -1.8128, 60.372 ] ] ], [ [ [ -1.8175, 60.373 ], [ -1.8173, 60.3734 ], [ -1.8165, 60.3731 ], [ -1.8175, 60.373 ] ] ], [ [ [ -1.8129, 60.374 ], [ -1.8113, 60.3723 ], [ -1.8138, 60.3726 ], [ -1.8129, 60.374 ] ] ], [ [ [ -1.8168, 60.3776 ], [ -1.8129, 60.3755 ], [ -1.8165, 60.3747 ], [ -1.8168, 60.3776 ] ] ], [ [ [ -1.4496, 55.0713 ], [ -1.4504, 55.0718 ], [ -1.4502, 55.0722 ], [ -1.4496, 55.0713 ] ] ], [ [ [ -1.4485, 55.072 ], [ -1.4495, 55.0725 ], [ -1.4491, 55.0727 ], [ -1.4485, 55.072 ] ] ], [ [ [ -1.5377, 55.333 ], [ -1.5408, 55.3348 ], [ -1.5384, 55.3368 ], [ -1.5377, 55.333 ] ] ], [ [ [ -1.6199, 55.3866 ], [ -1.6176, 55.3852 ], [ -1.619, 55.385 ], [ -1.6199, 55.3866 ] ] ], [ [ [ -1.6457, 55.5823 ], [ -1.6481, 55.5842 ], [ -1.6441, 55.583 ], [ -1.6457, 55.5823 ] ] ], [ [ [ -1.6445, 55.6163 ], [ -1.6452, 55.6173 ], [ -1.642, 55.6164 ], [ -1.6445, 55.6163 ] ] ], [ [ [ -1.6522, 55.6161 ], [ -1.6586, 55.6171 ], [ -1.6556, 55.6184 ], [ -1.6522, 55.6161 ] ] ], [ [ [ -1.6483, 55.6161 ], [ -1.6499, 55.6173 ], [ -1.6487, 55.6179 ], [ -1.6483, 55.6161 ] ] ], [ [ [ -1.6501, 55.6195 ], [ -1.6519, 55.6203 ], [ -1.6511, 55.6203 ], [ -1.6501, 55.6195 ] ] ], [ [ [ -1.675, 55.6298 ], [ -1.6739, 55.6288 ], [ -1.6752, 55.629 ], [ -1.675, 55.6298 ] ] ], [ [ [ -1.6252, 55.6293 ], [ -1.6256, 55.6323 ], [ -1.6221, 55.6313 ], [ -1.6252, 55.6293 ] ] ], [ [ [ -1.6275, 55.634 ], [ -1.6279, 55.6352 ], [ -1.6196, 55.6328 ], [ -1.6275, 55.634 ] ] ], [ [ [ -1.6254, 55.6364 ], [ -1.6241, 55.6366 ], [ -1.6246, 55.6364 ], [ -1.6254, 55.6364 ] ] ], [ [ [ -1.6267, 55.637 ], [ -1.6292, 55.6373 ], [ -1.629, 55.6378 ], [ -1.6267, 55.637 ] ] ], [ [ [ -1.6287, 55.6402 ], [ -1.6283, 55.6386 ], [ -1.631, 55.6392 ], [ -1.6287, 55.6402 ] ] ], [ [ [ -1.6198, 55.639 ], [ -1.623, 55.6391 ], [ -1.6209, 55.64 ], [ -1.6198, 55.639 ] ] ], [ [ [ -1.6085, 55.6414 ], [ -1.61, 55.6425 ], [ -1.6073, 55.6414 ], [ -1.6085, 55.6414 ] ] ], [ [ [ -1.6098, 55.6435 ], [ -1.6114, 55.644 ], [ -1.6109, 55.644 ], [ -1.6098, 55.6435 ] ] ], [ [ [ -1.6065, 55.6437 ], [ -1.6105, 55.6434 ], [ -1.6098, 55.6435 ], [ -1.6093, 55.6436 ], [ -1.6097, 55.6445 ], [ -1.6065, 55.6437 ] ] ], [ [ [ -1.6102, 55.6457 ], [ -1.6123, 55.6459 ], [ -1.6108, 55.646 ], [ -1.6102, 55.6457 ] ] ], [ [ [ -1.6132, 55.6458 ], [ -1.6132, 55.6465 ], [ -1.6125, 55.6459 ], [ -1.6132, 55.6458 ] ] ], [ [ [ -1.6506, 59.5078 ], [ -1.6504, 59.5078 ], [ -1.6508, 59.5069 ], [ -1.6506, 59.5078 ] ] ], [ [ [ -1.6477, 59.5092 ], [ -1.6478, 59.5095 ], [ -1.6473, 59.5096 ], [ -1.6477, 59.5092 ] ] ], [ [ [ -1.633, 59.512 ], [ -1.6326, 59.5125 ], [ -1.632, 59.5129 ], [ -1.6312, 59.5128 ], [ -1.633, 59.512 ] ] ], [ [ [ -1.6322, 59.5138 ], [ -1.6327, 59.5135 ], [ -1.6332, 59.5139 ], [ -1.6322, 59.5138 ] ] ], [ [ [ -1.627, 59.5149 ], [ -1.6258, 59.5153 ], [ -1.6256, 59.515 ], [ -1.627, 59.5149 ] ] ], [ [ [ -1.6535, 59.516 ], [ -1.6522, 59.5159 ], [ -1.6527, 59.5151 ], [ -1.6535, 59.516 ] ] ], [ [ [ -1.6572, 59.5166 ], [ -1.6577, 59.5173 ], [ -1.6557, 59.5167 ], [ -1.6572, 59.5166 ] ] ], [ [ [ -1.658, 59.5169 ], [ -1.6593, 59.5174 ], [ -1.6588, 59.5177 ], [ -1.658, 59.5169 ] ] ], [ [ [ -1.6565, 59.5181 ], [ -1.6563, 59.5175 ], [ -1.6571, 59.5179 ], [ -1.6565, 59.5181 ] ] ], [ [ [ -1.6565, 59.5185 ], [ -1.6573, 59.5187 ], [ -1.657, 59.5189 ], [ -1.6565, 59.5185 ] ] ], [ [ [ -1.628, 59.5217 ], [ -1.6273, 59.5219 ], [ -1.6274, 59.5217 ], [ -1.628, 59.5217 ] ] ], [ [ [ -1.6583, 59.5239 ], [ -1.6563, 59.5236 ], [ -1.658, 59.5229 ], [ -1.6583, 59.5239 ] ] ], [ [ [ -1.616, 59.5331 ], [ -1.6088, 59.5232 ], [ -1.6257, 59.5268 ], [ -1.6315, 59.5175 ], [ -1.6288, 59.5144 ], [ -1.6338, 59.5142 ], [ -1.6377, 59.5115 ], [ -1.6547, 59.5132 ], [ -1.616, 59.5331 ] ] ], [ [ [ -1.6469, 59.5345 ], [ -1.6478, 59.5347 ], [ -1.6471, 59.5351 ], [ -1.6469, 59.5345 ] ] ], [ [ [ -1.6464, 59.5383 ], [ -1.6476, 59.5385 ], [ -1.6456, 59.5385 ], [ -1.6447, 59.538 ], [ -1.6464, 59.5383 ] ] ], [ [ [ -1.6375, 59.5452 ], [ -1.6367, 59.5446 ], [ -1.6383, 59.5449 ], [ -1.6375, 59.5452 ] ] ], [ [ [ -1.6027, 59.548 ], [ -1.6036, 59.5482 ], [ -1.6033, 59.5487 ], [ -1.6027, 59.548 ] ] ], [ [ [ -1.6315, 59.5529 ], [ -1.63, 59.5529 ], [ -1.631, 59.5526 ], [ -1.6315, 59.5529 ] ] ], [ [ [ -1.6322, 59.5544 ], [ -1.6306, 59.5535 ], [ -1.6318, 59.5537 ], [ -1.6322, 59.5544 ] ] ], [ [ [ -1.4645, 60.1482 ], [ -1.465, 60.1483 ], [ -1.4645, 60.1488 ], [ -1.4645, 60.1482 ] ] ], [ [ [ -1.4774, 60.1542 ], [ -1.4768, 60.1552 ], [ -1.476, 60.1544 ], [ -1.4774, 60.1542 ] ] ], [ [ [ -1.4743, 60.1567 ], [ -1.4743, 60.1556 ], [ -1.476, 60.1562 ], [ -1.4743, 60.1567 ] ] ], [ [ [ -1.481, 60.1589 ], [ -1.4804, 60.1601 ], [ -1.4804, 60.1593 ], [ -1.481, 60.1589 ] ] ], [ [ [ -1.475, 60.1597 ], [ -1.4756, 60.1598 ], [ -1.4754, 60.1604 ], [ -1.475, 60.1597 ] ] ], [ [ [ -1.5006, 60.1614 ], [ -1.501, 60.1615 ], [ -1.5004, 60.1616 ], [ -1.5006, 60.1614 ] ] ], [ [ [ -1.5029, 60.1614 ], [ -1.5031, 60.1615 ], [ -1.5028, 60.1618 ], [ -1.5029, 60.1614 ] ] ], [ [ [ -1.512, 60.1608 ], [ -1.5123, 60.1613 ], [ -1.5098, 60.1628 ], [ -1.5085, 60.1629 ], [ -1.512, 60.1608 ] ] ], [ [ [ -1.4909, 60.1624 ], [ -1.4903, 60.1628 ], [ -1.4905, 60.1622 ], [ -1.4909, 60.1624 ] ] ], [ [ [ -1.4906, 60.1637 ], [ -1.491, 60.1632 ], [ -1.4915, 60.1632 ], [ -1.4906, 60.1637 ] ] ], [ [ [ -1.5135, 60.1647 ], [ -1.5147, 60.1648 ], [ -1.5147, 60.1654 ], [ -1.5135, 60.1647 ] ] ], [ [ [ -1.5123, 60.1645 ], [ -1.5133, 60.1649 ], [ -1.5124, 60.1655 ], [ -1.5123, 60.1645 ] ] ], [ [ [ -1.4361, 60.1674 ], [ -1.437, 60.1675 ], [ -1.4362, 60.1682 ], [ -1.4361, 60.1674 ] ] ], [ [ [ -1.5372, 60.1799 ], [ -1.537, 60.1797 ], [ -1.5375, 60.1796 ], [ -1.5372, 60.1799 ] ] ], [ [ [ -1.5412, 60.1798 ], [ -1.5422, 60.1805 ], [ -1.5411, 60.1806 ], [ -1.5412, 60.1798 ] ] ], [ [ [ -1.5318, 60.1804 ], [ -1.5322, 60.1809 ], [ -1.5311, 60.1803 ], [ -1.5318, 60.1804 ] ] ], [ [ [ -1.5431, 60.1809 ], [ -1.5423, 60.1811 ], [ -1.5422, 60.1809 ], [ -1.5431, 60.1809 ] ] ], [ [ [ -1.5326, 60.1816 ], [ -1.5316, 60.1811 ], [ -1.5322, 60.1811 ], [ -1.5326, 60.1816 ] ] ], [ [ [ -1.5497, 60.1899 ], [ -1.5489, 60.1895 ], [ -1.5494, 60.1895 ], [ -1.5497, 60.1899 ] ] ], [ [ [ -1.5517, 60.1891 ], [ -1.5534, 60.1898 ], [ -1.5526, 60.1905 ], [ -1.5517, 60.1891 ] ] ], [ [ [ -1.5479, 60.1911 ], [ -1.5486, 60.1915 ], [ -1.5477, 60.1916 ], [ -1.5479, 60.1911 ] ] ], [ [ [ -1.5714, 60.1912 ], [ -1.572, 60.1917 ], [ -1.5714, 60.1922 ], [ -1.5714, 60.1912 ] ] ], [ [ [ -1.5726, 60.1918 ], [ -1.5732, 60.192 ], [ -1.5717, 60.1924 ], [ -1.5726, 60.1918 ] ] ], [ [ [ -1.5626, 60.1946 ], [ -1.5625, 60.1955 ], [ -1.5618, 60.1947 ], [ -1.5626, 60.1946 ] ] ], [ [ [ -1.5879, 60.1908 ], [ -1.6058, 60.2014 ], [ -1.5871, 60.2101 ], [ -1.5879, 60.1908 ] ] ], [ [ [ -1.6242, 60.2058 ], [ -1.6256, 60.2061 ], [ -1.6246, 60.2061 ], [ -1.6242, 60.2058 ] ] ], [ [ [ -1.5953, 60.208 ], [ -1.5949, 60.2079 ], [ -1.5964, 60.2077 ], [ -1.5953, 60.208 ] ] ], [ [ [ -1.5081, 60.2088 ], [ -1.5074, 60.2087 ], [ -1.5079, 60.2085 ], [ -1.5081, 60.2088 ] ] ], [ [ [ -1.5936, 60.2112 ], [ -1.5943, 60.2113 ], [ -1.5946, 60.2117 ], [ -1.5936, 60.2112 ] ] ], [ [ [ -1.6303, 60.2126 ], [ -1.6282, 60.211 ], [ -1.6347, 60.2121 ], [ -1.6303, 60.2126 ] ] ], [ [ [ -1.5089, 60.2143 ], [ -1.5101, 60.2145 ], [ -1.5099, 60.2148 ], [ -1.5089, 60.2143 ] ] ], [ [ [ -1.5944, 60.2155 ], [ -1.5922, 60.2152 ], [ -1.5926, 60.2142 ], [ -1.5944, 60.2155 ] ] ], [ [ [ -1.5673, 60.2175 ], [ -1.5672, 60.2124 ], [ -1.5773, 60.2153 ], [ -1.5673, 60.2175 ] ] ], [ [ [ -1.6907, 60.2336 ], [ -1.6913, 60.2344 ], [ -1.691, 60.2344 ], [ -1.6907, 60.2336 ] ] ], [ [ [ -1.6921, 60.2349 ], [ -1.6922, 60.2344 ], [ -1.6926, 60.2352 ], [ -1.6921, 60.2349 ] ] ], [ [ [ -1.6925, 60.2404 ], [ -1.6917, 60.2402 ], [ -1.6925, 60.2401 ], [ -1.6925, 60.2404 ] ] ], [ [ [ -1.6972, 60.2531 ], [ -1.6956, 60.2536 ], [ -1.6965, 60.2529 ], [ -1.6972, 60.2531 ] ] ], [ [ [ -1.7041, 60.2541 ], [ -1.7039, 60.2545 ], [ -1.7036, 60.2543 ], [ -1.7041, 60.2541 ] ] ], [ [ [ -1.6995, 60.2639 ], [ -1.6971, 60.263 ], [ -1.6983, 60.263 ], [ -1.6995, 60.2639 ] ] ], [ [ [ -1.6897, 60.2663 ], [ -1.6914, 60.2664 ], [ -1.6886, 60.2665 ], [ -1.6897, 60.2663 ] ] ], [ [ [ -1.6932, 60.2688 ], [ -1.6944, 60.269 ], [ -1.6943, 60.2692 ], [ -1.6932, 60.2688 ] ] ], [ [ [ -1.6902, 60.2723 ], [ -1.6913, 60.2726 ], [ -1.6902, 60.2726 ], [ -1.6902, 60.2723 ] ] ], [ [ [ -1.692, 60.2762 ], [ -1.6919, 60.2759 ], [ -1.6924, 60.2758 ], [ -1.692, 60.2762 ] ] ], [ [ [ -1.5723, 60.2887 ], [ -1.5727, 60.2889 ], [ -1.5721, 60.2892 ], [ -1.5723, 60.2887 ] ] ], [ [ [ -1.4816, 60.2897 ], [ -1.4827, 60.2893 ], [ -1.4827, 60.2896 ], [ -1.4816, 60.2897 ] ] ], [ [ [ -1.5885, 60.2969 ], [ -1.5884, 60.2974 ], [ -1.5877, 60.297 ], [ -1.5885, 60.2969 ] ] ], [ [ [ -1.4498, 60.2981 ], [ -1.4501, 60.2985 ], [ -1.4493, 60.2984 ], [ -1.4498, 60.2981 ] ] ], [ [ [ -1.5569, 60.3004 ], [ -1.5572, 60.3007 ], [ -1.5564, 60.301 ], [ -1.5569, 60.3004 ] ] ], [ [ [ -1.5523, 60.3017 ], [ -1.553, 60.3019 ], [ -1.552, 60.3019 ], [ -1.5523, 60.3017 ] ] ], [ [ [ -1.562, 60.3018 ], [ -1.5627, 60.302 ], [ -1.5622, 60.302 ], [ -1.562, 60.3018 ] ] ], [ [ [ -1.5934, 60.3033 ], [ -1.5924, 60.3032 ], [ -1.5932, 60.3026 ], [ -1.5934, 60.3033 ] ] ], [ [ [ -1.5525, 60.3036 ], [ -1.5527, 60.3039 ], [ -1.5521, 60.304 ], [ -1.5525, 60.3036 ] ] ], [ [ [ -1.595, 60.3039 ], [ -1.5948, 60.304 ], [ -1.5946, 60.3039 ], [ -1.595, 60.3039 ] ] ], [ [ [ -1.5997, 60.3055 ], [ -1.5994, 60.3054 ], [ -1.5996, 60.3053 ], [ -1.5997, 60.3055 ] ] ], [ [ [ -1.4618, 60.3064 ], [ -1.4602, 60.3063 ], [ -1.4616, 60.3059 ], [ -1.4618, 60.3064 ] ] ], [ [ [ -1.6019, 60.3074 ], [ -1.6013, 60.3073 ], [ -1.6026, 60.3072 ], [ -1.6019, 60.3074 ] ] ], [ [ [ -1.4792, 60.3078 ], [ -1.4779, 60.3078 ], [ -1.4788, 60.3075 ], [ -1.4792, 60.3078 ] ] ], [ [ [ -1.6093, 60.3078 ], [ -1.6098, 60.3072 ], [ -1.6102, 60.3074 ], [ -1.6093, 60.3078 ] ] ], [ [ [ -1.4738, 60.3082 ], [ -1.4723, 60.308 ], [ -1.4723, 60.3076 ], [ -1.4738, 60.3082 ] ] ], [ [ [ -1.5502, 60.309 ], [ -1.5496, 60.3079 ], [ -1.5542, 60.3087 ], [ -1.5502, 60.309 ] ] ], [ [ [ -1.6518, 60.3115 ], [ -1.6515, 60.3094 ], [ -1.6544, 60.3087 ], [ -1.6518, 60.3115 ] ] ], [ [ [ -1.537, 60.3112 ], [ -1.5373, 60.3115 ], [ -1.5366, 60.3115 ], [ -1.537, 60.3112 ] ] ], [ [ [ -1.5373, 60.3115 ], [ -1.5365, 60.3123 ], [ -1.5366, 60.3118 ], [ -1.5373, 60.3115 ] ] ], [ [ [ -1.554, 60.3118 ], [ -1.5537, 60.3121 ], [ -1.5533, 60.312 ], [ -1.554, 60.3118 ] ] ], [ [ [ -1.5525, 60.3106 ], [ -1.5462, 60.3149 ], [ -1.544, 60.3126 ], [ -1.5525, 60.3106 ] ] ], [ [ [ -1.5384, 60.3127 ], [ -1.5379, 60.3123 ], [ -1.5386, 60.312 ], [ -1.5394, 60.3123 ], [ -1.5384, 60.3127 ] ] ], [ [ [ -1.5376, 60.3123 ], [ -1.5379, 60.3126 ], [ -1.5371, 60.3129 ], [ -1.5376, 60.3123 ] ] ], [ [ [ -1.5293, 60.3139 ], [ -1.5284, 60.3141 ], [ -1.5316, 60.3125 ], [ -1.5293, 60.3139 ] ] ], [ [ [ -1.4918, 60.3135 ], [ -1.4913, 60.3139 ], [ -1.4914, 60.3135 ], [ -1.4918, 60.3135 ] ] ], [ [ [ -1.5489, 60.3143 ], [ -1.5496, 60.3147 ], [ -1.5491, 60.3146 ], [ -1.5489, 60.3143 ] ] ], [ [ [ -1.5477, 60.315 ], [ -1.5471, 60.3152 ], [ -1.5477, 60.3147 ], [ -1.5477, 60.315 ] ] ], [ [ [ -1.4932, 60.3158 ], [ -1.4851, 60.3138 ], [ -1.4913, 60.3146 ], [ -1.4932, 60.3158 ] ] ], [ [ [ -1.7041, 60.3163 ], [ -1.705, 60.3163 ], [ -1.7035, 60.3166 ], [ -1.7041, 60.3163 ] ] ], [ [ [ -1.4589, 60.3173 ], [ -1.4571, 60.3169 ], [ -1.4583, 60.3164 ], [ -1.4589, 60.3173 ] ] ], [ [ [ -1.7195, 60.3175 ], [ -1.7219, 60.318 ], [ -1.7189, 60.318 ], [ -1.7192, 60.3172 ], [ -1.7195, 60.3175 ] ] ], [ [ [ -1.6634, 60.3195 ], [ -1.6627, 60.3189 ], [ -1.6634, 60.3184 ], [ -1.6634, 60.3195 ] ] ], [ [ [ -1.4473, 60.3198 ], [ -1.4469, 60.3191 ], [ -1.4492, 60.3189 ], [ -1.4473, 60.3198 ] ] ], [ [ [ -1.5134, 60.3193 ], [ -1.5116, 60.3199 ], [ -1.5111, 60.3197 ], [ -1.5134, 60.3193 ] ] ], [ [ [ -1.5138, 60.3201 ], [ -1.5137, 60.3194 ], [ -1.5153, 60.3194 ], [ -1.5138, 60.3201 ] ] ], [ [ [ -1.5097, 60.3203 ], [ -1.5088, 60.321 ], [ -1.5089, 60.3205 ], [ -1.5097, 60.3203 ] ] ], [ [ [ -1.6656, 60.3215 ], [ -1.6654, 60.3212 ], [ -1.6663, 60.3211 ], [ -1.6656, 60.3215 ] ] ], [ [ [ -1.5127, 60.3214 ], [ -1.5136, 60.3217 ], [ -1.5131, 60.3218 ], [ -1.5127, 60.3214 ] ] ], [ [ [ -1.4927, 60.3225 ], [ -1.4861, 60.3222 ], [ -1.4875, 60.3214 ], [ -1.4927, 60.3225 ] ] ], [ [ [ -1.7229, 60.3223 ], [ -1.7246, 60.3226 ], [ -1.7237, 60.3227 ], [ -1.7229, 60.3223 ] ] ], [ [ [ -1.7224, 60.3225 ], [ -1.7227, 60.3227 ], [ -1.7216, 60.3229 ], [ -1.7224, 60.3225 ] ] ], [ [ [ -1.7081, 60.3227 ], [ -1.7061, 60.3233 ], [ -1.7065, 60.3229 ], [ -1.7081, 60.3227 ] ] ], [ [ [ -1.7236, 60.323 ], [ -1.7227, 60.3233 ], [ -1.7222, 60.323 ], [ -1.7236, 60.323 ] ] ], [ [ [ -1.4932, 60.3226 ], [ -1.4949, 60.3227 ], [ -1.4933, 60.3244 ], [ -1.4932, 60.3226 ] ] ], [ [ [ -1.4739, 60.3308 ], [ -1.4381, 60.3272 ], [ -1.476, 60.3114 ], [ -1.4739, 60.3308 ] ] ], [ [ [ -1.6602, 60.3275 ], [ -1.6597, 60.3269 ], [ -1.6607, 60.3263 ], [ -1.6602, 60.3275 ] ] ], [ [ [ -1.7305, 60.3291 ], [ -1.7296, 60.3296 ], [ -1.7296, 60.3289 ], [ -1.7305, 60.3291 ] ] ], [ [ [ -1.6874, 60.3315 ], [ -1.6688, 60.3428 ], [ -1.6608, 60.3243 ], [ -1.7387, 60.3369 ], [ -1.6874, 60.3315 ] ] ], [ [ [ -1.7329, 60.3304 ], [ -1.7333, 60.3309 ], [ -1.7326, 60.3311 ], [ -1.7329, 60.3304 ] ] ], [ [ [ -1.7377, 60.3318 ], [ -1.7367, 60.3317 ], [ -1.7383, 60.3317 ], [ -1.7377, 60.3318 ] ] ], [ [ [ -1.4405, 60.3325 ], [ -1.4397, 60.3325 ], [ -1.4387, 60.3315 ], [ -1.4405, 60.3325 ] ] ], [ [ [ -1.4379, 60.3319 ], [ -1.439, 60.3325 ], [ -1.438, 60.3323 ], [ -1.4379, 60.3319 ] ] ], [ [ [ -1.4386, 60.333 ], [ -1.4381, 60.3326 ], [ -1.4384, 60.3326 ], [ -1.4386, 60.333 ] ] ], [ [ [ -1.488, 60.3348 ], [ -1.4883, 60.3345 ], [ -1.4887, 60.3345 ], [ -1.488, 60.3348 ] ] ], [ [ [ -1.7404, 60.336 ], [ -1.7397, 60.3358 ], [ -1.7417, 60.3348 ], [ -1.7447, 60.3359 ], [ -1.7404, 60.336 ] ] ], [ [ [ -1.7368, 60.3383 ], [ -1.7368, 60.3385 ], [ -1.7359, 60.3385 ], [ -1.7368, 60.3383 ] ] ], [ [ [ -1.6629, 60.3389 ], [ -1.6632, 60.3392 ], [ -1.6624, 60.3391 ], [ -1.6629, 60.3389 ] ] ], [ [ [ -1.6634, 60.3394 ], [ -1.6635, 60.3397 ], [ -1.6625, 60.3397 ], [ -1.6634, 60.3394 ] ] ], [ [ [ -1.69, 60.3398 ], [ -1.6899, 60.3406 ], [ -1.6898, 60.34 ], [ -1.69, 60.3398 ] ] ], [ [ [ -1.4744, 60.342 ], [ -1.4735, 60.342 ], [ -1.4751, 60.3416 ], [ -1.4744, 60.342 ] ] ], [ [ [ -1.7031, 60.3424 ], [ -1.7031, 60.3423 ], [ -1.7043, 60.3422 ], [ -1.7031, 60.3424 ] ] ], [ [ [ -1.6921, 60.3428 ], [ -1.6924, 60.3429 ], [ -1.6918, 60.343 ], [ -1.6921, 60.3428 ] ] ], [ [ [ -1.4332, 60.3451 ], [ -1.4323, 60.3447 ], [ -1.4329, 60.3447 ], [ -1.4332, 60.3451 ] ] ], [ [ [ -1.7203, 60.3471 ], [ -1.7185, 60.347 ], [ -1.7194, 60.3468 ], [ -1.7203, 60.3471 ] ] ], [ [ [ -1.4542, 60.3494 ], [ -1.4555, 60.3493 ], [ -1.4546, 60.3502 ], [ -1.4542, 60.3494 ] ] ], [ [ [ -1.381, 60.3584 ], [ -1.4757, 60.3743 ], [ -1.4582, 60.3738 ], [ -1.4402, 60.3904 ], [ -1.381, 60.3584 ] ] ], [ [ [ -1.4635, 60.3771 ], [ -1.4622, 60.3767 ], [ -1.463, 60.3761 ], [ -1.4635, 60.3771 ] ] ], [ [ [ -1.4296, 60.4091 ], [ -1.4329, 60.4104 ], [ -1.4291, 60.4109 ], [ -1.4247, 60.4072 ], [ -1.4296, 60.4091 ] ] ], [ [ [ -1.4358, 60.41 ], [ -1.4351, 60.4104 ], [ -1.4337, 60.4093 ], [ -1.4358, 60.41 ] ] ], [ [ [ -1.4262, 60.4095 ], [ -1.4289, 60.411 ], [ -1.4223, 60.4123 ], [ -1.4262, 60.4095 ] ] ], [ [ [ -1.4411, 60.4134 ], [ -1.4416, 60.4141 ], [ -1.4407, 60.4139 ], [ -1.4411, 60.4134 ] ] ], [ [ [ -1.4502, 60.4152 ], [ -1.4497, 60.4155 ], [ -1.4495, 60.4152 ], [ -1.4502, 60.4152 ] ] ], [ [ [ -1.4519, 60.4203 ], [ -1.4514, 60.4204 ], [ -1.4516, 60.4199 ], [ -1.4519, 60.4203 ] ] ], [ [ [ -1.4583, 60.4297 ], [ -1.4591, 60.43 ], [ -1.4587, 60.4303 ], [ -1.4583, 60.4297 ] ] ], [ [ [ -1.4612, 60.4369 ], [ -1.4617, 60.4386 ], [ -1.4535, 60.4427 ], [ -1.4612, 60.4369 ] ] ], [ [ [ -1.4624, 60.4401 ], [ -1.4639, 60.4413 ], [ -1.462, 60.4415 ], [ -1.4624, 60.4401 ] ] ], [ [ [ -1.4563, 60.4425 ], [ -1.4576, 60.4425 ], [ -1.4563, 60.4435 ], [ -1.4563, 60.4425 ] ] ], [ [ [ -1.4543, 60.4471 ], [ -1.4519, 60.4466 ], [ -1.454, 60.4449 ], [ -1.4543, 60.4471 ] ] ], [ [ [ -1.444, 60.4476 ], [ -1.4429, 60.4481 ], [ -1.4416, 60.4478 ], [ -1.444, 60.4476 ] ] ], [ [ [ -1.4347, 60.4487 ], [ -1.4342, 60.4484 ], [ -1.4365, 60.4482 ], [ -1.4347, 60.4487 ] ] ], [ [ [ -1.5042, 60.4552 ], [ -1.5041, 60.4551 ], [ -1.5046, 60.4551 ], [ -1.5042, 60.4552 ] ] ], [ [ [ -1.4872, 60.4595 ], [ -1.487, 60.4599 ], [ -1.4862, 60.4593 ], [ -1.4872, 60.4595 ] ] ], [ [ [ -1.5112, 60.4607 ], [ -1.5116, 60.461 ], [ -1.5103, 60.4613 ], [ -1.5112, 60.4607 ] ] ], [ [ [ -1.5292, 60.4623 ], [ -1.5295, 60.4628 ], [ -1.5288, 60.4624 ], [ -1.5292, 60.4623 ] ] ], [ [ [ -1.5233, 60.4642 ], [ -1.5234, 60.4643 ], [ -1.5231, 60.4645 ], [ -1.5233, 60.4642 ] ] ], [ [ [ -1.5157, 60.4654 ], [ -1.5162, 60.4655 ], [ -1.5158, 60.4662 ], [ -1.5157, 60.4654 ] ] ], [ [ [ -1.5201, 60.4653 ], [ -1.5218, 60.4659 ], [ -1.5204, 60.4667 ], [ -1.5201, 60.4653 ] ] ], [ [ [ -1.6044, 60.469 ], [ -1.6033, 60.4704 ], [ -1.6025, 60.469 ], [ -1.6044, 60.469 ] ] ], [ [ [ -1.6299, 60.4744 ], [ -1.6277, 60.471 ], [ -1.6336, 60.4721 ], [ -1.6299, 60.4744 ] ] ], [ [ [ -1.6226, 60.4712 ], [ -1.6287, 60.4744 ], [ -1.6256, 60.4762 ], [ -1.6226, 60.4712 ] ] ], [ [ [ -1.6187, 60.4739 ], [ -1.6186, 60.4743 ], [ -1.6182, 60.4743 ], [ -1.6187, 60.4739 ] ] ], [ [ [ -1.5004, 60.4755 ], [ -1.501, 60.4762 ], [ -1.5005, 60.476 ], [ -1.5004, 60.4755 ] ] ], [ [ [ -1.4984, 60.4781 ], [ -1.4987, 60.4784 ], [ -1.4983, 60.4786 ], [ -1.4984, 60.4781 ] ] ], [ [ [ -1.6296, 60.4809 ], [ -1.6301, 60.4812 ], [ -1.6299, 60.4814 ], [ -1.6296, 60.4809 ] ] ], [ [ [ -1.6335, 60.4816 ], [ -1.6328, 60.4808 ], [ -1.6342, 60.4806 ], [ -1.6335, 60.4816 ] ] ], [ [ [ -1.6317, 60.4811 ], [ -1.6324, 60.4814 ], [ -1.6322, 60.482 ], [ -1.6317, 60.4811 ] ] ], [ [ [ -1.6339, 60.4831 ], [ -1.6348, 60.4836 ], [ -1.634, 60.4836 ], [ -1.6339, 60.4831 ] ] ], [ [ [ -1.6225, 60.4962 ], [ -1.6219, 60.4973 ], [ -1.6209, 60.4971 ], [ -1.6225, 60.4962 ] ] ], [ [ [ -1.6135, 60.5043 ], [ -1.6142, 60.5044 ], [ -1.6139, 60.5049 ], [ -1.6135, 60.5043 ] ] ], [ [ [ -1.6158, 60.5048 ], [ -1.6158, 60.5054 ], [ -1.6149, 60.5053 ], [ -1.6158, 60.5048 ] ] ], [ [ [ -1.6119, 60.5093 ], [ -1.612, 60.5095 ], [ -1.6115, 60.5095 ], [ -1.6119, 60.5093 ] ] ], [ [ [ -1.5967, 60.5098 ], [ -1.5966, 60.5096 ], [ -1.5982, 60.5094 ], [ -1.5967, 60.5098 ] ] ], [ [ [ -1.5065, 60.5282 ], [ -1.5066, 60.5291 ], [ -1.506, 60.5291 ], [ -1.5065, 60.5282 ] ] ], [ [ [ -1.4975, 60.5459 ], [ -1.497, 60.5463 ], [ -1.4962, 60.5459 ], [ -1.4975, 60.5459 ] ] ], [ [ [ -1.4982, 60.5465 ], [ -1.4983, 60.5474 ], [ -1.4973, 60.5468 ], [ -1.4982, 60.5465 ] ] ], [ [ [ -1.4922, 60.5505 ], [ -1.4916, 60.5515 ], [ -1.4914, 60.5511 ], [ -1.4922, 60.5505 ] ] ], [ [ [ -1.5293, 60.5551 ], [ -1.5302, 60.5557 ], [ -1.53, 60.5561 ], [ -1.5293, 60.5551 ] ] ], [ [ [ -1.4761, 60.5636 ], [ -1.4791, 60.565 ], [ -1.479, 60.5651 ], [ -1.4761, 60.5636 ] ] ], [ [ [ -1.4583, 60.5711 ], [ -1.4563, 60.57 ], [ -1.4602, 60.5712 ], [ -1.4583, 60.5711 ] ] ], [ [ [ -1.4424, 60.593 ], [ -1.4427, 60.5934 ], [ -1.4423, 60.5936 ], [ -1.4424, 60.593 ] ] ], [ [ [ -1.4227, 60.6011 ], [ -1.4234, 60.6014 ], [ -1.4226, 60.6014 ], [ -1.4227, 60.6011 ] ] ], [ [ [ -1.4283, 60.6023 ], [ -1.4274, 60.6023 ], [ -1.4303, 60.6017 ], [ -1.4283, 60.6023 ] ] ], [ [ [ -1.4317, 60.6028 ], [ -1.4301, 60.6026 ], [ -1.4322, 60.6023 ], [ -1.4317, 60.6028 ] ] ], [ [ [ -1.4355, 60.6031 ], [ -1.4357, 60.6046 ], [ -1.4348, 60.6047 ], [ -1.4355, 60.6031 ] ] ], [ [ [ -1.4301, 60.6068 ], [ -1.4296, 60.607 ], [ -1.4297, 60.6067 ], [ -1.4301, 60.6068 ] ] ], [ [ [ -1.4286, 60.6159 ], [ -1.4269, 60.6162 ], [ -1.4288, 60.6152 ], [ -1.4286, 60.6159 ] ] ], [ [ [ -1.4393, 60.6164 ], [ -1.4386, 60.617 ], [ -1.4389, 60.6164 ], [ -1.4393, 60.6164 ] ] ], [ [ [ -1.4424, 60.617 ], [ -1.4427, 60.6166 ], [ -1.4433, 60.617 ], [ -1.4424, 60.617 ] ] ], [ [ [ -1.4391, 60.6172 ], [ -1.4391, 60.6176 ], [ -1.4381, 60.618 ], [ -1.4391, 60.6172 ] ] ], [ [ [ -1.4166, 60.6169 ], [ -1.4377, 60.6164 ], [ -1.4338, 60.6212 ], [ -1.4166, 60.6169 ] ] ], [ [ [ -1.4369, 60.62 ], [ -1.4367, 60.6195 ], [ -1.4382, 60.6182 ], [ -1.4369, 60.62 ] ] ], [ [ [ -1.283, 50.73 ], [ -1.2948, 50.7022 ], [ -1.2903, 50.6966 ], [ -1.2757, 50.7317 ], [ -1.2916, 50.7645 ], [ -1.2773, 50.7663 ], [ -1.0699, 50.684 ], [ -1.2951, 50.5749 ], [ -1.5865, 50.6631 ], [ -1.283, 50.73 ] ] ], [ [ [ -1.0948, 50.7398 ], [ -1.0954, 50.74 ], [ -1.095, 50.7404 ], [ -1.0948, 50.7398 ] ] ], [ [ [ -1.0992, 50.7705 ], [ -1.099, 50.7707 ], [ -1.0986, 50.7706 ], [ -1.0992, 50.7705 ] ] ], [ [ [ -1.3773, 50.7812 ], [ -1.3908, 50.7781 ], [ -1.3847, 50.7802 ], [ -1.3773, 50.7812 ] ] ], [ [ [ -1.0963, 50.8137 ], [ -1.1015, 50.8136 ], [ -1.0965, 50.8206 ], [ -1.0963, 50.8137 ] ] ], [ [ [ -1.2235, 54.6263 ], [ -1.2229, 54.6259 ], [ -1.225, 54.6256 ], [ -1.2235, 54.6263 ] ] ], [ [ [ -1.1509, 54.6352 ], [ -1.1496, 54.635 ], [ -1.151, 54.632 ], [ -1.1509, 54.6352 ] ] ], [ [ [ -1.3173, 59.8517 ], [ -1.314, 59.8511 ], [ -1.3148, 59.8497 ], [ -1.3173, 59.8517 ] ] ], [ [ [ -1.2746, 59.8521 ], [ -1.2763, 59.8516 ], [ -1.2763, 59.8522 ], [ -1.2746, 59.8521 ] ] ], [ [ [ -1.3167, 59.8523 ], [ -1.3157, 59.8528 ], [ -1.3163, 59.8523 ], [ -1.3167, 59.8523 ] ] ], [ [ [ -1.2784, 59.8528 ], [ -1.2789, 59.8529 ], [ -1.2777, 59.8533 ], [ -1.2784, 59.8528 ] ] ], [ [ [ -1.277, 59.8554 ], [ -1.2773, 59.8556 ], [ -1.2764, 59.8555 ], [ -1.277, 59.8554 ] ] ], [ [ [ -1.3125, 59.8587 ], [ -1.3127, 59.8582 ], [ -1.3131, 59.8585 ], [ -1.3125, 59.8587 ] ] ], [ [ [ -1.3124, 59.8592 ], [ -1.3128, 59.8592 ], [ -1.313, 59.8597 ], [ -1.3124, 59.8592 ] ] ], [ [ [ -1.3112, 59.8615 ], [ -1.3113, 59.8627 ], [ -1.3103, 59.8632 ], [ -1.3112, 59.8615 ] ] ], [ [ [ -1.3345, 59.8675 ], [ -1.3344, 59.8677 ], [ -1.3339, 59.8675 ], [ -1.3345, 59.8675 ] ] ], [ [ [ -1.3207, 59.8689 ], [ -1.3201, 59.8692 ], [ -1.3202, 59.8688 ], [ -1.3207, 59.8689 ] ] ], [ [ [ -1.3305, 59.8677 ], [ -1.3354, 59.8687 ], [ -1.3298, 59.8728 ], [ -1.3305, 59.8677 ] ] ], [ [ [ -1.3242, 59.8714 ], [ -1.3213, 59.8707 ], [ -1.3231, 59.8695 ], [ -1.3242, 59.8714 ] ] ], [ [ [ -1.3318, 59.8735 ], [ -1.3322, 59.8737 ], [ -1.3319, 59.874 ], [ -1.3318, 59.8735 ] ] ], [ [ [ -1.2684, 59.8755 ], [ -1.2675, 59.8758 ], [ -1.2673, 59.8754 ], [ -1.2684, 59.8755 ] ] ], [ [ [ -1.3798, 59.8877 ], [ -1.3797, 59.8886 ], [ -1.3788, 59.8878 ], [ -1.3798, 59.8877 ] ] ], [ [ [ -1.3805, 59.8887 ], [ -1.38, 59.889 ], [ -1.3801, 59.8882 ], [ -1.3805, 59.8887 ] ] ], [ [ [ -1.3845, 59.8899 ], [ -1.384, 59.8905 ], [ -1.3836, 59.8898 ], [ -1.3845, 59.8899 ] ] ], [ [ [ -1.3851, 59.8923 ], [ -1.385, 59.8918 ], [ -1.3856, 59.8914 ], [ -1.3851, 59.8923 ] ] ], [ [ [ -1.3824, 59.8925 ], [ -1.3823, 59.8929 ], [ -1.3815, 59.8926 ], [ -1.3824, 59.8925 ] ] ], [ [ [ -1.3851, 59.8929 ], [ -1.3844, 59.8929 ], [ -1.3844, 59.8925 ], [ -1.3851, 59.8929 ] ] ], [ [ [ -1.3859, 59.901 ], [ -1.3857, 59.9006 ], [ -1.3861, 59.9005 ], [ -1.3859, 59.901 ] ] ], [ [ [ -1.2852, 59.9163 ], [ -1.2847, 59.916 ], [ -1.285, 59.9158 ], [ -1.2852, 59.9163 ] ] ], [ [ [ -1.3738, 59.9256 ], [ -1.3741, 59.9258 ], [ -1.3727, 59.9258 ], [ -1.3738, 59.9256 ] ] ], [ [ [ -1.3661, 59.9373 ], [ -1.3659, 59.9366 ], [ -1.3674, 59.9367 ], [ -1.3661, 59.9373 ] ] ], [ [ [ -1.3627, 59.9406 ], [ -1.3637, 59.9408 ], [ -1.3636, 59.941 ], [ -1.3627, 59.9406 ] ] ], [ [ [ -1.3421, 59.95 ], [ -1.3416, 59.9493 ], [ -1.343, 59.9496 ], [ -1.3421, 59.95 ] ] ], [ [ [ -1.3629, 59.9495 ], [ -1.3639, 59.9498 ], [ -1.363, 59.9499 ], [ -1.3629, 59.9495 ] ] ], [ [ [ -1.3619, 59.9502 ], [ -1.3625, 59.9503 ], [ -1.3627, 59.9511 ], [ -1.3619, 59.9502 ] ] ], [ [ [ -1.3535, 59.9489 ], [ -1.3622, 59.951 ], [ -1.3595, 59.9548 ], [ -1.3535, 59.9489 ] ] ], [ [ [ -1.3619, 59.9517 ], [ -1.3623, 59.952 ], [ -1.3615, 59.9522 ], [ -1.3619, 59.9517 ] ] ], [ [ [ -1.3529, 59.9527 ], [ -1.3534, 59.9528 ], [ -1.3532, 59.9534 ], [ -1.3529, 59.9527 ] ] ], [ [ [ -1.3377, 59.9559 ], [ -1.3374, 59.9568 ], [ -1.3364, 59.9572 ], [ -1.3377, 59.9559 ] ] ], [ [ [ -1.3428, 59.9627 ], [ -1.3432, 59.9628 ], [ -1.3429, 59.9636 ], [ -1.3428, 59.9627 ] ] ], [ [ [ -1.341, 59.9637 ], [ -1.3415, 59.9641 ], [ -1.3408, 59.9642 ], [ -1.341, 59.9637 ] ] ], [ [ [ -1.3406, 59.9646 ], [ -1.3417, 59.9644 ], [ -1.3421, 59.9634 ], [ -1.3423, 59.9657 ], [ -1.3406, 59.9646 ] ] ], [ [ [ -1.3445, 59.9655 ], [ -1.3462, 59.965 ], [ -1.345, 59.9662 ], [ -1.3445, 59.9655 ] ] ], [ [ [ -1.342, 59.9659 ], [ -1.3426, 59.9661 ], [ -1.3424, 59.9664 ], [ -1.342, 59.9659 ] ] ], [ [ [ -1.3431, 59.9664 ], [ -1.343, 59.9666 ], [ -1.3426, 59.9665 ], [ -1.3431, 59.9664 ] ] ], [ [ [ -1.3504, 59.9663 ], [ -1.3516, 59.9658 ], [ -1.3511, 59.967 ], [ -1.3504, 59.9663 ] ] ], [ [ [ -1.3496, 59.9672 ], [ -1.3491, 59.9674 ], [ -1.3487, 59.9671 ], [ -1.3496, 59.9672 ] ] ], [ [ [ -1.3439, 59.9665 ], [ -1.3446, 59.9667 ], [ -1.344, 59.9669 ], [ -1.3439, 59.9665 ] ] ], [ [ [ -1.3578, 59.9667 ], [ -1.3606, 59.9669 ], [ -1.3603, 59.9685 ], [ -1.3578, 59.9667 ] ] ], [ [ [ -1.2593, 59.9693 ], [ -1.2595, 59.9687 ], [ -1.2598, 59.9689 ], [ -1.2593, 59.9693 ] ] ], [ [ [ -1.3638, 59.9718 ], [ -1.3654, 59.9735 ], [ -1.3625, 59.9735 ], [ -1.3638, 59.9718 ] ] ], [ [ [ -1.3604, 59.9741 ], [ -1.362, 59.9742 ], [ -1.3609, 59.9743 ], [ -1.3604, 59.9741 ] ] ], [ [ [ -1.3564, 59.9804 ], [ -1.3571, 59.9805 ], [ -1.3565, 59.9809 ], [ -1.3564, 59.9804 ] ] ], [ [ [ -1.2718, 59.9862 ], [ -1.2714, 59.9866 ], [ -1.2711, 59.9862 ], [ -1.2718, 59.9862 ] ] ], [ [ [ -1.3447, 59.99 ], [ -1.3409, 59.9899 ], [ -1.3426, 59.9888 ], [ -1.3447, 59.99 ] ] ], [ [ [ -1.3444, 59.9905 ], [ -1.345, 59.9907 ], [ -1.3447, 59.9909 ], [ -1.3444, 59.9905 ] ] ], [ [ [ -1.3451, 59.9914 ], [ -1.3456, 59.9916 ], [ -1.3449, 59.9915 ], [ -1.3451, 59.9914 ] ] ], [ [ [ -1.3473, 59.9938 ], [ -1.3479, 59.9943 ], [ -1.3471, 59.9939 ], [ -1.3473, 59.9938 ] ] ], [ [ [ -1.3465, 59.9945 ], [ -1.347, 59.9948 ], [ -1.3465, 59.9955 ], [ -1.3465, 59.9945 ] ] ], [ [ [ -1.16, 59.9967 ], [ -1.1613, 59.9971 ], [ -1.1589, 59.9978 ], [ -1.16, 59.9967 ] ] ], [ [ [ -1.1556, 59.9974 ], [ -1.1566, 59.9977 ], [ -1.1559, 59.9977 ], [ -1.1556, 59.9974 ] ] ], [ [ [ -1.1811, 60.0027 ], [ -1.1583, 59.9944 ], [ -1.1933, 60.005 ], [ -1.1811, 60.0027 ] ] ], [ [ [ -1.3294, 60.0212 ], [ -1.3289, 60.0211 ], [ -1.3307, 60.0198 ], [ -1.3294, 60.0212 ] ] ], [ [ [ -1.3704, 60.0245 ], [ -1.3684, 60.0249 ], [ -1.3659, 60.0201 ], [ -1.3704, 60.0245 ] ] ], [ [ [ -1.3556, 60.0268 ], [ -1.3448, 60.0274 ], [ -1.3512, 60.0193 ], [ -1.3556, 60.0268 ] ] ], [ [ [ -1.2301, 60.0296 ], [ -1.2295, 60.03 ], [ -1.2295, 60.0297 ], [ -1.2301, 60.0296 ] ] ], [ [ [ -1.2158, 60.0316 ], [ -1.2165, 60.0317 ], [ -1.2158, 60.0319 ], [ -1.2158, 60.0316 ] ] ], [ [ [ -1.175, 60.035 ], [ -1.1716, 60.0337 ], [ -1.1745, 60.0343 ], [ -1.175, 60.035 ] ] ], [ [ [ -1.2049, 60.0345 ], [ -1.2057, 60.0347 ], [ -1.2044, 60.0349 ], [ -1.2049, 60.0345 ] ] ], [ [ [ -1.2134, 60.0417 ], [ -1.2131, 60.0427 ], [ -1.2126, 60.0421 ], [ -1.2134, 60.0417 ] ] ], [ [ [ -1.3636, 60.0531 ], [ -1.3607, 60.0526 ], [ -1.3626, 60.0524 ], [ -1.3636, 60.0531 ] ] ], [ [ [ -1.3363, 60.0535 ], [ -1.3358, 60.0538 ], [ -1.3356, 60.0528 ], [ -1.3363, 60.0535 ] ] ], [ [ [ -1.3445, 60.055 ], [ -1.344, 60.0553 ], [ -1.3441, 60.0547 ], [ -1.3445, 60.055 ] ] ], [ [ [ -1.3437, 60.0562 ], [ -1.3443, 60.056 ], [ -1.3437, 60.0564 ], [ -1.3437, 60.0562 ] ] ], [ [ [ -1.3559, 60.0585 ], [ -1.3565, 60.0587 ], [ -1.3563, 60.0589 ], [ -1.3559, 60.0585 ] ] ], [ [ [ -1.2, 60.0589 ], [ -1.1993, 60.0589 ], [ -1.1994, 60.0588 ], [ -1.2, 60.0589 ] ] ], [ [ [ -1.3303, 60.0619 ], [ -1.3301, 60.0613 ], [ -1.3317, 60.0614 ], [ -1.3303, 60.0619 ] ] ], [ [ [ -1.336, 60.0626 ], [ -1.3363, 60.0626 ], [ -1.336, 60.0628 ], [ -1.336, 60.0626 ] ] ], [ [ [ -1.3537, 60.0633 ], [ -1.353, 60.0638 ], [ -1.3543, 60.0624 ], [ -1.3537, 60.0633 ] ] ], [ [ [ -1.207, 60.0637 ], [ -1.2079, 60.0639 ], [ -1.2068, 60.0643 ], [ -1.207, 60.0637 ] ] ], [ [ [ -1.2052, 60.0658 ], [ -1.205, 60.0654 ], [ -1.2054, 60.0648 ], [ -1.2052, 60.0658 ] ] ], [ [ [ -1.3323, 60.0679 ], [ -1.3349, 60.0679 ], [ -1.3343, 60.0689 ], [ -1.3323, 60.0679 ] ] ], [ [ [ -1.331, 60.0425 ], [ -1.3413, 60.0426 ], [ -1.3242, 60.0606 ], [ -1.3302, 60.0817 ], [ -1.3048, 60.0811 ], [ -1.331, 60.0425 ] ] ], [ [ [ -1.3546, 60.0742 ], [ -1.3538, 60.0747 ], [ -1.3533, 60.0745 ], [ -1.3546, 60.0742 ] ] ], [ [ [ -1.3572, 60.0755 ], [ -1.3579, 60.0758 ], [ -1.3554, 60.0759 ], [ -1.3572, 60.0755 ] ] ], [ [ [ -1.3101, 60.1052 ], [ -1.3343, 60.0807 ], [ -1.3409, 60.0581 ], [ -1.376, 60.0433 ], [ -1.3436, 60.0588 ], [ -1.3561, 60.0793 ], [ -1.326, 60.0949 ], [ -1.3277, 60.1008 ], [ -1.341, 60.0984 ], [ -1.3487, 60.1068 ], [ -1.3101, 60.1052 ] ] ], [ [ [ -1.3516, 60.0887 ], [ -1.3528, 60.0887 ], [ -1.3522, 60.0892 ], [ -1.3516, 60.0887 ] ] ], [ [ [ -1.2134, 60.0937 ], [ -1.2134, 60.0941 ], [ -1.2129, 60.094 ], [ -1.2134, 60.0937 ] ] ], [ [ [ -1.3048, 60.0985 ], [ -1.3038, 60.0986 ], [ -1.3044, 60.0981 ], [ -1.3048, 60.0985 ] ] ], [ [ [ -1.2231, 60.0993 ], [ -1.2228, 60.0996 ], [ -1.2226, 60.0991 ], [ -1.2231, 60.0993 ] ] ], [ [ [ -1.2019, 60.1066 ], [ -1.2016, 60.1068 ], [ -1.2014, 60.1066 ], [ -1.2019, 60.1066 ] ] ], [ [ [ -1.3715, 60.1083 ], [ -1.3711, 60.1072 ], [ -1.3754, 60.1067 ], [ -1.3715, 60.1083 ] ] ], [ [ [ -1.3709, 60.1079 ], [ -1.3709, 60.1082 ], [ -1.3703, 60.108 ], [ -1.3709, 60.1079 ] ] ], [ [ [ -1.3702, 60.1081 ], [ -1.3702, 60.1082 ], [ -1.3697, 60.1085 ], [ -1.3702, 60.1081 ] ] ], [ [ [ -1.3693, 60.1085 ], [ -1.3695, 60.1088 ], [ -1.369, 60.1086 ], [ -1.3693, 60.1085 ] ] ], [ [ [ -1.3738, 60.1099 ], [ -1.3739, 60.1102 ], [ -1.3733, 60.1103 ], [ -1.3738, 60.1099 ] ] ], [ [ [ -1.3385, 60.111 ], [ -1.3383, 60.1107 ], [ -1.3398, 60.1102 ], [ -1.3385, 60.111 ] ] ], [ [ [ -1.3727, 60.1116 ], [ -1.3728, 60.1119 ], [ -1.372, 60.1121 ], [ -1.3727, 60.1116 ] ] ], [ [ [ -1.3719, 60.1122 ], [ -1.3706, 60.1125 ], [ -1.3705, 60.112 ], [ -1.3719, 60.1122 ] ] ], [ [ [ -1.2862, 60.1067 ], [ -1.3104, 60.0992 ], [ -1.2995, 60.1262 ], [ -1.2862, 60.1067 ] ] ], [ [ [ -1.374, 60.1121 ], [ -1.3783, 60.1189 ], [ -1.3672, 60.1232 ], [ -1.374, 60.1121 ] ] ], [ [ [ -1.3777, 60.1211 ], [ -1.378, 60.1216 ], [ -1.3775, 60.1217 ], [ -1.3777, 60.1211 ] ] ], [ [ [ -1.3771, 60.1219 ], [ -1.374, 60.1227 ], [ -1.376, 60.1208 ], [ -1.3771, 60.1219 ] ] ], [ [ [ -1.3382, 60.1186 ], [ -1.3561, 60.1216 ], [ -1.3501, 60.1249 ], [ -1.3382, 60.1186 ] ] ], [ [ [ -1.3772, 60.1227 ], [ -1.377, 60.1229 ], [ -1.3766, 60.1228 ], [ -1.3772, 60.1227 ] ] ], [ [ [ -1.3761, 60.1238 ], [ -1.3769, 60.1239 ], [ -1.3761, 60.1241 ], [ -1.3761, 60.1238 ] ] ], [ [ [ -1.3127, 60.1245 ], [ -1.3166, 60.123 ], [ -1.3162, 60.1247 ], [ -1.3127, 60.1245 ] ] ], [ [ [ -1.3343, 60.1246 ], [ -1.3334, 60.1243 ], [ -1.3338, 60.124 ], [ -1.3343, 60.1246 ] ] ], [ [ [ -1.3574, 60.1265 ], [ -1.3535, 60.1234 ], [ -1.3566, 60.1221 ], [ -1.3574, 60.1265 ] ] ], [ [ [ -1.3708, 60.1261 ], [ -1.3707, 60.1256 ], [ -1.3725, 60.125 ], [ -1.3708, 60.1261 ] ] ], [ [ [ -1.3565, 60.1265 ], [ -1.3562, 60.1268 ], [ -1.3561, 60.1266 ], [ -1.3565, 60.1265 ] ] ], [ [ [ -1.3774, 60.1281 ], [ -1.3733, 60.1274 ], [ -1.3759, 60.1254 ], [ -1.3774, 60.1281 ] ] ], [ [ [ -1.1601, 60.1285 ], [ -1.1604, 60.129 ], [ -1.1599, 60.1291 ], [ -1.1601, 60.1285 ] ] ], [ [ [ -1.3799, 60.1291 ], [ -1.3698, 60.1304 ], [ -1.3731, 60.1281 ], [ -1.3799, 60.1291 ] ] ], [ [ [ -1.378, 60.1309 ], [ -1.3782, 60.131 ], [ -1.3769, 60.1311 ], [ -1.378, 60.1309 ] ] ], [ [ [ -1.3721, 60.133 ], [ -1.3696, 60.1316 ], [ -1.3706, 60.131 ], [ -1.3721, 60.133 ] ] ], [ [ [ -1.3286, 60.1416 ], [ -1.3265, 60.1358 ], [ -1.331, 60.1338 ], [ -1.3286, 60.1416 ] ] ], [ [ [ -1.3549, 60.138 ], [ -1.3569, 60.1379 ], [ -1.3554, 60.1391 ], [ -1.3549, 60.138 ] ] ], [ [ [ -1.3591, 60.139 ], [ -1.3565, 60.1404 ], [ -1.359, 60.1383 ], [ -1.3591, 60.139 ] ] ], [ [ [ -1.3535, 60.1409 ], [ -1.347, 60.1398 ], [ -1.3503, 60.1379 ], [ -1.3535, 60.1409 ] ] ], [ [ [ -1.1683, 60.1397 ], [ -1.1683, 60.1404 ], [ -1.1677, 60.1401 ], [ -1.1683, 60.1397 ] ] ], [ [ [ -1.3066, 60.1447 ], [ -1.3043, 60.1447 ], [ -1.3041, 60.144 ], [ -1.3066, 60.1447 ] ] ], [ [ [ -1.3606, 60.1391 ], [ -1.3696, 60.1434 ], [ -1.3624, 60.1527 ], [ -1.3606, 60.1391 ] ] ], [ [ [ -1.0454, 60.1664 ], [ -1.0694, 60.1297 ], [ -1.0729, 60.1027 ], [ -1.1223, 60.1199 ], [ -1.115, 60.1578 ], [ -1.148, 60.1729 ], [ -1.0454, 60.1664 ] ] ], [ [ [ -1.1166, 60.1506 ], [ -1.1181, 60.1512 ], [ -1.1176, 60.1517 ], [ -1.1166, 60.1506 ] ] ], [ [ [ -1.38, 60.1578 ], [ -1.376, 60.1586 ], [ -1.377, 60.1555 ], [ -1.38, 60.1578 ] ] ], [ [ [ -1.377, 60.1607 ], [ -1.3779, 60.1599 ], [ -1.378, 60.16 ], [ -1.377, 60.1607 ] ] ], [ [ [ -1.3816, 60.1613 ], [ -1.3837, 60.1611 ], [ -1.3825, 60.1614 ], [ -1.3816, 60.1613 ] ] ], [ [ [ -1.3787, 60.1619 ], [ -1.3781, 60.1619 ], [ -1.3787, 60.1616 ], [ -1.3787, 60.1619 ] ] ], [ [ [ -1.3849, 60.1615 ], [ -1.3852, 60.1619 ], [ -1.3841, 60.1623 ], [ -1.3849, 60.1615 ] ] ], [ [ [ -1.3774, 60.1638 ], [ -1.3768, 60.1645 ], [ -1.377, 60.1633 ], [ -1.3774, 60.1638 ] ] ], [ [ [ -1.3405, 60.1639 ], [ -1.3412, 60.1671 ], [ -1.3328, 60.1663 ], [ -1.3405, 60.1639 ] ] ], [ [ [ -1.3778, 60.1727 ], [ -1.3779, 60.1732 ], [ -1.3771, 60.1732 ], [ -1.3778, 60.1727 ] ] ], [ [ [ -1.3741, 60.1725 ], [ -1.3741, 60.1735 ], [ -1.3728, 60.1738 ], [ -1.3741, 60.1725 ] ] ], [ [ [ -1.3778, 60.1753 ], [ -1.3765, 60.1751 ], [ -1.3768, 60.1743 ], [ -1.3778, 60.1753 ] ] ], [ [ [ -1.0976, 60.1835 ], [ -1.1036, 60.1821 ], [ -1.1029, 60.1832 ], [ -1.0976, 60.1835 ] ] ], [ [ [ -1.3306, 60.187 ], [ -1.3248, 60.189 ], [ -1.3271, 60.184 ], [ -1.3306, 60.187 ] ] ], [ [ [ -1.3683, 60.1871 ], [ -1.3661, 60.1877 ], [ -1.3679, 60.1853 ], [ -1.3683, 60.1871 ] ] ], [ [ [ -1.1177, 60.1878 ], [ -1.1193, 60.1879 ], [ -1.1189, 60.1885 ], [ -1.1177, 60.1878 ] ] ], [ [ [ -1.2906, 60.1886 ], [ -1.2903, 60.1888 ], [ -1.2902, 60.1887 ], [ -1.2906, 60.1886 ] ] ], [ [ [ -1.3324, 60.1888 ], [ -1.3328, 60.1897 ], [ -1.3317, 60.1902 ], [ -1.3324, 60.1888 ] ] ], [ [ [ -1.1491, 60.1935 ], [ -1.1494, 60.194 ], [ -1.1489, 60.194 ], [ -1.1491, 60.1935 ] ] ], [ [ [ -1.3934, 60.1953 ], [ -1.3933, 60.1953 ], [ -1.3928, 60.1949 ], [ -1.3934, 60.1953 ] ] ], [ [ [ -1.3928, 60.1957 ], [ -1.3936, 60.1959 ], [ -1.3935, 60.1983 ], [ -1.3928, 60.1957 ] ] ], [ [ [ -1.3222, 60.1994 ], [ -1.3269, 60.1963 ], [ -1.331, 60.1965 ], [ -1.323, 60.2017 ], [ -1.3222, 60.1994 ] ] ], [ [ [ -1.1532, 60.2034 ], [ -1.1529, 60.2039 ], [ -1.1522, 60.204 ], [ -1.1532, 60.2034 ] ] ], [ [ [ -1.3204, 60.2051 ], [ -1.3236, 60.2038 ], [ -1.3232, 60.2064 ], [ -1.3204, 60.2051 ] ] ], [ [ [ -1.1095, 60.2074 ], [ -1.1119, 60.2074 ], [ -1.1104, 60.2086 ], [ -1.1095, 60.2074 ] ] ], [ [ [ -1.2874, 60.2078 ], [ -1.2867, 60.2087 ], [ -1.2871, 60.2078 ], [ -1.2874, 60.2078 ] ] ], [ [ [ -1.2855, 60.2098 ], [ -1.2859, 60.2098 ], [ -1.2855, 60.2102 ], [ -1.2855, 60.2098 ] ] ], [ [ [ -1.1527, 60.2351 ], [ -1.1574, 60.2344 ], [ -1.1516, 60.24 ], [ -1.1527, 60.2351 ] ] ], [ [ [ -1.1579, 60.2413 ], [ -1.1577, 60.241 ], [ -1.1586, 60.2408 ], [ -1.1579, 60.2413 ] ] ], [ [ [ -1.1525, 60.2413 ], [ -1.1523, 60.241 ], [ -1.1533, 60.2409 ], [ -1.1525, 60.2413 ] ] ], [ [ [ -1.1382, 60.2421 ], [ -1.1345, 60.2429 ], [ -1.1351, 60.2424 ], [ -1.1382, 60.2421 ] ] ], [ [ [ -1.1533, 60.2423 ], [ -1.1537, 60.2424 ], [ -1.1531, 60.2426 ], [ -1.1533, 60.2423 ] ] ], [ [ [ -1.144, 60.2424 ], [ -1.1445, 60.243 ], [ -1.1433, 60.243 ], [ -1.144, 60.2424 ] ] ], [ [ [ -1.1369, 60.2439 ], [ -1.1424, 60.2425 ], [ -1.1401, 60.2438 ], [ -1.1369, 60.2439 ] ] ], [ [ [ -1.1458, 60.2433 ], [ -1.1465, 60.2434 ], [ -1.1453, 60.2442 ], [ -1.1458, 60.2433 ] ] ], [ [ [ -1.3837, 60.3975 ], [ -1.2288, 60.495 ], [ -1.1675, 60.4201 ], [ -1.1953, 60.4315 ], [ -1.2552, 60.4049 ], [ -1.2592, 60.3979 ], [ -1.0478, 60.4401 ], [ -1.1216, 60.4015 ], [ -1.1414, 60.383 ], [ -1.0752, 60.3884 ], [ -1.0818, 60.3751 ], [ -1.0755, 60.3567 ], [ -1.1935, 60.353 ], [ -1.0819, 60.3043 ], [ -1.1164, 60.3029 ], [ -1.1599, 60.2807 ], [ -1.1021, 60.259 ], [ -1.1993, 60.2702 ], [ -1.2312, 60.2303 ], [ -1.132, 60.1489 ], [ -1.1725, 60.1412 ], [ -1.175, 60.1192 ], [ -1.204, 60.1306 ], [ -1.2261, 60.1003 ], [ -1.2035, 60.0476 ], [ -1.1716, 60.0407 ], [ -1.209, 60.0466 ], [ -1.2332, 60.0331 ], [ -1.2048, 59.9724 ], [ -1.2775, 59.9901 ], [ -1.2672, 59.9766 ], [ -1.2541, 59.9763 ], [ -1.2612, 59.971 ], [ -1.2602, 59.9686 ], [ -1.2581, 59.9673 ], [ -1.2633, 59.965 ], [ -1.2549, 59.9541 ], [ -1.2652, 59.9512 ], [ -1.258, 59.936 ], [ -1.292, 59.9221 ], [ -1.2697, 59.8889 ], [ -1.3004, 59.8839 ], [ -1.2687, 59.8756 ], [ -1.2745, 59.8735 ], [ -1.2697, 59.8595 ], [ -1.277, 59.8524 ], [ -1.2755, 59.8555 ], [ -1.2783, 59.8589 ], [ -1.2926, 59.8692 ], [ -1.2895, 59.8726 ], [ -1.297, 59.8757 ], [ -1.3013, 59.8752 ], [ -1.3056, 59.8622 ], [ -1.3091, 59.8623 ], [ -1.308, 59.8585 ], [ -1.3135, 59.8552 ], [ -1.3096, 59.8634 ], [ -1.3166, 59.8695 ], [ -1.3063, 59.8817 ], [ -1.3189, 59.8975 ], [ -1.3923, 59.9131 ], [ -1.3292, 59.948 ], [ -1.2668, 60.1373 ], [ -1.2837, 60.1957 ], [ -1.297, 60.1934 ], [ -1.3167, 60.1589 ], [ -1.3179, 60.1724 ], [ -1.271, 60.2224 ], [ -1.2652, 60.2395 ], [ -1.3284, 60.1642 ], [ -1.2899, 60.2546 ], [ -1.3475, 60.2007 ], [ -1.357, 60.2457 ], [ -1.4352, 60.2549 ], [ -1.3764, 60.2365 ], [ -1.3602, 60.1949 ], [ -1.3972, 60.219 ], [ -1.4014, 60.1791 ], [ -1.4385, 60.1888 ], [ -1.4535, 60.1764 ], [ -1.4512, 60.1529 ], [ -1.4627, 60.1463 ], [ -1.4699, 60.1603 ], [ -1.4925, 60.1672 ], [ -1.5106, 60.1647 ], [ -1.5119, 60.1831 ], [ -1.5469, 60.1866 ], [ -1.4702, 60.2206 ], [ -1.5113, 60.242 ], [ -1.703, 60.2551 ], [ -1.6913, 60.2604 ], [ -1.6802, 60.2771 ], [ -1.7025, 60.2897 ], [ -1.6661, 60.3058 ], [ -1.5722, 60.2875 ], [ -1.5053, 60.3195 ], [ -1.4798, 60.2743 ], [ -1.4593, 60.2889 ], [ -1.488, 60.3068 ], [ -1.4547, 60.295 ], [ -1.4446, 60.2972 ], [ -1.4266, 60.3288 ], [ -1.3745, 60.2844 ], [ -1.2615, 60.3513 ], [ -1.4051, 60.3838 ], [ -1.3992, 60.4193 ], [ -1.4527, 60.416 ], [ -1.4218, 60.4511 ], [ -1.4535, 60.4898 ], [ -1.633, 60.4872 ], [ -1.5617, 60.5043 ], [ -1.5335, 60.5563 ], [ -1.5183, 60.5317 ], [ -1.4676, 60.5102 ], [ -1.4447, 60.5038 ], [ -1.394, 60.512 ], [ -1.4976, 60.5407 ], [ -1.3116, 60.6306 ], [ -1.3837, 60.3975 ] ] ], [ [ [ -1.1282, 60.2589 ], [ -1.1297, 60.2587 ], [ -1.1286, 60.2594 ], [ -1.1282, 60.2589 ] ] ], [ [ [ -1.1316, 60.2741 ], [ -1.1329, 60.2753 ], [ -1.1315, 60.2761 ], [ -1.1316, 60.2741 ] ] ], [ [ [ -1.1133, 60.2767 ], [ -1.1149, 60.2768 ], [ -1.114, 60.2769 ], [ -1.1133, 60.2767 ] ] ], [ [ [ -1.1248, 60.2777 ], [ -1.127, 60.2775 ], [ -1.1253, 60.2781 ], [ -1.1248, 60.2777 ] ] ], [ [ [ -1.1394, 60.2824 ], [ -1.1387, 60.2823 ], [ -1.139, 60.2819 ], [ -1.1394, 60.2824 ] ] ], [ [ [ -1.1414, 60.2878 ], [ -1.1417, 60.288 ], [ -1.141, 60.2883 ], [ -1.1414, 60.2878 ] ] ], [ [ [ -1.1326, 60.3286 ], [ -1.1324, 60.3284 ], [ -1.1326, 60.328 ], [ -1.1326, 60.3286 ] ] ], [ [ [ -1.3903, 60.3218 ], [ -1.4061, 60.3265 ], [ -1.3977, 60.3416 ], [ -1.3903, 60.3218 ] ] ], [ [ [ -1.1267, 60.3339 ], [ -1.1239, 60.3332 ], [ -1.1249, 60.3321 ], [ -1.1267, 60.3339 ] ] ], [ [ [ -1.3663, 60.3608 ], [ -1.3533, 60.3585 ], [ -1.3584, 60.353 ], [ -1.3663, 60.3608 ] ] ], [ [ [ -1.3871, 60.3773 ], [ -1.3901, 60.379 ], [ -1.3887, 60.3787 ], [ -1.3871, 60.3773 ] ] ], [ [ [ -1.1238, 60.3969 ], [ -1.1232, 60.397 ], [ -1.1245, 60.3957 ], [ -1.1238, 60.3969 ] ] ], [ [ [ -1.121, 60.3997 ], [ -1.1202, 60.3997 ], [ -1.1212, 60.3987 ], [ -1.121, 60.3997 ] ] ], [ [ [ -1.4222, 60.4056 ], [ -1.4232, 60.4058 ], [ -1.4233, 60.4063 ], [ -1.4222, 60.4056 ] ] ], [ [ [ -1.1508, 60.4281 ], [ -1.1553, 60.4299 ], [ -1.1523, 60.4303 ], [ -1.1508, 60.4281 ] ] ], [ [ [ -1.1485, 60.439 ], [ -1.1597, 60.4388 ], [ -1.156, 60.4457 ], [ -1.1485, 60.439 ] ] ], [ [ [ -1.1337, 60.4516 ], [ -1.1304, 60.4523 ], [ -1.1379, 60.4458 ], [ -1.1337, 60.4516 ] ] ], [ [ [ -1.1508, 60.4626 ], [ -1.1633, 60.4673 ], [ -1.1541, 60.475 ], [ -1.1508, 60.4626 ] ] ], [ [ [ -1.1017, 60.4777 ], [ -1.1078, 60.4774 ], [ -1.1039, 60.4817 ], [ -1.1017, 60.4777 ] ] ], [ [ [ -1.1424, 60.4825 ], [ -1.1436, 60.4831 ], [ -1.1423, 60.4832 ], [ -1.1424, 60.4825 ] ] ], [ [ [ -1.1888, 60.4863 ], [ -1.2022, 60.4992 ], [ -1.1954, 60.5018 ], [ -1.1888, 60.4863 ] ] ], [ [ [ -1.2661, 60.4947 ], [ -1.2749, 60.4999 ], [ -1.2703, 60.5015 ], [ -1.2661, 60.4947 ] ] ], [ [ [ -1.1999, 60.5096 ], [ -1.2011, 60.5141 ], [ -1.192, 60.5091 ], [ -1.1999, 60.5096 ] ] ], [ [ [ -1.2259, 60.5108 ], [ -1.2352, 60.5173 ], [ -1.2251, 60.5185 ], [ -1.2259, 60.5108 ] ] ], [ [ [ -1.2959, 60.5107 ], [ -1.2994, 60.513 ], [ -1.2833, 60.5198 ], [ -1.2959, 60.5107 ] ] ], [ [ [ -1.2642, 60.5564 ], [ -1.2656, 60.5574 ], [ -1.2654, 60.5578 ], [ -1.2642, 60.5564 ] ] ], [ [ [ -1.2678, 60.58 ], [ -1.2656, 60.5838 ], [ -1.263, 60.5814 ], [ -1.2678, 60.58 ] ] ], [ [ [ -1.21, 60.5855 ], [ -1.2095, 60.5862 ], [ -1.2068, 60.5838 ], [ -1.21, 60.5855 ] ] ], [ [ [ -1.2072, 60.6077 ], [ -1.2047, 60.6063 ], [ -1.2062, 60.6059 ], [ -1.2072, 60.6077 ] ] ], [ [ [ -1.3866, 60.6109 ], [ -1.3863, 60.6105 ], [ -1.3874, 60.61 ], [ -1.3866, 60.6109 ] ] ], [ [ [ -1.4011, 60.6119 ], [ -1.4013, 60.6125 ], [ -1.4004, 60.6127 ], [ -1.4011, 60.6119 ] ] ], [ [ [ -1.4025, 60.6128 ], [ -1.4032, 60.6133 ], [ -1.4025, 60.6139 ], [ -1.4025, 60.6128 ] ] ], [ [ [ -1.4067, 60.6164 ], [ -1.4064, 60.6171 ], [ -1.4051, 60.6166 ], [ -1.4067, 60.6164 ] ] ], [ [ [ -1.3441, 60.6278 ], [ -1.3438, 60.6283 ], [ -1.3437, 60.6278 ], [ -1.3441, 60.6278 ] ] ], [ [ [ -1.3106, 60.6377 ], [ -1.3084, 60.6383 ], [ -1.3091, 60.638 ], [ -1.3106, 60.6377 ] ] ], [ [ [ -1.1641, 60.6513 ], [ -1.1646, 60.6515 ], [ -1.1643, 60.6517 ], [ -1.1641, 60.6513 ] ] ], [ [ [ -1.3011, 60.6539 ], [ -1.3003, 60.6513 ], [ -1.3062, 60.652 ], [ -1.3011, 60.6539 ] ] ], [ [ [ -1.3138, 60.6564 ], [ -1.3144, 60.6556 ], [ -1.3153, 60.6561 ], [ -1.3138, 60.6564 ] ] ], [ [ [ -1.3126, 60.6622 ], [ -1.3138, 60.662 ], [ -1.3139, 60.663 ], [ -1.3126, 60.6622 ] ] ], [ [ [ -1.1325, 60.6951 ], [ -1.1333, 60.6955 ], [ -1.133, 60.6958 ], [ -1.1325, 60.6951 ] ] ], [ [ [ -1.1275, 60.7196 ], [ -1.1289, 60.7203 ], [ -1.1261, 60.7207 ], [ -1.1275, 60.7196 ] ] ], [ [ [ -1.1289, 60.7254 ], [ -1.1283, 60.7257 ], [ -1.1281, 60.7254 ], [ -1.1289, 60.7254 ] ] ], [ [ [ -1.1174, 60.7287 ], [ -1.1177, 60.7293 ], [ -1.117, 60.7291 ], [ -1.1174, 60.7287 ] ] ], [ [ [ -1.1129, 60.7293 ], [ -1.1131, 60.7295 ], [ -1.1128, 60.7298 ], [ -1.1129, 60.7293 ] ] ], [ [ [ -1.1136, 60.7343 ], [ -1.1153, 60.7372 ], [ -1.1133, 60.7385 ], [ -1.1136, 60.7343 ] ] ], [ [ [ -1.1166, 60.7388 ], [ -1.1163, 60.7398 ], [ -1.1157, 60.7392 ], [ -1.1166, 60.7388 ] ] ], [ [ [ -0.8231, 50.7495 ], [ -0.8226, 50.7499 ], [ -0.82, 50.7474 ], [ -0.8231, 50.7495 ] ] ], [ [ [ -1.0721, 50.7502 ], [ -1.0725, 50.7503 ], [ -1.0724, 50.7504 ], [ -1.0721, 50.7502 ] ] ], [ [ [ -0.8235, 50.7499 ], [ -0.8243, 50.751 ], [ -0.8232, 50.7506 ], [ -0.8235, 50.7499 ] ] ], [ [ [ -0.8265, 50.7511 ], [ -0.8246, 50.7511 ], [ -0.8268, 50.7505 ], [ -0.8265, 50.7511 ] ] ], [ [ [ -0.7593, 50.7561 ], [ -0.7598, 50.7562 ], [ -0.7592, 50.7569 ], [ -0.7593, 50.7561 ] ] ], [ [ [ -0.761, 50.7595 ], [ -0.7552, 50.758 ], [ -0.7579, 50.7584 ], [ -0.761, 50.7595 ] ] ], [ [ [ -0.7533, 50.7616 ], [ -0.7547, 50.7627 ], [ -0.7514, 50.7624 ], [ -0.7533, 50.7616 ] ] ], [ [ [ -0.7812, 50.7629 ], [ -0.7821, 50.7634 ], [ -0.7757, 50.7635 ], [ -0.7812, 50.7629 ] ] ], [ [ [ -0.7631, 50.769 ], [ -0.7637, 50.77 ], [ -0.7631, 50.7691 ], [ -0.762, 50.7693 ], [ -0.7631, 50.769 ] ] ], [ [ [ -0.7625, 50.7697 ], [ -0.7612, 50.7698 ], [ -0.7616, 50.7694 ], [ -0.7625, 50.7697 ] ] ], [ [ [ -0.7632, 50.7702 ], [ -0.7634, 50.7707 ], [ -0.7633, 50.7707 ], [ -0.7632, 50.7702 ] ] ], [ [ [ -0.7646, 50.7708 ], [ -0.7653, 50.7704 ], [ -0.7652, 50.7708 ], [ -0.7646, 50.7708 ] ] ], [ [ [ -0.7643, 50.7708 ], [ -0.7641, 50.7711 ], [ -0.7636, 50.7709 ], [ -0.7642, 50.7704 ], [ -0.7643, 50.7708 ] ] ], [ [ [ -0.7642, 50.7711 ], [ -0.7652, 50.7709 ], [ -0.7646, 50.7713 ], [ -0.7642, 50.7711 ] ] ], [ [ [ -0.7586, 50.7715 ], [ -0.7582, 50.7714 ], [ -0.7585, 50.7708 ], [ -0.7586, 50.7715 ] ] ], [ [ [ -0.7609, 50.7709 ], [ -0.7603, 50.7716 ], [ -0.7603, 50.771 ], [ -0.7609, 50.7709 ] ] ], [ [ [ -0.7624, 50.7716 ], [ -0.762, 50.7716 ], [ -0.7632, 50.771 ], [ -0.7624, 50.7716 ] ] ], [ [ [ -0.7644, 50.7718 ], [ -0.7642, 50.7716 ], [ -0.765, 50.7714 ], [ -0.7644, 50.7718 ] ] ], [ [ [ -0.7634, 50.772 ], [ -0.7637, 50.7714 ], [ -0.7639, 50.7715 ], [ -0.7634, 50.772 ] ] ], [ [ [ -0.7632, 50.7718 ], [ -0.7634, 50.772 ], [ -0.7631, 50.7719 ], [ -0.7632, 50.7718 ] ] ], [ [ [ -0.7605, 50.7717 ], [ -0.7609, 50.7716 ], [ -0.761, 50.772 ], [ -0.7605, 50.7722 ], [ -0.7599, 50.7722 ], [ -0.7605, 50.7717 ] ] ], [ [ [ -0.7627, 50.7717 ], [ -0.7628, 50.7727 ], [ -0.762, 50.7727 ], [ -0.7627, 50.7717 ] ] ], [ [ [ -0.5965, 50.7911 ], [ -0.5969, 50.7911 ], [ -0.5958, 50.7914 ], [ -0.5965, 50.7911 ] ] ], [ [ [ -0.9362, 50.7785 ], [ -1.0238, 50.7881 ], [ -0.9889, 50.828 ], [ -0.9362, 50.7785 ] ] ], [ [ [ -1.0304, 50.7874 ], [ -1.0881, 50.7776 ], [ -1.1097, 50.7917 ], [ -1.0304, 50.7874 ] ] ], [ [ [ -0.8831, 50.8124 ], [ -0.8857, 50.8115 ], [ -0.8879, 50.8112 ], [ -0.8831, 50.8124 ] ] ], [ [ [ -0.8689, 50.8232 ], [ -0.8676, 50.8242 ], [ -0.8674, 50.8234 ], [ -0.8689, 50.8232 ] ] ], [ [ [ -1.0077, 50.8225 ], [ -1.0079, 50.8235 ], [ -1.006, 50.8239 ], [ -1.0074, 50.822 ], [ -1.0077, 50.8225 ] ] ], [ [ [ -1.0146, 50.8255 ], [ -1.0169, 50.8281 ], [ -1.0142, 50.8294 ], [ -1.0146, 50.8255 ] ] ], [ [ [ -0.2802, 50.8295 ], [ -0.2792, 50.8298 ], [ -0.2792, 50.8295 ], [ -0.2802, 50.8295 ] ] ], [ [ [ -0.2783, 50.8294 ], [ -0.2781, 50.8302 ], [ -0.2775, 50.8296 ], [ -0.2783, 50.8294 ] ] ], [ [ [ -0.2762, 50.8303 ], [ -0.2764, 50.8296 ], [ -0.2772, 50.8302 ], [ -0.2762, 50.8303 ] ] ], [ [ [ -0.283, 50.8297 ], [ -0.2817, 50.8303 ], [ -0.2795, 50.83 ], [ -0.283, 50.8297 ] ] ], [ [ [ -0.2751, 50.8298 ], [ -0.2761, 50.8299 ], [ -0.2761, 50.8303 ], [ -0.2751, 50.8298 ] ] ], [ [ [ -0.2791, 50.8309 ], [ -0.2774, 50.8304 ], [ -0.2813, 50.8304 ], [ -0.2791, 50.8309 ] ] ], [ [ [ -0.8686, 50.8314 ], [ -0.8684, 50.8317 ], [ -0.8677, 50.8313 ], [ -0.8686, 50.8314 ] ] ], [ [ [ -0.868, 50.8319 ], [ -0.8691, 50.8316 ], [ -0.8691, 50.8322 ], [ -0.868, 50.8319 ] ] ], [ [ [ -1.006, 50.8333 ], [ -1.0089, 50.8339 ], [ -1.0052, 50.8346 ], [ -1.006, 50.8333 ] ] ], [ [ [ -1.0084, 50.8364 ], [ -1.0078, 50.8354 ], [ -1.0212, 50.8353 ], [ -1.0084, 50.8364 ] ] ], [ [ [ -1.0208, 50.8399 ], [ -1.0207, 50.84 ], [ -1.02, 50.8402 ], [ -1.0192, 50.8396 ], [ -1.0191, 50.8393 ], [ -1.0208, 50.8399 ] ] ], [ [ [ -0.5636, 50.839 ], [ -0.565, 50.8403 ], [ -0.5639, 50.8394 ], [ -0.5636, 50.839 ] ] ], [ [ [ -1.0207, 50.84 ], [ -1.0212, 50.8409 ], [ -1.0194, 50.8404 ], [ -1.0204, 50.8402 ], [ -1.0207, 50.84 ] ] ], [ [ [ -0.5652, 50.8404 ], [ -0.5648, 50.8413 ], [ -0.5643, 50.8412 ], [ -0.5652, 50.8404 ] ] ], [ [ [ -1.0209, 50.8412 ], [ -1.0215, 50.8409 ], [ -1.0217, 50.8413 ], [ -1.0209, 50.8412 ] ] ], [ [ [ -0.5313, 50.8645 ], [ -0.5394, 50.8659 ], [ -0.5369, 50.8737 ], [ -0.5313, 50.8645 ] ] ], [ [ [ -0.5442, 50.8963 ], [ -0.5441, 50.8968 ], [ -0.5436, 50.8969 ], [ -0.5442, 50.8963 ] ] ], [ [ [ -0.5128, 50.9543 ], [ -0.5167, 50.9557 ], [ -0.5029, 50.9536 ], [ -0.5128, 50.9543 ] ] ], [ [ [ -0.3307, 51.4389 ], [ -0.3315, 51.4393 ], [ -0.3312, 51.4396 ], [ -0.3307, 51.4389 ] ] ], [ [ [ -0.3255, 51.445 ], [ -0.3281, 51.444 ], [ -0.3258, 51.4457 ], [ -0.3255, 51.445 ] ] ], [ [ [ -0.3084, 51.4578 ], [ -0.3099, 51.4585 ], [ -0.3087, 51.4582 ], [ -0.3084, 51.4578 ] ] ], [ [ [ -0.3212, 51.4696 ], [ -0.3198, 51.4707 ], [ -0.3209, 51.466 ], [ -0.3212, 51.4696 ] ] ], [ [ [ -0.299, 51.4847 ], [ -0.2976, 51.4853 ], [ -0.2987, 51.4845 ], [ -0.299, 51.4847 ] ] ], [ [ [ -0.2964, 51.4856 ], [ -0.2948, 51.486 ], [ -0.2974, 51.4846 ], [ -0.2964, 51.4856 ] ] ], [ [ [ -0.2919, 51.487 ], [ -0.2899, 51.4872 ], [ -0.2945, 51.4861 ], [ -0.2919, 51.487 ] ] ], [ [ [ -0.7758, 53.3791 ], [ -0.7806, 53.3825 ], [ -0.7757, 53.3794 ], [ -0.7758, 53.3791 ] ] ], [ [ [ -0.5358, 53.6813 ], [ -0.5586, 53.6895 ], [ -0.5464, 53.6899 ], [ -0.5358, 53.6813 ] ] ], [ [ [ -0.8597, 53.7242 ], [ -0.8643, 53.7235 ], [ -0.8617, 53.7263 ], [ -0.8597, 53.7242 ] ] ], [ [ [ -0.7883, 54.5602 ], [ -0.7876, 54.5591 ], [ -0.788, 54.5591 ], [ -0.7883, 54.5602 ] ] ], [ [ [ -1.0669, 60.1233 ], [ -1.0671, 60.1238 ], [ -1.0664, 60.124 ], [ -1.0669, 60.1233 ] ] ], [ [ [ -1.0058, 60.151 ], [ -1.0031, 60.1393 ], [ -1.0474, 60.1486 ], [ -1.0058, 60.151 ] ] ], [ [ [ -1.0736, 60.1915 ], [ -1.0793, 60.189 ], [ -1.078, 60.1911 ], [ -1.0736, 60.1915 ] ] ], [ [ [ -1.0683, 60.1902 ], [ -1.0736, 60.1908 ], [ -1.0695, 60.1933 ], [ -1.0683, 60.1902 ] ] ], [ [ [ -1.0884, 60.2487 ], [ -1.0913, 60.2489 ], [ -1.0879, 60.2502 ], [ -1.0884, 60.2487 ] ] ], [ [ [ -1.0771, 60.3024 ], [ -1.0783, 60.3024 ], [ -1.076, 60.3037 ], [ -1.0771, 60.3024 ] ] ], [ [ [ -1.0817, 60.3038 ], [ -1.0799, 60.305 ], [ -1.0765, 60.3046 ], [ -1.0817, 60.3038 ] ] ], [ [ [ -0.9092, 60.3256 ], [ -0.9062, 60.3275 ], [ -0.905, 60.3264 ], [ -0.9092, 60.3256 ] ] ], [ [ [ -0.8576, 60.3424 ], [ -0.8556, 60.3423 ], [ -0.86, 60.3387 ], [ -0.8576, 60.3424 ] ] ], [ [ [ -0.8869, 60.3431 ], [ -0.8832, 60.3426 ], [ -0.8873, 60.3378 ], [ -0.8869, 60.3431 ] ] ], [ [ [ -0.8808, 60.3444 ], [ -0.8802, 60.344 ], [ -0.8839, 60.3437 ], [ -0.8808, 60.3444 ] ] ], [ [ [ -1.0386, 60.3502 ], [ -1.0399, 60.3499 ], [ -1.04, 60.3505 ], [ -1.0386, 60.3502 ] ] ], [ [ [ -1.0694, 60.351 ], [ -1.0722, 60.351 ], [ -1.0714, 60.3534 ], [ -1.0694, 60.351 ] ] ], [ [ [ -0.9002, 60.3817 ], [ -0.9788, 60.3314 ], [ -1.0377, 60.3347 ], [ -0.9002, 60.3817 ] ] ], [ [ [ -1.0234, 60.3557 ], [ -1.0219, 60.3563 ], [ -1.0225, 60.3557 ], [ -1.0234, 60.3557 ] ] ], [ [ [ -1.0573, 60.3576 ], [ -1.0572, 60.3561 ], [ -1.0612, 60.3563 ], [ -1.0573, 60.3576 ] ] ], [ [ [ -1.0459, 60.3572 ], [ -1.0461, 60.3571 ], [ -1.0471, 60.3574 ], [ -1.0459, 60.3572 ] ] ], [ [ [ -0.9054, 60.3591 ], [ -0.9042, 60.359 ], [ -0.9112, 60.3561 ], [ -0.9054, 60.3591 ] ] ], [ [ [ -1.0531, 60.3589 ], [ -1.053, 60.3575 ], [ -1.0545, 60.3579 ], [ -1.0531, 60.3589 ] ] ], [ [ [ -1.0453, 60.3632 ], [ -1.0257, 60.3702 ], [ -1.0346, 60.359 ], [ -1.0453, 60.3632 ] ] ], [ [ [ -0.9024, 60.3646 ], [ -0.896, 60.3653 ], [ -0.8986, 60.3634 ], [ -0.9024, 60.3646 ] ] ], [ [ [ -1.0506, 60.3647 ], [ -1.0517, 60.3645 ], [ -1.0507, 60.3654 ], [ -1.0506, 60.3647 ] ] ], [ [ [ -1.0617, 60.3664 ], [ -1.0621, 60.3668 ], [ -1.061, 60.3667 ], [ -1.0617, 60.3664 ] ] ], [ [ [ -1.053, 60.3648 ], [ -1.0545, 60.3662 ], [ -1.0527, 60.3689 ], [ -1.053, 60.3648 ] ] ], [ [ [ -1.0574, 60.3686 ], [ -1.0562, 60.3676 ], [ -1.0613, 60.3672 ], [ -1.0574, 60.3686 ] ] ], [ [ [ -0.8945, 60.3671 ], [ -0.8989, 60.3667 ], [ -0.8972, 60.3686 ], [ -0.8945, 60.3671 ] ] ], [ [ [ -0.8936, 60.3694 ], [ -0.8939, 60.3697 ], [ -0.8933, 60.3699 ], [ -0.8936, 60.3694 ] ] ], [ [ [ -1.0217, 60.3723 ], [ -1.0261, 60.3718 ], [ -1.0258, 60.3728 ], [ -1.0217, 60.3723 ] ] ], [ [ [ -1.0521, 60.3749 ], [ -1.0525, 60.3743 ], [ -1.0527, 60.3745 ], [ -1.0521, 60.3749 ] ] ], [ [ [ -0.8928, 60.3764 ], [ -0.8951, 60.3756 ], [ -0.895, 60.3759 ], [ -0.8928, 60.3764 ] ] ], [ [ [ -0.892, 60.377 ], [ -0.8915, 60.3768 ], [ -0.8922, 60.3765 ], [ -0.892, 60.377 ] ] ], [ [ [ -1.0787, 60.3796 ], [ -1.0782, 60.3803 ], [ -1.0779, 60.3797 ], [ -1.0787, 60.3796 ] ] ], [ [ [ -0.9057, 60.3899 ], [ -0.9048, 60.3889 ], [ -0.9054, 60.3886 ], [ -0.9057, 60.3899 ] ] ], [ [ [ -0.9079, 60.3892 ], [ -0.9083, 60.3895 ], [ -0.9079, 60.3899 ], [ -0.9079, 60.3892 ] ] ], [ [ [ -0.8155, 60.3938 ], [ -0.8166, 60.3937 ], [ -0.8156, 60.3947 ], [ -0.8155, 60.3938 ] ] ], [ [ [ -0.8094, 60.3964 ], [ -0.8111, 60.3957 ], [ -0.8107, 60.3962 ], [ -0.8094, 60.3964 ] ] ], [ [ [ -0.8054, 60.3961 ], [ -0.8008, 60.3965 ], [ -0.8025, 60.3952 ], [ -0.8054, 60.3961 ] ] ], [ [ [ -0.7918, 60.4028 ], [ -0.7951, 60.4024 ], [ -0.7946, 60.4037 ], [ -0.7918, 60.4028 ] ] ], [ [ [ -0.7982, 60.4057 ], [ -0.7916, 60.4049 ], [ -0.7959, 60.4041 ], [ -0.7982, 60.4057 ] ] ], [ [ [ -0.7512, 60.4176 ], [ -0.7506, 60.4179 ], [ -0.7502, 60.4177 ], [ -0.7512, 60.4176 ] ] ], [ [ [ -0.7492, 60.4178 ], [ -0.7508, 60.4181 ], [ -0.7504, 60.4184 ], [ -0.7492, 60.4178 ] ] ], [ [ [ -0.8461, 60.4182 ], [ -0.8437, 60.4191 ], [ -0.844, 60.4186 ], [ -0.8461, 60.4182 ] ] ], [ [ [ -0.7486, 60.4187 ], [ -0.747, 60.4191 ], [ -0.7475, 60.4187 ], [ -0.7486, 60.4187 ] ] ], [ [ [ -0.7538, 60.4192 ], [ -0.7531, 60.4191 ], [ -0.7535, 60.4187 ], [ -0.7538, 60.4192 ] ] ], [ [ [ -0.7585, 60.4188 ], [ -0.7578, 60.4192 ], [ -0.7572, 60.4192 ], [ -0.7585, 60.4188 ] ] ], [ [ [ -0.771, 60.419 ], [ -0.7709, 60.4192 ], [ -0.7707, 60.419 ], [ -0.771, 60.419 ] ] ], [ [ [ -0.7676, 60.4194 ], [ -0.7668, 60.4189 ], [ -0.7677, 60.4188 ], [ -0.7676, 60.4194 ] ] ], [ [ [ -0.7534, 60.4194 ], [ -0.753, 60.4196 ], [ -0.7531, 60.4192 ], [ -0.7534, 60.4194 ] ] ], [ [ [ -0.7541, 60.4193 ], [ -0.7535, 60.4198 ], [ -0.7535, 60.4194 ], [ -0.7541, 60.4193 ] ] ], [ [ [ -0.7347, 60.4196 ], [ -0.7346, 60.4198 ], [ -0.7339, 60.4198 ], [ -0.7347, 60.4196 ] ] ], [ [ [ -0.733, 60.4202 ], [ -0.7359, 60.42 ], [ -0.7339, 60.4213 ], [ -0.733, 60.4202 ] ] ], [ [ [ -0.7538, 60.4198 ], [ -0.7762, 60.4205 ], [ -0.799, 60.41 ], [ -0.7651, 60.4267 ], [ -0.7789, 60.425 ], [ -0.7724, 60.4301 ], [ -0.76, 60.4253 ], [ -0.7538, 60.4198 ] ] ], [ [ [ -0.7316, 60.4207 ], [ -0.7313, 60.4212 ], [ -0.7311, 60.4208 ], [ -0.7316, 60.4207 ] ] ], [ [ [ -0.7296, 60.4219 ], [ -0.7305, 60.4212 ], [ -0.7299, 60.422 ], [ -0.7296, 60.4219 ] ] ], [ [ [ -0.7412, 60.4193 ], [ -0.7463, 60.4197 ], [ -0.7494, 60.4188 ], [ -0.734, 60.4252 ], [ -0.7412, 60.4193 ] ] ], [ [ [ -0.7289, 60.4232 ], [ -0.7271, 60.423 ], [ -0.7287, 60.4229 ], [ -0.7289, 60.4232 ] ] ], [ [ [ -0.7825, 60.4233 ], [ -0.7826, 60.4235 ], [ -0.7817, 60.4238 ], [ -0.7825, 60.4233 ] ] ], [ [ [ -0.7813, 60.4235 ], [ -0.7806, 60.4242 ], [ -0.7787, 60.4243 ], [ -0.7813, 60.4235 ] ] ], [ [ [ -0.726, 60.4255 ], [ -0.7246, 60.4252 ], [ -0.7265, 60.4239 ], [ -0.726, 60.4255 ] ] ], [ [ [ -0.7296, 60.4241 ], [ -0.7278, 60.4255 ], [ -0.7285, 60.4247 ], [ -0.7296, 60.4241 ] ] ], [ [ [ -0.7505, 60.422 ], [ -0.7591, 60.4248 ], [ -0.7489, 60.4308 ], [ -0.7505, 60.422 ] ] ], [ [ [ -0.74, 60.4281 ], [ -0.7405, 60.4281 ], [ -0.7402, 60.4284 ], [ -0.74, 60.4281 ] ] ], [ [ [ -0.742, 60.4286 ], [ -0.7404, 60.4298 ], [ -0.7397, 60.4289 ], [ -0.742, 60.4286 ] ] ], [ [ [ -0.7599, 60.4322 ], [ -0.7581, 60.4325 ], [ -0.7584, 60.4319 ], [ -0.7599, 60.4322 ] ] ], [ [ [ -0.7648, 60.4326 ], [ -0.7657, 60.4325 ], [ -0.7659, 60.4327 ], [ -0.7648, 60.4326 ] ] ], [ [ [ -0.7613, 60.4329 ], [ -0.7614, 60.4337 ], [ -0.7604, 60.4343 ], [ -0.7613, 60.4329 ] ] ], [ [ [ -0.8553, 60.4397 ], [ -0.856, 60.4397 ], [ -0.8554, 60.44 ], [ -0.8553, 60.4397 ] ] ], [ [ [ -0.8618, 60.4394 ], [ -0.8637, 60.4393 ], [ -0.8635, 60.4404 ], [ -0.8618, 60.4394 ] ] ], [ [ [ -1.0506, 60.4496 ], [ -1.0509, 60.4501 ], [ -1.0493, 60.4503 ], [ -1.0506, 60.4496 ] ] ], [ [ [ -1.051, 60.4516 ], [ -1.052, 60.4517 ], [ -1.0502, 60.4522 ], [ -1.051, 60.4516 ] ] ], [ [ [ -1.0484, 60.452 ], [ -1.0489, 60.4523 ], [ -1.0483, 60.4526 ], [ -1.0484, 60.452 ] ] ], [ [ [ -1.0513, 60.4528 ], [ -1.0516, 60.4528 ], [ -1.0507, 60.4534 ], [ -1.0513, 60.4528 ] ] ], [ [ [ -1.0501, 60.4536 ], [ -1.0489, 60.4538 ], [ -1.0494, 60.4531 ], [ -1.0501, 60.4536 ] ] ], [ [ [ -1.0441, 60.4519 ], [ -1.0458, 60.4528 ], [ -1.0419, 60.4565 ], [ -1.0441, 60.4519 ] ] ], [ [ [ -1.063, 60.4886 ], [ -1.0621, 60.4888 ], [ -1.0621, 60.4886 ], [ -1.063, 60.4886 ] ] ], [ [ [ -1.0306, 60.4983 ], [ -1.0276, 60.498 ], [ -1.0281, 60.4977 ], [ -1.0306, 60.4983 ] ] ], [ [ [ -1.0128, 60.5501 ], [ -1.0138, 60.5505 ], [ -1.0128, 60.5507 ], [ -1.0128, 60.5501 ] ] ], [ [ [ -0.7898, 60.5766 ], [ -0.7897, 60.5771 ], [ -0.7881, 60.5767 ], [ -0.7898, 60.5766 ] ] ], [ [ [ -0.7872, 60.5789 ], [ -0.788, 60.5793 ], [ -0.7879, 60.5799 ], [ -0.7872, 60.5789 ] ] ], [ [ [ -0.7881, 60.579 ], [ -0.7894, 60.5795 ], [ -0.7892, 60.58 ], [ -0.7881, 60.579 ] ] ], [ [ [ -0.7912, 60.5811 ], [ -0.7904, 60.5814 ], [ -0.7905, 60.5807 ], [ -0.7912, 60.5811 ] ] ], [ [ [ -0.8101, 60.5994 ], [ -0.7652, 60.6038 ], [ -0.8874, 60.562 ], [ -0.949, 60.6123 ], [ -0.8101, 60.5994 ] ] ], [ [ [ -1.0389, 60.6032 ], [ -1.0358, 60.6027 ], [ -1.0355, 60.6015 ], [ -1.0389, 60.6032 ] ] ], [ [ [ -0.769, 60.6054 ], [ -0.7684, 60.606 ], [ -0.7683, 60.6055 ], [ -0.769, 60.6054 ] ] ], [ [ [ -0.7671, 60.6066 ], [ -0.7681, 60.6063 ], [ -0.7677, 60.6069 ], [ -0.7671, 60.6066 ] ] ], [ [ [ -0.9817, 60.6373 ], [ -1.069, 60.6716 ], [ -1.0192, 60.6166 ], [ -1.0465, 60.6004 ], [ -1.07, 60.6113 ], [ -1.0728, 60.6089 ], [ -1.0858, 60.6062 ], [ -1.0897, 60.6052 ], [ -1.0911, 60.6045 ], [ -1.003, 60.5811 ], [ -1.0485, 60.55 ], [ -1.0211, 60.532 ], [ -1.0358, 60.5107 ], [ -1.0378, 60.5018 ], [ -1.0288, 60.497 ], [ -1.1464, 60.4838 ], [ -1.2032, 60.6067 ], [ -1.158, 60.6575 ], [ -1.1531, 60.6212 ], [ -1.1367, 60.622 ], [ -1.1217, 60.606 ], [ -1.1122, 60.606 ], [ -1.1103, 60.6048 ], [ -1.1067, 60.6041 ], [ -1.1054, 60.6042 ], [ -1.1325, 60.6951 ], [ -1.1354, 60.7047 ], [ -1.0705, 60.731 ], [ -0.9817, 60.6373 ] ] ], [ [ [ -0.9801, 60.603 ], [ -1.0146, 60.602 ], [ -0.9996, 60.6189 ], [ -0.9801, 60.603 ] ] ], [ [ [ -0.8228, 60.6145 ], [ -0.8233, 60.6147 ], [ -0.8224, 60.615 ], [ -0.8228, 60.6145 ] ] ], [ [ [ -0.7739, 60.6165 ], [ -0.7726, 60.6156 ], [ -0.7773, 60.6162 ], [ -0.7739, 60.6165 ] ] ], [ [ [ -0.8229, 60.6222 ], [ -0.8245, 60.6229 ], [ -0.8236, 60.6229 ], [ -0.8229, 60.6222 ] ] ], [ [ [ -0.8308, 60.6284 ], [ -0.829, 60.6286 ], [ -0.8293, 60.628 ], [ -0.8308, 60.6284 ] ] ], [ [ [ -0.8681, 60.6334 ], [ -0.867, 60.6338 ], [ -0.8666, 60.6331 ], [ -0.8681, 60.6334 ] ] ], [ [ [ -0.9014, 60.6316 ], [ -0.8959, 60.6357 ], [ -0.8955, 60.6325 ], [ -0.9014, 60.6316 ] ] ], [ [ [ -0.9148, 60.637 ], [ -0.9147, 60.6419 ], [ -0.9074, 60.6412 ], [ -0.9148, 60.637 ] ] ], [ [ [ -0.9462, 60.6456 ], [ -0.9381, 60.6446 ], [ -0.9395, 60.6432 ], [ -0.9462, 60.6456 ] ] ], [ [ [ -0.8775, 60.6541 ], [ -0.8767, 60.6552 ], [ -0.8763, 60.6548 ], [ -0.8775, 60.6541 ] ] ], [ [ [ -0.8784, 60.6566 ], [ -0.8771, 60.6553 ], [ -0.8792, 60.6546 ], [ -0.8784, 60.6566 ] ] ], [ [ [ -0.8379, 60.6592 ], [ -0.8445, 60.6634 ], [ -0.8383, 60.6652 ], [ -0.8379, 60.6592 ] ] ], [ [ [ -0.9684, 60.6614 ], [ -0.9891, 60.6713 ], [ -0.9861, 60.6728 ], [ -0.9684, 60.6614 ] ] ], [ [ [ -0.8766, 60.6701 ], [ -0.9197, 60.6756 ], [ -0.9072, 60.6794 ], [ -0.8766, 60.6701 ] ] ], [ [ [ -0.9483, 60.672 ], [ -0.949, 60.6701 ], [ -0.9506, 60.6715 ], [ -0.9483, 60.672 ] ] ], [ [ [ -0.8324, 60.6824 ], [ -0.8323, 60.6826 ], [ -0.8316, 60.6826 ], [ -0.8324, 60.6824 ] ] ], [ [ [ -0.8326, 60.6915 ], [ -0.8316, 60.6919 ], [ -0.8316, 60.6917 ], [ -0.8326, 60.6915 ] ] ], [ [ [ -1.0048, 60.7017 ], [ -1.0048, 60.7018 ], [ -1.0046, 60.7018 ], [ -1.0048, 60.7017 ] ] ], [ [ [ -1.004, 60.7085 ], [ -1.0055, 60.7085 ], [ -1.0046, 60.7091 ], [ -1.004, 60.7085 ] ] ], [ [ [ -1.0101, 60.7242 ], [ -1.0098, 60.7231 ], [ -1.011, 60.7229 ], [ -1.0101, 60.7242 ] ] ], [ [ [ -1.017, 60.7278 ], [ -1.017, 60.7269 ], [ -1.0185, 60.727 ], [ -1.017, 60.7278 ] ] ], [ [ [ -1.0146, 60.7283 ], [ -1.0132, 60.7272 ], [ -1.0165, 60.7269 ], [ -1.0146, 60.7283 ] ] ], [ [ [ -1.0779, 60.7325 ], [ -1.0777, 60.7331 ], [ -1.0772, 60.732 ], [ -1.0779, 60.7325 ] ] ], [ [ [ -1.0448, 60.7323 ], [ -1.0453, 60.7337 ], [ -1.044, 60.7341 ], [ -1.0448, 60.7323 ] ] ], [ [ [ -1.0715, 60.7327 ], [ -1.0715, 60.7332 ], [ -1.0706, 60.7332 ], [ -1.0715, 60.7327 ] ] ], [ [ [ -0.9718, 60.7327 ], [ -0.9721, 60.7335 ], [ -0.971, 60.7336 ], [ -0.9718, 60.7327 ] ] ], [ [ [ -1.0712, 60.7334 ], [ -1.0714, 60.7338 ], [ -1.0706, 60.734 ], [ -1.0712, 60.7334 ] ] ], [ [ [ -1.0429, 60.7339 ], [ -1.0436, 60.7343 ], [ -1.0426, 60.7341 ], [ -1.0429, 60.7339 ] ] ], [ [ [ -0.8119, 60.7315 ], [ -0.8154, 60.7328 ], [ -0.8076, 60.7389 ], [ -0.8119, 60.7315 ] ] ], [ [ [ -1.0707, 60.7353 ], [ -1.0707, 60.735 ], [ -1.0719, 60.7347 ], [ -1.0707, 60.7353 ] ] ], [ [ [ -1.0468, 60.735 ], [ -1.0461, 60.7355 ], [ -1.0442, 60.7349 ], [ -1.0468, 60.735 ] ] ], [ [ [ -0.9716, 60.7355 ], [ -0.9705, 60.7357 ], [ -0.9705, 60.7352 ], [ -0.9716, 60.7355 ] ] ], [ [ [ -0.9713, 60.7376 ], [ -0.9701, 60.7372 ], [ -0.9718, 60.7364 ], [ -0.973, 60.7375 ], [ -0.9713, 60.7376 ] ] ], [ [ [ -0.7876, 60.7485 ], [ -0.7868, 60.7487 ], [ -0.7866, 60.7485 ], [ -0.7876, 60.7485 ] ] ], [ [ [ -0.7887, 60.7482 ], [ -0.7843, 60.7466 ], [ -0.7967, 60.7404 ], [ -0.7887, 60.7482 ] ] ], [ [ [ -0.7586, 60.8163 ], [ -0.8656, 60.7574 ], [ -0.8314, 60.6851 ], [ -0.9814, 60.684 ], [ -0.8732, 60.842 ], [ -0.7586, 60.8163 ] ] ], [ [ [ -0.9479, 60.7698 ], [ -0.9465, 60.7699 ], [ -0.9465, 60.769 ], [ -0.9479, 60.7698 ] ] ], [ [ [ -0.9473, 60.7704 ], [ -0.9493, 60.7698 ], [ -0.9498, 60.7711 ], [ -0.9473, 60.7704 ] ] ], [ [ [ -0.9563, 60.7828 ], [ -0.9541, 60.7815 ], [ -0.957, 60.7813 ], [ -0.9563, 60.7828 ] ] ], [ [ [ -0.9541, 60.7824 ], [ -0.952, 60.7824 ], [ -0.9537, 60.7817 ], [ -0.9541, 60.7824 ] ] ], [ [ [ -0.938, 60.8132 ], [ -0.9396, 60.8129 ], [ -0.9392, 60.8136 ], [ -0.938, 60.8132 ] ] ], [ [ [ -0.771, 60.8206 ], [ -0.7701, 60.821 ], [ -0.7712, 60.8201 ], [ -0.771, 60.8206 ] ] ], [ [ [ -0.9085, 60.823 ], [ -0.9099, 60.8239 ], [ -0.9081, 60.8234 ], [ -0.9085, 60.823 ] ] ], [ [ [ -0.9067, 60.8269 ], [ -0.908, 60.8271 ], [ -0.907, 60.828 ], [ -0.9067, 60.8269 ] ] ], [ [ [ -0.7775, 60.8284 ], [ -0.7773, 60.8288 ], [ -0.7769, 60.8286 ], [ -0.7775, 60.8284 ] ] ], [ [ [ -0.9091, 60.829 ], [ -0.9098, 60.829 ], [ -0.9097, 60.8294 ], [ -0.9091, 60.829 ] ] ], [ [ [ -0.7749, 60.8319 ], [ -0.7702, 60.8317 ], [ -0.7727, 60.8292 ], [ -0.7749, 60.8319 ] ] ], [ [ [ -0.7697, 60.8333 ], [ -0.7699, 60.8323 ], [ -0.7742, 60.8324 ], [ -0.7697, 60.8333 ] ] ], [ [ [ -0.8145, 60.8342 ], [ -0.8156, 60.8333 ], [ -0.8154, 60.8338 ], [ -0.8145, 60.8342 ] ] ], [ [ [ -0.8195, 60.8352 ], [ -0.8181, 60.8355 ], [ -0.8194, 60.8347 ], [ -0.8195, 60.8352 ] ] ], [ [ [ -0.818, 60.8358 ], [ -0.8195, 60.8356 ], [ -0.8186, 60.8363 ], [ -0.818, 60.8358 ] ] ], [ [ [ -0.9001, 60.8355 ], [ -0.9002, 60.8363 ], [ -0.8989, 60.8362 ], [ -0.9001, 60.8355 ] ] ], [ [ [ -0.9007, 60.8373 ], [ -0.8992, 60.8372 ], [ -0.9011, 60.8365 ], [ -0.9007, 60.8373 ] ] ], [ [ [ -0.9009, 60.8394 ], [ -0.902, 60.8394 ], [ -0.901, 60.8402 ], [ -0.9009, 60.8394 ] ] ], [ [ [ -0.8998, 60.8416 ], [ -0.8972, 60.8419 ], [ -0.8979, 60.8407 ], [ -0.8998, 60.8416 ] ] ], [ [ [ -0.8943, 60.8504 ], [ -0.8967, 60.8493 ], [ -0.8955, 60.8506 ], [ -0.8943, 60.8504 ] ] ], [ [ [ -0.8931, 60.8494 ], [ -0.8946, 60.8494 ], [ -0.8914, 60.8529 ], [ -0.8931, 60.8494 ] ] ], [ [ [ -0.8897, 60.8514 ], [ -0.8878, 60.8546 ], [ -0.8855, 60.8539 ], [ -0.8897, 60.8514 ] ] ], [ [ [ -0.8868, 60.8554 ], [ -0.8835, 60.8565 ], [ -0.8839, 60.8556 ], [ -0.8868, 60.8554 ] ] ], [ [ [ -0.8725, 60.8603 ], [ -0.8754, 60.8606 ], [ -0.8749, 60.8606 ], [ -0.8725, 60.8603 ] ] ], [ [ [ 0.0512, 50.7954 ], [ 0.0482, 50.7959 ], [ 0.0496, 50.7978 ], [ 0.0512, 50.7954 ] ] ], [ [ [ -0.2751, 50.8302 ], [ -0.2742, 50.8302 ], [ -0.2746, 50.8298 ], [ -0.2751, 50.8302 ] ] ], [ [ [ -0.274, 50.83 ], [ -0.2741, 50.8302 ], [ -0.2735, 50.8301 ], [ -0.274, 50.83 ] ] ], [ [ [ 0.0159, 50.8878 ], [ 0.0003, 50.8896 ], [ 0.0095, 50.8952 ], [ 0.0159, 50.8878 ] ] ], [ [ [ 0.667, 51.3833 ], [ 0.6658, 51.3829 ], [ 0.6657, 51.3833 ], [ 0.667, 51.3833 ] ] ], [ [ [ 0.6215, 51.3876 ], [ 0.6213, 51.3881 ], [ 0.6218, 51.3878 ], [ 0.6215, 51.3876 ] ] ], [ [ [ 0.6227, 51.3885 ], [ 0.6235, 51.3883 ], [ 0.6235, 51.3877 ], [ 0.6227, 51.3885 ] ] ], [ [ [ 0.6188, 51.3882 ], [ 0.6188, 51.3877 ], [ 0.6182, 51.3877 ], [ 0.6188, 51.3882 ] ] ], [ [ [ 0.6199, 51.3883 ], [ 0.6194, 51.3877 ], [ 0.6191, 51.388 ], [ 0.6199, 51.3883 ] ] ], [ [ [ 0.6207, 51.3881 ], [ 0.6199, 51.3883 ], [ 0.6203, 51.3885 ], [ 0.6207, 51.3881 ] ] ], [ [ [ 0.6219, 51.3881 ], [ 0.6213, 51.3883 ], [ 0.6215, 51.3886 ], [ 0.6219, 51.3881 ] ] ], [ [ [ 0.622, 51.3887 ], [ 0.6215, 51.3886 ], [ 0.6207, 51.3886 ], [ 0.6201, 51.3886 ], [ 0.6215, 51.3889 ], [ 0.622, 51.3887 ] ] ], [ [ [ 0.6226, 51.3886 ], [ 0.6224, 51.3878 ], [ 0.622, 51.3887 ], [ 0.6226, 51.3886 ] ] ], [ [ [ 0.621, 51.3883 ], [ 0.6203, 51.3885 ], [ 0.6207, 51.3886 ], [ 0.621, 51.3883 ] ] ], [ [ [ 0.5888, 51.3936 ], [ 0.5896, 51.3923 ], [ 0.5891, 51.3919 ], [ 0.5888, 51.3936 ] ] ], [ [ [ 0.6776, 51.3968 ], [ 0.6825, 51.3956 ], [ 0.6726, 51.3898 ], [ 0.6776, 51.3968 ] ] ], [ [ [ 0.6629, 51.3937 ], [ 0.6633, 51.3939 ], [ 0.6634, 51.3938 ], [ 0.6635, 51.3935 ], [ 0.6629, 51.3937 ] ] ], [ [ [ 0.6633, 51.3941 ], [ 0.6637, 51.394 ], [ 0.6634, 51.3938 ], [ 0.6633, 51.3941 ] ] ], [ [ [ 0.6635, 51.3949 ], [ 0.6652, 51.3953 ], [ 0.6643, 51.3942 ], [ 0.6628, 51.3944 ], [ 0.6635, 51.3949 ] ] ], [ [ [ 0.6011, 51.3942 ], [ 0.5951, 51.4002 ], [ 0.6122, 51.4013 ], [ 0.6162, 51.3962 ], [ 0.6011, 51.3942 ] ] ], [ [ [ 0.6983, 51.4021 ], [ 0.6981, 51.4026 ], [ 0.6988, 51.4022 ], [ 0.6983, 51.4021 ] ] ], [ [ [ 0.6726, 51.3984 ], [ 0.6656, 51.4073 ], [ 0.6905, 51.4122 ], [ 0.6726, 51.3984 ] ] ], [ [ [ 0.5821, 51.4026 ], [ 0.5602, 51.4032 ], [ 0.5637, 51.408 ], [ 0.5821, 51.4026 ] ] ], [ [ [ 0.6078, 51.4069 ], [ 0.611, 51.4059 ], [ 0.6134, 51.4059 ], [ 0.6149, 51.4049 ], [ 0.6094, 51.4054 ], [ 0.6078, 51.4069 ] ] ], [ [ [ 0.6141, 51.4063 ], [ 0.6166, 51.4063 ], [ 0.6157, 51.4054 ], [ 0.6141, 51.4063 ] ] ], [ [ [ 0.596, 51.4075 ], [ 0.6032, 51.4069 ], [ 0.6003, 51.4057 ], [ 0.596, 51.4075 ] ] ], [ [ [ 0.6172, 51.4067 ], [ 0.6141, 51.4063 ], [ 0.6128, 51.4061 ], [ 0.6084, 51.4072 ], [ 0.6172, 51.4067 ] ] ], [ [ [ 0.7013, 51.4099 ], [ 0.7023, 51.4094 ], [ 0.7009, 51.4087 ], [ 0.7013, 51.4099 ] ] ], [ [ [ 0.6985, 51.4102 ], [ 0.6983, 51.4108 ], [ 0.6992, 51.4107 ], [ 0.6985, 51.4102 ] ] ], [ [ [ 0.6723, 51.4135 ], [ 0.6596, 51.4186 ], [ 0.6788, 51.4235 ], [ 0.6723, 51.4135 ] ] ], [ [ [ 0.6299, 51.4211 ], [ 0.6302, 51.4239 ], [ 0.6389, 51.4213 ], [ 0.6299, 51.4211 ] ] ], [ [ [ 0.6234, 51.4234 ], [ 0.6226, 51.4238 ], [ 0.6238, 51.4241 ], [ 0.6239, 51.4241 ], [ 0.6234, 51.4234 ] ] ], [ [ [ 0.6143, 51.424 ], [ 0.6132, 51.4241 ], [ 0.6136, 51.4244 ], [ 0.6143, 51.424 ] ] ], [ [ [ 0.6146, 51.4243 ], [ 0.6152, 51.4252 ], [ 0.6155, 51.425 ], [ 0.6146, 51.4243 ] ] ], [ [ [ 0.6168, 51.4268 ], [ 0.6162, 51.4265 ], [ 0.6164, 51.4273 ], [ 0.6169, 51.4273 ], [ 0.6168, 51.4268 ] ] ], [ [ [ 0.6241, 51.4269 ], [ 0.6243, 51.4274 ], [ 0.6246, 51.4268 ], [ 0.6241, 51.4269 ] ] ], [ [ [ 0.6205, 51.4278 ], [ 0.6221, 51.4278 ], [ 0.6212, 51.4274 ], [ 0.6205, 51.4278 ] ] ], [ [ [ 0.6366, 51.4294 ], [ 0.6389, 51.427 ], [ 0.6332, 51.427 ], [ 0.6366, 51.4294 ] ] ], [ [ [ 0.6299, 51.4292 ], [ 0.6292, 51.4303 ], [ 0.6299, 51.4303 ], [ 0.6299, 51.4292 ] ] ], [ [ [ 0.6387, 51.4323 ], [ 0.638, 51.4321 ], [ 0.6387, 51.4325 ], [ 0.6387, 51.4323 ] ] ], [ [ [ 0.64, 51.4329 ], [ 0.6398, 51.4332 ], [ 0.6404, 51.4333 ], [ 0.64, 51.4329 ] ] ], [ [ [ 0.6356, 51.4333 ], [ 0.6354, 51.4341 ], [ 0.6374, 51.4339 ], [ 0.6356, 51.4333 ] ] ], [ [ [ 0.639, 51.434 ], [ 0.6386, 51.4343 ], [ 0.6392, 51.4344 ], [ 0.639, 51.434 ] ] ], [ [ [ 0.6305, 51.4352 ], [ 0.6307, 51.4347 ], [ 0.6293, 51.4347 ], [ 0.6305, 51.4352 ] ] ], [ [ [ 0.6468, 51.4367 ], [ 0.6473, 51.4369 ], [ 0.648, 51.4363 ], [ 0.6468, 51.4367 ] ] ], [ [ [ 0.6712, 51.4383 ], [ 0.6729, 51.4381 ], [ 0.6708, 51.4371 ], [ 0.6712, 51.4383 ] ] ], [ [ [ 0.6381, 51.438 ], [ 0.638, 51.4376 ], [ 0.6386, 51.4372 ], [ 0.6371, 51.4373 ], [ 0.6387, 51.4386 ], [ 0.6381, 51.438 ] ] ], [ [ [ 0.6407, 51.4375 ], [ 0.638, 51.437 ], [ 0.6386, 51.4372 ], [ 0.639, 51.4373 ], [ 0.6407, 51.4375 ] ] ], [ [ [ 0.6707, 51.4382 ], [ 0.67, 51.4387 ], [ 0.671, 51.4384 ], [ 0.6707, 51.4382 ] ] ], [ [ [ 0.6372, 51.4396 ], [ 0.6381, 51.4388 ], [ 0.6363, 51.438 ], [ 0.6372, 51.4396 ] ] ], [ [ [ 0.6461, 51.4366 ], [ 0.645, 51.4387 ], [ 0.6454, 51.4416 ], [ 0.6461, 51.4366 ] ] ], [ [ [ 0.6282, 51.4411 ], [ 0.6299, 51.44 ], [ 0.6288, 51.4378 ], [ 0.6282, 51.4411 ] ] ], [ [ [ 0.6346, 51.4393 ], [ 0.635, 51.4403 ], [ 0.6351, 51.4394 ], [ 0.6346, 51.4393 ] ] ], [ [ [ 0.6335, 51.4399 ], [ 0.6327, 51.4394 ], [ 0.6309, 51.4404 ], [ 0.6335, 51.4399 ] ] ], [ [ [ 0.6609, 51.4396 ], [ 0.6603, 51.4412 ], [ 0.6648, 51.4407 ], [ 0.6609, 51.4396 ] ] ], [ [ [ 0.6397, 51.4412 ], [ 0.6402, 51.4411 ], [ 0.6401, 51.4407 ], [ 0.6397, 51.4412 ] ] ], [ [ [ 0.6585, 51.4401 ], [ 0.6542, 51.4386 ], [ 0.6501, 51.4394 ], [ 0.6585, 51.4401 ] ] ], [ [ [ 0.6352, 51.4412 ], [ 0.637, 51.4408 ], [ 0.6362, 51.4405 ], [ 0.6352, 51.4412 ] ] ], [ [ [ 0.6332, 51.4411 ], [ 0.6338, 51.4414 ], [ 0.6341, 51.4408 ], [ 0.6332, 51.4411 ] ] ], [ [ [ 0.6706, 51.442 ], [ 0.6723, 51.4404 ], [ 0.6708, 51.4404 ], [ 0.6706, 51.442 ] ] ], [ [ [ 0.6317, 51.4418 ], [ 0.6338, 51.4416 ], [ 0.6334, 51.4413 ], [ 0.6317, 51.4418 ] ] ], [ [ [ 0.6516, 51.4419 ], [ 0.6492, 51.4401 ], [ 0.649, 51.4412 ], [ 0.6423, 51.4426 ], [ 0.6516, 51.4419 ] ] ], [ [ [ 0.667, 51.4415 ], [ 0.6669, 51.4424 ], [ 0.6676, 51.4418 ], [ 0.667, 51.4415 ] ] ], [ [ [ 0.6611, 51.4417 ], [ 0.6609, 51.4423 ], [ 0.6617, 51.4427 ], [ 0.6611, 51.4417 ] ] ], [ [ [ 0.6653, 51.4421 ], [ 0.6642, 51.4424 ], [ 0.6656, 51.4425 ], [ 0.6653, 51.4421 ] ] ], [ [ [ 0.6359, 51.4422 ], [ 0.6364, 51.4432 ], [ 0.6366, 51.4429 ], [ 0.6359, 51.4422 ] ] ], [ [ [ 0.6616, 51.4432 ], [ 0.6602, 51.4418 ], [ 0.6588, 51.4431 ], [ 0.6616, 51.4432 ] ] ], [ [ [ 0.6381, 51.4407 ], [ 0.6381, 51.4448 ], [ 0.6414, 51.4449 ], [ 0.6381, 51.4407 ] ] ], [ [ [ 0.6415, 51.4429 ], [ 0.6427, 51.4441 ], [ 0.6427, 51.443 ], [ 0.6415, 51.4429 ] ] ], [ [ [ 0.6441, 51.4436 ], [ 0.6433, 51.4431 ], [ 0.6433, 51.4439 ], [ 0.6441, 51.4436 ] ] ], [ [ [ 0.6368, 51.4435 ], [ 0.6365, 51.4442 ], [ 0.6372, 51.4439 ], [ 0.6368, 51.4435 ] ] ], [ [ [ 0.6478, 51.4436 ], [ 0.6467, 51.4442 ], [ 0.6473, 51.445 ], [ 0.6478, 51.4436 ] ] ], [ [ [ 0.6366, 51.4459 ], [ 0.6374, 51.4444 ], [ 0.6351, 51.4441 ], [ 0.6366, 51.4459 ] ] ], [ [ [ 0.6575, 51.4477 ], [ 0.6613, 51.4466 ], [ 0.6612, 51.4437 ], [ 0.6591, 51.4442 ], [ 0.6575, 51.4477 ] ] ], [ [ [ 0.199, 51.4581 ], [ 0.1986, 51.4583 ], [ 0.1993, 51.4584 ], [ 0.199, 51.4581 ] ] ], [ [ [ 0.4621, 51.4664 ], [ 0.4623, 51.4662 ], [ 0.46, 51.4662 ], [ 0.4621, 51.4664 ] ] ], [ [ [ 0.1987, 51.4783 ], [ 0.2018, 51.48 ], [ 0.2021, 51.479 ], [ 0.1987, 51.4783 ] ] ], [ [ [ -0.2445, 51.4883 ], [ -0.2476, 51.4865 ], [ -0.2462, 51.4876 ], [ -0.2445, 51.4883 ] ] ], [ [ [ 0.4563, 51.5059 ], [ 0.4562, 51.5062 ], [ 0.4569, 51.5057 ], [ 0.4563, 51.5059 ] ] ], [ [ [ 0.5368, 51.5165 ], [ 0.5319, 51.5163 ], [ 0.5374, 51.5185 ], [ 0.5368, 51.5165 ] ] ], [ [ [ 0.5217, 51.5187 ], [ 0.5214, 51.5214 ], [ 0.5247, 51.518 ], [ 0.5217, 51.5187 ] ] ], [ [ [ 0.6292, 51.5199 ], [ 0.6291, 51.5205 ], [ 0.6312, 51.521 ], [ 0.6318, 51.5199 ], [ 0.6292, 51.5199 ] ] ], [ [ [ 0.63, 51.5233 ], [ 0.6343, 51.5232 ], [ 0.6339, 51.5224 ], [ 0.6315, 51.5227 ], [ 0.6306, 51.5218 ], [ 0.6307, 51.5223 ], [ 0.63, 51.5233 ] ] ], [ [ [ 0.6261, 51.5225 ], [ 0.6259, 51.5227 ], [ 0.6252, 51.5234 ], [ 0.628, 51.5234 ], [ 0.6261, 51.5225 ] ] ], [ [ [ 0.6228, 51.5246 ], [ 0.6236, 51.5249 ], [ 0.624, 51.5244 ], [ 0.6256, 51.5246 ], [ 0.6239, 51.5235 ], [ 0.6228, 51.5246 ] ] ], [ [ [ 0.6294, 51.5239 ], [ 0.6257, 51.5239 ], [ 0.6257, 51.5242 ], [ 0.6294, 51.5239 ] ] ], [ [ [ 0.6299, 51.5253 ], [ 0.6279, 51.5253 ], [ 0.6292, 51.5259 ], [ 0.632, 51.5246 ], [ 0.6299, 51.5253 ] ] ], [ [ [ 0.6228, 51.5248 ], [ 0.6225, 51.5254 ], [ 0.6233, 51.5254 ], [ 0.6228, 51.5248 ] ] ], [ [ [ 0.6235, 51.5252 ], [ 0.625, 51.5257 ], [ 0.6242, 51.525 ], [ 0.6235, 51.5252 ] ] ], [ [ [ 0.6252, 51.5266 ], [ 0.6259, 51.5266 ], [ 0.625, 51.5257 ], [ 0.6252, 51.5266 ] ] ], [ [ [ 0.6261, 51.5274 ], [ 0.629, 51.5261 ], [ 0.6259, 51.5243 ], [ 0.6261, 51.5274 ] ] ], [ [ [ 0.6227, 51.5269 ], [ 0.6251, 51.5266 ], [ 0.6235, 51.5252 ], [ 0.6234, 51.5252 ], [ 0.6233, 51.5256 ], [ 0.6224, 51.5255 ], [ 0.6227, 51.5269 ] ] ], [ [ [ 0.621, 51.5267 ], [ 0.6204, 51.5268 ], [ 0.6211, 51.527 ], [ 0.621, 51.5267 ] ] ], [ [ [ 0.6255, 51.5276 ], [ 0.6248, 51.5269 ], [ 0.6227, 51.5269 ], [ 0.6218, 51.5269 ], [ 0.6255, 51.5276 ] ] ], [ [ [ 0.6176, 51.5278 ], [ 0.6183, 51.5274 ], [ 0.6174, 51.5273 ], [ 0.6176, 51.5278 ] ] ], [ [ [ 0.5504, 51.5423 ], [ 0.5548, 51.5409 ], [ 0.5567, 51.5408 ], [ 0.5637, 51.5388 ], [ 0.5634, 51.5391 ], [ 0.564, 51.5391 ], [ 0.565, 51.5413 ], [ 0.5645, 51.5399 ], [ 0.5641, 51.5386 ], [ 0.5653, 51.5413 ], [ 0.5851, 51.5374 ], [ 0.5776, 51.5372 ], [ 0.603, 51.5327 ], [ 0.5958, 51.5306 ], [ 0.6258, 51.5227 ], [ 0.6167, 51.522 ], [ 0.6184, 51.5203 ], [ 0.6369, 51.5219 ], [ 0.6257, 51.5202 ], [ 0.617, 51.5143 ], [ 0.573, 51.5078 ], [ 0.5181, 51.5298 ], [ 0.5398, 51.5316 ], [ 0.5435, 51.5347 ], [ 0.545, 51.5467 ], [ 0.5504, 51.5423 ] ] ], [ [ [ 0.614, 51.527 ], [ 0.6117, 51.5285 ], [ 0.6136, 51.5277 ], [ 0.6138, 51.5283 ], [ 0.6144, 51.5277 ], [ 0.615, 51.5279 ], [ 0.6168, 51.5273 ], [ 0.6204, 51.527 ], [ 0.614, 51.527 ] ] ], [ [ [ 0.6189, 51.5275 ], [ 0.6221, 51.5287 ], [ 0.6234, 51.5277 ], [ 0.6189, 51.5275 ] ] ], [ [ [ 0.6185, 51.5274 ], [ 0.6175, 51.5281 ], [ 0.6193, 51.5284 ], [ 0.6185, 51.5274 ] ] ], [ [ [ 0.6235, 51.5279 ], [ 0.6225, 51.5289 ], [ 0.6256, 51.5281 ], [ 0.6235, 51.5279 ] ] ], [ [ [ 0.615, 51.5279 ], [ 0.6141, 51.5282 ], [ 0.6182, 51.5288 ], [ 0.6174, 51.5282 ], [ 0.6171, 51.5273 ], [ 0.615, 51.5279 ] ] ], [ [ [ 0.6083, 51.5285 ], [ 0.609, 51.5287 ], [ 0.6107, 51.5282 ], [ 0.6083, 51.5285 ] ] ], [ [ [ 0.6114, 51.5282 ], [ 0.6107, 51.5285 ], [ 0.6111, 51.5288 ], [ 0.6114, 51.5282 ] ] ], [ [ [ 0.6143, 51.5284 ], [ 0.6119, 51.5288 ], [ 0.6164, 51.5297 ], [ 0.6177, 51.5297 ], [ 0.6143, 51.5284 ] ] ], [ [ [ 0.6192, 51.5286 ], [ 0.6178, 51.5294 ], [ 0.6225, 51.5289 ], [ 0.6192, 51.5286 ] ] ], [ [ [ 0.6056, 51.5291 ], [ 0.6081, 51.5286 ], [ 0.6065, 51.5286 ], [ 0.6043, 51.5296 ], [ 0.6056, 51.5291 ] ] ], [ [ [ 0.6049, 51.5301 ], [ 0.6108, 51.5288 ], [ 0.6078, 51.529 ], [ 0.6049, 51.5301 ] ] ], [ [ [ 0.6, 51.5303 ], [ 0.5988, 51.5309 ], [ 0.601, 51.5304 ], [ 0.6, 51.5303 ] ] ], [ [ [ 0.6043, 51.5308 ], [ 0.6025, 51.5312 ], [ 0.6032, 51.5311 ], [ 0.6043, 51.5308 ] ] ], [ [ [ 0.6057, 51.5311 ], [ 0.6057, 51.5308 ], [ 0.6031, 51.5325 ], [ 0.6057, 51.5311 ] ] ], [ [ [ 0.6094, 51.5306 ], [ 0.6049, 51.5342 ], [ 0.6139, 51.5309 ], [ 0.6094, 51.5306 ] ] ], [ [ [ 0.614, 51.5324 ], [ 0.6125, 51.533 ], [ 0.6156, 51.5325 ], [ 0.614, 51.5324 ] ] ], [ [ [ 0.5977, 51.5338 ], [ 0.6012, 51.5349 ], [ 0.605, 51.5324 ], [ 0.6058, 51.5314 ], [ 0.6046, 51.5325 ], [ 0.5977, 51.5338 ] ] ], [ [ [ 0.6116, 51.5332 ], [ 0.6089, 51.5343 ], [ 0.6121, 51.5333 ], [ 0.6116, 51.5332 ] ] ], [ [ [ 0.6315, 51.5314 ], [ 0.6273, 51.5327 ], [ 0.636, 51.5342 ], [ 0.6374, 51.535 ], [ 0.6371, 51.5353 ], [ 0.6386, 51.5351 ], [ 0.641, 51.5363 ], [ 0.6403, 51.5357 ], [ 0.6402, 51.5334 ], [ 0.6315, 51.5314 ] ] ], [ [ [ 0.6045, 51.5334 ], [ 0.604, 51.5334 ], [ 0.6021, 51.5349 ], [ 0.6045, 51.5334 ] ] ], [ [ [ 0.5422, 51.5345 ], [ 0.5417, 51.5346 ], [ 0.5424, 51.5351 ], [ 0.5422, 51.5345 ] ] ], [ [ [ 0.5425, 51.5352 ], [ 0.5428, 51.5359 ], [ 0.5429, 51.5351 ], [ 0.5425, 51.5352 ] ] ], [ [ [ 0.5967, 51.5341 ], [ 0.5859, 51.5373 ], [ 0.5961, 51.5364 ], [ 0.6006, 51.5355 ], [ 0.5967, 51.5341 ] ] ], [ [ [ 0.6433, 51.5382 ], [ 0.6462, 51.5383 ], [ 0.6413, 51.5374 ], [ 0.6465, 51.5377 ], [ 0.6407, 51.5373 ], [ 0.6386, 51.5353 ], [ 0.6378, 51.5358 ], [ 0.6287, 51.5337 ], [ 0.6274, 51.5331 ], [ 0.6267, 51.5321 ], [ 0.609, 51.5348 ], [ 0.6212, 51.5358 ], [ 0.6296, 51.5382 ], [ 0.6394, 51.5372 ], [ 0.6437, 51.5392 ], [ 0.6462, 51.5386 ], [ 0.6433, 51.5382 ] ] ], [ [ [ 0.6234, 51.5366 ], [ 0.6227, 51.537 ], [ 0.6235, 51.5368 ], [ 0.6234, 51.5366 ] ] ], [ [ [ 0.5824, 51.5382 ], [ 0.5906, 51.5374 ], [ 0.5881, 51.5374 ], [ 0.5824, 51.5382 ] ] ], [ [ [ 0.6376, 51.5379 ], [ 0.6368, 51.5379 ], [ 0.6374, 51.538 ], [ 0.6376, 51.5379 ] ] ], [ [ [ 0.6354, 51.538 ], [ 0.6363, 51.5382 ], [ 0.6364, 51.538 ], [ 0.6354, 51.538 ] ] ], [ [ [ 0.6383, 51.5389 ], [ 0.6395, 51.5383 ], [ 0.6377, 51.538 ], [ 0.6383, 51.5389 ] ] ], [ [ [ 0.6397, 51.5384 ], [ 0.6396, 51.5388 ], [ 0.6401, 51.5387 ], [ 0.6397, 51.5384 ] ] ], [ [ [ 0.6396, 51.5384 ], [ 0.6386, 51.5389 ], [ 0.6395, 51.5389 ], [ 0.6396, 51.5384 ] ] ], [ [ [ 0.6421, 51.5396 ], [ 0.6401, 51.5392 ], [ 0.6393, 51.5392 ], [ 0.6421, 51.5396 ] ] ], [ [ [ 0.5634, 51.5391 ], [ 0.5633, 51.5391 ], [ 0.5609, 51.5402 ], [ 0.5639, 51.5409 ], [ 0.5638, 51.5413 ], [ 0.5646, 51.5411 ], [ 0.5634, 51.5391 ] ] ], [ [ [ 0.5565, 51.5422 ], [ 0.56, 51.5427 ], [ 0.5636, 51.5416 ], [ 0.561, 51.5404 ], [ 0.5611, 51.5409 ], [ 0.5564, 51.542 ], [ 0.5573, 51.5414 ], [ 0.5549, 51.541 ], [ 0.5515, 51.5423 ], [ 0.5565, 51.5422 ] ] ], [ [ [ 0.65, 51.6239 ], [ 0.6513, 51.624 ], [ 0.6493, 51.6236 ], [ 0.65, 51.6239 ] ] ], [ [ [ 0.6482, 51.6235 ], [ 0.6482, 51.6247 ], [ 0.6491, 51.6236 ], [ 0.6482, 51.6235 ] ] ], [ [ [ 0.6503, 51.626 ], [ 0.6516, 51.6251 ], [ 0.6492, 51.6236 ], [ 0.6503, 51.626 ] ] ], [ [ [ 0.6517, 51.6251 ], [ 0.6516, 51.6251 ], [ 0.6506, 51.626 ], [ 0.6518, 51.6257 ], [ 0.6517, 51.6251 ] ] ], [ [ [ 0.6485, 51.6247 ], [ 0.6483, 51.6254 ], [ 0.649, 51.6256 ], [ 0.6485, 51.6247 ] ] ], [ [ [ 0.6441, 51.6249 ], [ 0.6433, 51.6258 ], [ 0.6441, 51.6258 ], [ 0.6441, 51.6249 ] ] ], [ [ [ 0.6471, 51.626 ], [ 0.6477, 51.6251 ], [ 0.6442, 51.6249 ], [ 0.6471, 51.626 ] ] ], [ [ [ 0.6504, 51.6262 ], [ 0.6484, 51.6256 ], [ 0.6486, 51.6282 ], [ 0.6504, 51.6262 ] ] ], [ [ [ 0.6458, 51.6275 ], [ 0.6478, 51.6278 ], [ 0.6477, 51.6256 ], [ 0.6458, 51.6275 ] ] ], [ [ [ 0.6453, 51.6291 ], [ 0.648, 51.6296 ], [ 0.6478, 51.6278 ], [ 0.6453, 51.6291 ] ] ], [ [ [ 0.654, 51.6299 ], [ 0.6547, 51.6294 ], [ 0.6528, 51.6288 ], [ 0.654, 51.6299 ] ] ], [ [ [ 0.6493, 51.6304 ], [ 0.6505, 51.6303 ], [ 0.6504, 51.6287 ], [ 0.6493, 51.6304 ] ] ], [ [ [ 0.6466, 51.6306 ], [ 0.647, 51.6314 ], [ 0.6471, 51.6309 ], [ 0.6466, 51.6306 ] ] ], [ [ [ 0.653, 51.6336 ], [ 0.6557, 51.6321 ], [ 0.6553, 51.6313 ], [ 0.656, 51.6311 ], [ 0.6509, 51.6289 ], [ 0.653, 51.6305 ], [ 0.653, 51.6336 ] ] ], [ [ [ 0.6482, 51.6309 ], [ 0.6472, 51.6312 ], [ 0.6476, 51.6322 ], [ 0.6477, 51.6323 ], [ 0.6482, 51.6309 ] ] ], [ [ [ 0.6505, 51.6328 ], [ 0.6505, 51.6305 ], [ 0.6489, 51.6305 ], [ 0.6505, 51.6328 ] ] ], [ [ [ 0.6508, 51.6307 ], [ 0.6506, 51.633 ], [ 0.6512, 51.6325 ], [ 0.6508, 51.6307 ] ] ], [ [ [ 0.6556, 51.63 ], [ 0.6561, 51.6311 ], [ 0.6559, 51.6321 ], [ 0.6542, 51.6332 ], [ 0.6548, 51.6339 ], [ 0.6579, 51.6328 ], [ 0.6556, 51.63 ] ] ], [ [ [ 0.6476, 51.6322 ], [ 0.6471, 51.6315 ], [ 0.647, 51.6335 ], [ 0.6482, 51.6347 ], [ 0.6504, 51.6355 ], [ 0.6504, 51.6354 ], [ 0.6492, 51.6349 ], [ 0.6485, 51.6343 ], [ 0.6484, 51.6326 ], [ 0.6472, 51.633 ], [ 0.6476, 51.6322 ] ] ], [ [ [ 0.6513, 51.6359 ], [ 0.6555, 51.6351 ], [ 0.6504, 51.6355 ], [ 0.6513, 51.6359 ] ] ], [ [ [ 0.6538, 51.6333 ], [ 0.653, 51.6337 ], [ 0.6494, 51.633 ], [ 0.6486, 51.6333 ], [ 0.6504, 51.6354 ], [ 0.6538, 51.6333 ] ] ], [ [ [ 0.6701, 51.6367 ], [ 0.6639, 51.637 ], [ 0.6688, 51.637 ], [ 0.6701, 51.6367 ] ] ], [ [ [ 0.6645, 51.6371 ], [ 0.6675, 51.6387 ], [ 0.6704, 51.6371 ], [ 0.6645, 51.6371 ] ] ], [ [ [ 0.6359, 51.6373 ], [ 0.6356, 51.6379 ], [ 0.6339, 51.6387 ], [ 0.6364, 51.6383 ], [ 0.6359, 51.6373 ] ] ], [ [ [ 0.634, 51.638 ], [ 0.6335, 51.6381 ], [ 0.6339, 51.6386 ], [ 0.634, 51.638 ] ] ], [ [ [ 0.6678, 51.6407 ], [ 0.6696, 51.6394 ], [ 0.6688, 51.6383 ], [ 0.6678, 51.6407 ] ] ], [ [ [ 0.6577, 51.6436 ], [ 0.6571, 51.6442 ], [ 0.6578, 51.6441 ], [ 0.6577, 51.6436 ] ] ], [ [ [ 0.6564, 51.6452 ], [ 0.6546, 51.6459 ], [ 0.6565, 51.6456 ], [ 0.6564, 51.6452 ] ] ], [ [ [ 0.6514, 51.6463 ], [ 0.651, 51.6468 ], [ 0.6532, 51.6463 ], [ 0.6514, 51.6463 ] ] ], [ [ [ 0.6558, 51.6477 ], [ 0.6562, 51.6488 ], [ 0.657, 51.6486 ], [ 0.6558, 51.6477 ] ] ], [ [ [ 0.7008, 51.7228 ], [ 0.7013, 51.7228 ], [ 0.7011, 51.7225 ], [ 0.7008, 51.7228 ] ] ], [ [ [ 0.7003, 51.7237 ], [ 0.6995, 51.7238 ], [ 0.6998, 51.7239 ], [ 0.7003, 51.7237 ] ] ], [ [ [ 0.6978, 51.7235 ], [ 0.6973, 51.7239 ], [ 0.698, 51.7241 ], [ 0.6978, 51.7235 ] ] ], [ [ [ 0.6929, 51.7285 ], [ 0.6951, 51.7283 ], [ 0.6931, 51.728 ], [ 0.6929, 51.7285 ] ] ], [ [ [ 0.6905, 51.7286 ], [ 0.69, 51.7291 ], [ 0.6898, 51.7296 ], [ 0.6898, 51.7301 ], [ 0.6905, 51.7286 ] ] ], [ [ [ 0.6942, 51.7291 ], [ 0.6934, 51.73 ], [ 0.6937, 51.7301 ], [ 0.6942, 51.7291 ] ] ], [ [ [ 0.6902, 51.7298 ], [ 0.6911, 51.7297 ], [ 0.6909, 51.7295 ], [ 0.6902, 51.7298 ] ] ], [ [ [ 0.692, 51.731 ], [ 0.6928, 51.7312 ], [ 0.6925, 51.7308 ], [ 0.692, 51.731 ] ] ], [ [ [ 0.6922, 51.7312 ], [ 0.6924, 51.7315 ], [ 0.6928, 51.7312 ], [ 0.6922, 51.7312 ] ] ], [ [ [ 0.2694, 52.8146 ], [ 0.2709, 52.8126 ], [ 0.2645, 52.8158 ], [ 0.2694, 52.8146 ] ] ], [ [ [ 0.2691, 52.8155 ], [ 0.2692, 52.8159 ], [ 0.2719, 52.8125 ], [ 0.2691, 52.8155 ] ] ], [ [ [ 0.2056, 52.8249 ], [ 0.2046, 52.826 ], [ 0.2076, 52.8269 ], [ 0.2056, 52.8249 ] ] ], [ [ [ 0.2132, 52.8272 ], [ 0.214, 52.827 ], [ 0.2132, 52.8263 ], [ 0.2132, 52.8272 ] ] ], [ [ [ 0.2153, 52.8264 ], [ 0.2134, 52.8264 ], [ 0.2141, 52.8268 ], [ 0.2144, 52.8276 ], [ 0.2153, 52.8264 ] ] ], [ [ [ 0.2152, 52.8285 ], [ 0.2138, 52.8272 ], [ 0.2132, 52.8272 ], [ 0.2087, 52.8272 ], [ 0.2152, 52.8285 ] ] ], [ [ [ 0.2119, 52.8283 ], [ 0.208, 52.8284 ], [ 0.2099, 52.829 ], [ 0.2119, 52.8283 ] ] ], [ [ [ 0.1146, 52.8889 ], [ 0.1147, 52.8826 ], [ 0.1133, 52.8899 ], [ 0.1146, 52.8889 ] ] ], [ [ [ 0.111, 52.8834 ], [ 0.1019, 52.8838 ], [ 0.1004, 52.8942 ], [ 0.111, 52.8834 ] ] ], [ [ [ 0.0306, 52.8994 ], [ 0.0325, 52.9 ], [ 0.0283, 52.8978 ], [ 0.0306, 52.8994 ] ] ], [ [ [ 0.0679, 52.9076 ], [ 0.0317, 52.8984 ], [ 0.059, 52.9163 ], [ 0.0679, 52.9076 ] ] ], [ [ [ 0.0442, 52.9148 ], [ 0.0466, 52.9141 ], [ 0.0455, 52.914 ], [ 0.0442, 52.9148 ] ] ], [ [ [ 0.0488, 52.9134 ], [ 0.0478, 52.9129 ], [ 0.0466, 52.9141 ], [ 0.0488, 52.9134 ] ] ], [ [ [ 0.0494, 52.9138 ], [ 0.0469, 52.915 ], [ 0.0531, 52.9162 ], [ 0.0494, 52.9138 ] ] ], [ [ [ 0.0628, 52.9174 ], [ 0.0691, 52.9183 ], [ 0.0685, 52.9157 ], [ 0.0628, 52.9174 ] ] ], [ [ [ 0.0611, 52.9237 ], [ 0.0646, 52.9237 ], [ 0.0631, 52.9228 ], [ 0.0628, 52.9234 ], [ 0.0607, 52.9236 ], [ 0.0611, 52.9237 ] ] ], [ [ [ 0.0584, 52.9244 ], [ 0.0601, 52.9237 ], [ 0.056, 52.9243 ], [ 0.0584, 52.9244 ] ] ], [ [ [ 0.0966, 52.9622 ], [ 0.0963, 52.9622 ], [ 0.0961, 52.9622 ], [ 0.0952, 52.9614 ], [ 0.0966, 52.9606 ], [ 0.0937, 52.9611 ], [ 0.0965, 52.9637 ], [ 0.0974, 52.9606 ], [ 0.0966, 52.9622 ] ] ], [ [ [ 0.0998, 52.9658 ], [ 0.1001, 52.9663 ], [ 0.1009, 52.9659 ], [ 0.0983, 52.9625 ], [ 0.0998, 52.9658 ] ] ], [ [ [ 0.6187, 52.9672 ], [ 0.6184, 52.9676 ], [ 0.6179, 52.9676 ], [ 0.6154, 52.9672 ], [ 0.6191, 52.9699 ], [ 0.6215, 52.9698 ], [ 0.6205, 52.9676 ], [ 0.6187, 52.9672 ] ] ], [ [ [ 0.6651, 52.9682 ], [ 0.6637, 52.9675 ], [ 0.6624, 52.9686 ], [ 0.6651, 52.9682 ] ] ], [ [ [ 0.6652, 52.9685 ], [ 0.663, 52.9688 ], [ 0.6634, 52.9692 ], [ 0.6652, 52.9685 ] ] ], [ [ [ 0.6508, 52.9685 ], [ 0.6496, 52.9686 ], [ 0.6498, 52.9693 ], [ 0.6508, 52.9685 ] ] ], [ [ [ 0.653, 52.9686 ], [ 0.6513, 52.9693 ], [ 0.6539, 52.9694 ], [ 0.653, 52.9686 ] ] ], [ [ [ 0.6765, 52.9689 ], [ 0.6762, 52.9692 ], [ 0.6766, 52.9692 ], [ 0.6765, 52.9689 ] ] ], [ [ [ 0.6775, 52.9699 ], [ 0.6803, 52.9688 ], [ 0.6793, 52.968 ], [ 0.6775, 52.9699 ] ] ], [ [ [ 0.6757, 52.9692 ], [ 0.675, 52.9696 ], [ 0.6752, 52.9696 ], [ 0.6757, 52.9692 ] ] ], [ [ [ 0.6769, 52.9693 ], [ 0.6761, 52.9693 ], [ 0.6769, 52.9699 ], [ 0.6769, 52.9693 ] ] ], [ [ [ 0.6257, 52.9682 ], [ 0.6216, 52.968 ], [ 0.6216, 52.9699 ], [ 0.6257, 52.9682 ] ] ], [ [ [ 0.6761, 52.9695 ], [ 0.6758, 52.9698 ], [ 0.6766, 52.9699 ], [ 0.6761, 52.9695 ] ] ], [ [ [ 0.6851, 52.9696 ], [ 0.6892, 52.9706 ], [ 0.6877, 52.9697 ], [ 0.6851, 52.9696 ] ] ], [ [ [ 0.6668, 52.9695 ], [ 0.6621, 52.9706 ], [ 0.6649, 52.97 ], [ 0.6668, 52.9695 ] ] ], [ [ [ 0.6752, 52.9705 ], [ 0.675, 52.971 ], [ 0.6775, 52.9718 ], [ 0.6752, 52.9705 ] ] ], [ [ [ 0.6794, 52.9719 ], [ 0.6797, 52.9718 ], [ 0.6788, 52.9711 ], [ 0.6794, 52.9719 ] ] ], [ [ [ 0.6826, 52.9731 ], [ 0.683, 52.9727 ], [ 0.6815, 52.9723 ], [ 0.6804, 52.9731 ], [ 0.6826, 52.9731 ] ] ], [ [ [ 0.6804, 52.9729 ], [ 0.6788, 52.9725 ], [ 0.6792, 52.9732 ], [ 0.6804, 52.9729 ] ] ], [ [ [ 0.1317, 52.992 ], [ 0.1312, 52.9943 ], [ 0.1357, 52.9932 ], [ 0.1317, 52.992 ] ] ], [ [ [ 0.0351, 53.5195 ], [ 0.0314, 53.5174 ], [ 0.0313, 53.5189 ], [ 0.0351, 53.5195 ] ] ], [ [ [ -0.0654, 53.5828 ], [ -0.0651, 53.5832 ], [ -0.064, 53.5838 ], [ -0.0654, 53.5828 ] ] ], [ [ [ 0.8264, 51.358 ], [ 0.8335, 51.3564 ], [ 0.8298, 51.3563 ], [ 0.8264, 51.358 ] ] ], [ [ [ 0.8248, 51.3581 ], [ 0.8262, 51.3579 ], [ 0.8261, 51.357 ], [ 0.8248, 51.3581 ] ] ], [ [ [ 0.8231, 51.3585 ], [ 0.8245, 51.3583 ], [ 0.8242, 51.3576 ], [ 0.8231, 51.3585 ] ] ], [ [ [ 0.8567, 51.3634 ], [ 0.8519, 51.3653 ], [ 0.8516, 51.3668 ], [ 0.8567, 51.3634 ] ] ], [ [ [ 0.8547, 51.3665 ], [ 0.8529, 51.368 ], [ 0.8534, 51.3684 ], [ 0.8547, 51.3665 ] ] ], [ [ [ 0.7738, 51.3679 ], [ 0.7732, 51.3681 ], [ 0.774, 51.3681 ], [ 0.7738, 51.3679 ] ] ], [ [ [ 0.7739, 51.3679 ], [ 0.774, 51.3681 ], [ 0.7741, 51.3682 ], [ 0.7755, 51.368 ], [ 0.7739, 51.3679 ] ] ], [ [ [ 0.782, 51.3686 ], [ 0.7811, 51.3693 ], [ 0.7828, 51.3694 ], [ 0.782, 51.3686 ] ] ], [ [ [ 0.7965, 51.3688 ], [ 0.7971, 51.3693 ], [ 0.7976, 51.3689 ], [ 0.7965, 51.3688 ] ] ], [ [ [ 0.7978, 51.3694 ], [ 0.797, 51.3695 ], [ 0.797, 51.3696 ], [ 0.7968, 51.3699 ], [ 0.7973, 51.3699 ], [ 0.7973, 51.3698 ], [ 0.7978, 51.3694 ] ] ], [ [ [ 0.781, 51.3702 ], [ 0.7826, 51.3698 ], [ 0.7814, 51.3698 ], [ 0.781, 51.3702 ] ] ], [ [ [ 0.796, 51.3704 ], [ 0.7975, 51.3706 ], [ 0.7986, 51.3704 ], [ 0.796, 51.3704 ] ] ], [ [ [ 0.7686, 51.3782 ], [ 0.7674, 51.378 ], [ 0.7669, 51.3782 ], [ 0.7686, 51.3782 ] ] ], [ [ [ 0.7689, 51.3806 ], [ 0.7699, 51.3792 ], [ 0.7685, 51.379 ], [ 0.7689, 51.3806 ] ] ], [ [ [ 0.7017, 51.39 ], [ 0.7007, 51.3902 ], [ 0.7014, 51.3908 ], [ 0.7017, 51.39 ] ] ], [ [ [ 0.702, 51.3903 ], [ 0.7017, 51.3906 ], [ 0.702, 51.3909 ], [ 0.702, 51.3903 ] ] ], [ [ [ 0.737, 51.3953 ], [ 0.7365, 51.3959 ], [ 0.7377, 51.3957 ], [ 0.737, 51.3953 ] ] ], [ [ [ 0.8577, 51.3704 ], [ 0.8567, 51.3649 ], [ 0.8562, 51.3663 ], [ 0.8548, 51.3664 ], [ 0.855, 51.367 ], [ 0.8535, 51.3686 ], [ 0.8503, 51.3706 ], [ 0.8467, 51.3713 ], [ 0.8503, 51.364 ], [ 0.8063, 51.3723 ], [ 0.7668, 51.3698 ], [ 0.7703, 51.3791 ], [ 0.7643, 51.3883 ], [ 0.7327, 51.4003 ], [ 0.7217, 51.4144 ], [ 0.7325, 51.4089 ], [ 0.7469, 51.4153 ], [ 0.744, 51.4477 ], [ 0.7879, 51.4403 ], [ 0.9509, 51.3734 ], [ 0.8577, 51.3704 ] ] ], [ [ [ 0.7321, 51.415 ], [ 0.7307, 51.4154 ], [ 0.7314, 51.4159 ], [ 0.7314, 51.416 ], [ 0.7313, 51.4162 ], [ 0.7305, 51.4178 ], [ 0.7294, 51.4194 ], [ 0.7312, 51.4171 ], [ 0.7321, 51.415 ] ] ], [ [ [ 0.7225, 51.4174 ], [ 0.7206, 51.4184 ], [ 0.7224, 51.4191 ], [ 0.7219, 51.4183 ], [ 0.7225, 51.4174 ] ] ], [ [ [ 0.7282, 51.4184 ], [ 0.728, 51.4195 ], [ 0.7305, 51.4177 ], [ 0.7282, 51.4184 ] ] ], [ [ [ 0.7095, 51.4186 ], [ 0.7099, 51.4189 ], [ 0.7102, 51.4188 ], [ 0.7102, 51.4187 ], [ 0.7095, 51.4186 ] ] ], [ [ [ 0.7102, 51.4188 ], [ 0.7096, 51.4193 ], [ 0.7105, 51.4194 ], [ 0.7102, 51.4188 ] ] ], [ [ [ 0.7077, 51.4198 ], [ 0.7093, 51.4199 ], [ 0.7081, 51.4193 ], [ 0.7061, 51.4198 ], [ 0.7077, 51.4198 ] ] ], [ [ [ 0.7119, 51.4199 ], [ 0.7109, 51.42 ], [ 0.7123, 51.4202 ], [ 0.7119, 51.4199 ] ] ], [ [ [ 0.723, 51.4201 ], [ 0.7199, 51.4191 ], [ 0.7168, 51.4202 ], [ 0.723, 51.4201 ] ] ], [ [ [ 0.715, 51.4202 ], [ 0.7145, 51.4203 ], [ 0.7129, 51.4201 ], [ 0.7141, 51.4207 ], [ 0.7142, 51.4207 ], [ 0.7142, 51.4205 ], [ 0.7143, 51.4204 ], [ 0.7152, 51.4204 ], [ 0.715, 51.4202 ] ] ], [ [ [ 0.7168, 51.4202 ], [ 0.7167, 51.4201 ], [ 0.7151, 51.4202 ], [ 0.7174, 51.4208 ], [ 0.7168, 51.4202 ] ] ], [ [ [ 0.722, 51.4211 ], [ 0.7204, 51.4204 ], [ 0.7204, 51.4217 ], [ 0.722, 51.4211 ] ] ], [ [ [ 0.725, 51.421 ], [ 0.7218, 51.4217 ], [ 0.7235, 51.4221 ], [ 0.7239, 51.4218 ], [ 0.725, 51.421 ] ] ], [ [ [ 0.7259, 51.4225 ], [ 0.725, 51.4216 ], [ 0.7254, 51.4212 ], [ 0.7259, 51.4211 ], [ 0.7251, 51.421 ], [ 0.725, 51.421 ], [ 0.7243, 51.422 ], [ 0.7259, 51.4225 ] ] ], [ [ [ 0.7255, 51.4213 ], [ 0.7266, 51.4221 ], [ 0.726, 51.4226 ], [ 0.7245, 51.4227 ], [ 0.7278, 51.4236 ], [ 0.7276, 51.4211 ], [ 0.7255, 51.4213 ] ] ], [ [ [ 0.8258, 51.5645 ], [ 0.8244, 51.5679 ], [ 0.8322, 51.5743 ], [ 0.8258, 51.5645 ] ] ], [ [ [ 0.7455, 51.5787 ], [ 0.7474, 51.5784 ], [ 0.747, 51.5776 ], [ 0.7455, 51.5787 ] ] ], [ [ [ 0.7493, 51.5786 ], [ 0.7496, 51.5786 ], [ 0.751, 51.5791 ], [ 0.7495, 51.5781 ], [ 0.7493, 51.5786 ] ] ], [ [ [ 0.7506, 51.5792 ], [ 0.7491, 51.5787 ], [ 0.7494, 51.5781 ], [ 0.7483, 51.5781 ], [ 0.7487, 51.5788 ], [ 0.7506, 51.5792 ] ] ], [ [ [ 0.8207, 51.5655 ], [ 0.8081, 51.5856 ], [ 0.8364, 51.5949 ], [ 0.8207, 51.5655 ] ] ], [ [ [ 0.742, 51.5803 ], [ 0.7416, 51.5807 ], [ 0.7421, 51.5808 ], [ 0.7421, 51.5806 ], [ 0.7421, 51.5805 ], [ 0.742, 51.5803 ] ] ], [ [ [ 0.7432, 51.5806 ], [ 0.7421, 51.5806 ], [ 0.743, 51.581 ], [ 0.743, 51.5807 ], [ 0.7432, 51.5806 ] ] ], [ [ [ 0.7447, 51.5814 ], [ 0.7456, 51.581 ], [ 0.7448, 51.5812 ], [ 0.7447, 51.5814 ] ] ], [ [ [ 0.7475, 51.5813 ], [ 0.7452, 51.5816 ], [ 0.7463, 51.5821 ], [ 0.7475, 51.5813 ] ] ], [ [ [ 0.8477, 51.6111 ], [ 0.8522, 51.6096 ], [ 0.8496, 51.6096 ], [ 0.8477, 51.6111 ] ] ], [ [ [ 0.8221, 51.6187 ], [ 0.8254, 51.6184 ], [ 0.8219, 51.6171 ], [ 0.8221, 51.6187 ] ] ], [ [ [ 0.8209, 51.6182 ], [ 0.8201, 51.6188 ], [ 0.8219, 51.6186 ], [ 0.8209, 51.6182 ] ] ], [ [ [ 0.7395, 51.6344 ], [ 0.7392, 51.6346 ], [ 0.7469, 51.6347 ], [ 0.7458, 51.6346 ], [ 0.7395, 51.6344 ] ] ], [ [ [ 0.7516, 51.636 ], [ 0.7485, 51.6349 ], [ 0.7469, 51.6347 ], [ 0.7516, 51.636 ] ] ], [ [ [ 0.7431, 51.6353 ], [ 0.7433, 51.635 ], [ 0.7393, 51.6348 ], [ 0.7431, 51.6353 ] ] ], [ [ [ 0.7343, 51.635 ], [ 0.7342, 51.6359 ], [ 0.7356, 51.6352 ], [ 0.7349, 51.6353 ], [ 0.7343, 51.635 ] ] ], [ [ [ 0.7366, 51.6361 ], [ 0.739, 51.6351 ], [ 0.737, 51.6352 ], [ 0.7366, 51.6361 ] ] ], [ [ [ 0.7387, 51.6374 ], [ 0.7456, 51.6387 ], [ 0.7485, 51.636 ], [ 0.7387, 51.6374 ] ] ], [ [ [ 0.7294, 51.6383 ], [ 0.7309, 51.6378 ], [ 0.7322, 51.6377 ], [ 0.7294, 51.6375 ], [ 0.7294, 51.6383 ] ] ], [ [ [ 0.7155, 51.638 ], [ 0.7153, 51.6377 ], [ 0.7137, 51.6374 ], [ 0.714, 51.6375 ], [ 0.7155, 51.638 ] ] ], [ [ [ 0.7493, 51.6368 ], [ 0.7489, 51.6373 ], [ 0.75, 51.638 ], [ 0.7498, 51.6391 ], [ 0.7514, 51.6382 ], [ 0.7493, 51.6368 ] ] ], [ [ [ 0.7135, 51.6374 ], [ 0.7117, 51.6373 ], [ 0.7158, 51.6412 ], [ 0.7172, 51.6416 ], [ 0.7199, 51.6417 ], [ 0.723, 51.6414 ], [ 0.723, 51.6408 ], [ 0.7192, 51.6414 ], [ 0.7169, 51.6413 ], [ 0.7161, 51.6412 ], [ 0.7158, 51.641 ], [ 0.7157, 51.6405 ], [ 0.715, 51.6401 ], [ 0.7137, 51.6383 ], [ 0.7135, 51.6374 ] ] ], [ [ [ 0.7183, 51.6389 ], [ 0.721, 51.6392 ], [ 0.7212, 51.6403 ], [ 0.7252, 51.6396 ], [ 0.7245, 51.6387 ], [ 0.7292, 51.6379 ], [ 0.7294, 51.6375 ], [ 0.7295, 51.6373 ], [ 0.7313, 51.6364 ], [ 0.734, 51.6374 ], [ 0.733, 51.6361 ], [ 0.7343, 51.6363 ], [ 0.7336, 51.635 ], [ 0.7242, 51.6387 ], [ 0.7205, 51.6388 ], [ 0.7153, 51.6377 ], [ 0.7183, 51.6389 ] ] ], [ [ [ 0.7346, 51.6364 ], [ 0.737, 51.6352 ], [ 0.7384, 51.6345 ], [ 0.7343, 51.6363 ], [ 0.7346, 51.6364 ] ] ], [ [ [ 0.7389, 51.6387 ], [ 0.7379, 51.6375 ], [ 0.7356, 51.6376 ], [ 0.7389, 51.6387 ] ] ], [ [ [ 0.7144, 51.6382 ], [ 0.7138, 51.6379 ], [ 0.714, 51.6385 ], [ 0.7144, 51.6382 ] ] ], [ [ [ 0.7168, 51.6388 ], [ 0.7172, 51.6386 ], [ 0.716, 51.6382 ], [ 0.7168, 51.6388 ] ] ], [ [ [ 0.7352, 51.6393 ], [ 0.7358, 51.6382 ], [ 0.7323, 51.638 ], [ 0.7352, 51.6393 ] ] ], [ [ [ 0.7288, 51.6381 ], [ 0.7285, 51.6381 ], [ 0.7286, 51.6392 ], [ 0.7288, 51.6381 ] ] ], [ [ [ 0.7293, 51.6384 ], [ 0.7289, 51.6396 ], [ 0.7328, 51.6395 ], [ 0.7293, 51.6384 ] ] ], [ [ [ 0.7551, 51.6388 ], [ 0.7527, 51.638 ], [ 0.7529, 51.6396 ], [ 0.7534, 51.6395 ], [ 0.7551, 51.6388 ] ] ], [ [ [ 0.7274, 51.6384 ], [ 0.7253, 51.6387 ], [ 0.7253, 51.6394 ], [ 0.7274, 51.6384 ] ] ], [ [ [ 0.7148, 51.6396 ], [ 0.7159, 51.6395 ], [ 0.7157, 51.6383 ], [ 0.7148, 51.6396 ] ] ], [ [ [ 0.7168, 51.6391 ], [ 0.7176, 51.6392 ], [ 0.7174, 51.6389 ], [ 0.7168, 51.6391 ] ] ], [ [ [ 0.7374, 51.6391 ], [ 0.739, 51.6394 ], [ 0.7387, 51.6388 ], [ 0.7374, 51.6391 ] ] ], [ [ [ 0.7525, 51.638 ], [ 0.7516, 51.6381 ], [ 0.7519, 51.6386 ], [ 0.7525, 51.638 ] ] ], [ [ [ 0.7262, 51.6397 ], [ 0.7248, 51.6401 ], [ 0.7279, 51.6402 ], [ 0.7262, 51.6397 ] ] ], [ [ [ 0.7408, 51.6399 ], [ 0.7419, 51.6396 ], [ 0.7395, 51.6388 ], [ 0.7408, 51.6399 ] ] ], [ [ [ 0.7513, 51.6378 ], [ 0.7525, 51.6373 ], [ 0.7497, 51.6364 ], [ 0.7513, 51.6378 ] ] ], [ [ [ 0.7553, 51.6386 ], [ 0.756, 51.6395 ], [ 0.7617, 51.6403 ], [ 0.7619, 51.6407 ], [ 0.7584, 51.641 ], [ 0.7524, 51.6415 ], [ 0.7495, 51.6403 ], [ 0.7486, 51.6375 ], [ 0.7469, 51.6392 ], [ 0.7507, 51.6414 ], [ 0.7512, 51.6423 ], [ 0.7611, 51.6417 ], [ 0.7628, 51.6403 ], [ 0.7525, 51.6373 ], [ 0.7553, 51.6386 ] ] ], [ [ [ 0.7163, 51.639 ], [ 0.7161, 51.6396 ], [ 0.7177, 51.64 ], [ 0.7163, 51.639 ] ] ], [ [ [ 0.7178, 51.6389 ], [ 0.7181, 51.6399 ], [ 0.721, 51.6395 ], [ 0.7178, 51.6389 ] ] ], [ [ [ 0.757, 51.6397 ], [ 0.7533, 51.6396 ], [ 0.7528, 51.6405 ], [ 0.757, 51.6397 ] ] ], [ [ [ 0.7156, 51.6403 ], [ 0.7161, 51.6402 ], [ 0.7166, 51.6403 ], [ 0.7167, 51.6402 ], [ 0.7153, 51.6401 ], [ 0.7156, 51.6403 ] ] ], [ [ [ 0.7242, 51.6405 ], [ 0.7248, 51.6404 ], [ 0.7243, 51.6401 ], [ 0.7242, 51.6405 ] ] ], [ [ [ 0.7584, 51.641 ], [ 0.7572, 51.6398 ], [ 0.7557, 51.6403 ], [ 0.7584, 51.641 ] ] ], [ [ [ 0.7239, 51.6403 ], [ 0.7235, 51.6404 ], [ 0.7236, 51.6406 ], [ 0.7239, 51.6403 ] ] ], [ [ [ 0.7498, 51.641 ], [ 0.7467, 51.6392 ], [ 0.7461, 51.6395 ], [ 0.7498, 51.641 ] ] ], [ [ [ 0.7432, 51.6401 ], [ 0.7427, 51.6402 ], [ 0.7451, 51.6409 ], [ 0.7432, 51.6401 ] ] ], [ [ [ 0.7268, 51.6404 ], [ 0.7255, 51.6405 ], [ 0.7262, 51.6406 ], [ 0.7268, 51.6404 ] ] ], [ [ [ 0.7175, 51.6413 ], [ 0.7179, 51.6401 ], [ 0.7165, 51.6404 ], [ 0.7175, 51.6413 ] ] ], [ [ [ 0.718, 51.6401 ], [ 0.7176, 51.6413 ], [ 0.7191, 51.6413 ], [ 0.718, 51.6401 ] ] ], [ [ [ 0.7193, 51.641 ], [ 0.7229, 51.6407 ], [ 0.7227, 51.6404 ], [ 0.7193, 51.641 ] ] ], [ [ [ 0.7313, 51.6412 ], [ 0.736, 51.6406 ], [ 0.7287, 51.6401 ], [ 0.7289, 51.6393 ], [ 0.7278, 51.6404 ], [ 0.7256, 51.6408 ], [ 0.7249, 51.6405 ], [ 0.7237, 51.6407 ], [ 0.7317, 51.6422 ], [ 0.7393, 51.64 ], [ 0.7427, 51.6405 ], [ 0.7424, 51.6402 ], [ 0.7432, 51.6401 ], [ 0.7453, 51.6399 ], [ 0.7457, 51.641 ], [ 0.7451, 51.6409 ], [ 0.7442, 51.6409 ], [ 0.7474, 51.6422 ], [ 0.7505, 51.6424 ], [ 0.7506, 51.6418 ], [ 0.7455, 51.6397 ], [ 0.7408, 51.64 ], [ 0.7394, 51.6398 ], [ 0.7369, 51.6402 ], [ 0.7357, 51.6398 ], [ 0.7361, 51.6407 ], [ 0.7313, 51.6412 ] ] ], [ [ [ 0.8513, 51.7163 ], [ 0.848, 51.7159 ], [ 0.8491, 51.7171 ], [ 0.8513, 51.7163 ] ] ], [ [ [ 0.7877, 51.7223 ], [ 0.7546, 51.7249 ], [ 0.7562, 51.7267 ], [ 0.7698, 51.7268 ], [ 0.766, 51.7265 ], [ 0.7692, 51.7254 ], [ 0.7763, 51.7252 ], [ 0.7773, 51.7255 ], [ 0.7777, 51.725 ], [ 0.7877, 51.7223 ] ] ], [ [ [ 0.7312, 51.7219 ], [ 0.7262, 51.7171 ], [ 0.7081, 51.7196 ], [ 0.7312, 51.7219 ] ] ], [ [ [ 0.7794, 51.7247 ], [ 0.7783, 51.7249 ], [ 0.7795, 51.7253 ], [ 0.7794, 51.7247 ] ] ], [ [ [ 0.7828, 51.7252 ], [ 0.7791, 51.7256 ], [ 0.7797, 51.7259 ], [ 0.7828, 51.7252 ] ] ], [ [ [ 0.7721, 51.7266 ], [ 0.777, 51.7257 ], [ 0.7763, 51.7253 ], [ 0.7721, 51.7266 ] ] ], [ [ [ 0.7787, 51.7264 ], [ 0.7788, 51.7252 ], [ 0.7758, 51.7264 ], [ 0.7787, 51.7264 ] ] ], [ [ [ 0.7023, 51.7277 ], [ 0.7026, 51.7279 ], [ 0.7032, 51.7277 ], [ 0.7023, 51.7277 ] ] ], [ [ [ 0.7457, 51.7357 ], [ 0.7463, 51.7354 ], [ 0.7453, 51.735 ], [ 0.7457, 51.7357 ] ] ], [ [ [ 0.7465, 51.7357 ], [ 0.7454, 51.7359 ], [ 0.7457, 51.736 ], [ 0.7461, 51.736 ], [ 0.7465, 51.7357 ] ] ], [ [ [ 0.7137, 51.7357 ], [ 0.7121, 51.7358 ], [ 0.7126, 51.7364 ], [ 0.7137, 51.7357 ] ] ], [ [ [ 0.7457, 51.736 ], [ 0.7458, 51.7365 ], [ 0.7475, 51.7362 ], [ 0.7457, 51.736 ] ] ], [ [ [ 0.8437, 51.7395 ], [ 0.8455, 51.7389 ], [ 0.8418, 51.7383 ], [ 0.8437, 51.7395 ] ] ], [ [ [ 0.8229, 51.7388 ], [ 0.8218, 51.7386 ], [ 0.8226, 51.7395 ], [ 0.823, 51.7393 ], [ 0.8229, 51.7388 ] ] ], [ [ [ 0.8019, 51.7391 ], [ 0.8007, 51.7391 ], [ 0.801, 51.7393 ], [ 0.8019, 51.7391 ] ] ], [ [ [ 0.8006, 51.7394 ], [ 0.7995, 51.7394 ], [ 0.7996, 51.7396 ], [ 0.8006, 51.7394 ] ] ], [ [ [ 0.7712, 51.7396 ], [ 0.7723, 51.7403 ], [ 0.7717, 51.7395 ], [ 0.7712, 51.7396 ] ] ], [ [ [ 0.791, 51.7399 ], [ 0.792, 51.7403 ], [ 0.7914, 51.7396 ], [ 0.791, 51.7399 ] ] ], [ [ [ 0.7727, 51.7398 ], [ 0.7725, 51.7403 ], [ 0.7728, 51.7402 ], [ 0.7727, 51.7398 ] ] ], [ [ [ 0.7971, 51.7398 ], [ 0.7971, 51.7404 ], [ 0.798, 51.7403 ], [ 0.7971, 51.7398 ] ] ], [ [ [ 0.8423, 51.7401 ], [ 0.8418, 51.7403 ], [ 0.8424, 51.7407 ], [ 0.8423, 51.7401 ] ] ], [ [ [ 0.7909, 51.7401 ], [ 0.7905, 51.7403 ], [ 0.7912, 51.7408 ], [ 0.7909, 51.7401 ] ] ], [ [ [ 0.7762, 51.7405 ], [ 0.7756, 51.7404 ], [ 0.7758, 51.7408 ], [ 0.7762, 51.7405 ] ] ], [ [ [ 0.7721, 51.7405 ], [ 0.7723, 51.7412 ], [ 0.7732, 51.7408 ], [ 0.7721, 51.7405 ] ] ], [ [ [ 0.7733, 51.7413 ], [ 0.7724, 51.7414 ], [ 0.7731, 51.7417 ], [ 0.7733, 51.7413 ] ] ], [ [ [ 0.7754, 51.7416 ], [ 0.7759, 51.7422 ], [ 0.7762, 51.7417 ], [ 0.7754, 51.7416 ] ] ], [ [ [ 0.7749, 51.7421 ], [ 0.7752, 51.7419 ], [ 0.7742, 51.7415 ], [ 0.7749, 51.7421 ] ] ], [ [ [ 0.7738, 51.7416 ], [ 0.7735, 51.742 ], [ 0.7744, 51.7424 ], [ 0.7738, 51.7416 ] ] ], [ [ [ 0.7934, 51.7428 ], [ 0.7925, 51.7417 ], [ 0.7905, 51.7416 ], [ 0.7926, 51.7424 ], [ 0.7934, 51.7428 ] ] ], [ [ [ 0.7917, 51.7423 ], [ 0.7911, 51.7424 ], [ 0.7918, 51.7427 ], [ 0.7917, 51.7423 ] ] ], [ [ [ 0.776, 51.7425 ], [ 0.7764, 51.7434 ], [ 0.7766, 51.7431 ], [ 0.776, 51.7425 ] ] ], [ [ [ 0.792, 51.7435 ], [ 0.7922, 51.7441 ], [ 0.7925, 51.7435 ], [ 0.792, 51.7435 ] ] ], [ [ [ 0.851, 51.7464 ], [ 0.8529, 51.7446 ], [ 0.851, 51.7443 ], [ 0.851, 51.7464 ] ] ], [ [ [ 0.8469, 51.7454 ], [ 0.8473, 51.7471 ], [ 0.8494, 51.747 ], [ 0.8469, 51.7454 ] ] ], [ [ [ 0.8495, 51.7472 ], [ 0.8503, 51.7471 ], [ 0.85, 51.7469 ], [ 0.8495, 51.7472 ] ] ], [ [ [ 0.853, 51.7596 ], [ 0.8517, 51.7588 ], [ 0.8507, 51.7593 ], [ 0.853, 51.7596 ] ] ], [ [ [ 0.8542, 51.7612 ], [ 0.8545, 51.7609 ], [ 0.8512, 51.7604 ], [ 0.8542, 51.7612 ] ] ], [ [ [ 0.8492, 51.761 ], [ 0.849, 51.7617 ], [ 0.8505, 51.7617 ], [ 0.8492, 51.761 ] ] ], [ [ [ 0.8512, 51.7619 ], [ 0.8535, 51.7643 ], [ 0.8531, 51.7646 ], [ 0.8521, 51.7655 ], [ 0.8607, 51.7643 ], [ 0.8512, 51.7619 ] ] ], [ [ [ 0.8485, 51.7638 ], [ 0.8448, 51.7648 ], [ 0.8472, 51.7665 ], [ 0.8509, 51.7662 ], [ 0.8515, 51.7656 ], [ 0.8503, 51.7659 ], [ 0.8487, 51.7653 ], [ 0.8485, 51.7638 ] ] ], [ [ [ 0.8517, 51.7656 ], [ 0.8512, 51.766 ], [ 0.8549, 51.7662 ], [ 0.8562, 51.7659 ], [ 0.8517, 51.7656 ] ] ], [ [ [ 0.8455, 51.7684 ], [ 0.848, 51.767 ], [ 0.8449, 51.7661 ], [ 0.8455, 51.7684 ] ] ], [ [ [ 0.8562, 51.7677 ], [ 0.8331, 51.77 ], [ 0.8377, 51.7738 ], [ 0.8562, 51.7677 ] ] ], [ [ [ 0.8496, 51.7728 ], [ 0.8518, 51.7724 ], [ 0.8515, 51.7706 ], [ 0.8496, 51.7728 ] ] ], [ [ [ 0.8528, 51.7705 ], [ 0.8515, 51.7735 ], [ 0.8562, 51.7733 ], [ 0.8528, 51.7705 ] ] ], [ [ [ 0.8446, 51.7724 ], [ 0.8465, 51.7725 ], [ 0.8482, 51.7716 ], [ 0.8446, 51.7724 ] ] ], [ [ [ 0.845, 51.773 ], [ 0.8444, 51.7724 ], [ 0.8448, 51.7731 ], [ 0.845, 51.773 ] ] ], [ [ [ 0.8421, 51.7732 ], [ 0.8407, 51.7736 ], [ 0.8423, 51.7737 ], [ 0.8421, 51.7732 ] ] ], [ [ [ 0.8446, 51.7804 ], [ 0.8451, 51.7811 ], [ 0.8469, 51.7818 ], [ 0.8446, 51.7804 ] ] ], [ [ [ 0.8505, 51.7831 ], [ 0.8521, 51.7836 ], [ 0.8531, 51.7835 ], [ 0.8505, 51.7831 ] ] ], [ [ [ 0.734, 52.9633 ], [ 0.7336, 52.9639 ], [ 0.734, 52.9635 ], [ 0.734, 52.9633 ] ] ], [ [ [ 0.7355, 52.9639 ], [ 0.7365, 52.9641 ], [ 0.7358, 52.9637 ], [ 0.7355, 52.9639 ] ] ], [ [ [ 0.7339, 52.9645 ], [ 0.7347, 52.9635 ], [ 0.7341, 52.9635 ], [ 0.7339, 52.9645 ] ] ], [ [ [ 0.7335, 52.9644 ], [ 0.7329, 52.9648 ], [ 0.7335, 52.9647 ], [ 0.7335, 52.9644 ] ] ], [ [ [ 0.7392, 52.9652 ], [ 0.7403, 52.9648 ], [ 0.7395, 52.9646 ], [ 0.7392, 52.9652 ] ] ], [ [ [ 0.7329, 52.9648 ], [ 0.7312, 52.9646 ], [ 0.7357, 52.9658 ], [ 0.7355, 52.9661 ], [ 0.7348, 52.9664 ], [ 0.7353, 52.9669 ], [ 0.7381, 52.9654 ], [ 0.7329, 52.9648 ] ] ], [ [ [ 0.7428, 52.9655 ], [ 0.7428, 52.9665 ], [ 0.7442, 52.9658 ], [ 0.7428, 52.9655 ] ] ], [ [ [ 0.7345, 52.9657 ], [ 0.7339, 52.9664 ], [ 0.7349, 52.9669 ], [ 0.7348, 52.9664 ], [ 0.7347, 52.9663 ], [ 0.7345, 52.9657 ] ] ], [ [ [ 0.7427, 52.9653 ], [ 0.7401, 52.9656 ], [ 0.7386, 52.9672 ], [ 0.7427, 52.9653 ] ] ], [ [ [ 0.7349, 52.9666 ], [ 0.7351, 52.9671 ], [ 0.7358, 52.9669 ], [ 0.7353, 52.9669 ], [ 0.7352, 52.967 ], [ 0.7349, 52.9666 ] ] ], [ [ [ 0.7471, 52.9672 ], [ 0.7481, 52.9679 ], [ 0.7472, 52.9665 ], [ 0.7471, 52.9672 ] ] ], [ [ [ 0.7445, 52.9656 ], [ 0.7425, 52.9684 ], [ 0.7361, 52.9672 ], [ 0.7438, 52.969 ], [ 0.7466, 52.9697 ], [ 0.7445, 52.9656 ] ] ], [ [ [ 0.7372, 52.9682 ], [ 0.7355, 52.9674 ], [ 0.7356, 52.9691 ], [ 0.7372, 52.9682 ] ] ], [ [ [ 0.7477, 52.968 ], [ 0.7475, 52.969 ], [ 0.7483, 52.9691 ], [ 0.7477, 52.968 ] ] ], [ [ [ 0.7411, 52.9687 ], [ 0.7403, 52.9688 ], [ 0.7408, 52.9691 ], [ 0.7411, 52.9687 ] ] ], [ [ [ 0.7415, 52.9689 ], [ 0.7425, 52.9694 ], [ 0.7438, 52.969 ], [ 0.7415, 52.9689 ] ] ], [ [ [ 0.7343, 52.9702 ], [ 0.7331, 52.9717 ], [ 0.7349, 52.972 ], [ 0.7343, 52.9702 ] ] ], [ [ [ 0.7563, 52.9714 ], [ 0.7584, 52.9716 ], [ 0.7545, 52.9706 ], [ 0.7563, 52.9714 ] ] ], [ [ [ 0.749, 52.9717 ], [ 0.75, 52.9716 ], [ 0.7496, 52.9712 ], [ 0.7473, 52.9719 ], [ 0.749, 52.9717 ] ] ], [ [ [ 0.7212, 52.972 ], [ 0.7218, 52.9718 ], [ 0.7212, 52.9717 ], [ 0.7212, 52.972 ] ] ], [ [ [ 0.7184, 52.9733 ], [ 0.7184, 52.9726 ], [ 0.7152, 52.9728 ], [ 0.7168, 52.9729 ], [ 0.7184, 52.9733 ] ] ], [ [ [ 0.7108, 52.9732 ], [ 0.7114, 52.9728 ], [ 0.71, 52.9726 ], [ 0.7108, 52.9732 ] ] ], [ [ [ 0.7099, 52.9727 ], [ 0.7082, 52.9729 ], [ 0.7097, 52.9731 ], [ 0.7099, 52.9727 ] ] ], [ [ [ 0.7167, 52.9719 ], [ 0.7104, 52.9734 ], [ 0.7083, 52.9732 ], [ 0.7115, 52.9741 ], [ 0.7117, 52.9734 ], [ 0.7167, 52.9719 ] ] ], [ [ [ 0.7282, 52.9736 ], [ 0.7286, 52.9726 ], [ 0.7214, 52.973 ], [ 0.7207, 52.9718 ], [ 0.7209, 52.9732 ], [ 0.7224, 52.9737 ], [ 0.7282, 52.9736 ] ] ], [ [ [ 0.7083, 52.9732 ], [ 0.708, 52.973 ], [ 0.7069, 52.9731 ], [ 0.7083, 52.9733 ], [ 0.7083, 52.9732 ] ] ], [ [ [ 0.7206, 52.9718 ], [ 0.7171, 52.9719 ], [ 0.7191, 52.9727 ], [ 0.719, 52.9739 ], [ 0.7204, 52.9743 ], [ 0.7212, 52.9747 ], [ 0.7224, 52.9745 ], [ 0.7194, 52.9737 ], [ 0.7196, 52.973 ], [ 0.7206, 52.9718 ] ] ], [ [ [ 0.7293, 52.9739 ], [ 0.7306, 52.973 ], [ 0.7287, 52.9727 ], [ 0.7293, 52.9739 ] ] ], [ [ [ 0.7069, 52.9732 ], [ 0.7062, 52.9738 ], [ 0.7084, 52.974 ], [ 0.7069, 52.9732 ] ] ], [ [ [ 0.7276, 52.9737 ], [ 0.7273, 52.9738 ], [ 0.7287, 52.974 ], [ 0.7276, 52.9737 ] ] ], [ [ [ 0.7052, 52.9743 ], [ 0.7053, 52.9746 ], [ 0.706, 52.9732 ], [ 0.7052, 52.9743 ] ] ], [ [ [ 0.7092, 52.9739 ], [ 0.7101, 52.9746 ], [ 0.7107, 52.9744 ], [ 0.7092, 52.9739 ] ] ], [ [ [ 0.7254, 52.9746 ], [ 0.7251, 52.9742 ], [ 0.7233, 52.9746 ], [ 0.7254, 52.9746 ] ] ], [ [ [ 0.7131, 52.9742 ], [ 0.7128, 52.9742 ], [ 0.7131, 52.9738 ], [ 0.7116, 52.9751 ], [ 0.7131, 52.9742 ] ] ], [ [ [ 0.7251, 52.9748 ], [ 0.7275, 52.9744 ], [ 0.7276, 52.9744 ], [ 0.7286, 52.9745 ], [ 0.73, 52.9749 ], [ 0.7292, 52.9742 ], [ 0.729, 52.9741 ], [ 0.7251, 52.9748 ] ] ], [ [ [ 0.7048, 52.9739 ], [ 0.7043, 52.9755 ], [ 0.705, 52.9751 ], [ 0.7048, 52.9739 ] ] ], [ [ [ 0.7351, 52.9748 ], [ 0.7337, 52.9744 ], [ 0.7355, 52.9754 ], [ 0.7423, 52.9751 ], [ 0.7351, 52.9748 ] ] ], [ [ [ 0.7326, 52.9751 ], [ 0.7327, 52.9757 ], [ 0.7325, 52.9758 ], [ 0.7343, 52.9755 ], [ 0.7326, 52.9751 ] ] ], [ [ [ 0.7292, 52.9742 ], [ 0.7303, 52.975 ], [ 0.73, 52.9754 ], [ 0.7305, 52.975 ], [ 0.7309, 52.9754 ], [ 0.7301, 52.9757 ], [ 0.7326, 52.9756 ], [ 0.7292, 52.9742 ] ] ], [ [ [ 0.7347, 52.9759 ], [ 0.7277, 52.976 ], [ 0.7275, 52.9744 ], [ 0.7272, 52.9753 ], [ 0.7269, 52.9756 ], [ 0.7254, 52.9761 ], [ 0.7194, 52.9754 ], [ 0.7202, 52.9744 ], [ 0.7166, 52.9744 ], [ 0.7173, 52.9731 ], [ 0.7159, 52.9735 ], [ 0.7162, 52.973 ], [ 0.7149, 52.973 ], [ 0.7131, 52.9738 ], [ 0.7144, 52.9744 ], [ 0.7144, 52.9745 ], [ 0.7136, 52.9749 ], [ 0.7138, 52.9751 ], [ 0.7151, 52.9752 ], [ 0.7145, 52.9756 ], [ 0.7053, 52.9759 ], [ 0.7258, 52.9773 ], [ 0.7347, 52.9759 ] ] ], [ [ [ 0.7084, 52.977 ], [ 0.7077, 52.977 ], [ 0.7086, 52.9775 ], [ 0.7084, 52.977 ] ] ], [ [ [ 0.7286, 52.9771 ], [ 0.7253, 52.9776 ], [ 0.7274, 52.9776 ], [ 0.7286, 52.9771 ] ] ], [ [ [ 0.7106, 52.9781 ], [ 0.7135, 52.9767 ], [ 0.7109, 52.9775 ], [ 0.7106, 52.9781 ] ] ], [ [ [ 0.7397, 52.9764 ], [ 0.7356, 52.9762 ], [ 0.7317, 52.9785 ], [ 0.7311, 52.9783 ], [ 0.7317, 52.9788 ], [ 0.7325, 52.9785 ], [ 0.7363, 52.9788 ], [ 0.7397, 52.9764 ] ] ], [ [ [ 0.7086, 52.9775 ], [ 0.7056, 52.9771 ], [ 0.7092, 52.9782 ], [ 0.7088, 52.9775 ], [ 0.7086, 52.9775 ] ] ], [ [ [ 0.74, 52.9772 ], [ 0.739, 52.978 ], [ 0.7411, 52.9773 ], [ 0.74, 52.9772 ] ] ], [ [ [ 0.7105, 52.9781 ], [ 0.7105, 52.9778 ], [ 0.7097, 52.9773 ], [ 0.7098, 52.9776 ], [ 0.7098, 52.9781 ], [ 0.71, 52.9779 ], [ 0.7101, 52.978 ], [ 0.7105, 52.9781 ] ] ], [ [ [ 0.7393, 52.9775 ], [ 0.7383, 52.9779 ], [ 0.7388, 52.9781 ], [ 0.7393, 52.9775 ] ] ], [ [ [ 0.7123, 52.9783 ], [ 0.7145, 52.9786 ], [ 0.7142, 52.9775 ], [ 0.7141, 52.9774 ], [ 0.7151, 52.9771 ], [ 0.714, 52.9771 ], [ 0.7123, 52.9783 ] ] ], [ [ [ 0.7202, 52.9774 ], [ 0.7195, 52.9773 ], [ 0.7172, 52.9772 ], [ 0.7202, 52.9774 ] ] ], [ [ [ 0.7149, 52.9787 ], [ 0.7159, 52.9787 ], [ 0.7156, 52.9785 ], [ 0.7155, 52.9785 ], [ 0.7151, 52.9777 ], [ 0.7147, 52.9779 ], [ 0.7147, 52.9777 ], [ 0.7148, 52.9776 ], [ 0.7151, 52.9771 ], [ 0.7142, 52.9775 ], [ 0.7149, 52.9787 ] ] ], [ [ [ 0.7155, 52.9771 ], [ 0.7148, 52.9776 ], [ 0.7151, 52.9777 ], [ 0.7154, 52.9779 ], [ 0.7156, 52.9785 ], [ 0.716, 52.9785 ], [ 0.7162, 52.9784 ], [ 0.7162, 52.9787 ], [ 0.7164, 52.9777 ], [ 0.7155, 52.9771 ] ] ], [ [ [ 0.7405, 52.9782 ], [ 0.7427, 52.9775 ], [ 0.7416, 52.9775 ], [ 0.7407, 52.978 ], [ 0.7403, 52.978 ], [ 0.7405, 52.9782 ] ] ], [ [ [ 0.7185, 52.9774 ], [ 0.7204, 52.9785 ], [ 0.7199, 52.9779 ], [ 0.7214, 52.9776 ], [ 0.7185, 52.9774 ] ] ], [ [ [ 0.7271, 52.9783 ], [ 0.7272, 52.9783 ], [ 0.7274, 52.9781 ], [ 0.7269, 52.978 ], [ 0.7271, 52.9783 ] ] ], [ [ [ 0.7309, 52.9787 ], [ 0.7304, 52.9781 ], [ 0.7327, 52.977 ], [ 0.7275, 52.9779 ], [ 0.7302, 52.9782 ], [ 0.7311, 52.9795 ], [ 0.7303, 52.9792 ], [ 0.7301, 52.9783 ], [ 0.727, 52.9788 ], [ 0.7268, 52.978 ], [ 0.7242, 52.9783 ], [ 0.7251, 52.9783 ], [ 0.7252, 52.9788 ], [ 0.726, 52.9788 ], [ 0.7262, 52.9791 ], [ 0.7283, 52.9787 ], [ 0.73, 52.9793 ], [ 0.7303, 52.9797 ], [ 0.7317, 52.9796 ], [ 0.7312, 52.9795 ], [ 0.732, 52.9792 ], [ 0.7323, 52.9793 ], [ 0.7333, 52.9795 ], [ 0.7309, 52.9787 ] ] ], [ [ [ 0.7276, 52.9782 ], [ 0.7272, 52.9783 ], [ 0.7276, 52.9783 ], [ 0.7282, 52.9784 ], [ 0.7276, 52.9782 ] ] ], [ [ [ 0.719, 52.9786 ], [ 0.7187, 52.9785 ], [ 0.7186, 52.9787 ], [ 0.7196, 52.9788 ], [ 0.7197, 52.9788 ], [ 0.7201, 52.9786 ], [ 0.7197, 52.9786 ], [ 0.7192, 52.9784 ], [ 0.719, 52.9786 ] ] ], [ [ [ 0.7223, 52.9783 ], [ 0.7227, 52.9783 ], [ 0.7226, 52.9779 ], [ 0.7225, 52.9779 ], [ 0.721, 52.9779 ], [ 0.7223, 52.9783 ] ] ], [ [ [ 0.7397, 52.9784 ], [ 0.7397, 52.9787 ], [ 0.7405, 52.9784 ], [ 0.7407, 52.9782 ], [ 0.7403, 52.9784 ], [ 0.7397, 52.9784 ] ] ], [ [ [ 0.7228, 52.9789 ], [ 0.7241, 52.979 ], [ 0.7234, 52.9779 ], [ 0.7228, 52.9789 ] ] ], [ [ [ 0.7211, 52.9785 ], [ 0.7203, 52.9786 ], [ 0.721, 52.9787 ], [ 0.7211, 52.9785 ] ] ], [ [ [ 0.7165, 52.9785 ], [ 0.7164, 52.9788 ], [ 0.7172, 52.9785 ], [ 0.7165, 52.9785 ] ] ], [ [ [ 0.7389, 52.9785 ], [ 0.7382, 52.978 ], [ 0.7389, 52.9788 ], [ 0.7385, 52.9798 ], [ 0.7391, 52.9788 ], [ 0.7391, 52.9787 ], [ 0.7395, 52.9787 ], [ 0.7397, 52.9784 ], [ 0.7403, 52.978 ], [ 0.7389, 52.9785 ] ] ], [ [ [ 0.7248, 52.9787 ], [ 0.7242, 52.9783 ], [ 0.7236, 52.978 ], [ 0.7244, 52.9791 ], [ 0.7239, 52.9791 ], [ 0.7247, 52.9793 ], [ 0.726, 52.9789 ], [ 0.7248, 52.9791 ], [ 0.7248, 52.9787 ] ] ], [ [ [ 0.7151, 52.9788 ], [ 0.712, 52.9786 ], [ 0.7125, 52.9791 ], [ 0.7134, 52.9789 ], [ 0.7142, 52.979 ], [ 0.7149, 52.9789 ], [ 0.7152, 52.979 ], [ 0.7157, 52.9788 ], [ 0.7164, 52.9788 ], [ 0.7162, 52.9787 ], [ 0.7161, 52.9787 ], [ 0.716, 52.9785 ], [ 0.7159, 52.9787 ], [ 0.7151, 52.9788 ] ] ], [ [ [ 0.7329, 52.9799 ], [ 0.7335, 52.9797 ], [ 0.7323, 52.9793 ], [ 0.7319, 52.9796 ], [ 0.7329, 52.9799 ] ] ], [ [ [ 0.7196, 52.9788 ], [ 0.719, 52.9788 ], [ 0.7195, 52.9792 ], [ 0.7196, 52.9788 ] ] ], [ [ [ 0.7391, 52.9788 ], [ 0.7389, 52.9796 ], [ 0.7401, 52.9789 ], [ 0.7391, 52.9788 ] ] ], [ [ [ 0.7379, 52.9801 ], [ 0.738, 52.978 ], [ 0.7371, 52.9804 ], [ 0.7259, 52.9819 ], [ 0.7201, 52.9786 ], [ 0.7196, 52.979 ], [ 0.7201, 52.9792 ], [ 0.7179, 52.9797 ], [ 0.7189, 52.9788 ], [ 0.7186, 52.9787 ], [ 0.7186, 52.9785 ], [ 0.7178, 52.9782 ], [ 0.7181, 52.9779 ], [ 0.7166, 52.9774 ], [ 0.7183, 52.979 ], [ 0.7171, 52.9787 ], [ 0.7176, 52.979 ], [ 0.7176, 52.9792 ], [ 0.7167, 52.9805 ], [ 0.7172, 52.9812 ], [ 0.7167, 52.9815 ], [ 0.7173, 52.9814 ], [ 0.7189, 52.9828 ], [ 0.7035, 52.9838 ], [ 0.7062, 52.9795 ], [ 0.7009, 52.9792 ], [ 0.7026, 52.9849 ], [ 0.6904, 52.987 ], [ 0.6821, 52.9774 ], [ 0.6575, 52.9844 ], [ 0.6894, 52.9879 ], [ 0.751, 52.9791 ], [ 0.7379, 52.9801 ] ], [ [ 0.7202, 52.9792 ], [ 0.7202, 52.9798 ], [ 0.7205, 52.9798 ], [ 0.72, 52.9809 ], [ 0.7208, 52.981 ], [ 0.7224, 52.9824 ], [ 0.7217, 52.9825 ], [ 0.7179, 52.9807 ], [ 0.7201, 52.9792 ], [ 0.7202, 52.9792 ] ] ], [ [ [ 1.3481, 51.2744 ], [ 1.3365, 51.282 ], [ 1.3324, 51.281 ], [ 1.3317, 51.2841 ], [ 1.3284, 51.2866 ], [ 1.3544, 51.2891 ], [ 1.3481, 51.2744 ] ] ], [ [ [ 1.1248, 51.2962 ], [ 1.1254, 51.2958 ], [ 1.1237, 51.2955 ], [ 1.1219, 51.2964 ], [ 1.1248, 51.2962 ] ] ], [ [ [ 0.8765, 51.3589 ], [ 0.8747, 51.3601 ], [ 0.8757, 51.3602 ], [ 0.8765, 51.3589 ] ] ], [ [ [ 0.8811, 51.3598 ], [ 0.8812, 51.3602 ], [ 0.882, 51.3598 ], [ 0.8811, 51.3598 ] ] ], [ [ [ 0.8754, 51.3618 ], [ 0.8764, 51.3625 ], [ 0.8796, 51.3612 ], [ 0.8754, 51.3618 ] ] ], [ [ [ 0.8629, 51.3652 ], [ 0.8648, 51.3644 ], [ 0.8633, 51.3641 ], [ 0.8629, 51.3652 ] ] ], [ [ [ 0.8606, 51.364 ], [ 0.8615, 51.3656 ], [ 0.8626, 51.3642 ], [ 0.8606, 51.364 ] ] ], [ [ [ 0.8585, 51.3669 ], [ 0.8614, 51.3657 ], [ 0.8604, 51.364 ], [ 0.8585, 51.3669 ] ] ], [ [ [ 0.8586, 51.3681 ], [ 0.8594, 51.3687 ], [ 0.8588, 51.3681 ], [ 0.8586, 51.3681 ] ] ], [ [ [ 0.8583, 51.368 ], [ 0.8581, 51.3681 ], [ 0.8586, 51.3681 ], [ 0.8583, 51.368 ] ] ], [ [ [ 0.8581, 51.3684 ], [ 0.8584, 51.3696 ], [ 0.8586, 51.369 ], [ 0.8581, 51.3684 ] ] ], [ [ [ 0.9584, 51.6198 ], [ 0.9537, 51.6131 ], [ 0.9293, 51.5928 ], [ 0.8637, 51.5584 ], [ 0.8358, 51.5669 ], [ 0.9584, 51.6198 ] ] ], [ [ [ 0.8661, 51.6013 ], [ 0.8632, 51.5963 ], [ 0.8562, 51.5957 ], [ 0.8661, 51.6013 ] ] ], [ [ [ 0.8642, 51.6077 ], [ 0.8658, 51.6025 ], [ 0.8621, 51.6031 ], [ 0.8642, 51.6077 ] ] ], [ [ [ 0.9221, 51.6289 ], [ 0.9209, 51.6291 ], [ 0.9228, 51.6292 ], [ 0.9221, 51.6289 ] ] ], [ [ [ 0.9402, 51.6781 ], [ 0.9411, 51.678 ], [ 0.9402, 51.6765 ], [ 0.9402, 51.6781 ] ] ], [ [ [ 0.8866, 51.7374 ], [ 0.8779, 51.7306 ], [ 0.8809, 51.7344 ], [ 0.8866, 51.7374 ] ] ], [ [ [ 0.8872, 51.7348 ], [ 0.8866, 51.735 ], [ 0.8873, 51.7355 ], [ 0.8872, 51.7348 ] ] ], [ [ [ 0.8765, 51.7587 ], [ 0.8763, 51.759 ], [ 0.877, 51.7588 ], [ 0.8765, 51.7587 ] ] ], [ [ [ 0.8748, 51.7597 ], [ 0.8755, 51.7594 ], [ 0.8753, 51.759 ], [ 0.8748, 51.7597 ] ] ], [ [ [ 0.8718, 51.7607 ], [ 0.8696, 51.7611 ], [ 0.8704, 51.7611 ], [ 0.8718, 51.7607 ] ] ], [ [ [ 0.8804, 51.7611 ], [ 0.8809, 51.7608 ], [ 0.8797, 51.7611 ], [ 0.8802, 51.7611 ], [ 0.8804, 51.7611 ] ] ], [ [ [ 0.8724, 51.7638 ], [ 0.8837, 51.7611 ], [ 0.8813, 51.7607 ], [ 0.8804, 51.7611 ], [ 0.8777, 51.7616 ], [ 0.8724, 51.7638 ] ] ], [ [ [ 0.875, 51.7617 ], [ 0.87, 51.7633 ], [ 0.8738, 51.7624 ], [ 0.875, 51.7617 ] ] ], [ [ [ 0.8658, 51.7623 ], [ 0.8621, 51.763 ], [ 0.8628, 51.7631 ], [ 0.8658, 51.7623 ] ] ], [ [ [ 0.8891, 51.7656 ], [ 0.8899, 51.7651 ], [ 0.8882, 51.7647 ], [ 0.8891, 51.7656 ] ] ], [ [ [ 0.8905, 51.768 ], [ 0.8936, 51.7665 ], [ 0.8891, 51.7657 ], [ 0.8905, 51.768 ] ] ], [ [ [ 0.8645, 51.7676 ], [ 0.8618, 51.7682 ], [ 0.8693, 51.7681 ], [ 0.8717, 51.7672 ], [ 0.8645, 51.7676 ] ] ], [ [ [ 0.8895, 51.7692 ], [ 0.8886, 51.7684 ], [ 0.8881, 51.7687 ], [ 0.8885, 51.769 ], [ 0.888, 51.7694 ], [ 0.8895, 51.7692 ] ] ], [ [ [ 0.8874, 51.7693 ], [ 0.887, 51.769 ], [ 0.8861, 51.7697 ], [ 0.8874, 51.7693 ] ] ], [ [ [ 0.9027, 51.7706 ], [ 0.8972, 51.7714 ], [ 0.8988, 51.7737 ], [ 0.9027, 51.7706 ] ] ], [ [ [ 0.8868, 51.7715 ], [ 0.8859, 51.7723 ], [ 0.8871, 51.7727 ], [ 0.8868, 51.7715 ] ] ], [ [ [ 0.8575, 51.7732 ], [ 0.8579, 51.7731 ], [ 0.8575, 51.7715 ], [ 0.8575, 51.7732 ] ] ], [ [ [ 0.8859, 51.7724 ], [ 0.8869, 51.773 ], [ 0.8867, 51.7726 ], [ 0.8859, 51.7724 ] ] ], [ [ [ 0.8954, 51.7721 ], [ 0.8956, 51.775 ], [ 0.8961, 51.774 ], [ 0.8954, 51.7721 ] ] ], [ [ [ 0.8859, 51.7727 ], [ 0.8844, 51.7737 ], [ 0.8844, 51.7744 ], [ 0.8859, 51.7727 ] ] ], [ [ [ 0.8922, 51.7718 ], [ 0.8843, 51.7791 ], [ 0.888, 51.7777 ], [ 0.8922, 51.7718 ] ] ], [ [ [ 0.8814, 51.7766 ], [ 0.8818, 51.7767 ], [ 0.8821, 51.7764 ], [ 0.8814, 51.7766 ] ] ], [ [ [ 0.8814, 51.7767 ], [ 0.8811, 51.777 ], [ 0.8816, 51.7769 ], [ 0.8814, 51.7767 ] ] ], [ [ [ 0.8809, 51.7771 ], [ 0.8803, 51.7774 ], [ 0.8806, 51.7776 ], [ 0.8809, 51.7771 ] ] ], [ [ [ 0.8935, 51.7744 ], [ 0.8848, 51.7805 ], [ 0.8926, 51.779 ], [ 0.8935, 51.7744 ] ] ], [ [ [ 0.8802, 51.7775 ], [ 0.8797, 51.7779 ], [ 0.8804, 51.7778 ], [ 0.8802, 51.7775 ] ] ], [ [ [ 0.8787, 51.779 ], [ 0.877, 51.7795 ], [ 0.8717, 51.7802 ], [ 0.876, 51.78 ], [ 0.8787, 51.779 ] ] ], [ [ [ 1.0361, 51.7759 ], [ 1.0477, 51.7703 ], [ 1.0346, 51.7763 ], [ 1.0329, 51.7783 ], [ 1.0295, 51.7896 ], [ 1.0361, 51.7759 ] ] ], [ [ [ 0.8704, 51.7805 ], [ 0.8643, 51.7824 ], [ 0.8648, 51.7824 ], [ 0.8704, 51.7805 ] ] ], [ [ [ 0.8586, 51.7838 ], [ 0.8638, 51.7826 ], [ 0.8601, 51.7826 ], [ 0.8586, 51.7838 ] ] ], [ [ [ 0.8785, 51.784 ], [ 0.8808, 51.7827 ], [ 0.8762, 51.7836 ], [ 0.8785, 51.784 ] ] ], [ [ [ 1.0361, 51.7848 ], [ 1.0377, 51.7841 ], [ 1.0356, 51.7841 ], [ 1.0361, 51.7848 ] ] ], [ [ [ 0.8733, 51.7866 ], [ 0.8764, 51.7856 ], [ 0.8711, 51.7843 ], [ 0.8733, 51.7866 ] ] ], [ [ [ 0.8702, 51.7863 ], [ 0.87, 51.7868 ], [ 0.8706, 51.7866 ], [ 0.8702, 51.7863 ] ] ], [ [ [ 1.039, 51.7849 ], [ 1.037, 51.7856 ], [ 1.0383, 51.7875 ], [ 1.0422, 51.7879 ], [ 1.039, 51.7849 ] ] ], [ [ [ 0.8691, 51.7871 ], [ 0.8699, 51.7871 ], [ 0.8699, 51.7863 ], [ 0.8691, 51.7871 ] ] ], [ [ [ 0.9033, 51.7914 ], [ 0.896, 51.7825 ], [ 0.9036, 51.7946 ], [ 0.9033, 51.7914 ] ] ], [ [ [ 0.9154, 51.7958 ], [ 0.9157, 51.7967 ], [ 0.9148, 51.7965 ], [ 0.9154, 51.7963 ], [ 0.9153, 51.7957 ], [ 0.9156, 51.7955 ], [ 0.9113, 51.7949 ], [ 0.9141, 51.7997 ], [ 0.9177, 51.798 ], [ 0.9154, 51.7958 ] ], [ [ 0.9158, 51.7969 ], [ 0.9143, 51.7975 ], [ 0.9157, 51.7967 ], [ 0.9158, 51.7969 ] ] ], [ [ [ 0.9238, 51.8004 ], [ 0.9213, 51.7985 ], [ 0.9227, 51.7973 ], [ 0.92, 51.7978 ], [ 0.9238, 51.8004 ] ] ], [ [ [ 0.9094, 51.798 ], [ 0.9106, 51.8015 ], [ 0.9145, 51.8 ], [ 0.9094, 51.798 ] ] ], [ [ [ 0.9262, 51.8016 ], [ 0.9274, 51.8014 ], [ 0.9266, 51.8004 ], [ 0.9266, 51.8001 ], [ 0.9265, 51.7992 ], [ 0.9262, 51.8016 ] ] ], [ [ [ 0.9274, 51.8012 ], [ 0.9297, 51.8 ], [ 0.9266, 51.8001 ], [ 0.9274, 51.8012 ] ] ], [ [ [ 1.0295, 51.8041 ], [ 1.0396, 51.8043 ], [ 1.0313, 51.802 ], [ 1.0295, 51.8041 ] ] ], [ [ [ 1.0437, 51.8067 ], [ 1.042, 51.8085 ], [ 1.0368, 51.8058 ], [ 1.0433, 51.8094 ], [ 1.049, 51.8084 ], [ 1.0437, 51.8067 ] ] ], [ [ [ 0.9775, 51.808 ], [ 0.9691, 51.8112 ], [ 0.9725, 51.811 ], [ 0.9775, 51.808 ] ] ], [ [ [ 1.0517, 51.8107 ], [ 1.0528, 51.8105 ], [ 1.0535, 51.8095 ], [ 1.0517, 51.8107 ] ] ], [ [ [ 1.054, 51.8096 ], [ 1.0538, 51.8102 ], [ 1.0556, 51.8101 ], [ 1.054, 51.8096 ] ] ], [ [ [ 0.9846, 51.8133 ], [ 0.9755, 51.8175 ], [ 0.9802, 51.8166 ], [ 0.9846, 51.8133 ] ] ], [ [ [ 0.9511, 51.8266 ], [ 0.951, 51.8247 ], [ 0.9523, 51.8245 ], [ 0.9504, 51.8246 ], [ 0.9511, 51.8266 ] ] ], [ [ [ 0.9513, 51.8274 ], [ 0.9536, 51.828 ], [ 0.9511, 51.8266 ], [ 0.9513, 51.8274 ] ] ], [ [ [ 0.9603, 51.8308 ], [ 0.964, 51.822 ], [ 0.952, 51.8251 ], [ 0.9603, 51.8308 ] ] ], [ [ [ 1.235, 51.859 ], [ 1.235, 51.8584 ], [ 1.2332, 51.8577 ], [ 1.235, 51.859 ] ] ], [ [ [ 1.2348, 51.8598 ], [ 1.2331, 51.86 ], [ 1.2354, 51.8618 ], [ 1.2348, 51.8598 ] ] ], [ [ [ 1.2679, 51.8672 ], [ 1.2633, 51.864 ], [ 1.2566, 51.8671 ], [ 1.2569, 51.868 ], [ 1.2635, 51.8651 ], [ 1.2679, 51.8672 ] ] ], [ [ [ 1.2555, 51.8682 ], [ 1.2555, 51.8676 ], [ 1.2529, 51.8675 ], [ 1.2555, 51.8682 ] ] ], [ [ [ 1.2501, 51.8708 ], [ 1.2516, 51.8696 ], [ 1.2456, 51.8684 ], [ 1.2501, 51.8708 ] ] ], [ [ [ 1.2648, 51.8661 ], [ 1.2518, 51.8715 ], [ 1.2546, 51.8736 ], [ 1.2648, 51.8661 ] ] ], [ [ [ 1.2533, 51.8695 ], [ 1.2519, 51.8694 ], [ 1.2518, 51.8706 ], [ 1.2533, 51.8695 ] ] ], [ [ [ 1.2295, 51.8726 ], [ 1.233, 51.8699 ], [ 1.2302, 51.8696 ], [ 1.2295, 51.8726 ] ] ], [ [ [ 1.2284, 51.8705 ], [ 1.2263, 51.8723 ], [ 1.228, 51.8726 ], [ 1.2284, 51.8705 ] ] ], [ [ [ 1.2046, 51.8732 ], [ 1.2031, 51.874 ], [ 1.2092, 51.8744 ], [ 1.2046, 51.8732 ] ] ], [ [ [ 1.2084, 51.8702 ], [ 1.2082, 51.871 ], [ 1.2078, 51.8703 ], [ 1.2065, 51.8711 ], [ 1.2247, 51.8803 ], [ 1.2084, 51.8702 ] ] ], [ [ [ 1.2823, 51.8755 ], [ 1.2816, 51.8757 ], [ 1.2815, 51.876 ], [ 1.2823, 51.8755 ] ] ], [ [ [ 1.2812, 51.8757 ], [ 1.2793, 51.8758 ], [ 1.2802, 51.8759 ], [ 1.2812, 51.8757 ] ] ], [ [ [ 1.2581, 51.8758 ], [ 1.2529, 51.8774 ], [ 1.246, 51.8746 ], [ 1.2446, 51.8689 ], [ 1.2264, 51.8753 ], [ 1.2586, 51.8787 ], [ 1.2581, 51.8758 ] ] ], [ [ [ 1.2829, 51.8764 ], [ 1.2833, 51.8757 ], [ 1.2819, 51.8763 ], [ 1.2804, 51.8761 ], [ 1.2809, 51.8769 ], [ 1.2829, 51.8764 ] ] ], [ [ [ 1.2637, 51.873 ], [ 1.255, 51.8745 ], [ 1.2597, 51.8756 ], [ 1.262, 51.8806 ], [ 1.2637, 51.873 ] ] ], [ [ [ 1.1997, 51.8764 ], [ 1.2133, 51.8791 ], [ 1.2025, 51.8761 ], [ 1.1997, 51.8764 ] ] ], [ [ [ 1.2772, 51.8768 ], [ 1.2752, 51.8769 ], [ 1.2768, 51.8781 ], [ 1.2772, 51.8768 ] ] ], [ [ [ 1.2734, 51.8798 ], [ 1.2757, 51.8781 ], [ 1.2725, 51.8768 ], [ 1.2734, 51.8798 ] ] ], [ [ [ 1.2099, 51.8823 ], [ 1.2125, 51.8823 ], [ 1.2121, 51.8815 ], [ 1.2099, 51.8823 ] ] ], [ [ [ 1.2064, 51.8837 ], [ 1.2078, 51.8818 ], [ 1.2051, 51.8833 ], [ 1.2064, 51.8837 ] ] ], [ [ [ 1.2191, 51.8815 ], [ 1.2154, 51.8818 ], [ 1.2163, 51.8811 ], [ 1.2136, 51.8807 ], [ 1.212, 51.881 ], [ 1.2211, 51.8885 ], [ 1.2301, 51.8854 ], [ 1.2191, 51.8815 ] ] ], [ [ [ 1.2307, 51.89 ], [ 1.2342, 51.8929 ], [ 1.234, 51.8937 ], [ 1.2427, 51.8866 ], [ 1.2307, 51.89 ] ] ], [ [ [ 1.2446, 51.8879 ], [ 1.2282, 51.9003 ], [ 1.2307, 51.9024 ], [ 1.2377, 51.8961 ], [ 1.2446, 51.8879 ] ] ], [ [ [ 1.2263, 51.899 ], [ 1.2292, 51.8967 ], [ 1.2287, 51.8955 ], [ 1.2263, 51.899 ] ] ], [ [ [ 1.2443, 51.897 ], [ 1.2395, 51.8968 ], [ 1.239, 51.8993 ], [ 1.2375, 51.8987 ], [ 1.2339, 51.9021 ], [ 1.2288, 51.9029 ], [ 1.2388, 51.9017 ], [ 1.2443, 51.897 ] ] ], [ [ [ 1.2566, 51.9169 ], [ 1.2589, 51.9153 ], [ 1.2554, 51.9122 ], [ 1.2566, 51.9169 ] ] ], [ [ [ 1.2599, 51.92 ], [ 1.2598, 51.9202 ], [ 1.2615, 51.9208 ], [ 1.2599, 51.92 ] ] ], [ [ [ 1.2332, 51.9571 ], [ 1.2333, 51.9579 ], [ 1.2385, 51.9597 ], [ 1.2332, 51.9571 ] ] ], [ [ [ 1.232, 51.9581 ], [ 1.2337, 51.9596 ], [ 1.2379, 51.9608 ], [ 1.232, 51.9581 ] ] ], [ [ [ 1.2394, 51.9587 ], [ 1.2388, 51.9591 ], [ 1.2391, 51.9606 ], [ 1.2394, 51.9587 ] ] ], [ [ [ 1.1512, 51.9646 ], [ 1.1531, 51.9638 ], [ 1.153, 51.9636 ], [ 1.1512, 51.9646 ] ] ], [ [ [ 1.2486, 51.9908 ], [ 1.2514, 51.9903 ], [ 1.25, 51.9903 ], [ 1.2486, 51.9908 ] ] ], [ [ [ 1.3947, 51.9964 ], [ 1.3923, 51.9965 ], [ 1.394, 51.9982 ], [ 1.3947, 51.9964 ] ] ], [ [ [ 1.3641, 52.0117 ], [ 1.3657, 52.0148 ], [ 1.366, 52.0122 ], [ 1.3641, 52.0117 ] ] ], [ [ [ 1.3652, 52.0185 ], [ 1.3646, 52.0196 ], [ 1.3653, 52.0198 ], [ 1.3652, 52.0185 ] ] ], [ [ [ 1.3391, 52.0352 ], [ 1.3411, 52.0354 ], [ 1.3398, 52.0344 ], [ 1.3391, 52.0352 ] ] ], [ [ [ 1.3386, 52.0376 ], [ 1.3374, 52.0337 ], [ 1.3367, 52.0339 ], [ 1.3386, 52.0376 ] ] ], [ [ [ 1.3388, 52.041 ], [ 1.3395, 52.0407 ], [ 1.3387, 52.0378 ], [ 1.3388, 52.041 ] ] ], [ [ [ 1.3473, 52.0422 ], [ 1.3464, 52.0388 ], [ 1.3405, 52.0444 ], [ 1.3473, 52.0422 ] ] ], [ [ [ 1.3401, 52.0415 ], [ 1.3397, 52.0409 ], [ 1.3389, 52.0411 ], [ 1.3401, 52.0415 ] ] ], [ [ [ 1.4518, 52.0434 ], [ 1.4514, 52.0441 ], [ 1.4526, 52.044 ], [ 1.4518, 52.0434 ] ] ], [ [ [ 1.3473, 52.0493 ], [ 1.3481, 52.0481 ], [ 1.3456, 52.0495 ], [ 1.3473, 52.0493 ] ] ], [ [ [ 1.3442, 52.0498 ], [ 1.3431, 52.051 ], [ 1.3444, 52.0517 ], [ 1.3442, 52.0498 ] ] ], [ [ [ 1.332, 52.0551 ], [ 1.332, 52.0563 ], [ 1.3336, 52.0573 ], [ 1.332, 52.0551 ] ] ], [ [ [ 1.4738, 52.0549 ], [ 1.4854, 52.0605 ], [ 1.4842, 52.0593 ], [ 1.4738, 52.0549 ] ] ], [ [ [ 1.4993, 52.0665 ], [ 1.5382, 52.079 ], [ 1.5368, 52.0764 ], [ 1.4993, 52.0665 ] ] ], [ [ [ 1.3486, 52.1028 ], [ 1.3482, 52.1029 ], [ 1.349, 52.1036 ], [ 1.3486, 52.1028 ] ] ], [ [ [ 1.573, 52.1527 ], [ 1.5685, 52.1517 ], [ 1.5693, 52.1553 ], [ 1.573, 52.1527 ] ] ], [ [ [ 1.5109, 52.1544 ], [ 1.5123, 52.155 ], [ 1.5121, 52.1545 ], [ 1.5109, 52.1544 ] ] ], [ [ [ 1.5037, 52.1634 ], [ 1.5069, 52.1627 ], [ 1.509, 52.1539 ], [ 1.5037, 52.1634 ] ] ], [ [ [ 1.5119, 52.1614 ], [ 1.5111, 52.1594 ], [ 1.5091, 52.1599 ], [ 1.5119, 52.1614 ] ] ], [ [ [ 1.5304, 52.163 ], [ 1.5287, 52.1635 ], [ 1.5291, 52.1637 ], [ 1.5304, 52.163 ] ] ], [ [ [ 1.531, 52.1632 ], [ 1.5305, 52.1632 ], [ 1.5309, 52.1635 ], [ 1.531, 52.1632 ] ] ], [ [ [ 1.6107, 52.3193 ], [ 1.6179, 52.3198 ], [ 1.611, 52.3178 ], [ 1.6107, 52.3193 ] ] ], [ [ [ 1.6274, 52.3239 ], [ 1.6301, 52.3247 ], [ 1.6286, 52.3259 ], [ 1.629, 52.3267 ], [ 1.6302, 52.3274 ], [ 1.629, 52.3258 ], [ 1.6306, 52.3247 ], [ 1.6274, 52.3239 ] ] ], [ [ [ 1.6345, 52.3323 ], [ 1.6387, 52.3305 ], [ 1.6372, 52.3302 ], [ 1.637, 52.328 ], [ 1.6345, 52.3323 ] ] ], [ [ [ 1.5164, 52.4633 ], [ 1.5146, 52.4635 ], [ 1.5161, 52.464 ], [ 1.5164, 52.4633 ] ] ], [ [ [ 1.6818, 52.4765 ], [ 1.6891, 52.4736 ], [ 1.6883, 52.4731 ], [ 1.6818, 52.4765 ] ] ], [ [ [ 1.6062, 52.5463 ], [ 1.6053, 52.5432 ], [ 1.6079, 52.5409 ], [ 1.621, 52.5395 ], [ 1.6205, 52.5326 ], [ 1.5792, 52.5562 ], [ 1.5923, 52.5578 ], [ 1.6077, 52.5738 ], [ 1.6199, 52.5732 ], [ 1.6238, 52.5742 ], [ 1.6375, 52.5822 ], [ 1.6398, 52.5876 ], [ 1.6451, 52.5878 ], [ 1.6062, 52.5463 ] ] ], [ [ [ 1.7138, 52.6147 ], [ 1.7155, 52.6167 ], [ 1.7142, 52.6177 ], [ 1.716, 52.6167 ], [ 1.7138, 52.6147 ] ] ], [ [ [ 1.5414, 52.7038 ], [ 1.5397, 52.7046 ], [ 1.5405, 52.7049 ], [ 1.5414, 52.7038 ] ] ], [ [ [ 1.5363, 52.7071 ], [ 1.5363, 52.7074 ], [ 1.5373, 52.7071 ], [ 1.5363, 52.7071 ] ] ], [ [ [ 0.9961, 52.9565 ], [ 0.992, 52.9577 ], [ 0.9958, 52.9572 ], [ 0.9978, 52.9589 ], [ 0.9967, 52.9575 ], [ 0.9961, 52.9565 ] ] ], [ [ [ 1.0007, 52.9585 ], [ 1.0009, 52.9585 ], [ 1.0009, 52.9583 ], [ 1.0011, 52.9581 ], [ 1.0026, 52.9581 ], [ 1.0002, 52.958 ], [ 1.0007, 52.9585 ] ] ], [ [ [ 0.87, 52.9565 ], [ 0.8695, 52.9568 ], [ 0.8793, 52.9598 ], [ 0.87, 52.9565 ] ] ], [ [ [ 0.9906, 52.9582 ], [ 0.9883, 52.9587 ], [ 0.9888, 52.9587 ], [ 0.9887, 52.9591 ], [ 0.9906, 52.9582 ] ] ], [ [ [ 0.868, 52.9578 ], [ 0.8662, 52.9585 ], [ 0.8673, 52.9594 ], [ 0.8678, 52.9592 ], [ 0.868, 52.9578 ] ] ], [ [ [ 0.8611, 52.9577 ], [ 0.8563, 52.9576 ], [ 0.8579, 52.9591 ], [ 0.8611, 52.9577 ] ] ], [ [ [ 0.9589, 52.9576 ], [ 0.9597, 52.9579 ], [ 0.9603, 52.9578 ], [ 0.9589, 52.9576 ] ] ], [ [ [ 0.9581, 52.9575 ], [ 0.9575, 52.9585 ], [ 0.9553, 52.9584 ], [ 0.9544, 52.9596 ], [ 0.955, 52.9595 ], [ 0.9572, 52.9603 ], [ 0.9579, 52.9602 ], [ 0.957, 52.9604 ], [ 0.9538, 52.9598 ], [ 0.954, 52.9613 ], [ 0.9633, 52.9601 ], [ 0.9588, 52.9577 ], [ 0.9589, 52.9576 ], [ 0.9581, 52.9575 ] ], [ [ 0.9569, 52.9594 ], [ 0.9581, 52.9596 ], [ 0.958, 52.9602 ], [ 0.9579, 52.9602 ], [ 0.9569, 52.9594 ] ], [ [ 0.959, 52.9595 ], [ 0.9582, 52.9594 ], [ 0.9587, 52.9577 ], [ 0.9588, 52.9577 ], [ 0.959, 52.9595 ] ] ], [ [ [ 0.8712, 52.959 ], [ 0.8712, 52.9594 ], [ 0.8717, 52.9592 ], [ 0.8712, 52.959 ] ] ], [ [ [ 0.8935, 52.9569 ], [ 0.8881, 52.9594 ], [ 0.8918, 52.9617 ], [ 0.8935, 52.9569 ] ] ], [ [ [ 0.8673, 52.9611 ], [ 0.8714, 52.9603 ], [ 0.8707, 52.9584 ], [ 0.8673, 52.9611 ] ] ], [ [ [ 0.995, 52.959 ], [ 0.994, 52.9594 ], [ 0.9953, 52.96 ], [ 0.995, 52.959 ] ] ], [ [ [ 0.8632, 52.9597 ], [ 0.865, 52.9596 ], [ 0.8631, 52.9599 ], [ 0.8614, 52.9597 ], [ 0.864, 52.9614 ], [ 0.8673, 52.9594 ], [ 0.8624, 52.958 ], [ 0.8632, 52.9597 ] ] ], [ [ [ 0.9914, 52.9596 ], [ 0.9895, 52.9607 ], [ 0.9903, 52.9603 ], [ 0.9914, 52.9596 ] ] ], [ [ [ 0.9885, 52.9625 ], [ 0.9888, 52.9598 ], [ 0.995, 52.9581 ], [ 0.9893, 52.9595 ], [ 0.9861, 52.9585 ], [ 0.983, 52.9609 ], [ 0.9885, 52.9625 ] ] ], [ [ [ 0.8735, 52.9608 ], [ 0.8741, 52.9605 ], [ 0.8743, 52.9606 ], [ 0.8742, 52.9604 ], [ 0.8735, 52.9608 ] ] ], [ [ [ 0.9684, 52.9615 ], [ 0.9684, 52.9593 ], [ 0.9652, 52.9597 ], [ 0.9671, 52.9609 ], [ 0.9684, 52.9615 ] ] ], [ [ [ 0.8565, 52.9594 ], [ 0.8566, 52.9612 ], [ 0.8555, 52.9604 ], [ 0.8555, 52.961 ], [ 0.8555, 52.9611 ], [ 0.8545, 52.9613 ], [ 0.8547, 52.9621 ], [ 0.8557, 52.9614 ], [ 0.8562, 52.9617 ], [ 0.8567, 52.9614 ], [ 0.8598, 52.9614 ], [ 0.8565, 52.9594 ] ] ], [ [ [ 1.0172, 52.9567 ], [ 0.9862, 52.9639 ], [ 1.0057, 52.9637 ], [ 1.0048, 52.966 ], [ 1.0062, 52.9639 ], [ 1.0172, 52.9567 ] ] ], [ [ [ 0.9537, 52.9597 ], [ 0.9462, 52.959 ], [ 0.9456, 52.9624 ], [ 0.954, 52.9613 ], [ 0.9537, 52.9597 ] ] ], [ [ [ 0.9648, 52.9612 ], [ 0.9663, 52.962 ], [ 0.9654, 52.9603 ], [ 0.9648, 52.9612 ] ] ], [ [ [ 0.8786, 52.9601 ], [ 0.8716, 52.9595 ], [ 0.8748, 52.9601 ], [ 0.8753, 52.9642 ], [ 0.8763, 52.963 ], [ 0.8765, 52.9639 ], [ 0.8746, 52.9648 ], [ 0.8861, 52.9641 ], [ 0.8971, 52.9695 ], [ 0.893, 52.9688 ], [ 0.8936, 52.9713 ], [ 0.9055, 52.9684 ], [ 0.894, 52.9678 ], [ 0.887, 52.9589 ], [ 0.879, 52.9627 ], [ 0.8786, 52.9601 ] ] ], [ [ [ 0.8556, 52.9621 ], [ 0.8547, 52.9621 ], [ 0.8539, 52.9621 ], [ 0.8541, 52.961 ], [ 0.8555, 52.961 ], [ 0.8531, 52.9594 ], [ 0.8559, 52.9589 ], [ 0.8517, 52.9586 ], [ 0.8537, 52.9659 ], [ 0.8556, 52.9621 ] ] ], [ [ [ 0.9294, 52.9612 ], [ 0.9359, 52.9627 ], [ 0.9372, 52.9601 ], [ 0.9292, 52.9573 ], [ 0.9145, 52.9639 ], [ 0.9294, 52.9612 ] ] ], [ [ [ 0.8635, 52.962 ], [ 0.8588, 52.9604 ], [ 0.8611, 52.9617 ], [ 0.8616, 52.9628 ], [ 0.8592, 52.9643 ], [ 0.8609, 52.9637 ], [ 0.8635, 52.962 ] ] ], [ [ [ 0.9788, 52.9603 ], [ 0.9666, 52.9622 ], [ 0.9851, 52.9649 ], [ 0.9788, 52.9603 ] ] ], [ [ [ 0.9125, 52.964 ], [ 0.8974, 52.9595 ], [ 0.8909, 52.9636 ], [ 0.8937, 52.9632 ], [ 0.9004, 52.9669 ], [ 0.9125, 52.964 ] ] ], [ [ [ 0.8754, 52.9671 ], [ 0.8751, 52.9656 ], [ 0.8745, 52.9656 ], [ 0.8751, 52.9655 ], [ 0.8737, 52.9648 ], [ 0.8737, 52.9644 ], [ 0.8732, 52.9644 ], [ 0.873, 52.9643 ], [ 0.8735, 52.964 ], [ 0.8728, 52.9638 ], [ 0.873, 52.9603 ], [ 0.8692, 52.9669 ], [ 0.8754, 52.9671 ] ] ], [ [ [ 0.8737, 52.9643 ], [ 0.8737, 52.9644 ], [ 0.8743, 52.9649 ], [ 0.875, 52.9637 ], [ 0.8737, 52.9643 ] ] ], [ [ [ 0.8588, 52.9642 ], [ 0.8572, 52.964 ], [ 0.8576, 52.9646 ], [ 0.8588, 52.9644 ], [ 0.8588, 52.9642 ] ] ], [ [ [ 0.8598, 52.9643 ], [ 0.8595, 52.9648 ], [ 0.8601, 52.9647 ], [ 0.8598, 52.9643 ] ] ], [ [ [ 0.9956, 52.9649 ], [ 0.9976, 52.9648 ], [ 0.9971, 52.9646 ], [ 0.9956, 52.9649 ] ] ], [ [ [ 0.8589, 52.9651 ], [ 0.8592, 52.9644 ], [ 0.8568, 52.9648 ], [ 0.8589, 52.9651 ] ] ], [ [ [ 1.008, 52.9646 ], [ 1.0096, 52.9651 ], [ 1.009, 52.9643 ], [ 1.0063, 52.9648 ], [ 1.008, 52.9646 ] ] ], [ [ [ 1.0094, 52.9647 ], [ 1.0114, 52.9655 ], [ 1.0111, 52.9647 ], [ 1.0094, 52.9647 ] ] ], [ [ [ 1.0444, 52.9634 ], [ 1.0298, 52.9669 ], [ 1.0339, 52.9674 ], [ 1.0444, 52.9634 ] ] ], [ [ [ 0.8636, 52.965 ], [ 0.8629, 52.9654 ], [ 0.8634, 52.9659 ], [ 0.8636, 52.965 ] ] ], [ [ [ 0.8646, 52.9649 ], [ 0.8642, 52.9663 ], [ 0.865, 52.9665 ], [ 0.8651, 52.9665 ], [ 0.8658, 52.966 ], [ 0.8663, 52.9662 ], [ 0.8646, 52.9649 ] ] ], [ [ [ 1.0091, 52.9653 ], [ 1.0103, 52.966 ], [ 1.0099, 52.9653 ], [ 1.0091, 52.9653 ] ] ], [ [ [ 1.0089, 52.9653 ], [ 1.008, 52.9657 ], [ 1.0085, 52.9661 ], [ 1.0089, 52.9653 ] ] ], [ [ [ 1.0085, 52.9661 ], [ 1.0085, 52.9662 ], [ 1.0101, 52.966 ], [ 1.009, 52.9653 ], [ 1.0085, 52.9661 ] ] ], [ [ [ 1.0084, 52.9662 ], [ 1.0055, 52.9661 ], [ 1.0074, 52.9663 ], [ 1.0084, 52.9662 ] ] ], [ [ [ 0.8576, 52.9661 ], [ 0.8583, 52.9665 ], [ 0.8581, 52.9656 ], [ 0.8576, 52.9661 ] ] ], [ [ [ 0.8609, 52.9675 ], [ 0.8613, 52.9675 ], [ 0.8619, 52.9679 ], [ 0.8635, 52.9677 ], [ 0.8612, 52.9651 ], [ 0.8609, 52.9675 ] ] ], [ [ [ 0.8651, 52.9665 ], [ 0.8667, 52.9666 ], [ 0.8666, 52.9664 ], [ 0.8651, 52.9665 ] ] ], [ [ [ 0.8598, 52.9665 ], [ 0.8594, 52.9657 ], [ 0.8581, 52.9654 ], [ 0.8581, 52.9656 ], [ 0.8586, 52.9662 ], [ 0.8598, 52.9665 ] ] ], [ [ [ 0.8602, 52.9667 ], [ 0.8604, 52.9678 ], [ 0.8605, 52.9677 ], [ 0.8612, 52.9677 ], [ 0.8609, 52.9675 ], [ 0.8607, 52.9674 ], [ 0.8604, 52.9662 ], [ 0.8598, 52.9665 ], [ 0.8602, 52.9667 ] ] ], [ [ [ 1.0265, 52.9665 ], [ 1.0303, 52.9666 ], [ 1.0297, 52.9665 ], [ 1.0265, 52.9665 ] ] ], [ [ [ 0.8587, 52.9666 ], [ 0.8584, 52.9674 ], [ 0.8599, 52.9677 ], [ 0.8587, 52.9666 ] ] ], [ [ [ 0.9129, 52.9662 ], [ 0.9049, 52.9668 ], [ 0.9073, 52.9682 ], [ 0.9129, 52.9662 ] ] ], [ [ [ 0.9054, 52.9679 ], [ 0.9057, 52.9677 ], [ 0.9035, 52.9673 ], [ 0.9054, 52.9679 ] ] ], [ [ [ 0.8618, 52.9679 ], [ 0.8613, 52.9675 ], [ 0.8612, 52.9677 ], [ 0.8611, 52.9678 ], [ 0.8618, 52.9679 ] ] ], [ [ [ 0.8594, 52.9677 ], [ 0.8599, 52.9678 ], [ 0.8599, 52.9677 ], [ 0.8594, 52.9677 ] ] ], [ [ [ 0.865, 52.9684 ], [ 0.8636, 52.9672 ], [ 0.8635, 52.9677 ], [ 0.8634, 52.9683 ], [ 0.865, 52.9684 ] ] ], [ [ [ 0.8589, 52.9676 ], [ 0.8591, 52.9682 ], [ 0.8599, 52.9683 ], [ 0.8589, 52.9676 ] ] ], [ [ [ 0.8599, 52.9681 ], [ 0.8607, 52.9682 ], [ 0.861, 52.9679 ], [ 0.8599, 52.9681 ] ] ], [ [ [ 0.8633, 52.9679 ], [ 0.8621, 52.968 ], [ 0.8624, 52.9682 ], [ 0.8633, 52.9679 ] ] ], [ [ [ 1.0172, 52.9683 ], [ 1.0163, 52.9692 ], [ 1.0177, 52.9693 ], [ 1.0233, 52.9668 ], [ 1.0172, 52.9683 ] ] ], [ [ [ 0.8718, 52.9683 ], [ 0.8653, 52.9686 ], [ 0.8656, 52.9689 ], [ 0.8718, 52.9683 ] ] ], [ [ [ 0.9111, 52.968 ], [ 0.9062, 52.9685 ], [ 0.9069, 52.969 ], [ 0.9111, 52.968 ] ] ], [ [ [ 0.8742, 52.9684 ], [ 0.8713, 52.9687 ], [ 0.8731, 52.969 ], [ 0.8742, 52.9684 ] ] ], [ [ [ 1.025, 52.9686 ], [ 1.0246, 52.9688 ], [ 1.0255, 52.9688 ], [ 1.025, 52.9686 ] ] ], [ [ [ 0.861, 52.9693 ], [ 0.8622, 52.9693 ], [ 0.8626, 52.9694 ], [ 0.8629, 52.9689 ], [ 0.8638, 52.969 ], [ 0.8617, 52.9684 ], [ 0.861, 52.9693 ] ] ], [ [ [ 0.8925, 52.9689 ], [ 0.8867, 52.9667 ], [ 0.889, 52.971 ], [ 0.8889, 52.9722 ], [ 0.8925, 52.9689 ] ] ], [ [ [ 1.0075, 52.9707 ], [ 1.0069, 52.9709 ], [ 1.0076, 52.971 ], [ 1.0075, 52.9707 ] ] ], [ [ [ 0.989, 52.9712 ], [ 0.9883, 52.9714 ], [ 0.9901, 52.9721 ], [ 0.989, 52.9712 ] ] ], [ [ [ 0.9914, 52.9712 ], [ 0.9916, 52.9715 ], [ 0.9915, 52.9719 ], [ 0.9921, 52.9715 ], [ 0.9914, 52.9712 ] ] ], [ [ [ 0.9909, 52.9719 ], [ 0.991, 52.9726 ], [ 0.9913, 52.9713 ], [ 0.9909, 52.9719 ] ] ], [ [ [ 0.8757, 52.9722 ], [ 0.8889, 52.9709 ], [ 0.8815, 52.9653 ], [ 0.8679, 52.9756 ], [ 0.8721, 52.9691 ], [ 0.8673, 52.9732 ], [ 0.8547, 52.9671 ], [ 0.8679, 52.979 ], [ 0.8757, 52.9722 ] ] ], [ [ [ 1.0068, 52.9736 ], [ 1.0075, 52.9725 ], [ 1.006, 52.9731 ], [ 1.0068, 52.9736 ] ] ] ] } }
]
}
