{
"type": "FeatureCollection",
"name": "gb_outline_1km",
"crs": { "type": "name", "properties": { "name": "urn:ogc:def:crs:OGC:1.3:CRS84" } },
"xy_coordinate_resolution": 0.001,
"features": [
{ "type": "Feature", "properties": { }, "geometry": { "type": "MultiPolygon", "coordinates": [ [ [ [ -7.651, 56.784 ], [ -7.661, 56.785 ], [ -7.618, 56.788 ], [ -7.632, 56.778 ], [ -7.65, 56.784 ], [ -7.651, 56.784 ] ] ], [ [ [ -7.655, 56.795 ], [ -7.654, 56.794 ], [ -7.657, 56.793 ], [ -7.655, 56.795 ] ] ], [ [ [ -7.662, 56.808 ], [ -7.659, 56.805 ], [ -7.664, 56.805 ], [ -7.662, 56.808 ] ] ], [ [ [ -7.622, 56.803 ], [ -7.666, 56.8 ], [ -7.659, 56.805 ], [ -7.648, 56.813 ], [ -7.659, 56.822 ], [ -7.624, 56.824 ], [ -7.622, 56.803 ] ] ], [ [ [ -7.659, 56.816 ], [ -7.66, 56.817 ], [ -7.656, 56.817 ], [ -7.659, 56.816 ] ] ], [ [ [ -7.616, 56.829 ], [ -7.617, 56.829 ], [ -7.617, 56.83 ], [ -7.616, 56.829 ] ] ], [ [ [ -7.626, 56.844 ], [ -7.627, 56.845 ], [ -7.625, 56.845 ], [ -7.626, 56.844 ] ] ], [ [ [ -7.55, 56.852 ], [ -7.549, 56.848 ], [ -7.559, 56.854 ], [ -7.55, 56.852 ] ] ], [ [ [ -7.558, 56.855 ], [ -7.598, 56.849 ], [ -7.593, 56.86 ], [ -7.558, 56.855 ] ] ], [ [ [ -7.58, 56.871 ], [ -7.58, 56.876 ], [ -7.573, 56.875 ], [ -7.58, 56.871 ] ] ], [ [ [ -7.553, 56.876 ], [ -7.553, 56.875 ], [ -7.554, 56.875 ], [ -7.553, 56.876 ] ] ], [ [ [ -7.493, 56.887 ], [ -7.516, 56.88 ], [ -7.539, 56.898 ], [ -7.497, 56.897 ], [ -7.492, 56.888 ], [ -7.492, 56.887 ], [ -7.493, 56.887 ] ] ], [ [ [ -7.535, 56.888 ], [ -7.535, 56.89 ], [ -7.534, 56.889 ], [ -7.535, 56.888 ] ] ], [ [ [ -7.569, 56.891 ], [ -7.57, 56.893 ], [ -7.568, 56.893 ], [ -7.566, 56.892 ], [ -7.569, 56.891 ] ] ], [ [ [ -7.568, 56.896 ], [ -7.566, 56.894 ], [ -7.568, 56.893 ], [ -7.568, 56.896 ] ] ], [ [ [ -7.57, 56.897 ], [ -7.572, 56.899 ], [ -7.564, 56.901 ], [ -7.57, 56.897 ] ] ], [ [ [ -7.508, 56.915 ], [ -7.507, 56.915 ], [ -7.507, 56.914 ], [ -7.508, 56.915 ] ] ], [ [ [ -7.449, 56.913 ], [ -7.451, 56.92 ], [ -7.437, 56.921 ], [ -7.449, 56.913 ] ] ], [ [ [ -7.486, 56.933 ], [ -7.482, 56.932 ], [ -7.485, 56.93 ], [ -7.486, 56.933 ] ] ], [ [ [ -7.524, 56.945 ], [ -7.523, 56.944 ], [ -7.529, 56.943 ], [ -7.524, 56.945 ] ] ], [ [ [ -7.424, 56.966 ], [ -7.424, 56.967 ], [ -7.42, 56.967 ], [ -7.424, 56.966 ] ] ], [ [ [ -7.419, 56.976 ], [ -7.423, 56.976 ], [ -7.427, 56.961 ], [ -7.442, 56.961 ], [ -7.436, 56.949 ], [ -7.505, 56.958 ], [ -7.502, 56.947 ], [ -7.531, 56.947 ], [ -7.533, 56.946 ], [ -7.563, 56.956 ], [ -7.548, 56.97 ], [ -7.552, 56.971 ], [ -7.524, 56.974 ], [ -7.519, 56.974 ], [ -7.527, 56.987 ], [ -7.501, 57.004 ], [ -7.515, 57.01 ], [ -7.514, 57.009 ], [ -7.516, 57.01 ], [ -7.529, 57.013 ], [ -7.462, 57.021 ], [ -7.447, 57.041 ], [ -7.456, 57.058 ], [ -7.42, 57.042 ], [ -7.449, 57.024 ], [ -7.421, 57.011 ], [ -7.401, 57.009 ], [ -7.393, 57.002 ], [ -7.429, 57.012 ], [ -7.407, 57.004 ], [ -7.43, 57.002 ], [ -7.411, 56.995 ], [ -7.409, 56.999 ], [ -7.401, 57.0 ], [ -7.38, 56.98 ], [ -7.381, 56.98 ], [ -7.41, 56.994 ], [ -7.422, 56.992 ], [ -7.405, 56.978 ], [ -7.418, 56.976 ], [ -7.419, 56.976 ] ] ], [ [ [ -7.542, 56.939 ], [ -7.492, 56.935 ], [ -7.488, 56.93 ], [ -7.518, 56.934 ], [ -7.534, 56.922 ], [ -7.504, 56.917 ], [ -7.554, 56.911 ], [ -7.562, 56.922 ], [ -7.542, 56.927 ], [ -7.573, 56.934 ], [ -7.561, 56.942 ], [ -7.571, 56.948 ], [ -7.533, 56.946 ], [ -7.542, 56.939 ] ] ], [ [ [ -7.394, 57.0 ], [ -7.396, 57.001 ], [ -7.395, 57.001 ], [ -7.394, 57.0 ] ] ], [ [ [ -7.391, 57.001 ], [ -7.391, 57.0 ], [ -7.394, 57.0 ], [ -7.391, 57.001 ] ] ], [ [ [ -7.419, 57.001 ], [ -7.419, 57.002 ], [ -7.418, 57.001 ], [ -7.419, 57.001 ] ] ], [ [ [ -7.392, 57.003 ], [ -7.391, 57.002 ], [ -7.393, 57.002 ], [ -7.392, 57.003 ] ] ], [ [ [ -7.38, 57.002 ], [ -7.38, 57.004 ], [ -7.377, 57.003 ], [ -7.38, 57.002 ] ] ], [ [ [ -7.51, 57.004 ], [ -7.51, 57.003 ], [ -7.511, 57.003 ], [ -7.511, 57.004 ], [ -7.51, 57.004 ] ] ], [ [ [ -7.386, 57.004 ], [ -7.386, 57.006 ], [ -7.383, 57.004 ], [ -7.386, 57.004 ] ] ], [ [ [ -7.378, 57.007 ], [ -7.379, 57.008 ], [ -7.378, 57.008 ], [ -7.378, 57.007 ] ] ], [ [ [ -7.388, 57.009 ], [ -7.379, 57.006 ], [ -7.39, 57.008 ], [ -7.388, 57.009 ] ] ], [ [ [ -7.419, 57.031 ], [ -7.411, 57.03 ], [ -7.413, 57.027 ], [ -7.419, 57.031 ] ] ], [ [ [ -7.417, 57.043 ], [ -7.418, 57.042 ], [ -7.418, 57.043 ], [ -7.417, 57.043 ] ] ], [ [ [ -7.42, 57.052 ], [ -7.417, 57.052 ], [ -7.418, 57.051 ], [ -7.42, 57.052 ] ] ], [ [ [ -7.386, 57.043 ], [ -7.403, 57.048 ], [ -7.39, 57.062 ], [ -7.375, 57.054 ], [ -7.386, 57.043 ] ] ], [ [ [ -7.421, 57.053 ], [ -7.42, 57.052 ], [ -7.421, 57.052 ], [ -7.421, 57.053 ] ] ], [ [ [ -7.452, 57.063 ], [ -7.45, 57.063 ], [ -7.451, 57.062 ], [ -7.452, 57.063 ] ] ], [ [ [ -7.401, 57.11 ], [ -7.399, 57.11 ], [ -7.4, 57.109 ], [ -7.401, 57.11 ] ] ], [ [ [ -7.41, 57.131 ], [ -7.408, 57.13 ], [ -7.414, 57.129 ], [ -7.41, 57.131 ] ] ], [ [ [ -7.409, 57.473 ], [ -7.41, 57.474 ], [ -7.406, 57.473 ], [ -7.409, 57.473 ] ] ], [ [ [ -7.632, 57.508 ], [ -7.628, 57.508 ], [ -7.63, 57.507 ], [ -7.632, 57.508 ] ] ], [ [ [ -7.614, 57.511 ], [ -7.624, 57.511 ], [ -7.622, 57.527 ], [ -7.603, 57.524 ], [ -7.614, 57.511 ] ] ], [ [ [ -7.638, 57.519 ], [ -7.64, 57.526 ], [ -7.631, 57.524 ], [ -7.638, 57.519 ] ] ], [ [ [ -7.692, 57.528 ], [ -7.691, 57.525 ], [ -7.693, 57.525 ], [ -7.692, 57.528 ] ] ], [ [ [ -7.672, 57.519 ], [ -7.681, 57.524 ], [ -7.646, 57.535 ], [ -7.672, 57.519 ] ] ], [ [ [ -7.687, 57.527 ], [ -7.689, 57.528 ], [ -7.687, 57.529 ], [ -7.686, 57.529 ], [ -7.687, 57.527 ] ] ], [ [ [ -7.686, 57.53 ], [ -7.682, 57.53 ], [ -7.686, 57.529 ], [ -7.686, 57.53 ] ] ], [ [ [ -7.688, 57.53 ], [ -7.687, 57.53 ], [ -7.687, 57.529 ], [ -7.688, 57.529 ], [ -7.688, 57.53 ] ] ], [ [ [ -7.684, 57.532 ], [ -7.682, 57.531 ], [ -7.686, 57.53 ], [ -7.684, 57.532 ] ] ], [ [ [ -7.683, 57.533 ], [ -7.681, 57.533 ], [ -7.682, 57.532 ], [ -7.683, 57.533 ] ] ], [ [ [ -7.731, 57.541 ], [ -7.731, 57.54 ], [ -7.733, 57.541 ], [ -7.731, 57.541 ] ] ], [ [ [ -7.374, 57.551 ], [ -7.389, 57.553 ], [ -7.383, 57.554 ], [ -7.374, 57.551 ] ] ], [ [ [ -7.426, 57.553 ], [ -7.437, 57.567 ], [ -7.431, 57.569 ], [ -7.423, 57.558 ], [ -7.41, 57.554 ], [ -7.426, 57.553 ] ] ], [ [ [ -7.403, 57.562 ], [ -7.421, 57.559 ], [ -7.419, 57.563 ], [ -7.403, 57.562 ] ] ], [ [ [ -7.409, 57.563 ], [ -7.41, 57.564 ], [ -7.407, 57.565 ], [ -7.409, 57.563 ] ] ], [ [ [ -7.612, 57.564 ], [ -7.614, 57.564 ], [ -7.613, 57.565 ], [ -7.612, 57.564 ] ] ], [ [ [ -7.41, 57.569 ], [ -7.407, 57.57 ], [ -7.403, 57.567 ], [ -7.41, 57.569 ] ] ], [ [ [ -7.534, 57.591 ], [ -7.533, 57.591 ], [ -7.534, 57.59 ], [ -7.534, 57.591 ] ] ], [ [ [ -7.593, 57.6 ], [ -7.595, 57.601 ], [ -7.593, 57.601 ], [ -7.593, 57.6 ] ] ], [ [ [ -7.523, 57.611 ], [ -7.525, 57.611 ], [ -7.524, 57.612 ], [ -7.523, 57.611 ] ] ], [ [ [ -7.539, 57.611 ], [ -7.541, 57.612 ], [ -7.537, 57.613 ], [ -7.539, 57.611 ] ] ], [ [ [ -7.4, 57.646 ], [ -7.403, 57.646 ], [ -7.4, 57.648 ], [ -7.4, 57.646 ] ] ], [ [ [ -7.488, 57.653 ], [ -7.484, 57.663 ], [ -7.461, 57.658 ], [ -7.449, 57.663 ], [ -7.417, 57.639 ], [ -7.383, 57.631 ], [ -7.377, 57.659 ], [ -7.315, 57.694 ], [ -7.337, 57.658 ], [ -7.292, 57.653 ], [ -7.292, 57.641 ], [ -7.246, 57.653 ], [ -7.279, 57.663 ], [ -7.223, 57.69 ], [ -7.208, 57.683 ], [ -7.205, 57.693 ], [ -7.183, 57.703 ], [ -7.229, 57.707 ], [ -7.198, 57.734 ], [ -7.161, 57.739 ], [ -7.145, 57.732 ], [ -7.151, 57.718 ], [ -7.173, 57.719 ], [ -7.166, 57.712 ], [ -7.195, 57.691 ], [ -7.156, 57.677 ], [ -7.185, 57.661 ], [ -7.164, 57.659 ], [ -7.207, 57.66 ], [ -7.211, 57.66 ], [ -7.214, 57.657 ], [ -7.172, 57.645 ], [ -7.135, 57.651 ], [ -7.141, 57.649 ], [ -7.138, 57.639 ], [ -7.1, 57.649 ], [ -7.123, 57.658 ], [ -7.116, 57.662 ], [ -7.094, 57.647 ], [ -7.063, 57.64 ], [ -7.1, 57.608 ], [ -7.132, 57.626 ], [ -7.117, 57.634 ], [ -7.147, 57.628 ], [ -7.175, 57.64 ], [ -7.165, 57.637 ], [ -7.165, 57.644 ], [ -7.173, 57.641 ], [ -7.175, 57.644 ], [ -7.187, 57.646 ], [ -7.219, 57.64 ], [ -7.211, 57.638 ], [ -7.189, 57.631 ], [ -7.204, 57.622 ], [ -7.191, 57.615 ], [ -7.178, 57.617 ], [ -7.177, 57.617 ], [ -7.176, 57.617 ], [ -7.156, 57.614 ], [ -7.152, 57.613 ], [ -7.183, 57.612 ], [ -7.153, 57.607 ], [ -7.163, 57.602 ], [ -7.156, 57.596 ], [ -7.178, 57.603 ], [ -7.164, 57.597 ], [ -7.177, 57.599 ], [ -7.182, 57.598 ], [ -7.187, 57.593 ], [ -7.152, 57.586 ], [ -7.101, 57.594 ], [ -7.135, 57.559 ], [ -7.187, 57.566 ], [ -7.186, 57.56 ], [ -7.181, 57.56 ], [ -7.186, 57.559 ], [ -7.259, 57.554 ], [ -7.259, 57.556 ], [ -7.27, 57.559 ], [ -7.262, 57.56 ], [ -7.264, 57.562 ], [ -7.263, 57.562 ], [ -7.259, 57.563 ], [ -7.256, 57.557 ], [ -7.256, 57.559 ], [ -7.253, 57.558 ], [ -7.252, 57.557 ], [ -7.252, 57.558 ], [ -7.247, 57.56 ], [ -7.247, 57.568 ], [ -7.256, 57.574 ], [ -7.254, 57.564 ], [ -7.29, 57.563 ], [ -7.272, 57.56 ], [ -7.272, 57.555 ], [ -7.281, 57.556 ], [ -7.285, 57.557 ], [ -7.292, 57.559 ], [ -7.291, 57.562 ], [ -7.294, 57.562 ], [ -7.296, 57.567 ], [ -7.297, 57.568 ], [ -7.298, 57.568 ], [ -7.305, 57.549 ], [ -7.166, 57.547 ], [ -7.135, 57.554 ], [ -7.147, 57.516 ], [ -7.17, 57.513 ], [ -7.221, 57.52 ], [ -7.198, 57.51 ], [ -7.239, 57.515 ], [ -7.227, 57.509 ], [ -7.228, 57.508 ], [ -7.232, 57.507 ], [ -7.233, 57.508 ], [ -7.234, 57.509 ], [ -7.246, 57.507 ], [ -7.242, 57.51 ], [ -7.258, 57.509 ], [ -7.267, 57.517 ], [ -7.269, 57.518 ], [ -7.277, 57.518 ], [ -7.262, 57.507 ], [ -7.263, 57.503 ], [ -7.264, 57.506 ], [ -7.27, 57.505 ], [ -7.27, 57.506 ], [ -7.265, 57.508 ], [ -7.277, 57.516 ], [ -7.305, 57.52 ], [ -7.313, 57.522 ], [ -7.298, 57.511 ], [ -7.313, 57.508 ], [ -7.327, 57.513 ], [ -7.317, 57.524 ], [ -7.326, 57.535 ], [ -7.345, 57.542 ], [ -7.355, 57.497 ], [ -7.368, 57.502 ], [ -7.375, 57.52 ], [ -7.405, 57.543 ], [ -7.406, 57.547 ], [ -7.387, 57.535 ], [ -7.311, 57.554 ], [ -7.363, 57.555 ], [ -7.442, 57.588 ], [ -7.43, 57.578 ], [ -7.484, 57.568 ], [ -7.494, 57.583 ], [ -7.483, 57.591 ], [ -7.504, 57.583 ], [ -7.549, 57.603 ], [ -7.52, 57.605 ], [ -7.514, 57.619 ], [ -7.527, 57.622 ], [ -7.5, 57.627 ], [ -7.489, 57.653 ], [ -7.488, 57.653 ] ] ], [ [ [ -7.431, 57.653 ], [ -7.434, 57.654 ], [ -7.433, 57.655 ], [ -7.431, 57.653 ] ] ], [ [ [ -7.394, 57.654 ], [ -7.441, 57.661 ], [ -7.397, 57.67 ], [ -7.38, 57.665 ], [ -7.394, 57.654 ] ] ], [ [ [ -7.465, 57.663 ], [ -7.465, 57.662 ], [ -7.466, 57.663 ], [ -7.465, 57.663 ] ] ], [ [ [ -7.476, 57.664 ], [ -7.477, 57.664 ], [ -7.477, 57.665 ], [ -7.476, 57.664 ] ] ], [ [ [ -7.712, 57.69 ], [ -7.712, 57.689 ], [ -7.713, 57.69 ], [ -7.712, 57.69 ] ] ], [ [ [ -7.687, 57.698 ], [ -7.692, 57.7 ], [ -7.683, 57.704 ], [ -7.687, 57.698 ] ] ], [ [ [ -8.551, 57.794 ], [ -8.557, 57.795 ], [ -8.558, 57.793 ], [ -8.563, 57.796 ], [ -8.563, 57.797 ], [ -8.565, 57.798 ], [ -8.572, 57.796 ], [ -8.573, 57.799 ], [ -8.566, 57.799 ], [ -8.551, 57.794 ] ] ], [ [ [ -8.608, 57.81 ], [ -8.61, 57.809 ], [ -8.61, 57.811 ], [ -8.608, 57.815 ], [ -8.617, 57.828 ], [ -8.598, 57.82 ], [ -8.567, 57.826 ], [ -8.566, 57.826 ], [ -8.552, 57.814 ], [ -8.551, 57.814 ], [ -8.55, 57.812 ], [ -8.57, 57.811 ], [ -8.578, 57.799 ], [ -8.585, 57.807 ], [ -8.591, 57.805 ], [ -8.598, 57.808 ], [ -8.607, 57.81 ], [ -8.608, 57.81 ] ] ], [ [ [ -8.581, 57.824 ], [ -8.58, 57.825 ], [ -8.579, 57.824 ], [ -8.581, 57.824 ] ] ], [ [ [ -8.641, 57.823 ], [ -8.639, 57.826 ], [ -8.642, 57.827 ], [ -8.627, 57.827 ], [ -8.641, 57.823 ] ] ], [ [ [ -8.645, 57.833 ], [ -8.645, 57.834 ], [ -8.644, 57.834 ], [ -8.645, 57.833 ] ] ], [ [ [ -8.509, 57.866 ], [ -8.512, 57.867 ], [ -8.511, 57.867 ], [ -8.509, 57.866 ] ] ], [ [ [ -8.485, 57.863 ], [ -8.5, 57.867 ], [ -8.495, 57.872 ], [ -8.494, 57.873 ], [ -8.493, 57.874 ], [ -8.491, 57.875 ], [ -8.485, 57.863 ] ] ], [ [ [ -8.495, 57.879 ], [ -8.498, 57.879 ], [ -8.497, 57.882 ], [ -8.495, 57.879 ] ] ], [ [ [ -7.587, 58.276 ], [ -7.586, 58.275 ], [ -7.587, 58.274 ], [ -7.588, 58.274 ], [ -7.587, 58.276 ] ] ], [ [ [ -7.644, 58.282 ], [ -7.643, 58.282 ], [ -7.648, 58.28 ], [ -7.644, 58.282 ] ] ], [ [ [ -7.651, 58.283 ], [ -7.65, 58.284 ], [ -7.649, 58.283 ], [ -7.651, 58.283 ] ] ], [ [ [ -7.589, 58.283 ], [ -7.586, 58.285 ], [ -7.585, 58.285 ], [ -7.576, 58.285 ], [ -7.58, 58.284 ], [ -7.582, 58.284 ], [ -7.589, 58.283 ] ] ], [ [ [ -7.649, 58.285 ], [ -7.645, 58.285 ], [ -7.647, 58.283 ], [ -7.648, 58.283 ], [ -7.649, 58.285 ] ] ], [ [ [ -7.588, 58.286 ], [ -7.596, 58.289 ], [ -7.592, 58.29 ], [ -7.588, 58.286 ] ] ], [ [ [ -7.374, 56.982 ], [ -7.373, 56.981 ], [ -7.374, 56.98 ], [ -7.374, 56.982 ] ] ], [ [ [ -7.369, 56.992 ], [ -7.379, 57.001 ], [ -7.374, 56.998 ], [ -7.369, 56.992 ] ] ], [ [ [ -7.353, 56.994 ], [ -7.358, 56.995 ], [ -7.352, 57.0 ], [ -7.342, 56.997 ], [ -7.353, 56.994 ] ] ], [ [ [ -7.366, 57.004 ], [ -7.374, 57.007 ], [ -7.371, 57.007 ], [ -7.366, 57.004 ] ] ], [ [ [ -7.329, 57.007 ], [ -7.363, 57.014 ], [ -7.349, 57.019 ], [ -7.329, 57.007 ] ] ], [ [ [ -7.331, 57.017 ], [ -7.331, 57.016 ], [ -7.332, 57.016 ], [ -7.331, 57.017 ] ] ], [ [ [ -7.32, 57.015 ], [ -7.344, 57.021 ], [ -7.327, 57.027 ], [ -7.32, 57.015 ] ] ], [ [ [ -7.298, 57.042 ], [ -7.303, 57.042 ], [ -7.304, 57.046 ], [ -7.298, 57.042 ] ] ], [ [ [ -7.269, 57.091 ], [ -7.278, 57.068 ], [ -7.299, 57.067 ], [ -7.282, 57.057 ], [ -7.309, 57.06 ], [ -7.305, 57.072 ], [ -7.314, 57.08 ], [ -7.312, 57.089 ], [ -7.317, 57.094 ], [ -7.318, 57.099 ], [ -7.269, 57.091 ] ] ], [ [ [ -7.368, 57.081 ], [ -7.358, 57.08 ], [ -7.361, 57.078 ], [ -7.368, 57.081 ] ] ], [ [ [ -7.324, 57.081 ], [ -7.325, 57.083 ], [ -7.324, 57.083 ], [ -7.321, 57.082 ], [ -7.324, 57.081 ] ] ], [ [ [ -7.358, 57.082 ], [ -7.358, 57.083 ], [ -7.357, 57.083 ], [ -7.358, 57.082 ] ] ], [ [ [ -7.356, 57.083 ], [ -7.356, 57.084 ], [ -7.353, 57.083 ], [ -7.35, 57.082 ], [ -7.356, 57.083 ] ] ], [ [ [ -7.35, 57.084 ], [ -7.353, 57.083 ], [ -7.351, 57.084 ], [ -7.35, 57.084 ] ] ], [ [ [ -7.269, 57.094 ], [ -7.272, 57.095 ], [ -7.27, 57.096 ], [ -7.269, 57.094 ] ] ], [ [ [ -7.26, 57.144 ], [ -7.255, 57.142 ], [ -7.256, 57.141 ], [ -7.26, 57.144 ] ] ], [ [ [ -7.34, 57.141 ], [ -7.333, 57.136 ], [ -7.246, 57.136 ], [ -7.244, 57.119 ], [ -7.212, 57.117 ], [ -7.23, 57.112 ], [ -7.218, 57.111 ], [ -7.229, 57.096 ], [ -7.309, 57.104 ], [ -7.392, 57.113 ], [ -7.423, 57.217 ], [ -7.458, 57.241 ], [ -7.429, 57.247 ], [ -7.421, 57.289 ], [ -7.388, 57.298 ], [ -7.404, 57.358 ], [ -7.43, 57.388 ], [ -7.33, 57.399 ], [ -7.326, 57.406 ], [ -7.319, 57.383 ], [ -7.283, 57.384 ], [ -7.266, 57.374 ], [ -7.287, 57.38 ], [ -7.297, 57.372 ], [ -7.31, 57.374 ], [ -7.311, 57.372 ], [ -7.239, 57.35 ], [ -7.274, 57.35 ], [ -7.27, 57.345 ], [ -7.258, 57.341 ], [ -7.24, 57.347 ], [ -7.248, 57.342 ], [ -7.234, 57.342 ], [ -7.233, 57.347 ], [ -7.221, 57.349 ], [ -7.231, 57.336 ], [ -7.234, 57.335 ], [ -7.235, 57.335 ], [ -7.264, 57.328 ], [ -7.295, 57.337 ], [ -7.272, 57.323 ], [ -7.239, 57.32 ], [ -7.228, 57.324 ], [ -7.221, 57.301 ], [ -7.199, 57.306 ], [ -7.192, 57.298 ], [ -7.253, 57.26 ], [ -7.243, 57.249 ], [ -7.268, 57.224 ], [ -7.303, 57.225 ], [ -7.283, 57.228 ], [ -7.295, 57.236 ], [ -7.297, 57.236 ], [ -7.303, 57.238 ], [ -7.306, 57.24 ], [ -7.335, 57.231 ], [ -7.348, 57.237 ], [ -7.363, 57.246 ], [ -7.35, 57.225 ], [ -7.34, 57.225 ], [ -7.337, 57.225 ], [ -7.325, 57.224 ], [ -7.318, 57.223 ], [ -7.325, 57.227 ], [ -7.309, 57.23 ], [ -7.314, 57.227 ], [ -7.301, 57.216 ], [ -7.263, 57.208 ], [ -7.261, 57.207 ], [ -7.267, 57.193 ], [ -7.245, 57.164 ], [ -7.268, 57.15 ], [ -7.284, 57.15 ], [ -7.309, 57.163 ], [ -7.321, 57.164 ], [ -7.308, 57.151 ], [ -7.303, 57.15 ], [ -7.299, 57.148 ], [ -7.321, 57.151 ], [ -7.329, 57.158 ], [ -7.331, 57.161 ], [ -7.356, 57.154 ], [ -7.346, 57.153 ], [ -7.354, 57.151 ], [ -7.343, 57.143 ], [ -7.337, 57.145 ], [ -7.34, 57.141 ] ] ], [ [ [ -7.333, 57.143 ], [ -7.335, 57.146 ], [ -7.331, 57.145 ], [ -7.333, 57.143 ] ] ], [ [ [ -7.33, 57.146 ], [ -7.327, 57.144 ], [ -7.329, 57.144 ], [ -7.33, 57.146 ] ] ], [ [ [ -7.302, 57.143 ], [ -7.316, 57.147 ], [ -7.307, 57.147 ], [ -7.303, 57.145 ], [ -7.302, 57.143 ] ] ], [ [ [ -7.324, 57.145 ], [ -7.326, 57.148 ], [ -7.32, 57.148 ], [ -7.321, 57.147 ], [ -7.322, 57.146 ], [ -7.324, 57.145 ] ] ], [ [ [ -7.317, 57.146 ], [ -7.321, 57.147 ], [ -7.318, 57.148 ], [ -7.317, 57.146 ] ] ], [ [ [ -7.316, 57.147 ], [ -7.317, 57.148 ], [ -7.315, 57.148 ], [ -7.316, 57.147 ] ] ], [ [ [ -7.304, 57.151 ], [ -7.302, 57.151 ], [ -7.303, 57.15 ], [ -7.304, 57.151 ] ] ], [ [ [ -7.334, 57.152 ], [ -7.334, 57.153 ], [ -7.33, 57.154 ], [ -7.325, 57.152 ], [ -7.334, 57.152 ] ] ], [ [ [ -7.326, 57.153 ], [ -7.327, 57.154 ], [ -7.326, 57.154 ], [ -7.326, 57.153 ] ] ], [ [ [ -7.329, 57.158 ], [ -7.327, 57.154 ], [ -7.328, 57.154 ], [ -7.329, 57.158 ] ] ], [ [ [ -7.262, 57.209 ], [ -7.262, 57.208 ], [ -7.263, 57.208 ], [ -7.262, 57.209 ] ] ], [ [ [ -7.261, 57.21 ], [ -7.261, 57.209 ], [ -7.262, 57.209 ], [ -7.261, 57.21 ] ] ], [ [ [ -7.267, 57.214 ], [ -7.268, 57.213 ], [ -7.269, 57.214 ], [ -7.267, 57.214 ] ] ], [ [ [ -7.349, 57.23 ], [ -7.357, 57.238 ], [ -7.356, 57.239 ], [ -7.355, 57.238 ], [ -7.348, 57.237 ], [ -7.349, 57.23 ] ] ], [ [ [ -7.297, 57.235 ], [ -7.298, 57.235 ], [ -7.297, 57.236 ], [ -7.297, 57.235 ] ] ], [ [ [ -7.304, 57.236 ], [ -7.305, 57.238 ], [ -7.303, 57.238 ], [ -7.304, 57.236 ] ] ], [ [ [ -7.29, 57.149 ], [ -7.29, 57.147 ], [ -7.299, 57.148 ], [ -7.29, 57.149 ] ] ], [ [ [ -7.264, 57.326 ], [ -7.265, 57.327 ], [ -7.263, 57.327 ], [ -7.264, 57.326 ] ] ], [ [ [ -7.271, 57.366 ], [ -7.271, 57.367 ], [ -7.27, 57.367 ], [ -7.271, 57.366 ] ] ], [ [ [ -7.257, 57.367 ], [ -7.262, 57.37 ], [ -7.256, 57.37 ], [ -7.257, 57.367 ] ] ], [ [ [ -7.277, 57.371 ], [ -7.273, 57.371 ], [ -7.27, 57.37 ], [ -7.277, 57.371 ] ] ], [ [ [ -7.29, 57.373 ], [ -7.294, 57.373 ], [ -7.289, 57.374 ], [ -7.284, 57.372 ], [ -7.29, 57.373 ] ] ], [ [ [ -7.278, 57.373 ], [ -7.276, 57.373 ], [ -7.276, 57.372 ], [ -7.278, 57.373 ] ] ], [ [ [ -7.26, 57.374 ], [ -7.26, 57.373 ], [ -7.263, 57.373 ], [ -7.26, 57.374 ] ] ], [ [ [ -7.287, 57.377 ], [ -7.284, 57.376 ], [ -7.287, 57.374 ], [ -7.287, 57.377 ] ] ], [ [ [ -7.267, 57.381 ], [ -7.266, 57.381 ], [ -7.266, 57.38 ], [ -7.267, 57.381 ] ] ], [ [ [ -7.269, 57.382 ], [ -7.266, 57.382 ], [ -7.267, 57.381 ], [ -7.268, 57.381 ], [ -7.269, 57.382 ] ] ], [ [ [ -7.279, 57.386 ], [ -7.277, 57.385 ], [ -7.28, 57.385 ], [ -7.279, 57.386 ] ] ], [ [ [ -7.263, 57.391 ], [ -7.262, 57.39 ], [ -7.264, 57.39 ], [ -7.263, 57.391 ] ] ], [ [ [ -7.284, 57.396 ], [ -7.283, 57.394 ], [ -7.284, 57.393 ], [ -7.284, 57.396 ] ] ], [ [ [ -7.276, 57.398 ], [ -7.275, 57.397 ], [ -7.276, 57.396 ], [ -7.276, 57.398 ] ] ], [ [ [ -7.262, 57.397 ], [ -7.265, 57.398 ], [ -7.262, 57.398 ], [ -7.262, 57.397 ] ] ], [ [ [ -7.266, 57.398 ], [ -7.268, 57.399 ], [ -7.266, 57.399 ], [ -7.266, 57.398 ] ] ], [ [ [ -7.287, 57.401 ], [ -7.283, 57.399 ], [ -7.286, 57.399 ], [ -7.287, 57.401 ] ] ], [ [ [ -7.274, 57.4 ], [ -7.277, 57.401 ], [ -7.276, 57.402 ], [ -7.274, 57.4 ] ] ], [ [ [ -7.292, 57.406 ], [ -7.289, 57.406 ], [ -7.29, 57.405 ], [ -7.292, 57.406 ] ] ], [ [ [ -7.269, 57.407 ], [ -7.269, 57.406 ], [ -7.27, 57.407 ], [ -7.269, 57.407 ] ] ], [ [ [ -7.375, 57.399 ], [ -7.382, 57.397 ], [ -7.37, 57.414 ], [ -7.366, 57.417 ], [ -7.363, 57.418 ], [ -7.362, 57.418 ], [ -7.375, 57.399 ] ] ], [ [ [ -7.258, 57.438 ], [ -7.262, 57.437 ], [ -7.261, 57.438 ], [ -7.258, 57.438 ] ] ], [ [ [ -7.265, 57.442 ], [ -7.263, 57.443 ], [ -7.263, 57.442 ], [ -7.265, 57.442 ] ] ], [ [ [ -7.323, 57.479 ], [ -7.287, 57.479 ], [ -7.286, 57.481 ], [ -7.285, 57.479 ], [ -7.258, 57.478 ], [ -7.283, 57.473 ], [ -7.249, 57.46 ], [ -7.252, 57.477 ], [ -7.215, 57.466 ], [ -7.245, 57.461 ], [ -7.241, 57.451 ], [ -7.218, 57.446 ], [ -7.243, 57.447 ], [ -7.252, 57.459 ], [ -7.244, 57.446 ], [ -7.271, 57.453 ], [ -7.265, 57.442 ], [ -7.264, 57.44 ], [ -7.284, 57.438 ], [ -7.248, 57.429 ], [ -7.243, 57.433 ], [ -7.245, 57.438 ], [ -7.226, 57.435 ], [ -7.215, 57.436 ], [ -7.202, 57.424 ], [ -7.224, 57.427 ], [ -7.204, 57.419 ], [ -7.203, 57.419 ], [ -7.203, 57.418 ], [ -7.254, 57.412 ], [ -7.239, 57.402 ], [ -7.251, 57.404 ], [ -7.253, 57.405 ], [ -7.253, 57.404 ], [ -7.255, 57.405 ], [ -7.271, 57.409 ], [ -7.297, 57.416 ], [ -7.314, 57.418 ], [ -7.314, 57.415 ], [ -7.291, 57.411 ], [ -7.291, 57.41 ], [ -7.304, 57.399 ], [ -7.344, 57.421 ], [ -7.392, 57.422 ], [ -7.41, 57.47 ], [ -7.379, 57.475 ], [ -7.365, 57.493 ], [ -7.323, 57.479 ] ], [ [ -7.233, 57.429 ], [ -7.228, 57.429 ], [ -7.223, 57.43 ], [ -7.222, 57.431 ], [ -7.243, 57.433 ], [ -7.233, 57.429 ] ] ], [ [ [ -7.276, 57.408 ], [ -7.275, 57.408 ], [ -7.273, 57.407 ], [ -7.272, 57.407 ], [ -7.263, 57.399 ], [ -7.291, 57.41 ], [ -7.276, 57.408 ] ] ], [ [ [ -7.289, 57.48 ], [ -7.291, 57.481 ], [ -7.286, 57.481 ], [ -7.289, 57.48 ] ] ], [ [ [ -7.258, 57.481 ], [ -7.262, 57.481 ], [ -7.261, 57.482 ], [ -7.258, 57.481 ] ] ], [ [ [ -7.27, 57.484 ], [ -7.265, 57.482 ], [ -7.268, 57.482 ], [ -7.27, 57.484 ] ] ], [ [ [ -7.326, 57.489 ], [ -7.319, 57.488 ], [ -7.323, 57.487 ], [ -7.326, 57.489 ] ] ], [ [ [ -7.278, 57.489 ], [ -7.269, 57.488 ], [ -7.272, 57.486 ], [ -7.278, 57.489 ] ] ], [ [ [ -7.302, 57.486 ], [ -7.303, 57.487 ], [ -7.299, 57.489 ], [ -7.291, 57.491 ], [ -7.302, 57.486 ] ] ], [ [ [ -7.34, 57.488 ], [ -7.342, 57.49 ], [ -7.337, 57.492 ], [ -7.34, 57.488 ] ] ], [ [ [ -7.289, 57.491 ], [ -7.291, 57.491 ], [ -7.263, 57.503 ], [ -7.26, 57.5 ], [ -7.248, 57.502 ], [ -7.255, 57.504 ], [ -7.255, 57.506 ], [ -7.24, 57.505 ], [ -7.248, 57.501 ], [ -7.238, 57.497 ], [ -7.217, 57.499 ], [ -7.222, 57.489 ], [ -7.206, 57.479 ], [ -7.201, 57.475 ], [ -7.273, 57.497 ], [ -7.273, 57.494 ], [ -7.288, 57.491 ], [ -7.288, 57.49 ], [ -7.289, 57.491 ] ] ], [ [ [ -7.274, 57.49 ], [ -7.276, 57.492 ], [ -7.269, 57.492 ], [ -7.268, 57.491 ], [ -7.274, 57.49 ] ] ], [ [ [ -7.34, 57.499 ], [ -7.348, 57.497 ], [ -7.347, 57.501 ], [ -7.34, 57.499 ] ] ], [ [ [ -7.299, 57.499 ], [ -7.303, 57.501 ], [ -7.3, 57.503 ], [ -7.299, 57.499 ] ] ], [ [ [ -7.265, 57.505 ], [ -7.265, 57.504 ], [ -7.267, 57.504 ], [ -7.265, 57.505 ] ] ], [ [ [ -7.268, 57.504 ], [ -7.271, 57.505 ], [ -7.27, 57.505 ], [ -7.268, 57.505 ], [ -7.268, 57.504 ] ] ], [ [ [ -7.284, 57.505 ], [ -7.286, 57.506 ], [ -7.285, 57.506 ], [ -7.284, 57.505 ] ] ], [ [ [ -7.282, 57.509 ], [ -7.276, 57.51 ], [ -7.272, 57.509 ], [ -7.282, 57.509 ] ] ], [ [ [ -7.289, 57.512 ], [ -7.291, 57.513 ], [ -7.289, 57.513 ], [ -7.289, 57.512 ] ] ], [ [ [ -7.278, 57.513 ], [ -7.279, 57.514 ], [ -7.277, 57.514 ], [ -7.278, 57.513 ] ] ], [ [ [ -7.336, 57.514 ], [ -7.334, 57.517 ], [ -7.333, 57.516 ], [ -7.336, 57.514 ] ] ], [ [ [ -7.337, 57.527 ], [ -7.332, 57.527 ], [ -7.335, 57.525 ], [ -7.337, 57.527 ] ] ], [ [ [ -7.34, 57.53 ], [ -7.338, 57.53 ], [ -7.338, 57.529 ], [ -7.34, 57.53 ] ] ], [ [ [ -7.337, 57.532 ], [ -7.34, 57.53 ], [ -7.342, 57.53 ], [ -7.337, 57.532 ] ] ], [ [ [ -7.286, 57.552 ], [ -7.289, 57.552 ], [ -7.286, 57.553 ], [ -7.286, 57.552 ] ] ], [ [ [ -7.271, 57.554 ], [ -7.262, 57.554 ], [ -7.268, 57.553 ], [ -7.271, 57.554 ] ] ], [ [ [ -7.297, 57.555 ], [ -7.3, 57.557 ], [ -7.294, 57.559 ], [ -7.297, 57.555 ] ] ], [ [ [ -7.286, 57.557 ], [ -7.285, 57.557 ], [ -7.286, 57.556 ], [ -7.286, 57.557 ] ] ], [ [ [ -7.146, 57.513 ], [ -7.149, 57.509 ], [ -7.17, 57.513 ], [ -7.146, 57.513 ] ] ], [ [ [ -7.272, 57.653 ], [ -7.274, 57.653 ], [ -7.273, 57.654 ], [ -7.272, 57.653 ] ] ], [ [ [ -7.277, 57.654 ], [ -7.279, 57.655 ], [ -7.278, 57.656 ], [ -7.277, 57.654 ] ] ], [ [ [ -7.286, 57.659 ], [ -7.312, 57.661 ], [ -7.288, 57.668 ], [ -7.286, 57.659 ] ] ], [ [ [ -7.314, 57.681 ], [ -7.314, 57.682 ], [ -7.312, 57.682 ], [ -7.314, 57.681 ] ] ], [ [ [ -7.283, 57.7 ], [ -7.301, 57.717 ], [ -7.289, 57.72 ], [ -7.276, 57.713 ], [ -7.283, 57.7 ] ] ], [ [ [ -7.289, 57.738 ], [ -7.288, 57.737 ], [ -7.29, 57.737 ], [ -7.289, 57.738 ] ] ], [ [ [ -7.262, 57.795 ], [ -7.264, 57.797 ], [ -7.262, 57.797 ], [ -7.262, 57.795 ] ] ], [ [ [ -7.258, 57.798 ], [ -7.262, 57.803 ], [ -7.245, 57.801 ], [ -7.257, 57.797 ], [ -7.258, 57.798 ] ] ], [ [ [ -7.268, 57.976 ], [ -7.268, 57.977 ], [ -7.266, 57.976 ], [ -7.268, 57.976 ] ] ], [ [ [ -7.262, 57.977 ], [ -7.262, 57.978 ], [ -7.261, 57.978 ], [ -7.262, 57.977 ] ] ], [ [ [ -7.294, 57.985 ], [ -7.283, 57.984 ], [ -7.288, 57.98 ], [ -7.294, 57.985 ] ] ], [ [ [ -7.229, 57.085 ], [ -7.228, 57.084 ], [ -7.231, 57.084 ], [ -7.229, 57.085 ] ] ], [ [ [ -7.239, 57.188 ], [ -7.237, 57.189 ], [ -7.238, 57.187 ], [ -7.239, 57.188 ] ] ], [ [ [ -7.25, 57.187 ], [ -7.256, 57.193 ], [ -7.25, 57.195 ], [ -7.25, 57.187 ] ] ], [ [ [ -7.251, 57.198 ], [ -7.253, 57.198 ], [ -7.252, 57.199 ], [ -7.251, 57.198 ] ] ], [ [ [ -7.242, 57.326 ], [ -7.239, 57.324 ], [ -7.245, 57.323 ], [ -7.242, 57.326 ] ] ], [ [ [ -7.227, 57.327 ], [ -7.225, 57.327 ], [ -7.226, 57.326 ], [ -7.227, 57.327 ] ] ], [ [ [ -7.246, 57.325 ], [ -7.252, 57.327 ], [ -7.241, 57.329 ], [ -7.246, 57.325 ] ] ], [ [ [ -7.225, 57.327 ], [ -7.229, 57.329 ], [ -7.221, 57.329 ], [ -7.225, 57.327 ] ] ], [ [ [ -7.239, 57.343 ], [ -7.239, 57.344 ], [ -7.238, 57.343 ], [ -7.239, 57.343 ] ] ], [ [ [ -7.217, 57.341 ], [ -7.22, 57.343 ], [ -7.213, 57.349 ], [ -7.211, 57.347 ], [ -7.217, 57.341 ] ] ], [ [ [ -7.208, 57.344 ], [ -7.211, 57.343 ], [ -7.211, 57.344 ], [ -7.208, 57.344 ] ] ], [ [ [ -7.254, 57.345 ], [ -7.257, 57.345 ], [ -7.255, 57.346 ], [ -7.254, 57.345 ] ] ], [ [ [ -7.252, 57.346 ], [ -7.253, 57.346 ], [ -7.252, 57.347 ], [ -7.252, 57.346 ] ] ], [ [ [ -7.233, 57.347 ], [ -7.237, 57.347 ], [ -7.236, 57.348 ], [ -7.233, 57.347 ] ] ], [ [ [ -7.23, 57.348 ], [ -7.231, 57.348 ], [ -7.23, 57.349 ], [ -7.23, 57.348 ] ] ], [ [ [ -7.219, 57.348 ], [ -7.219, 57.349 ], [ -7.219, 57.35 ], [ -7.218, 57.349 ], [ -7.219, 57.348 ] ] ], [ [ [ -7.219, 57.35 ], [ -7.219, 57.351 ], [ -7.216, 57.351 ], [ -7.216, 57.35 ], [ -7.217, 57.35 ], [ -7.219, 57.35 ] ] ], [ [ [ -7.225, 57.351 ], [ -7.228, 57.352 ], [ -7.223, 57.352 ], [ -7.225, 57.351 ] ] ], [ [ [ -7.248, 57.355 ], [ -7.248, 57.356 ], [ -7.247, 57.356 ], [ -7.247, 57.355 ], [ -7.246, 57.355 ], [ -7.247, 57.354 ], [ -7.248, 57.355 ] ] ], [ [ [ -7.214, 57.356 ], [ -7.216, 57.356 ], [ -7.215, 57.357 ], [ -7.214, 57.356 ] ] ], [ [ [ -7.248, 57.359 ], [ -7.248, 57.36 ], [ -7.248, 57.361 ], [ -7.247, 57.36 ], [ -7.248, 57.359 ] ] ], [ [ [ -7.252, 57.359 ], [ -7.253, 57.36 ], [ -7.252, 57.36 ], [ -7.252, 57.359 ] ] ], [ [ [ -7.246, 57.369 ], [ -7.243, 57.367 ], [ -7.245, 57.367 ], [ -7.246, 57.369 ] ] ], [ [ [ -7.239, 57.38 ], [ -7.246, 57.383 ], [ -7.239, 57.382 ], [ -7.239, 57.38 ] ] ], [ [ [ -7.244, 57.384 ], [ -7.244, 57.385 ], [ -7.241, 57.384 ], [ -7.244, 57.384 ] ] ], [ [ [ -7.214, 57.385 ], [ -7.213, 57.384 ], [ -7.214, 57.384 ], [ -7.214, 57.385 ] ] ], [ [ [ -7.216, 57.384 ], [ -7.217, 57.385 ], [ -7.215, 57.385 ], [ -7.216, 57.384 ] ] ], [ [ [ -7.199, 57.386 ], [ -7.201, 57.385 ], [ -7.2, 57.386 ], [ -7.199, 57.386 ] ] ], [ [ [ -7.248, 57.385 ], [ -7.249, 57.385 ], [ -7.248, 57.386 ], [ -7.248, 57.385 ] ] ], [ [ [ -7.24, 57.386 ], [ -7.236, 57.387 ], [ -7.229, 57.385 ], [ -7.24, 57.386 ] ] ], [ [ [ -7.255, 57.388 ], [ -7.256, 57.388 ], [ -7.255, 57.389 ], [ -7.255, 57.388 ] ] ], [ [ [ -7.236, 57.389 ], [ -7.233, 57.389 ], [ -7.233, 57.388 ], [ -7.236, 57.389 ] ] ], [ [ [ -7.251, 57.389 ], [ -7.253, 57.389 ], [ -7.252, 57.39 ], [ -7.251, 57.389 ] ] ], [ [ [ -7.209, 57.391 ], [ -7.212, 57.39 ], [ -7.218, 57.389 ], [ -7.222, 57.388 ], [ -7.216, 57.388 ], [ -7.208, 57.388 ], [ -7.205, 57.386 ], [ -7.224, 57.387 ], [ -7.234, 57.392 ], [ -7.19, 57.396 ], [ -7.208, 57.391 ], [ -7.208, 57.39 ], [ -7.209, 57.391 ] ] ], [ [ [ -7.253, 57.391 ], [ -7.26, 57.39 ], [ -7.266, 57.394 ], [ -7.262, 57.396 ], [ -7.25, 57.392 ], [ -7.248, 57.39 ], [ -7.252, 57.391 ], [ -7.252, 57.392 ], [ -7.253, 57.391 ] ] ], [ [ [ -7.243, 57.397 ], [ -7.24, 57.395 ], [ -7.24, 57.393 ], [ -7.252, 57.399 ], [ -7.243, 57.397 ] ] ], [ [ [ -7.247, 57.392 ], [ -7.261, 57.399 ], [ -7.263, 57.401 ], [ -7.256, 57.398 ], [ -7.253, 57.398 ], [ -7.247, 57.392 ] ] ], [ [ [ -7.24, 57.399 ], [ -7.24, 57.398 ], [ -7.241, 57.399 ], [ -7.24, 57.399 ] ] ], [ [ [ -7.246, 57.399 ], [ -7.246, 57.4 ], [ -7.245, 57.399 ], [ -7.246, 57.399 ] ] ], [ [ [ -7.236, 57.401 ], [ -7.231, 57.401 ], [ -7.233, 57.4 ], [ -7.236, 57.401 ] ] ], [ [ [ -7.251, 57.404 ], [ -7.251, 57.403 ], [ -7.252, 57.403 ], [ -7.251, 57.404 ] ] ], [ [ [ -7.242, 57.409 ], [ -7.245, 57.41 ], [ -7.24, 57.41 ], [ -7.239, 57.409 ], [ -7.242, 57.409 ] ] ], [ [ [ -7.235, 57.409 ], [ -7.237, 57.41 ], [ -7.235, 57.41 ], [ -7.235, 57.409 ] ] ], [ [ [ -7.238, 57.41 ], [ -7.24, 57.41 ], [ -7.239, 57.411 ], [ -7.238, 57.41 ] ] ], [ [ [ -7.213, 57.41 ], [ -7.226, 57.409 ], [ -7.233, 57.411 ], [ -7.213, 57.41 ] ] ], [ [ [ -7.207, 57.411 ], [ -7.213, 57.411 ], [ -7.209, 57.414 ], [ -7.207, 57.411 ] ] ], [ [ [ -7.229, 57.413 ], [ -7.228, 57.414 ], [ -7.227, 57.412 ], [ -7.229, 57.413 ] ] ], [ [ [ -7.214, 57.413 ], [ -7.218, 57.413 ], [ -7.217, 57.414 ], [ -7.214, 57.413 ] ] ], [ [ [ -7.197, 57.422 ], [ -7.196, 57.421 ], [ -7.198, 57.421 ], [ -7.197, 57.422 ] ] ], [ [ [ -7.197, 57.426 ], [ -7.197, 57.427 ], [ -7.195, 57.426 ], [ -7.197, 57.426 ] ] ], [ [ [ -7.23, 57.431 ], [ -7.23, 57.43 ], [ -7.231, 57.43 ], [ -7.23, 57.431 ] ] ], [ [ [ -7.205, 57.435 ], [ -7.196, 57.433 ], [ -7.199, 57.432 ], [ -7.205, 57.435 ] ] ], [ [ [ -7.209, 57.436 ], [ -7.212, 57.436 ], [ -7.21, 57.437 ], [ -7.209, 57.436 ] ] ], [ [ [ -7.229, 57.437 ], [ -7.231, 57.438 ], [ -7.22, 57.438 ], [ -7.229, 57.437 ] ] ], [ [ [ -7.233, 57.442 ], [ -7.234, 57.442 ], [ -7.233, 57.443 ], [ -7.233, 57.442 ] ] ], [ [ [ -7.257, 57.444 ], [ -7.256, 57.443 ], [ -7.258, 57.443 ], [ -7.257, 57.444 ] ] ], [ [ [ -7.246, 57.444 ], [ -7.247, 57.445 ], [ -7.245, 57.445 ], [ -7.246, 57.444 ] ] ], [ [ [ -7.211, 57.446 ], [ -7.211, 57.447 ], [ -7.209, 57.446 ], [ -7.211, 57.446 ] ] ], [ [ [ -7.219, 57.449 ], [ -7.218, 57.448 ], [ -7.22, 57.448 ], [ -7.219, 57.449 ] ] ], [ [ [ -7.203, 57.448 ], [ -7.206, 57.449 ], [ -7.204, 57.449 ], [ -7.203, 57.448 ] ] ], [ [ [ -7.221, 57.453 ], [ -7.221, 57.452 ], [ -7.224, 57.452 ], [ -7.225, 57.453 ], [ -7.221, 57.453 ] ] ], [ [ [ -7.222, 57.454 ], [ -7.234, 57.459 ], [ -7.234, 57.46 ], [ -7.222, 57.454 ] ] ], [ [ [ -7.196, 57.458 ], [ -7.197, 57.461 ], [ -7.193, 57.46 ], [ -7.196, 57.458 ] ] ], [ [ [ -7.206, 57.469 ], [ -7.213, 57.469 ], [ -7.211, 57.47 ], [ -7.206, 57.469 ] ] ], [ [ [ -7.213, 57.471 ], [ -7.215, 57.471 ], [ -7.214, 57.472 ], [ -7.213, 57.471 ] ] ], [ [ [ -7.207, 57.475 ], [ -7.205, 57.475 ], [ -7.206, 57.474 ], [ -7.207, 57.475 ] ] ], [ [ [ -7.202, 57.479 ], [ -7.203, 57.479 ], [ -7.203, 57.48 ], [ -7.201, 57.48 ], [ -7.202, 57.479 ] ] ], [ [ [ -7.2, 57.484 ], [ -7.193, 57.481 ], [ -7.201, 57.481 ], [ -7.2, 57.484 ] ] ], [ [ [ -7.204, 57.49 ], [ -7.204, 57.498 ], [ -7.177, 57.491 ], [ -7.196, 57.5 ], [ -7.158, 57.484 ], [ -7.174, 57.481 ], [ -7.181, 57.469 ], [ -7.189, 57.484 ], [ -7.202, 57.486 ], [ -7.208, 57.491 ], [ -7.205, 57.49 ], [ -7.204, 57.49 ] ] ], [ [ [ -7.224, 57.502 ], [ -7.223, 57.501 ], [ -7.227, 57.501 ], [ -7.227, 57.502 ], [ -7.224, 57.502 ] ] ], [ [ [ -7.204, 57.502 ], [ -7.202, 57.502 ], [ -7.201, 57.501 ], [ -7.205, 57.502 ], [ -7.204, 57.502 ] ] ], [ [ [ -7.2, 57.501 ], [ -7.202, 57.502 ], [ -7.202, 57.503 ], [ -7.201, 57.503 ], [ -7.2, 57.501 ] ] ], [ [ [ -7.206, 57.504 ], [ -7.202, 57.503 ], [ -7.205, 57.503 ], [ -7.206, 57.504 ] ] ], [ [ [ -7.208, 57.505 ], [ -7.208, 57.504 ], [ -7.209, 57.504 ], [ -7.208, 57.505 ] ] ], [ [ [ -7.219, 57.505 ], [ -7.218, 57.504 ], [ -7.22, 57.504 ], [ -7.219, 57.505 ] ] ], [ [ [ -7.216, 57.505 ], [ -7.218, 57.506 ], [ -7.216, 57.506 ], [ -7.216, 57.505 ] ] ], [ [ [ -7.198, 57.514 ], [ -7.195, 57.513 ], [ -7.195, 57.512 ], [ -7.197, 57.511 ], [ -7.198, 57.514 ] ] ], [ [ [ -7.213, 57.553 ], [ -7.211, 57.553 ], [ -7.212, 57.552 ], [ -7.213, 57.553 ] ] ], [ [ [ -7.252, 57.558 ], [ -7.253, 57.558 ], [ -7.253, 57.56 ], [ -7.252, 57.558 ] ] ], [ [ [ -7.211, 57.639 ], [ -7.209, 57.639 ], [ -7.208, 57.638 ], [ -7.211, 57.638 ], [ -7.211, 57.639 ] ] ], [ [ [ -7.204, 57.638 ], [ -7.206, 57.639 ], [ -7.204, 57.639 ], [ -7.204, 57.638 ] ] ], [ [ [ -7.207, 57.66 ], [ -7.205, 57.659 ], [ -7.208, 57.659 ], [ -7.207, 57.66 ] ] ], [ [ [ -7.249, 57.69 ], [ -7.246, 57.687 ], [ -7.253, 57.683 ], [ -7.249, 57.69 ] ] ], [ [ [ -7.249, 57.756 ], [ -7.253, 57.758 ], [ -7.245, 57.758 ], [ -7.249, 57.756 ] ] ], [ [ [ -7.234, 57.759 ], [ -7.234, 57.758 ], [ -7.236, 57.758 ], [ -7.234, 57.759 ] ] ], [ [ [ -7.254, 57.761 ], [ -7.25, 57.76 ], [ -7.253, 57.759 ], [ -7.254, 57.761 ] ] ], [ [ [ -7.2, 57.773 ], [ -7.223, 57.76 ], [ -7.266, 57.773 ], [ -7.217, 57.785 ], [ -7.2, 57.773 ] ] ], [ [ [ -7.192, 57.393 ], [ -7.194, 57.393 ], [ -7.193, 57.394 ], [ -7.192, 57.393 ] ] ], [ [ [ -7.189, 57.402 ], [ -7.19, 57.402 ], [ -7.189, 57.404 ], [ -7.189, 57.402 ] ] ], [ [ [ -7.191, 57.433 ], [ -7.19, 57.432 ], [ -7.192, 57.432 ], [ -7.194, 57.433 ], [ -7.191, 57.433 ] ] ], [ [ [ -7.182, 57.451 ], [ -7.181, 57.452 ], [ -7.179, 57.45 ], [ -7.182, 57.451 ] ] ], [ [ [ -7.185, 57.452 ], [ -7.185, 57.451 ], [ -7.186, 57.451 ], [ -7.185, 57.452 ] ] ], [ [ [ -7.193, 57.455 ], [ -7.191, 57.455 ], [ -7.193, 57.454 ], [ -7.193, 57.455 ] ] ], [ [ [ -7.194, 57.457 ], [ -7.194, 57.456 ], [ -7.195, 57.456 ], [ -7.194, 57.457 ] ] ], [ [ [ -7.19, 57.456 ], [ -7.192, 57.456 ], [ -7.193, 57.458 ], [ -7.19, 57.456 ] ] ], [ [ [ -7.165, 57.48 ], [ -7.163, 57.479 ], [ -7.165, 57.478 ], [ -7.165, 57.48 ] ] ], [ [ [ -7.192, 57.48 ], [ -7.192, 57.479 ], [ -7.194, 57.479 ], [ -7.192, 57.48 ] ] ], [ [ [ -7.158, 57.491 ], [ -7.157, 57.49 ], [ -7.16, 57.49 ], [ -7.158, 57.491 ] ] ], [ [ [ -7.158, 57.491 ], [ -7.164, 57.49 ], [ -7.164, 57.491 ], [ -7.158, 57.491 ] ] ], [ [ [ -7.159, 57.495 ], [ -7.158, 57.495 ], [ -7.158, 57.494 ], [ -7.159, 57.495 ] ] ], [ [ [ -7.144, 57.501 ], [ -7.164, 57.5 ], [ -7.158, 57.503 ], [ -7.144, 57.501 ] ] ], [ [ [ -7.184, 57.503 ], [ -7.186, 57.502 ], [ -7.188, 57.503 ], [ -7.184, 57.503 ] ] ], [ [ [ -7.157, 57.504 ], [ -7.157, 57.505 ], [ -7.156, 57.504 ], [ -7.157, 57.504 ] ] ], [ [ [ -7.167, 57.506 ], [ -7.161, 57.505 ], [ -7.165, 57.504 ], [ -7.167, 57.506 ] ] ], [ [ [ -7.157, 57.505 ], [ -7.158, 57.505 ], [ -7.159, 57.506 ], [ -7.156, 57.506 ], [ -7.157, 57.505 ] ] ], [ [ [ -7.155, 57.507 ], [ -7.151, 57.505 ], [ -7.154, 57.505 ], [ -7.155, 57.507 ] ] ], [ [ [ -7.181, 57.504 ], [ -7.195, 57.505 ], [ -7.193, 57.508 ], [ -7.191, 57.508 ], [ -7.183, 57.508 ], [ -7.181, 57.504 ] ] ], [ [ [ -7.154, 57.507 ], [ -7.142, 57.508 ], [ -7.145, 57.505 ], [ -7.154, 57.507 ] ] ], [ [ [ -7.182, 57.51 ], [ -7.184, 57.51 ], [ -7.183, 57.511 ], [ -7.182, 57.51 ] ] ], [ [ [ -7.195, 57.512 ], [ -7.188, 57.511 ], [ -7.19, 57.51 ], [ -7.195, 57.512 ] ] ], [ [ [ -7.169, 57.551 ], [ -7.166, 57.552 ], [ -7.166, 57.551 ], [ -7.169, 57.551 ] ] ], [ [ [ -7.171, 57.553 ], [ -7.174, 57.553 ], [ -7.172, 57.554 ], [ -7.171, 57.553 ] ] ], [ [ [ -7.136, 57.556 ], [ -7.135, 57.556 ], [ -7.135, 57.555 ], [ -7.136, 57.556 ] ] ], [ [ [ -7.186, 57.559 ], [ -7.184, 57.559 ], [ -7.185, 57.558 ], [ -7.186, 57.559 ] ] ], [ [ [ -7.178, 57.562 ], [ -7.176, 57.561 ], [ -7.181, 57.56 ], [ -7.178, 57.562 ] ] ], [ [ [ -7.153, 57.588 ], [ -7.154, 57.589 ], [ -7.153, 57.589 ], [ -7.153, 57.588 ] ] ], [ [ [ -7.151, 57.59 ], [ -7.15, 57.59 ], [ -7.151, 57.589 ], [ -7.151, 57.59 ] ] ], [ [ [ -7.158, 57.589 ], [ -7.161, 57.591 ], [ -7.154, 57.591 ], [ -7.158, 57.589 ] ] ], [ [ [ -7.17, 57.596 ], [ -7.163, 57.595 ], [ -7.167, 57.595 ], [ -7.17, 57.596 ] ] ], [ [ [ -7.172, 57.597 ], [ -7.174, 57.597 ], [ -7.174, 57.598 ], [ -7.172, 57.597 ] ] ], [ [ [ -7.158, 57.602 ], [ -7.159, 57.603 ], [ -7.157, 57.604 ], [ -7.158, 57.602 ] ] ], [ [ [ -7.141, 57.606 ], [ -7.142, 57.605 ], [ -7.142, 57.606 ], [ -7.141, 57.606 ] ] ], [ [ [ -7.141, 57.607 ], [ -7.141, 57.608 ], [ -7.14, 57.607 ], [ -7.141, 57.607 ] ] ], [ [ [ -7.138, 57.613 ], [ -7.145, 57.615 ], [ -7.137, 57.615 ], [ -7.137, 57.612 ], [ -7.138, 57.613 ] ] ], [ [ [ -7.156, 57.614 ], [ -7.156, 57.615 ], [ -7.154, 57.615 ], [ -7.156, 57.614 ] ] ], [ [ [ -7.159, 57.617 ], [ -7.16, 57.616 ], [ -7.164, 57.617 ], [ -7.159, 57.617 ] ] ], [ [ [ -7.165, 57.617 ], [ -7.165, 57.616 ], [ -7.167, 57.616 ], [ -7.165, 57.617 ] ] ], [ [ [ -7.142, 57.618 ], [ -7.149, 57.617 ], [ -7.142, 57.62 ], [ -7.14, 57.62 ], [ -7.134, 57.618 ], [ -7.142, 57.618 ] ] ], [ [ [ -7.178, 57.619 ], [ -7.179, 57.619 ], [ -7.178, 57.62 ], [ -7.178, 57.619 ] ] ], [ [ [ -7.153, 57.619 ], [ -7.144, 57.62 ], [ -7.146, 57.619 ], [ -7.153, 57.619 ] ] ], [ [ [ -7.145, 57.621 ], [ -7.14, 57.621 ], [ -7.142, 57.62 ], [ -7.145, 57.621 ] ] ], [ [ [ -7.187, 57.62 ], [ -7.188, 57.62 ], [ -7.189, 57.621 ], [ -7.178, 57.622 ], [ -7.187, 57.62 ] ] ], [ [ [ -7.159, 57.622 ], [ -7.156, 57.621 ], [ -7.16, 57.62 ], [ -7.159, 57.622 ] ] ], [ [ [ -7.175, 57.621 ], [ -7.177, 57.621 ], [ -7.176, 57.622 ], [ -7.174, 57.621 ], [ -7.175, 57.621 ] ] ], [ [ [ -7.138, 57.621 ], [ -7.139, 57.622 ], [ -7.14, 57.623 ], [ -7.138, 57.623 ], [ -7.138, 57.622 ], [ -7.138, 57.621 ] ] ], [ [ [ -7.135, 57.622 ], [ -7.136, 57.622 ], [ -7.135, 57.623 ], [ -7.135, 57.622 ] ] ], [ [ [ -7.178, 57.624 ], [ -7.177, 57.624 ], [ -7.178, 57.622 ], [ -7.178, 57.624 ] ] ], [ [ [ -7.169, 57.624 ], [ -7.168, 57.623 ], [ -7.17, 57.623 ], [ -7.169, 57.624 ] ] ], [ [ [ -7.149, 57.625 ], [ -7.145, 57.625 ], [ -7.148, 57.624 ], [ -7.149, 57.625 ] ] ], [ [ [ -7.191, 57.625 ], [ -7.193, 57.625 ], [ -7.191, 57.626 ], [ -7.191, 57.625 ] ] ], [ [ [ -7.155, 57.626 ], [ -7.159, 57.625 ], [ -7.158, 57.626 ], [ -7.155, 57.626 ] ] ], [ [ [ -7.159, 57.625 ], [ -7.159, 57.623 ], [ -7.177, 57.628 ], [ -7.16, 57.629 ], [ -7.159, 57.625 ] ] ], [ [ [ -7.151, 57.628 ], [ -7.147, 57.628 ], [ -7.144, 57.627 ], [ -7.149, 57.626 ], [ -7.151, 57.628 ] ] ], [ [ [ -7.185, 57.63 ], [ -7.185, 57.631 ], [ -7.184, 57.631 ], [ -7.185, 57.63 ] ] ], [ [ [ -7.167, 57.63 ], [ -7.188, 57.637 ], [ -7.191, 57.639 ], [ -7.182, 57.638 ], [ -7.167, 57.63 ] ] ], [ [ [ -7.18, 57.638 ], [ -7.182, 57.638 ], [ -7.183, 57.639 ], [ -7.18, 57.638 ] ] ], [ [ [ -7.194, 57.641 ], [ -7.194, 57.64 ], [ -7.197, 57.641 ], [ -7.194, 57.641 ] ] ], [ [ [ -7.183, 57.644 ], [ -7.175, 57.643 ], [ -7.179, 57.642 ], [ -7.183, 57.644 ] ] ], [ [ [ -7.127, 57.647 ], [ -7.129, 57.649 ], [ -7.121, 57.649 ], [ -7.127, 57.647 ] ] ], [ [ [ -7.132, 57.651 ], [ -7.13, 57.65 ], [ -7.131, 57.649 ], [ -7.132, 57.649 ], [ -7.132, 57.651 ] ] ], [ [ [ -7.184, 57.657 ], [ -7.178, 57.654 ], [ -7.182, 57.654 ], [ -7.184, 57.657 ] ] ], [ [ [ -7.127, 57.655 ], [ -7.132, 57.656 ], [ -7.131, 57.657 ], [ -7.127, 57.655 ] ] ], [ [ [ -7.178, 57.656 ], [ -7.178, 57.657 ], [ -7.175, 57.656 ], [ -7.178, 57.656 ] ] ], [ [ [ -7.15, 57.657 ], [ -7.149, 57.656 ], [ -7.151, 57.656 ], [ -7.15, 57.657 ] ] ], [ [ [ -7.134, 57.653 ], [ -7.144, 57.651 ], [ -7.142, 57.66 ], [ -7.134, 57.653 ] ] ], [ [ [ -7.16, 57.657 ], [ -7.161, 57.657 ], [ -7.158, 57.658 ], [ -7.16, 57.657 ] ] ], [ [ [ -7.146, 57.659 ], [ -7.144, 57.66 ], [ -7.145, 57.659 ], [ -7.146, 57.659 ] ] ], [ [ [ -7.153, 57.659 ], [ -7.155, 57.66 ], [ -7.152, 57.66 ], [ -7.153, 57.659 ] ] ], [ [ [ -7.161, 57.661 ], [ -7.159, 57.664 ], [ -7.153, 57.663 ], [ -7.161, 57.661 ] ] ], [ [ [ -7.156, 57.666 ], [ -7.155, 57.665 ], [ -7.157, 57.665 ], [ -7.156, 57.666 ] ] ], [ [ [ -7.15, 57.667 ], [ -7.144, 57.666 ], [ -7.149, 57.664 ], [ -7.15, 57.667 ] ] ], [ [ [ -7.126, 57.666 ], [ -7.13, 57.666 ], [ -7.138, 57.671 ], [ -7.126, 57.666 ] ] ], [ [ [ -7.13, 57.67 ], [ -7.131, 57.669 ], [ -7.138, 57.672 ], [ -7.13, 57.67 ] ] ], [ [ [ -7.141, 57.672 ], [ -7.138, 57.671 ], [ -7.142, 57.671 ], [ -7.144, 57.673 ], [ -7.141, 57.672 ] ] ], [ [ [ -7.143, 57.675 ], [ -7.131, 57.671 ], [ -7.138, 57.672 ], [ -7.143, 57.675 ] ] ], [ [ [ -7.147, 57.673 ], [ -7.146, 57.674 ], [ -7.144, 57.673 ], [ -7.147, 57.673 ] ] ], [ [ [ -7.14, 57.679 ], [ -7.135, 57.676 ], [ -7.14, 57.677 ], [ -7.14, 57.679 ] ] ], [ [ [ -7.137, 57.682 ], [ -7.136, 57.682 ], [ -7.136, 57.681 ], [ -7.137, 57.682 ] ] ], [ [ [ -7.143, 57.682 ], [ -7.146, 57.683 ], [ -7.149, 57.686 ], [ -7.143, 57.682 ] ] ], [ [ [ -7.17, 57.688 ], [ -7.169, 57.686 ], [ -7.17, 57.686 ], [ -7.17, 57.688 ] ] ], [ [ [ -7.155, 57.688 ], [ -7.156, 57.69 ], [ -7.154, 57.689 ], [ -7.155, 57.688 ] ] ], [ [ [ -7.157, 57.69 ], [ -7.157, 57.691 ], [ -7.156, 57.692 ], [ -7.156, 57.69 ], [ -7.157, 57.69 ] ] ], [ [ [ -7.175, 57.695 ], [ -7.166, 57.691 ], [ -7.172, 57.691 ], [ -7.175, 57.695 ] ] ], [ [ [ -7.166, 57.83 ], [ -7.166, 57.829 ], [ -7.168, 57.827 ], [ -7.166, 57.83 ] ] ], [ [ [ -7.128, 58.009 ], [ -7.127, 58.009 ], [ -7.127, 58.008 ], [ -7.128, 58.009 ] ] ], [ [ [ -7.101, 58.006 ], [ -7.133, 58.012 ], [ -7.139, 58.011 ], [ -7.153, 58.009 ], [ -7.151, 58.01 ], [ -7.158, 58.018 ], [ -7.166, 58.02 ], [ -7.165, 58.025 ], [ -7.167, 58.025 ], [ -7.167, 58.026 ], [ -7.169, 58.028 ], [ -7.172, 58.028 ], [ -7.126, 58.035 ], [ -7.101, 58.006 ] ] ], [ [ [ -7.15, 58.037 ], [ -7.15, 58.038 ], [ -7.147, 58.041 ], [ -7.141, 58.041 ], [ -7.15, 58.037 ] ] ], [ [ [ -7.152, 58.038 ], [ -7.153, 58.04 ], [ -7.15, 58.04 ], [ -7.152, 58.038 ] ] ], [ [ [ -7.127, 58.073 ], [ -7.13, 58.082 ], [ -7.139, 58.084 ], [ -7.119, 58.082 ], [ -7.127, 58.073 ] ] ], [ [ [ -7.135, 58.081 ], [ -7.137, 58.081 ], [ -7.136, 58.082 ], [ -7.135, 58.081 ] ] ], [ [ [ -7.142, 58.092 ], [ -7.142, 58.093 ], [ -7.138, 58.093 ], [ -7.142, 58.092 ] ] ], [ [ [ -7.134, 58.094 ], [ -7.137, 58.094 ], [ -7.137, 58.095 ], [ -7.134, 58.094 ] ] ], [ [ [ -7.131, 58.106 ], [ -7.124, 58.106 ], [ -7.13, 58.105 ], [ -7.131, 58.106 ] ] ], [ [ [ -7.131, 58.119 ], [ -7.13, 58.12 ], [ -7.129, 58.119 ], [ -7.129, 58.118 ], [ -7.131, 58.119 ] ] ], [ [ [ -7.13, 58.136 ], [ -7.133, 58.135 ], [ -7.133, 58.136 ], [ -7.13, 58.136 ] ] ], [ [ [ -7.127, 58.14 ], [ -7.127, 58.141 ], [ -7.126, 58.141 ], [ -7.126, 58.14 ], [ -7.127, 58.14 ] ] ], [ [ [ -6.977, 56.466 ], [ -6.976, 56.466 ], [ -6.976, 56.465 ], [ -6.977, 56.466 ] ] ], [ [ [ -6.985, 56.491 ], [ -6.983, 56.491 ], [ -6.985, 56.49 ], [ -6.985, 56.491 ] ] ], [ [ [ -6.995, 56.502 ], [ -6.993, 56.503 ], [ -6.993, 56.502 ], [ -6.995, 56.502 ] ] ], [ [ [ -7.005, 56.522 ], [ -7.005, 56.523 ], [ -7.003, 56.521 ], [ -7.005, 56.521 ], [ -7.005, 56.522 ] ] ], [ [ [ -7.008, 56.522 ], [ -7.005, 56.522 ], [ -7.008, 56.521 ], [ -7.008, 56.522 ] ] ], [ [ [ -7.014, 56.522 ], [ -7.015, 56.523 ], [ -7.015, 56.524 ], [ -7.014, 56.522 ] ] ], [ [ [ -7.006, 56.525 ], [ -7.002, 56.523 ], [ -7.003, 56.523 ], [ -7.006, 56.525 ] ] ], [ [ [ -7.13, 57.611 ], [ -7.127, 57.618 ], [ -7.119, 57.612 ], [ -7.13, 57.611 ] ] ], [ [ [ -7.066, 57.649 ], [ -7.062, 57.648 ], [ -7.065, 57.647 ], [ -7.066, 57.649 ] ] ], [ [ [ -7.084, 57.65 ], [ -7.092, 57.651 ], [ -7.088, 57.651 ], [ -7.084, 57.65 ] ] ], [ [ [ -7.045, 57.651 ], [ -7.059, 57.654 ], [ -7.055, 57.662 ], [ -7.045, 57.651 ] ] ], [ [ [ -7.077, 57.657 ], [ -7.075, 57.664 ], [ -7.065, 57.661 ], [ -7.077, 57.657 ] ] ], [ [ [ -7.097, 57.66 ], [ -7.103, 57.664 ], [ -7.086, 57.662 ], [ -7.097, 57.66 ] ] ], [ [ [ -7.042, 57.665 ], [ -7.039, 57.663 ], [ -7.041, 57.663 ], [ -7.042, 57.665 ] ] ], [ [ [ -7.07, 57.669 ], [ -7.071, 57.67 ], [ -7.07, 57.671 ], [ -7.07, 57.669 ] ] ], [ [ [ -7.077, 57.67 ], [ -7.079, 57.672 ], [ -7.076, 57.672 ], [ -7.077, 57.67 ] ] ], [ [ [ -7.116, 57.669 ], [ -7.126, 57.672 ], [ -7.119, 57.671 ], [ -7.116, 57.673 ], [ -7.116, 57.669 ] ] ], [ [ [ -7.072, 57.671 ], [ -7.073, 57.67 ], [ -7.074, 57.671 ], [ -7.072, 57.671 ] ] ], [ [ [ -7.106, 57.675 ], [ -7.096, 57.67 ], [ -7.109, 57.67 ], [ -7.106, 57.675 ] ] ], [ [ [ -7.063, 57.671 ], [ -7.067, 57.673 ], [ -7.064, 57.675 ], [ -7.063, 57.671 ] ] ], [ [ [ -7.089, 57.675 ], [ -7.084, 57.675 ], [ -7.088, 57.67 ], [ -7.089, 57.675 ] ] ], [ [ [ -7.119, 57.672 ], [ -7.121, 57.672 ], [ -7.119, 57.675 ], [ -7.119, 57.672 ] ] ], [ [ [ -7.082, 57.675 ], [ -7.079, 57.675 ], [ -7.08, 57.673 ], [ -7.082, 57.675 ] ] ], [ [ [ -7.018, 57.691 ], [ -7.023, 57.692 ], [ -7.014, 57.692 ], [ -7.018, 57.691 ] ] ], [ [ [ -7.016, 57.704 ], [ -7.01, 57.701 ], [ -7.013, 57.699 ], [ -7.016, 57.704 ] ] ], [ [ [ -7.097, 57.703 ], [ -7.096, 57.703 ], [ -7.094, 57.701 ], [ -7.096, 57.7 ], [ -7.097, 57.703 ] ] ], [ [ [ -7.094, 57.702 ], [ -7.096, 57.703 ], [ -7.089, 57.704 ], [ -7.094, 57.702 ] ] ], [ [ [ -7.037, 57.701 ], [ -7.041, 57.705 ], [ -7.033, 57.707 ], [ -7.025, 57.7 ], [ -7.037, 57.701 ] ] ], [ [ [ -7.044, 57.707 ], [ -7.045, 57.709 ], [ -7.043, 57.708 ], [ -7.044, 57.707 ] ] ], [ [ [ -7.003, 57.706 ], [ -7.012, 57.712 ], [ -7.007, 57.712 ], [ -7.003, 57.706 ] ] ], [ [ [ -7.062, 57.72 ], [ -7.061, 57.718 ], [ -7.066, 57.719 ], [ -7.06, 57.716 ], [ -7.065, 57.717 ], [ -7.069, 57.721 ], [ -7.062, 57.72 ] ] ], [ [ [ -7.048, 57.724 ], [ -7.049, 57.726 ], [ -7.047, 57.724 ], [ -7.048, 57.724 ] ] ], [ [ [ -7.053, 57.729 ], [ -7.053, 57.728 ], [ -7.056, 57.729 ], [ -7.053, 57.729 ] ] ], [ [ [ -7.058, 57.732 ], [ -7.06, 57.732 ], [ -7.06, 57.733 ], [ -7.058, 57.732 ] ] ], [ [ [ -7.061, 57.734 ], [ -7.097, 57.745 ], [ -7.086, 57.75 ], [ -7.061, 57.734 ] ] ], [ [ [ -7.044, 57.747 ], [ -7.046, 57.748 ], [ -7.041, 57.747 ], [ -7.044, 57.747 ] ] ], [ [ [ -7.007, 57.752 ], [ -7.007, 57.753 ], [ -7.006, 57.753 ], [ -7.007, 57.752 ] ] ], [ [ [ -6.936, 57.75 ], [ -6.938, 57.753 ], [ -6.93, 57.753 ], [ -6.936, 57.75 ] ] ], [ [ [ -7.055, 57.752 ], [ -7.056, 57.752 ], [ -7.055, 57.753 ], [ -7.055, 57.752 ] ] ], [ [ [ -6.93, 57.754 ], [ -6.93, 57.755 ], [ -6.928, 57.755 ], [ -6.93, 57.754 ] ] ], [ [ [ -7.115, 57.757 ], [ -7.11, 57.755 ], [ -7.113, 57.755 ], [ -7.115, 57.757 ] ] ], [ [ [ -7.11, 57.755 ], [ -7.111, 57.756 ], [ -7.109, 57.756 ], [ -7.109, 57.755 ], [ -7.11, 57.755 ] ] ], [ [ [ -7.017, 57.757 ], [ -7.016, 57.755 ], [ -7.018, 57.755 ], [ -7.017, 57.757 ] ] ], [ [ [ -7.02, 57.761 ], [ -7.018, 57.76 ], [ -7.019, 57.759 ], [ -7.02, 57.761 ] ] ], [ [ [ -7.047, 57.76 ], [ -7.048, 57.762 ], [ -7.046, 57.761 ], [ -7.047, 57.76 ] ] ], [ [ [ -7.022, 57.764 ], [ -7.021, 57.763 ], [ -7.023, 57.761 ], [ -7.022, 57.764 ] ] ], [ [ [ -7.076, 57.751 ], [ -7.098, 57.768 ], [ -7.083, 57.775 ], [ -7.076, 57.751 ] ] ], [ [ [ -7.029, 57.764 ], [ -7.027, 57.763 ], [ -7.03, 57.762 ], [ -7.029, 57.764 ] ] ], [ [ [ -7.039, 57.766 ], [ -7.041, 57.767 ], [ -7.039, 57.768 ], [ -7.039, 57.766 ] ] ], [ [ [ -7.051, 57.768 ], [ -7.052, 57.771 ], [ -7.05, 57.771 ], [ -7.051, 57.768 ] ] ], [ [ [ -7.053, 57.769 ], [ -7.057, 57.77 ], [ -7.055, 57.771 ], [ -7.053, 57.769 ] ] ], [ [ [ -7.055, 57.772 ], [ -7.057, 57.772 ], [ -7.056, 57.773 ], [ -7.055, 57.772 ] ] ], [ [ [ -7.058, 57.773 ], [ -7.058, 57.772 ], [ -7.059, 57.772 ], [ -7.058, 57.773 ] ] ], [ [ [ -7.071, 57.786 ], [ -7.07, 57.785 ], [ -7.071, 57.784 ], [ -7.071, 57.786 ] ] ], [ [ [ -7.087, 57.889 ], [ -7.089, 57.889 ], [ -7.09, 57.89 ], [ -7.087, 57.889 ] ] ], [ [ [ -6.99, 57.894 ], [ -7.012, 57.881 ], [ -7.043, 57.895 ], [ -7.076, 57.875 ], [ -7.078, 57.889 ], [ -7.086, 57.89 ], [ -6.998, 57.921 ], [ -6.99, 57.894 ] ] ], [ [ [ -7.053, 57.906 ], [ -7.052, 57.905 ], [ -7.053, 57.905 ], [ -7.053, 57.906 ] ] ], [ [ [ -6.965, 57.934 ], [ -6.973, 57.941 ], [ -6.965, 57.942 ], [ -6.965, 57.934 ] ] ], [ [ [ -7.117, 57.94 ], [ -7.117, 57.939 ], [ -7.118, 57.939 ], [ -7.118, 57.94 ], [ -7.117, 57.94 ] ] ], [ [ [ -6.978, 57.942 ], [ -6.983, 57.944 ], [ -6.976, 57.946 ], [ -6.978, 57.942 ] ] ], [ [ [ -6.986, 57.953 ], [ -6.987, 57.953 ], [ -6.987, 57.954 ], [ -6.986, 57.953 ] ] ], [ [ [ -7.046, 57.959 ], [ -7.046, 57.96 ], [ -7.045, 57.959 ], [ -7.046, 57.959 ] ] ], [ [ [ -7.097, 57.991 ], [ -7.098, 57.992 ], [ -7.097, 57.992 ], [ -7.097, 57.991 ] ] ], [ [ [ -7.097, 57.993 ], [ -7.114, 57.989 ], [ -7.092, 57.999 ], [ -7.091, 58.003 ], [ -7.09, 58.003 ], [ -7.089, 58.006 ], [ -7.092, 58.011 ], [ -7.082, 58.021 ], [ -7.056, 58.009 ], [ -6.994, 58.041 ], [ -6.906, 58.049 ], [ -6.982, 58.048 ], [ -7.048, 58.035 ], [ -7.064, 58.044 ], [ -7.021, 58.054 ], [ -7.059, 58.055 ], [ -7.02, 58.071 ], [ -7.029, 58.081 ], [ -7.066, 58.06 ], [ -7.1, 58.07 ], [ -7.1, 58.089 ], [ -7.112, 58.1 ], [ -7.11, 58.11 ], [ -7.113, 58.114 ], [ -7.135, 58.123 ], [ -7.117, 58.14 ], [ -7.116, 58.141 ], [ -7.115, 58.142 ], [ -7.089, 58.164 ], [ -7.105, 58.183 ], [ -7.057, 58.18 ], [ -7.053, 58.185 ], [ -7.044, 58.171 ], [ -7.007, 58.184 ], [ -7.031, 58.201 ], [ -7.042, 58.188 ], [ -7.065, 58.195 ], [ -7.066, 58.195 ], [ -7.066, 58.196 ], [ -7.065, 58.196 ], [ -7.049, 58.232 ], [ -7.024, 58.244 ], [ -7.027, 58.232 ], [ -6.976, 58.219 ], [ -6.961, 58.236 ], [ -6.941, 58.218 ], [ -6.915, 58.218 ], [ -6.911, 58.203 ], [ -6.963, 58.203 ], [ -6.933, 58.186 ], [ -6.893, 58.187 ], [ -6.889, 58.15 ], [ -6.878, 58.127 ], [ -6.859, 58.111 ], [ -6.864, 58.131 ], [ -6.881, 58.163 ], [ -6.886, 58.163 ], [ -6.869, 58.173 ], [ -6.879, 58.181 ], [ -6.876, 58.183 ], [ -6.877, 58.189 ], [ -6.875, 58.184 ], [ -6.859, 58.181 ], [ -6.86, 58.187 ], [ -6.863, 58.191 ], [ -6.862, 58.193 ], [ -6.859, 58.191 ], [ -6.853, 58.2 ], [ -6.841, 58.196 ], [ -6.836, 58.2 ], [ -6.828, 58.205 ], [ -6.782, 58.188 ], [ -6.75, 58.192 ], [ -6.734, 58.166 ], [ -6.707, 58.184 ], [ -6.756, 58.198 ], [ -6.761, 58.199 ], [ -6.74, 58.204 ], [ -6.737, 58.205 ], [ -6.74, 58.213 ], [ -6.809, 58.252 ], [ -6.817, 58.272 ], [ -6.804, 58.271 ], [ -6.772, 58.282 ], [ -6.829, 58.283 ], [ -6.795, 58.297 ], [ -6.804, 58.304 ], [ -6.757, 58.305 ], [ -6.736, 58.314 ], [ -6.742, 58.319 ], [ -6.731, 58.32 ], [ -6.722, 58.327 ], [ -6.723, 58.328 ], [ -6.714, 58.328 ], [ -6.703, 58.337 ], [ -6.688, 58.331 ], [ -6.651, 58.354 ], [ -6.645, 58.351 ], [ -6.648, 58.343 ], [ -6.643, 58.34 ], [ -6.547, 58.365 ], [ -6.519, 58.397 ], [ -6.497, 58.398 ], [ -6.355, 58.459 ], [ -6.339, 58.469 ], [ -6.333, 58.479 ], [ -6.332, 58.479 ], [ -6.331, 58.478 ], [ -6.324, 58.478 ], [ -6.324, 58.477 ], [ -6.323, 58.478 ], [ -6.314, 58.478 ], [ -6.31, 58.477 ], [ -6.3, 58.48 ], [ -6.272, 58.499 ], [ -6.277, 58.504 ], [ -6.278, 58.504 ], [ -6.277, 58.505 ], [ -6.282, 58.51 ], [ -6.282, 58.511 ], [ -6.282, 58.512 ], [ -6.281, 58.512 ], [ -6.281, 58.511 ], [ -6.275, 58.511 ], [ -6.27, 58.515 ], [ -6.244, 58.506 ], [ -6.233, 58.502 ], [ -6.223, 58.501 ], [ -6.219, 58.495 ], [ -6.227, 58.493 ], [ -6.227, 58.489 ], [ -6.22, 58.485 ], [ -6.219, 58.485 ], [ -6.217, 58.487 ], [ -6.217, 58.485 ], [ -6.216, 58.485 ], [ -6.216, 58.484 ], [ -6.207, 58.483 ], [ -6.207, 58.476 ], [ -6.186, 58.469 ], [ -6.181, 58.467 ], [ -6.196, 58.447 ], [ -6.168, 58.417 ], [ -6.19, 58.408 ], [ -6.218, 58.368 ], [ -6.162, 58.343 ], [ -6.193, 58.34 ], [ -6.198, 58.338 ], [ -6.247, 58.307 ], [ -6.242, 58.296 ], [ -6.299, 58.293 ], [ -6.28, 58.27 ], [ -6.293, 58.267 ], [ -6.294, 58.267 ], [ -6.305, 58.267 ], [ -6.316, 58.27 ], [ -6.319, 58.27 ], [ -6.319, 58.244 ], [ -6.349, 58.229 ], [ -6.346, 58.235 ], [ -6.364, 58.239 ], [ -6.362, 58.227 ], [ -6.381, 58.226 ], [ -6.381, 58.222 ], [ -6.377, 58.222 ], [ -6.36, 58.217 ], [ -6.335, 58.222 ], [ -6.343, 58.229 ], [ -6.285, 58.207 ], [ -6.172, 58.251 ], [ -6.166, 58.263 ], [ -6.138, 58.261 ], [ -6.165, 58.229 ], [ -6.165, 58.226 ], [ -6.154, 58.221 ], [ -6.251, 58.18 ], [ -6.291, 58.206 ], [ -6.353, 58.189 ], [ -6.36, 58.203 ], [ -6.365, 58.204 ], [ -6.391, 58.206 ], [ -6.387, 58.215 ], [ -6.396, 58.199 ], [ -6.385, 58.189 ], [ -6.37, 58.191 ], [ -6.388, 58.179 ], [ -6.367, 58.153 ], [ -6.424, 58.148 ], [ -6.423, 58.138 ], [ -6.421, 58.138 ], [ -6.381, 58.144 ], [ -6.37, 58.131 ], [ -6.371, 58.131 ], [ -6.493, 58.143 ], [ -6.468, 58.126 ], [ -6.428, 58.121 ], [ -6.483, 58.101 ], [ -6.49, 58.099 ], [ -6.51, 58.103 ], [ -6.635, 58.084 ], [ -6.624, 58.078 ], [ -6.609, 58.085 ], [ -6.61, 58.083 ], [ -6.608, 58.083 ], [ -6.607, 58.082 ], [ -6.607, 58.079 ], [ -6.606, 58.079 ], [ -6.577, 58.088 ], [ -6.567, 58.079 ], [ -6.472, 58.096 ], [ -6.432, 58.09 ], [ -6.403, 58.098 ], [ -6.435, 58.101 ], [ -6.399, 58.111 ], [ -6.403, 58.099 ], [ -6.395, 58.097 ], [ -6.383, 58.093 ], [ -6.401, 58.092 ], [ -6.397, 58.084 ], [ -6.377, 58.092 ], [ -6.381, 58.085 ], [ -6.381, 58.079 ], [ -6.369, 58.076 ], [ -6.381, 58.068 ], [ -6.367, 58.056 ], [ -6.438, 58.049 ], [ -6.358, 58.039 ], [ -6.387, 58.001 ], [ -6.438, 58.017 ], [ -6.45, 58.006 ], [ -6.46, 58.02 ], [ -6.579, 58.004 ], [ -6.472, 58.001 ], [ -6.452, 57.99 ], [ -6.449, 57.966 ], [ -6.468, 57.961 ], [ -6.472, 57.938 ], [ -6.519, 57.927 ], [ -6.548, 57.959 ], [ -6.538, 57.919 ], [ -6.573, 57.925 ], [ -6.572, 57.909 ], [ -6.609, 57.95 ], [ -6.646, 57.964 ], [ -6.606, 57.917 ], [ -6.634, 57.928 ], [ -6.65, 57.917 ], [ -6.709, 57.967 ], [ -6.713, 58.013 ], [ -6.664, 58.043 ], [ -6.661, 58.054 ], [ -6.622, 58.047 ], [ -6.586, 58.053 ], [ -6.695, 58.058 ], [ -6.67, 58.046 ], [ -6.761, 58.003 ], [ -6.721, 57.961 ], [ -6.745, 57.953 ], [ -6.705, 57.952 ], [ -6.674, 57.917 ], [ -6.714, 57.915 ], [ -6.67, 57.9 ], [ -6.666, 57.882 ], [ -6.803, 57.898 ], [ -6.787, 57.881 ], [ -6.813, 57.882 ], [ -6.804, 57.867 ], [ -6.774, 57.867 ], [ -6.737, 57.827 ], [ -6.798, 57.834 ], [ -6.791, 57.805 ], [ -6.845, 57.834 ], [ -6.863, 57.834 ], [ -6.834, 57.815 ], [ -6.846, 57.803 ], [ -6.863, 57.813 ], [ -6.856, 57.798 ], [ -6.868, 57.8 ], [ -6.871, 57.798 ], [ -6.863, 57.798 ], [ -6.858, 57.794 ], [ -6.884, 57.801 ], [ -6.884, 57.786 ], [ -6.873, 57.774 ], [ -6.897, 57.774 ], [ -6.888, 57.777 ], [ -6.912, 57.784 ], [ -6.924, 57.782 ], [ -6.899, 57.764 ], [ -6.931, 57.764 ], [ -6.942, 57.755 ], [ -6.945, 57.739 ], [ -6.979, 57.744 ], [ -6.966, 57.728 ], [ -6.975, 57.729 ], [ -6.984, 57.742 ], [ -7.008, 57.756 ], [ -7.011, 57.753 ], [ -7.011, 57.759 ], [ -7.016, 57.761 ], [ -7.022, 57.764 ], [ -7.027, 57.767 ], [ -7.025, 57.771 ], [ -7.019, 57.768 ], [ -7.014, 57.77 ], [ -7.054, 57.778 ], [ -7.084, 57.807 ], [ -7.128, 57.825 ], [ -7.125, 57.831 ], [ -7.134, 57.837 ], [ -7.114, 57.837 ], [ -7.105, 57.841 ], [ -7.071, 57.811 ], [ -7.075, 57.822 ], [ -6.998, 57.846 ], [ -6.993, 57.868 ], [ -6.906, 57.869 ], [ -6.96, 57.887 ], [ -6.948, 57.905 ], [ -6.814, 57.901 ], [ -6.867, 57.925 ], [ -6.84, 57.928 ], [ -6.85, 57.935 ], [ -6.914, 57.936 ], [ -6.902, 57.951 ], [ -6.922, 57.94 ], [ -7.0, 57.966 ], [ -7.008, 57.964 ], [ -6.995, 57.955 ], [ -7.013, 57.956 ], [ -7.023, 57.952 ], [ -7.058, 57.97 ], [ -7.08, 57.967 ], [ -7.09, 57.995 ], [ -7.096, 57.993 ], [ -7.097, 57.993 ] ] ], [ [ [ -7.094, 58.026 ], [ -7.089, 58.024 ], [ -7.091, 58.022 ], [ -7.094, 58.026 ] ] ], [ [ [ -7.068, 58.028 ], [ -7.067, 58.03 ], [ -7.066, 58.029 ], [ -7.068, 58.028 ] ] ], [ [ [ -7.095, 58.063 ], [ -7.097, 58.065 ], [ -7.096, 58.066 ], [ -7.095, 58.063 ] ] ], [ [ [ -7.113, 58.178 ], [ -7.111, 58.179 ], [ -7.11, 58.177 ], [ -7.115, 58.176 ], [ -7.113, 58.178 ] ] ], [ [ [ -7.077, 58.185 ], [ -7.076, 58.185 ], [ -7.078, 58.184 ], [ -7.077, 58.185 ] ] ], [ [ [ -7.061, 58.186 ], [ -7.062, 58.187 ], [ -7.06, 58.187 ], [ -7.061, 58.186 ] ] ], [ [ [ -6.927, 58.199 ], [ -6.921, 58.19 ], [ -6.922, 58.189 ], [ -6.927, 58.199 ] ] ], [ [ [ -6.921, 58.197 ], [ -6.923, 58.199 ], [ -6.922, 58.2 ], [ -6.921, 58.197 ] ] ], [ [ [ -6.918, 58.222 ], [ -6.919, 58.223 ], [ -6.917, 58.224 ], [ -6.918, 58.222 ] ] ], [ [ [ -6.912, 58.224 ], [ -6.916, 58.226 ], [ -6.91, 58.228 ], [ -6.912, 58.224 ] ] ], [ [ [ -6.918, 58.23 ], [ -6.918, 58.231 ], [ -6.917, 58.231 ], [ -6.918, 58.23 ] ] ], [ [ [ -6.921, 58.231 ], [ -6.923, 58.231 ], [ -6.922, 58.232 ], [ -6.921, 58.231 ] ] ], [ [ [ -6.915, 58.233 ], [ -6.916, 58.233 ], [ -6.915, 58.234 ], [ -6.915, 58.233 ] ] ], [ [ [ -6.936, 58.228 ], [ -6.951, 58.239 ], [ -6.94, 58.241 ], [ -6.939, 58.241 ], [ -6.936, 58.241 ], [ -6.936, 58.228 ] ] ], [ [ [ -6.948, 58.243 ], [ -6.94, 58.243 ], [ -6.943, 58.241 ], [ -6.948, 58.243 ] ] ], [ [ [ -6.947, 58.245 ], [ -6.949, 58.244 ], [ -6.949, 58.245 ], [ -6.947, 58.245 ] ] ], [ [ [ -6.929, 58.262 ], [ -6.928, 58.261 ], [ -6.932, 58.261 ], [ -6.929, 58.262 ] ] ], [ [ [ -6.913, 58.276 ], [ -6.914, 58.276 ], [ -6.915, 58.279 ], [ -6.91, 58.278 ], [ -6.913, 58.276 ] ] ], [ [ [ -6.925, 58.283 ], [ -6.924, 58.284 ], [ -6.915, 58.284 ], [ -6.925, 58.283 ] ] ], [ [ [ -6.811, 56.489 ], [ -6.812, 56.487 ], [ -6.814, 56.488 ], [ -6.811, 56.489 ] ] ], [ [ [ -6.726, 56.541 ], [ -6.726, 56.527 ], [ -6.804, 56.524 ], [ -6.814, 56.512 ], [ -6.795, 56.506 ], [ -6.806, 56.502 ], [ -6.811, 56.489 ], [ -6.878, 56.488 ], [ -6.898, 56.47 ], [ -6.888, 56.448 ], [ -6.912, 56.44 ], [ -6.913, 56.441 ], [ -6.913, 56.442 ], [ -6.918, 56.441 ], [ -6.918, 56.443 ], [ -6.933, 56.443 ], [ -6.951, 56.459 ], [ -6.98, 56.452 ], [ -6.971, 56.468 ], [ -6.974, 56.488 ], [ -6.986, 56.504 ], [ -6.993, 56.503 ], [ -6.999, 56.503 ], [ -6.968, 56.52 ], [ -6.951, 56.529 ], [ -6.874, 56.519 ], [ -6.829, 56.541 ], [ -6.781, 56.537 ], [ -6.763, 56.545 ], [ -6.754, 56.556 ], [ -6.747, 56.547 ], [ -6.726, 56.541 ] ] ], [ [ [ -6.799, 56.502 ], [ -6.8, 56.503 ], [ -6.798, 56.503 ], [ -6.799, 56.502 ] ] ], [ [ [ -6.766, 56.521 ], [ -6.765, 56.52 ], [ -6.767, 56.52 ], [ -6.766, 56.521 ] ] ], [ [ [ -6.807, 56.543 ], [ -6.809, 56.542 ], [ -6.809, 56.543 ], [ -6.807, 56.543 ] ] ], [ [ [ -6.77, 56.547 ], [ -6.769, 56.545 ], [ -6.773, 56.546 ], [ -6.77, 56.547 ] ] ], [ [ [ -6.76, 56.551 ], [ -6.763, 56.551 ], [ -6.761, 56.552 ], [ -6.76, 56.551 ] ] ], [ [ [ -6.722, 56.561 ], [ -6.733, 56.56 ], [ -6.706, 56.567 ], [ -6.722, 56.561 ] ] ], [ [ [ -6.712, 56.571 ], [ -6.71, 56.569 ], [ -6.715, 56.571 ], [ -6.712, 56.571 ] ] ], [ [ [ -6.672, 56.577 ], [ -6.673, 56.578 ], [ -6.672, 56.578 ], [ -6.672, 56.577 ] ] ], [ [ [ -6.677, 56.598 ], [ -6.676, 56.596 ], [ -6.677, 56.596 ], [ -6.677, 56.598 ] ] ], [ [ [ -6.679, 56.97 ], [ -6.678, 56.969 ], [ -6.678, 56.968 ], [ -6.682, 56.967 ], [ -6.679, 56.97 ] ] ], [ [ [ -6.676, 56.969 ], [ -6.676, 56.968 ], [ -6.678, 56.969 ], [ -6.676, 56.969 ] ] ], [ [ [ -6.678, 56.971 ], [ -6.678, 56.974 ], [ -6.674, 56.972 ], [ -6.678, 56.971 ] ] ], [ [ [ -6.671, 57.335 ], [ -6.673, 57.337 ], [ -6.672, 57.34 ], [ -6.671, 57.335 ] ] ], [ [ [ -6.645, 57.453 ], [ -6.64, 57.451 ], [ -6.642, 57.45 ], [ -6.645, 57.453 ] ] ], [ [ [ -6.648, 57.525 ], [ -6.638, 57.512 ], [ -6.65, 57.511 ], [ -6.648, 57.525 ] ] ], [ [ [ -6.638, 57.522 ], [ -6.639, 57.519 ], [ -6.643, 57.528 ], [ -6.638, 57.522 ] ] ], [ [ [ -6.64, 57.529 ], [ -6.64, 57.53 ], [ -6.636, 57.528 ], [ -6.64, 57.529 ] ] ], [ [ [ -6.881, 57.789 ], [ -6.879, 57.789 ], [ -6.88, 57.788 ], [ -6.881, 57.789 ] ] ], [ [ [ -6.855, 57.791 ], [ -6.864, 57.789 ], [ -6.869, 57.793 ], [ -6.855, 57.791 ] ] ], [ [ [ -6.823, 57.804 ], [ -6.83, 57.812 ], [ -6.825, 57.813 ], [ -6.823, 57.804 ] ] ], [ [ [ -6.786, 57.812 ], [ -6.782, 57.813 ], [ -6.783, 57.811 ], [ -6.786, 57.812 ] ] ], [ [ [ -6.777, 57.819 ], [ -6.778, 57.817 ], [ -6.781, 57.819 ], [ -6.777, 57.819 ] ] ], [ [ [ -6.735, 57.837 ], [ -6.737, 57.837 ], [ -6.736, 57.838 ], [ -6.735, 57.837 ] ] ], [ [ [ -6.739, 57.85 ], [ -6.737, 57.85 ], [ -6.739, 57.849 ], [ -6.739, 57.85 ] ] ], [ [ [ -6.74, 57.852 ], [ -6.741, 57.852 ], [ -6.74, 57.853 ], [ -6.739, 57.853 ], [ -6.739, 57.852 ], [ -6.74, 57.852 ] ] ], [ [ [ -6.687, 57.851 ], [ -6.692, 57.852 ], [ -6.691, 57.854 ], [ -6.685, 57.854 ], [ -6.687, 57.851 ] ] ], [ [ [ -6.747, 57.854 ], [ -6.747, 57.853 ], [ -6.748, 57.854 ], [ -6.747, 57.854 ] ] ], [ [ [ -6.705, 57.856 ], [ -6.702, 57.855 ], [ -6.7, 57.853 ], [ -6.705, 57.856 ] ] ], [ [ [ -6.717, 57.862 ], [ -6.71, 57.859 ], [ -6.715, 57.858 ], [ -6.717, 57.862 ] ] ], [ [ [ -6.651, 57.871 ], [ -6.641, 57.856 ], [ -6.671, 57.85 ], [ -6.714, 57.875 ], [ -6.651, 57.871 ] ] ], [ [ [ -6.721, 57.864 ], [ -6.724, 57.866 ], [ -6.723, 57.866 ], [ -6.721, 57.864 ] ] ], [ [ [ -6.717, 57.864 ], [ -6.72, 57.864 ], [ -6.72, 57.867 ], [ -6.717, 57.864 ] ] ], [ [ [ -6.71, 57.868 ], [ -6.709, 57.867 ], [ -6.713, 57.868 ], [ -6.71, 57.868 ] ] ], [ [ [ -6.718, 57.868 ], [ -6.717, 57.867 ], [ -6.724, 57.868 ], [ -6.718, 57.868 ] ] ], [ [ [ -6.775, 57.872 ], [ -6.774, 57.871 ], [ -6.775, 57.871 ], [ -6.775, 57.872 ] ] ], [ [ [ -6.753, 57.872 ], [ -6.754, 57.872 ], [ -6.754, 57.873 ], [ -6.753, 57.872 ] ] ], [ [ [ -6.754, 57.875 ], [ -6.755, 57.878 ], [ -6.74, 57.876 ], [ -6.754, 57.875 ] ] ], [ [ [ -6.782, 57.881 ], [ -6.783, 57.881 ], [ -6.783, 57.882 ], [ -6.783, 57.884 ], [ -6.782, 57.882 ], [ -6.782, 57.881 ] ] ], [ [ [ -6.778, 57.883 ], [ -6.779, 57.882 ], [ -6.781, 57.882 ], [ -6.778, 57.883 ] ] ], [ [ [ -6.785, 57.887 ], [ -6.784, 57.885 ], [ -6.787, 57.886 ], [ -6.785, 57.887 ] ] ], [ [ [ -6.68, 57.914 ], [ -6.681, 57.913 ], [ -6.682, 57.914 ], [ -6.68, 57.914 ] ] ], [ [ [ -6.89, 57.916 ], [ -6.894, 57.916 ], [ -6.895, 57.917 ], [ -6.89, 57.918 ], [ -6.884, 57.916 ], [ -6.89, 57.916 ] ] ], [ [ [ -6.725, 57.986 ], [ -6.741, 58.001 ], [ -6.723, 58.007 ], [ -6.725, 57.986 ] ] ], [ [ [ -6.885, 58.157 ], [ -6.886, 58.157 ], [ -6.886, 58.158 ], [ -6.885, 58.157 ] ] ], [ [ [ -6.876, 58.174 ], [ -6.877, 58.173 ], [ -6.878, 58.174 ], [ -6.876, 58.174 ] ] ], [ [ [ -6.73, 58.181 ], [ -6.728, 58.18 ], [ -6.729, 58.177 ], [ -6.73, 58.181 ] ] ], [ [ [ -6.887, 58.184 ], [ -6.889, 58.184 ], [ -6.888, 58.186 ], [ -6.887, 58.184 ] ] ], [ [ [ -6.732, 58.19 ], [ -6.74, 58.186 ], [ -6.739, 58.19 ], [ -6.732, 58.19 ] ] ], [ [ [ -6.781, 58.189 ], [ -6.782, 58.189 ], [ -6.782, 58.19 ], [ -6.781, 58.189 ] ] ], [ [ [ -6.887, 58.193 ], [ -6.888, 58.196 ], [ -6.885, 58.195 ], [ -6.887, 58.193 ] ] ], [ [ [ -6.753, 58.196 ], [ -6.754, 58.194 ], [ -6.754, 58.196 ], [ -6.753, 58.196 ] ] ], [ [ [ -6.866, 58.195 ], [ -6.867, 58.195 ], [ -6.867, 58.196 ], [ -6.866, 58.195 ] ] ], [ [ [ -6.757, 58.196 ], [ -6.756, 58.198 ], [ -6.755, 58.196 ], [ -6.757, 58.196 ] ] ], [ [ [ -6.894, 58.193 ], [ -6.897, 58.193 ], [ -6.903, 58.197 ], [ -6.894, 58.193 ] ] ], [ [ [ -6.873, 58.198 ], [ -6.875, 58.198 ], [ -6.875, 58.199 ], [ -6.873, 58.198 ] ] ], [ [ [ -6.771, 58.206 ], [ -6.764, 58.194 ], [ -6.77, 58.195 ], [ -6.771, 58.206 ] ] ], [ [ [ -6.836, 58.2 ], [ -6.838, 58.2 ], [ -6.837, 58.201 ], [ -6.836, 58.2 ] ] ], [ [ [ -6.839, 58.2 ], [ -6.839, 58.201 ], [ -6.838, 58.2 ], [ -6.839, 58.2 ] ] ], [ [ [ -6.818, 58.202 ], [ -6.819, 58.202 ], [ -6.818, 58.203 ], [ -6.818, 58.202 ] ] ], [ [ [ -6.887, 58.211 ], [ -6.877, 58.208 ], [ -6.892, 58.205 ], [ -6.887, 58.211 ] ] ], [ [ [ -6.77, 58.216 ], [ -6.768, 58.212 ], [ -6.776, 58.213 ], [ -6.77, 58.216 ] ] ], [ [ [ -6.878, 58.218 ], [ -6.879, 58.219 ], [ -6.878, 58.219 ], [ -6.878, 58.218 ] ] ], [ [ [ -6.882, 58.218 ], [ -6.883, 58.219 ], [ -6.88, 58.221 ], [ -6.882, 58.218 ] ] ], [ [ [ -6.861, 58.222 ], [ -6.861, 58.221 ], [ -6.864, 58.221 ], [ -6.861, 58.222 ] ] ], [ [ [ -6.77, 58.223 ], [ -6.77, 58.221 ], [ -6.771, 58.222 ], [ -6.77, 58.223 ] ] ], [ [ [ -6.87, 58.224 ], [ -6.871, 58.224 ], [ -6.871, 58.225 ], [ -6.87, 58.224 ] ] ], [ [ [ -6.793, 58.223 ], [ -6.795, 58.228 ], [ -6.789, 58.225 ], [ -6.793, 58.223 ] ] ], [ [ [ -6.846, 58.255 ], [ -6.846, 58.243 ], [ -6.837, 58.232 ], [ -6.819, 58.229 ], [ -6.82, 58.238 ], [ -6.798, 58.219 ], [ -6.791, 58.219 ], [ -6.79, 58.222 ], [ -6.786, 58.221 ], [ -6.782, 58.203 ], [ -6.812, 58.208 ], [ -6.867, 58.207 ], [ -6.876, 58.22 ], [ -6.859, 58.215 ], [ -6.853, 58.224 ], [ -6.862, 58.238 ], [ -6.873, 58.242 ], [ -6.861, 58.225 ], [ -6.866, 58.224 ], [ -6.875, 58.238 ], [ -6.89, 58.244 ], [ -6.893, 58.257 ], [ -6.846, 58.255 ] ] ], [ [ [ -6.873, 58.233 ], [ -6.874, 58.233 ], [ -6.874, 58.234 ], [ -6.873, 58.233 ] ] ], [ [ [ -6.826, 58.235 ], [ -6.826, 58.237 ], [ -6.825, 58.237 ], [ -6.826, 58.235 ] ] ], [ [ [ -6.875, 58.236 ], [ -6.874, 58.235 ], [ -6.875, 58.235 ], [ -6.875, 58.236 ] ] ], [ [ [ -6.821, 58.239 ], [ -6.821, 58.24 ], [ -6.82, 58.24 ], [ -6.821, 58.239 ] ] ], [ [ [ -6.894, 58.244 ], [ -6.895, 58.245 ], [ -6.894, 58.245 ], [ -6.893, 58.246 ], [ -6.893, 58.245 ], [ -6.894, 58.244 ] ] ], [ [ [ -6.843, 58.255 ], [ -6.842, 58.253 ], [ -6.843, 58.253 ], [ -6.843, 58.255 ] ] ], [ [ [ -6.857, 58.263 ], [ -6.857, 58.264 ], [ -6.856, 58.264 ], [ -6.857, 58.263 ] ] ], [ [ [ -6.86, 58.266 ], [ -6.859, 58.265 ], [ -6.859, 58.261 ], [ -6.888, 58.269 ], [ -6.86, 58.266 ] ] ], [ [ [ -6.906, 58.265 ], [ -6.907, 58.265 ], [ -6.907, 58.266 ], [ -6.906, 58.265 ] ] ], [ [ [ -6.857, 58.266 ], [ -6.857, 58.265 ], [ -6.858, 58.265 ], [ -6.857, 58.266 ] ] ], [ [ [ -6.907, 58.266 ], [ -6.909, 58.265 ], [ -6.912, 58.268 ], [ -6.904, 58.267 ], [ -6.907, 58.266 ] ] ], [ [ [ -6.866, 58.27 ], [ -6.866, 58.271 ], [ -6.864, 58.27 ], [ -6.866, 58.27 ] ] ], [ [ [ -6.887, 58.271 ], [ -6.886, 58.271 ], [ -6.887, 58.27 ], [ -6.887, 58.271 ] ] ], [ [ [ -6.91, 58.272 ], [ -6.908, 58.272 ], [ -6.909, 58.271 ], [ -6.91, 58.272 ] ] ], [ [ [ -6.872, 58.272 ], [ -6.874, 58.273 ], [ -6.869, 58.274 ], [ -6.872, 58.272 ] ] ], [ [ [ -6.88, 58.271 ], [ -6.881, 58.272 ], [ -6.881, 58.273 ], [ -6.88, 58.271 ] ] ], [ [ [ -6.874, 58.273 ], [ -6.875, 58.273 ], [ -6.875, 58.274 ], [ -6.873, 58.276 ], [ -6.872, 58.275 ], [ -6.874, 58.274 ], [ -6.874, 58.273 ] ] ], [ [ [ -6.879, 58.28 ], [ -6.874, 58.28 ], [ -6.876, 58.277 ], [ -6.879, 58.28 ] ] ], [ [ [ -6.876, 58.283 ], [ -6.874, 58.282 ], [ -6.876, 58.282 ], [ -6.876, 58.283 ] ] ], [ [ [ -6.832, 58.287 ], [ -6.831, 58.287 ], [ -6.831, 58.285 ], [ -6.836, 58.285 ], [ -6.832, 58.287 ] ] ], [ [ [ -6.88, 58.293 ], [ -6.878, 58.292 ], [ -6.878, 58.29 ], [ -6.88, 58.293 ] ] ], [ [ [ -6.805, 58.298 ], [ -6.804, 58.297 ], [ -6.805, 58.297 ], [ -6.805, 58.298 ] ] ], [ [ [ -6.724, 58.329 ], [ -6.723, 58.329 ], [ -6.723, 58.328 ], [ -6.724, 58.329 ] ] ], [ [ [ -6.668, 58.351 ], [ -6.667, 58.351 ], [ -6.667, 58.35 ], [ -6.668, 58.35 ], [ -6.668, 58.351 ] ] ], [ [ [ -6.418, 49.878 ], [ -6.418, 49.879 ], [ -6.417, 49.879 ], [ -6.417, 49.878 ], [ -6.418, 49.878 ] ] ], [ [ [ -6.517, 55.673 ], [ -6.517, 55.674 ], [ -6.506, 55.671 ], [ -6.512, 55.672 ], [ -6.513, 55.671 ], [ -6.515, 55.671 ], [ -6.515, 55.673 ], [ -6.517, 55.673 ] ] ], [ [ [ -6.517, 55.68 ], [ -6.522, 55.681 ], [ -6.518, 55.683 ], [ -6.517, 55.68 ] ] ], [ [ [ -6.522, 55.683 ], [ -6.523, 55.684 ], [ -6.521, 55.684 ], [ -6.522, 55.683 ] ] ], [ [ [ -6.412, 56.239 ], [ -6.41, 56.239 ], [ -6.411, 56.238 ], [ -6.412, 56.239 ] ] ], [ [ [ -6.413, 56.24 ], [ -6.411, 56.24 ], [ -6.412, 56.239 ], [ -6.413, 56.239 ], [ -6.413, 56.24 ] ] ], [ [ [ -6.454, 56.283 ], [ -6.46, 56.286 ], [ -6.458, 56.286 ], [ -6.451, 56.285 ], [ -6.454, 56.283 ] ] ], [ [ [ -6.432, 56.301 ], [ -6.432, 56.302 ], [ -6.43, 56.301 ], [ -6.432, 56.301 ] ] ], [ [ [ -6.437, 56.308 ], [ -6.434, 56.307 ], [ -6.436, 56.306 ], [ -6.437, 56.308 ] ] ], [ [ [ -6.445, 56.31 ], [ -6.446, 56.311 ], [ -6.445, 56.312 ], [ -6.445, 56.31 ] ] ], [ [ [ -6.445, 56.316 ], [ -6.446, 56.316 ], [ -6.445, 56.317 ], [ -6.445, 56.316 ] ] ], [ [ [ -6.422, 56.307 ], [ -6.445, 56.314 ], [ -6.44, 56.316 ], [ -6.425, 56.321 ], [ -6.422, 56.325 ], [ -6.427, 56.339 ], [ -6.387, 56.351 ], [ -6.422, 56.307 ] ] ], [ [ [ -6.436, 56.333 ], [ -6.436, 56.334 ], [ -6.434, 56.334 ], [ -6.436, 56.333 ] ] ], [ [ [ -6.467, 56.348 ], [ -6.466, 56.348 ], [ -6.466, 56.347 ], [ -6.467, 56.348 ] ] ], [ [ [ -6.462, 56.348 ], [ -6.464, 56.348 ], [ -6.464, 56.349 ], [ -6.459, 56.349 ], [ -6.462, 56.348 ] ] ], [ [ [ -6.405, 56.349 ], [ -6.403, 56.351 ], [ -6.402, 56.35 ], [ -6.405, 56.349 ] ] ], [ [ [ -6.485, 56.451 ], [ -6.482, 56.454 ], [ -6.481, 56.452 ], [ -6.485, 56.451 ] ] ], [ [ [ -6.48, 56.456 ], [ -6.47, 56.465 ], [ -6.473, 56.46 ], [ -6.48, 56.456 ] ] ], [ [ [ -6.425, 56.483 ], [ -6.434, 56.482 ], [ -6.421, 56.497 ], [ -6.425, 56.483 ] ] ], [ [ [ -6.42, 56.501 ], [ -6.424, 56.497 ], [ -6.426, 56.497 ], [ -6.42, 56.501 ] ] ], [ [ [ -6.409, 56.503 ], [ -6.409, 56.502 ], [ -6.41, 56.502 ], [ -6.409, 56.503 ] ] ], [ [ [ -6.415, 56.505 ], [ -6.412, 56.505 ], [ -6.413, 56.504 ], [ -6.415, 56.505 ] ] ], [ [ [ -6.631, 56.565 ], [ -6.629, 56.563 ], [ -6.63, 56.563 ], [ -6.631, 56.565 ] ] ], [ [ [ -6.633, 56.569 ], [ -6.628, 56.567 ], [ -6.632, 56.567 ], [ -6.633, 56.569 ] ] ], [ [ [ -6.616, 56.577 ], [ -6.616, 56.578 ], [ -6.614, 56.578 ], [ -6.616, 56.577 ] ] ], [ [ [ -6.579, 56.585 ], [ -6.578, 56.584 ], [ -6.579, 56.583 ], [ -6.579, 56.585 ] ] ], [ [ [ -6.539, 56.603 ], [ -6.539, 56.602 ], [ -6.541, 56.603 ], [ -6.539, 56.603 ] ] ], [ [ [ -6.527, 56.608 ], [ -6.522, 56.606 ], [ -6.526, 56.604 ], [ -6.526, 56.607 ], [ -6.527, 56.606 ], [ -6.527, 56.608 ] ] ], [ [ [ -6.512, 56.616 ], [ -6.511, 56.616 ], [ -6.511, 56.615 ], [ -6.512, 56.616 ] ] ], [ [ [ -6.514, 56.619 ], [ -6.513, 56.616 ], [ -6.518, 56.618 ], [ -6.514, 56.619 ] ] ], [ [ [ -6.453, 56.675 ], [ -6.5, 56.627 ], [ -6.499, 56.621 ], [ -6.534, 56.639 ], [ -6.523, 56.613 ], [ -6.566, 56.595 ], [ -6.567, 56.586 ], [ -6.601, 56.589 ], [ -6.611, 56.575 ], [ -6.614, 56.578 ], [ -6.625, 56.592 ], [ -6.638, 56.573 ], [ -6.671, 56.583 ], [ -6.691, 56.563 ], [ -6.71, 56.575 ], [ -6.655, 56.594 ], [ -6.612, 56.638 ], [ -6.547, 56.66 ], [ -6.532, 56.676 ], [ -6.517, 56.675 ], [ -6.516, 56.681 ], [ -6.513, 56.679 ], [ -6.51, 56.68 ], [ -6.509, 56.678 ], [ -6.507, 56.679 ], [ -6.499, 56.683 ], [ -6.503, 56.685 ], [ -6.493, 56.682 ], [ -6.495, 56.69 ], [ -6.487, 56.687 ], [ -6.459, 56.689 ], [ -6.453, 56.675 ] ] ], [ [ [ -6.504, 56.685 ], [ -6.504, 56.686 ], [ -6.503, 56.685 ], [ -6.504, 56.685 ] ] ], [ [ [ -6.563, 56.659 ], [ -6.565, 56.659 ], [ -6.564, 56.66 ], [ -6.563, 56.659 ] ] ], [ [ [ -6.542, 56.669 ], [ -6.541, 56.669 ], [ -6.541, 56.668 ], [ -6.542, 56.669 ] ] ], [ [ [ -6.541, 56.672 ], [ -6.54, 56.672 ], [ -6.54, 56.671 ], [ -6.541, 56.672 ] ] ], [ [ [ -6.524, 56.677 ], [ -6.526, 56.677 ], [ -6.526, 56.678 ], [ -6.524, 56.677 ] ] ], [ [ [ -6.506, 56.685 ], [ -6.506, 56.686 ], [ -6.505, 56.686 ], [ -6.505, 56.685 ], [ -6.506, 56.685 ] ] ], [ [ [ -6.498, 56.686 ], [ -6.501, 56.687 ], [ -6.5, 56.687 ], [ -6.498, 56.686 ] ] ], [ [ [ -6.459, 56.695 ], [ -6.457, 56.695 ], [ -6.458, 56.694 ], [ -6.459, 56.695 ] ] ], [ [ [ -6.451, 56.696 ], [ -6.452, 56.695 ], [ -6.453, 56.696 ], [ -6.451, 56.696 ] ] ], [ [ [ -6.456, 56.696 ], [ -6.456, 56.697 ], [ -6.455, 56.697 ], [ -6.456, 56.696 ] ] ], [ [ [ -6.446, 56.699 ], [ -6.442, 56.698 ], [ -6.444, 56.695 ], [ -6.446, 56.699 ] ] ], [ [ [ -6.457, 56.7 ], [ -6.457, 56.701 ], [ -6.455, 56.701 ], [ -6.457, 56.7 ] ] ], [ [ [ -6.454, 56.7 ], [ -6.454, 56.701 ], [ -6.453, 56.701 ], [ -6.454, 56.7 ] ] ], [ [ [ -6.451, 56.704 ], [ -6.449, 56.702 ], [ -6.452, 56.702 ], [ -6.451, 56.704 ] ] ], [ [ [ -6.445, 56.704 ], [ -6.446, 56.705 ], [ -6.445, 56.705 ], [ -6.445, 56.704 ] ] ], [ [ [ -6.465, 57.044 ], [ -6.49, 57.049 ], [ -6.511, 57.044 ], [ -6.515, 57.05 ], [ -6.474, 57.05 ], [ -6.465, 57.044 ] ] ], [ [ [ -6.536, 57.05 ], [ -6.538, 57.05 ], [ -6.538, 57.051 ], [ -6.536, 57.05 ] ] ], [ [ [ -6.507, 57.055 ], [ -6.508, 57.055 ], [ -6.508, 57.056 ], [ -6.507, 57.055 ] ] ], [ [ [ -6.489, 57.056 ], [ -6.508, 57.056 ], [ -6.55, 57.058 ], [ -6.573, 57.044 ], [ -6.612, 57.051 ], [ -6.557, 57.07 ], [ -6.486, 57.067 ], [ -6.489, 57.056 ] ] ], [ [ [ -6.463, 57.336 ], [ -6.47, 57.331 ], [ -6.464, 57.339 ], [ -6.463, 57.336 ] ] ], [ [ [ -6.498, 57.33 ], [ -6.515, 57.334 ], [ -6.494, 57.345 ], [ -6.498, 57.33 ] ] ], [ [ [ -6.496, 57.365 ], [ -6.488, 57.359 ], [ -6.494, 57.356 ], [ -6.496, 57.365 ] ] ], [ [ [ -6.53, 57.358 ], [ -6.532, 57.363 ], [ -6.523, 57.366 ], [ -6.53, 57.358 ] ] ], [ [ [ -6.625, 57.441 ], [ -6.628, 57.447 ], [ -6.62, 57.445 ], [ -6.625, 57.441 ] ] ], [ [ [ -6.635, 57.45 ], [ -6.628, 57.445 ], [ -6.63, 57.444 ], [ -6.635, 57.45 ] ] ], [ [ [ -6.624, 57.451 ], [ -6.627, 57.453 ], [ -6.626, 57.453 ], [ -6.624, 57.451 ] ] ], [ [ [ -6.618, 57.457 ], [ -6.62, 57.457 ], [ -6.617, 57.458 ], [ -6.618, 57.457 ] ] ], [ [ [ -6.416, 57.525 ], [ -6.417, 57.527 ], [ -6.415, 57.528 ], [ -6.416, 57.525 ] ] ], [ [ [ -6.406, 57.533 ], [ -6.404, 57.532 ], [ -6.406, 57.531 ], [ -6.406, 57.533 ] ] ], [ [ [ -6.515, 57.577 ], [ -6.521, 57.577 ], [ -6.518, 57.581 ], [ -6.515, 57.584 ], [ -6.515, 57.577 ] ] ], [ [ [ -6.515, 57.584 ], [ -6.515, 57.585 ], [ -6.514, 57.584 ], [ -6.515, 57.584 ] ] ], [ [ [ -6.544, 57.597 ], [ -6.543, 57.6 ], [ -6.54, 57.6 ], [ -6.544, 57.597 ] ] ], [ [ [ -6.424, 57.729 ], [ -6.421, 57.727 ], [ -6.423, 57.727 ], [ -6.424, 57.729 ] ] ], [ [ [ -6.428, 57.738 ], [ -6.443, 57.746 ], [ -6.441, 57.747 ], [ -6.428, 57.738 ] ] ], [ [ [ -6.406, 57.899 ], [ -6.404, 57.898 ], [ -6.406, 57.898 ], [ -6.406, 57.899 ] ] ], [ [ [ -6.623, 57.908 ], [ -6.623, 57.91 ], [ -6.619, 57.908 ], [ -6.623, 57.908 ] ] ], [ [ [ -6.628, 57.914 ], [ -6.627, 57.912 ], [ -6.63, 57.913 ], [ -6.628, 57.914 ] ] ], [ [ [ -6.606, 57.915 ], [ -6.607, 57.915 ], [ -6.606, 57.916 ], [ -6.606, 57.915 ] ] ], [ [ [ -6.629, 57.917 ], [ -6.628, 57.916 ], [ -6.63, 57.916 ], [ -6.629, 57.917 ] ] ], [ [ [ -6.599, 57.926 ], [ -6.596, 57.924 ], [ -6.6, 57.925 ], [ -6.599, 57.926 ] ] ], [ [ [ -6.412, 57.998 ], [ -6.45, 58.001 ], [ -6.443, 58.005 ], [ -6.412, 57.998 ] ] ], [ [ [ -6.437, 58.007 ], [ -6.435, 58.007 ], [ -6.436, 58.006 ], [ -6.437, 58.007 ] ] ], [ [ [ -6.438, 58.009 ], [ -6.437, 58.009 ], [ -6.437, 58.008 ], [ -6.438, 58.009 ] ] ], [ [ [ -6.464, 58.016 ], [ -6.457, 58.012 ], [ -6.461, 58.013 ], [ -6.464, 58.016 ] ] ], [ [ [ -6.624, 58.083 ], [ -6.62, 58.084 ], [ -6.624, 58.082 ], [ -6.624, 58.083 ] ] ], [ [ [ -6.431, 58.095 ], [ -6.43, 58.095 ], [ -6.431, 58.094 ], [ -6.431, 58.095 ] ] ], [ [ [ -6.444, 58.095 ], [ -6.445, 58.096 ], [ -6.444, 58.096 ], [ -6.444, 58.095 ] ] ], [ [ [ -6.52, 58.098 ], [ -6.518, 58.096 ], [ -6.527, 58.097 ], [ -6.52, 58.098 ] ] ], [ [ [ -6.436, 58.097 ], [ -6.438, 58.097 ], [ -6.437, 58.098 ], [ -6.436, 58.097 ] ] ], [ [ [ -6.52, 58.098 ], [ -6.521, 58.098 ], [ -6.522, 58.099 ], [ -6.52, 58.098 ] ] ], [ [ [ -6.473, 58.101 ], [ -6.478, 58.1 ], [ -6.477, 58.102 ], [ -6.473, 58.101 ] ] ], [ [ [ -6.444, 58.098 ], [ -6.452, 58.102 ], [ -6.428, 58.108 ], [ -6.444, 58.098 ] ] ], [ [ [ -6.427, 58.112 ], [ -6.427, 58.111 ], [ -6.428, 58.112 ], [ -6.427, 58.112 ] ] ], [ [ [ -6.425, 58.112 ], [ -6.425, 58.113 ], [ -6.424, 58.113 ], [ -6.425, 58.112 ] ] ], [ [ [ -6.444, 58.113 ], [ -6.445, 58.114 ], [ -6.444, 58.114 ], [ -6.444, 58.113 ] ] ], [ [ [ -6.415, 58.121 ], [ -6.418, 58.124 ], [ -6.409, 58.124 ], [ -6.415, 58.121 ] ] ], [ [ [ -6.402, 58.125 ], [ -6.403, 58.124 ], [ -6.405, 58.125 ], [ -6.402, 58.125 ] ] ], [ [ [ -6.412, 58.125 ], [ -6.411, 58.126 ], [ -6.411, 58.125 ], [ -6.412, 58.125 ] ] ], [ [ [ -6.401, 58.126 ], [ -6.405, 58.126 ], [ -6.404, 58.127 ], [ -6.401, 58.126 ] ] ], [ [ [ -6.472, 58.138 ], [ -6.475, 58.139 ], [ -6.472, 58.139 ], [ -6.472, 58.138 ] ] ], [ [ [ -6.421, 58.138 ], [ -6.421, 58.139 ], [ -6.416, 58.14 ], [ -6.421, 58.138 ] ] ], [ [ [ -6.48, 58.14 ], [ -6.479, 58.139 ], [ -6.481, 58.139 ], [ -6.48, 58.14 ] ] ], [ [ [ -6.589, 58.36 ], [ -6.591, 58.36 ], [ -6.591, 58.361 ], [ -6.589, 58.36 ] ] ], [ [ [ -6.398, 49.867 ], [ -6.399, 49.867 ], [ -6.399, 49.868 ], [ -6.398, 49.868 ], [ -6.398, 49.867 ] ] ], [ [ [ -6.389, 49.868 ], [ -6.387, 49.868 ], [ -6.387, 49.867 ], [ -6.389, 49.868 ] ] ], [ [ [ -6.335, 49.899 ], [ -6.327, 49.893 ], [ -6.341, 49.883 ], [ -6.354, 49.891 ], [ -6.335, 49.899 ] ] ], [ [ [ -6.368, 49.892 ], [ -6.379, 49.896 ], [ -6.375, 49.899 ], [ -6.374, 49.899 ], [ -6.373, 49.899 ], [ -6.368, 49.892 ] ] ], [ [ [ -6.355, 49.895 ], [ -6.354, 49.896 ], [ -6.353, 49.895 ], [ -6.355, 49.895 ] ] ], [ [ [ -6.283, 49.912 ], [ -6.327, 49.912 ], [ -6.309, 49.917 ], [ -6.308, 49.934 ], [ -6.287, 49.931 ], [ -6.283, 49.912 ] ] ], [ [ [ -6.362, 49.933 ], [ -6.361, 49.932 ], [ -6.362, 49.931 ], [ -6.362, 49.933 ] ] ], [ [ [ -6.35, 49.937 ], [ -6.349, 49.928 ], [ -6.358, 49.93 ], [ -6.35, 49.937 ] ] ], [ [ [ -6.349, 49.939 ], [ -6.348, 49.94 ], [ -6.347, 49.939 ], [ -6.349, 49.939 ] ] ], [ [ [ -6.38, 49.943 ], [ -6.379, 49.942 ], [ -6.381, 49.942 ], [ -6.38, 49.943 ] ] ], [ [ [ -6.274, 49.943 ], [ -6.276, 49.944 ], [ -6.273, 49.944 ], [ -6.274, 49.943 ] ] ], [ [ [ -6.323, 49.957 ], [ -6.32, 49.945 ], [ -6.333, 49.939 ], [ -6.352, 49.965 ], [ -6.323, 49.957 ] ] ], [ [ [ -6.368, 49.954 ], [ -6.369, 49.952 ], [ -6.372, 49.954 ], [ -6.368, 49.954 ] ] ], [ [ [ -6.35, 49.947 ], [ -6.359, 49.943 ], [ -6.357, 49.95 ], [ -6.365, 49.952 ], [ -6.355, 49.963 ], [ -6.35, 49.947 ] ] ], [ [ [ -6.261, 49.964 ], [ -6.284, 49.956 ], [ -6.305, 49.967 ], [ -6.261, 49.964 ] ] ], [ [ [ -6.331, 49.965 ], [ -6.334, 49.967 ], [ -6.33, 49.968 ], [ -6.331, 49.965 ] ] ], [ [ [ -6.309, 49.965 ], [ -6.311, 49.967 ], [ -6.308, 49.967 ], [ -6.309, 49.965 ] ] ], [ [ [ -6.318, 49.968 ], [ -6.318, 49.969 ], [ -6.311, 49.967 ], [ -6.318, 49.968 ] ] ], [ [ [ -6.327, 49.975 ], [ -6.32, 49.973 ], [ -6.323, 49.971 ], [ -6.327, 49.975 ] ] ], [ [ [ -6.291, 49.974 ], [ -6.296, 49.98 ], [ -6.293, 49.981 ], [ -6.291, 49.974 ] ] ], [ [ [ -6.323, 49.98 ], [ -6.321, 49.978 ], [ -6.323, 49.977 ], [ -6.323, 49.98 ] ] ], [ [ [ -6.334, 55.609 ], [ -6.333, 55.609 ], [ -6.334, 55.608 ], [ -6.334, 55.609 ] ] ], [ [ [ -6.132, 55.89 ], [ -6.109, 55.862 ], [ -6.104, 55.813 ], [ -6.047, 55.764 ], [ -6.053, 55.742 ], [ -6.029, 55.724 ], [ -6.036, 55.692 ], [ -6.02, 55.685 ], [ -6.072, 55.665 ], [ -6.074, 55.642 ], [ -6.086, 55.649 ], [ -6.149, 55.626 ], [ -6.218, 55.631 ], [ -6.234, 55.597 ], [ -6.268, 55.579 ], [ -6.338, 55.59 ], [ -6.309, 55.646 ], [ -6.273, 55.65 ], [ -6.261, 55.659 ], [ -6.26, 55.658 ], [ -6.259, 55.658 ], [ -6.288, 55.702 ], [ -6.311, 55.719 ], [ -6.341, 55.716 ], [ -6.34, 55.73 ], [ -6.262, 55.764 ], [ -6.251, 55.775 ], [ -6.261, 55.785 ], [ -6.347, 55.784 ], [ -6.384, 55.731 ], [ -6.482, 55.673 ], [ -6.514, 55.687 ], [ -6.526, 55.693 ], [ -6.493, 55.713 ], [ -6.507, 55.719 ], [ -6.498, 55.736 ], [ -6.461, 55.752 ], [ -6.471, 55.755 ], [ -6.457, 55.782 ], [ -6.487, 55.793 ], [ -6.457, 55.809 ], [ -6.455, 55.852 ], [ -6.392, 55.858 ], [ -6.328, 55.891 ], [ -6.346, 55.835 ], [ -6.319, 55.822 ], [ -6.328, 55.834 ], [ -6.311, 55.874 ], [ -6.268, 55.882 ], [ -6.197, 55.927 ], [ -6.121, 55.934 ], [ -6.132, 55.89 ] ] ], [ [ [ -6.358, 55.877 ], [ -6.359, 55.878 ], [ -6.358, 55.878 ], [ -6.358, 55.877 ] ] ], [ [ [ -6.353, 55.889 ], [ -6.351, 55.888 ], [ -6.357, 55.887 ], [ -6.353, 55.889 ] ] ], [ [ [ -6.345, 55.898 ], [ -6.329, 55.903 ], [ -6.33, 55.9 ], [ -6.345, 55.898 ] ] ], [ [ [ -6.279, 55.997 ], [ -6.277, 55.999 ], [ -6.274, 56.0 ], [ -6.275, 55.998 ], [ -6.276, 55.998 ], [ -6.279, 55.997 ] ] ], [ [ [ -6.279, 56.034 ], [ -6.277, 56.034 ], [ -6.279, 56.033 ], [ -6.279, 56.034 ] ] ], [ [ [ -6.393, 56.23 ], [ -6.393, 56.231 ], [ -6.391, 56.23 ], [ -6.393, 56.23 ] ] ], [ [ [ -6.397, 56.239 ], [ -6.398, 56.24 ], [ -6.396, 56.24 ], [ -6.397, 56.239 ] ] ], [ [ [ -6.349, 56.249 ], [ -6.35, 56.25 ], [ -6.348, 56.25 ], [ -6.349, 56.249 ] ] ], [ [ [ -6.304, 56.266 ], [ -6.303, 56.265 ], [ -6.304, 56.264 ], [ -6.304, 56.266 ] ] ], [ [ [ -6.305, 56.267 ], [ -6.303, 56.267 ], [ -6.304, 56.266 ], [ -6.305, 56.267 ] ] ], [ [ [ -6.294, 56.267 ], [ -6.296, 56.268 ], [ -6.295, 56.271 ], [ -6.294, 56.267 ] ] ], [ [ [ -6.273, 56.271 ], [ -6.275, 56.271 ], [ -6.274, 56.272 ], [ -6.273, 56.271 ] ] ], [ [ [ -6.272, 56.271 ], [ -6.272, 56.272 ], [ -6.27, 56.272 ], [ -6.272, 56.271 ] ] ], [ [ [ -6.346, 56.271 ], [ -6.347, 56.272 ], [ -6.344, 56.272 ], [ -6.346, 56.271 ] ] ], [ [ [ -6.349, 56.272 ], [ -6.356, 56.274 ], [ -6.345, 56.275 ], [ -6.349, 56.272 ] ] ], [ [ [ -6.353, 56.283 ], [ -6.352, 56.281 ], [ -6.357, 56.28 ], [ -6.353, 56.283 ] ] ], [ [ [ -6.36, 56.281 ], [ -6.361, 56.282 ], [ -6.36, 56.283 ], [ -6.36, 56.281 ] ] ], [ [ [ -6.371, 56.285 ], [ -6.37, 56.285 ], [ -6.37, 56.284 ], [ -6.371, 56.284 ], [ -6.371, 56.285 ] ] ], [ [ [ -6.394, 56.289 ], [ -6.392, 56.289 ], [ -6.39, 56.286 ], [ -6.394, 56.289 ] ] ], [ [ [ -6.354, 56.287 ], [ -6.355, 56.288 ], [ -6.353, 56.289 ], [ -6.354, 56.287 ] ] ], [ [ [ -6.387, 56.293 ], [ -6.383, 56.294 ], [ -6.387, 56.289 ], [ -6.387, 56.293 ] ] ], [ [ [ -6.362, 56.284 ], [ -6.367, 56.285 ], [ -6.386, 56.288 ], [ -6.379, 56.293 ], [ -6.375, 56.295 ], [ -6.375, 56.301 ], [ -6.359, 56.299 ], [ -6.362, 56.284 ] ] ], [ [ [ -6.382, 56.297 ], [ -6.386, 56.297 ], [ -6.385, 56.299 ], [ -6.382, 56.297 ] ] ], [ [ [ -6.383, 56.3 ], [ -6.381, 56.298 ], [ -6.382, 56.298 ], [ -6.383, 56.3 ] ] ], [ [ [ -6.369, 56.332 ], [ -6.369, 56.33 ], [ -6.37, 56.331 ], [ -6.369, 56.332 ] ] ], [ [ [ -6.373, 56.336 ], [ -6.374, 56.337 ], [ -6.373, 56.337 ], [ -6.373, 56.336 ] ] ], [ [ [ -6.37, 56.339 ], [ -6.365, 56.34 ], [ -6.372, 56.333 ], [ -6.37, 56.339 ] ] ], [ [ [ -6.366, 56.343 ], [ -6.364, 56.343 ], [ -6.364, 56.342 ], [ -6.365, 56.342 ], [ -6.366, 56.343 ] ] ], [ [ [ -6.363, 56.344 ], [ -6.364, 56.343 ], [ -6.365, 56.344 ], [ -6.363, 56.344 ] ] ], [ [ [ -6.356, 56.344 ], [ -6.357, 56.344 ], [ -6.357, 56.345 ], [ -6.356, 56.344 ] ] ], [ [ [ -6.349, 56.345 ], [ -6.351, 56.348 ], [ -6.321, 56.344 ], [ -6.305, 56.341 ], [ -6.295, 56.344 ], [ -6.292, 56.343 ], [ -6.29, 56.337 ], [ -6.287, 56.333 ], [ -6.273, 56.338 ], [ -6.267, 56.324 ], [ -6.286, 56.327 ], [ -6.298, 56.324 ], [ -6.236, 56.316 ], [ -6.237, 56.33 ], [ -6.248, 56.33 ], [ -6.251, 56.342 ], [ -6.235, 56.344 ], [ -6.214, 56.333 ], [ -6.213, 56.334 ], [ -6.213, 56.333 ], [ -6.19, 56.332 ], [ -6.103, 56.342 ], [ -6.019, 56.365 ], [ -6.003, 56.378 ], [ -6.015, 56.388 ], [ -5.997, 56.383 ], [ -5.979, 56.386 ], [ -5.979, 56.39 ], [ -6.023, 56.395 ], [ -6.04, 56.389 ], [ -6.056, 56.381 ], [ -6.059, 56.376 ], [ -6.195, 56.359 ], [ -6.206, 56.385 ], [ -6.151, 56.413 ], [ -6.129, 56.448 ], [ -6.055, 56.451 ], [ -5.995, 56.493 ], [ -6.122, 56.472 ], [ -6.136, 56.482 ], [ -6.15, 56.481 ], [ -6.138, 56.491 ], [ -6.149, 56.5 ], [ -6.225, 56.529 ], [ -6.34, 56.537 ], [ -6.334, 56.555 ], [ -6.305, 56.558 ], [ -6.28, 56.577 ], [ -6.315, 56.577 ], [ -6.324, 56.606 ], [ -6.254, 56.613 ], [ -6.188, 56.582 ], [ -6.225, 56.605 ], [ -6.212, 56.603 ], [ -6.227, 56.633 ], [ -6.195, 56.624 ], [ -6.208, 56.636 ], [ -6.199, 56.632 ], [ -6.198, 56.642 ], [ -6.129, 56.656 ], [ -6.067, 56.639 ], [ -6.058, 56.628 ], [ -6.07, 56.621 ], [ -5.989, 56.58 ], [ -5.988, 56.566 ], [ -5.962, 56.538 ], [ -5.975, 56.532 ], [ -5.951, 56.518 ], [ -5.797, 56.515 ], [ -5.768, 56.489 ], [ -5.718, 56.485 ], [ -5.683, 56.452 ], [ -5.652, 56.457 ], [ -5.651, 56.425 ], [ -5.679, 56.441 ], [ -5.686, 56.435 ], [ -5.676, 56.435 ], [ -5.675, 56.42 ], [ -5.653, 56.415 ], [ -5.679, 56.384 ], [ -5.718, 56.391 ], [ -5.717, 56.404 ], [ -5.717, 56.405 ], [ -5.711, 56.406 ], [ -5.711, 56.415 ], [ -5.748, 56.413 ], [ -5.732, 56.396 ], [ -5.795, 56.366 ], [ -5.691, 56.377 ], [ -5.834, 56.311 ], [ -5.889, 56.322 ], [ -5.846, 56.346 ], [ -5.866, 56.352 ], [ -5.877, 56.356 ], [ -5.934, 56.322 ], [ -5.987, 56.323 ], [ -6.045, 56.292 ], [ -6.079, 56.302 ], [ -6.143, 56.284 ], [ -6.171, 56.288 ], [ -6.199, 56.292 ], [ -6.245, 56.289 ], [ -6.268, 56.264 ], [ -6.269, 56.274 ], [ -6.3, 56.274 ], [ -6.305, 56.267 ], [ -6.33, 56.285 ], [ -6.349, 56.282 ], [ -6.347, 56.306 ], [ -6.364, 56.303 ], [ -6.365, 56.311 ], [ -6.377, 56.309 ], [ -6.369, 56.314 ], [ -6.365, 56.337 ], [ -6.348, 56.344 ], [ -6.349, 56.345 ] ], [ [ -5.695, 56.427 ], [ -5.693, 56.424 ], [ -5.686, 56.435 ], [ -5.695, 56.427 ] ] ], [ [ [ -6.376, 56.352 ], [ -6.378, 56.352 ], [ -6.378, 56.353 ], [ -6.376, 56.352 ] ] ], [ [ [ -6.347, 56.435 ], [ -6.339, 56.44 ], [ -6.337, 56.437 ], [ -6.347, 56.435 ] ] ], [ [ [ -6.308, 56.474 ], [ -6.306, 56.472 ], [ -6.31, 56.471 ], [ -6.308, 56.474 ] ] ], [ [ [ -6.302, 56.478 ], [ -6.302, 56.477 ], [ -6.304, 56.478 ], [ -6.302, 56.478 ] ] ], [ [ [ -6.254, 56.494 ], [ -6.279, 56.474 ], [ -6.308, 56.491 ], [ -6.254, 56.494 ] ] ], [ [ [ -6.307, 56.495 ], [ -6.311, 56.497 ], [ -6.304, 56.497 ], [ -6.303, 56.493 ], [ -6.307, 56.495 ] ] ], [ [ [ -6.398, 56.509 ], [ -6.392, 56.513 ], [ -6.388, 56.509 ], [ -6.398, 56.509 ] ] ], [ [ [ -6.382, 56.519 ], [ -6.38, 56.518 ], [ -6.381, 56.517 ], [ -6.382, 56.519 ] ] ], [ [ [ -6.379, 56.52 ], [ -6.376, 56.52 ], [ -6.376, 56.519 ], [ -6.379, 56.52 ] ] ], [ [ [ -6.284, 56.849 ], [ -6.284, 56.851 ], [ -6.282, 56.849 ], [ -6.284, 56.849 ] ] ], [ [ [ -6.277, 56.848 ], [ -6.28, 56.852 ], [ -6.272, 56.853 ], [ -6.277, 56.848 ] ] ], [ [ [ -6.26, 57.037 ], [ -6.248, 57.02 ], [ -6.28, 57.012 ], [ -6.238, 57.005 ], [ -6.25, 56.971 ], [ -6.303, 56.938 ], [ -6.37, 56.952 ], [ -6.376, 56.973 ], [ -6.46, 57.007 ], [ -6.37, 57.053 ], [ -6.26, 57.037 ] ] ], [ [ [ -6.4, 57.219 ], [ -6.4, 57.218 ], [ -6.401, 57.219 ], [ -6.4, 57.219 ] ] ], [ [ [ -6.354, 57.691 ], [ -6.348, 57.688 ], [ -6.349, 57.687 ], [ -6.354, 57.691 ] ] ], [ [ [ -6.304, 57.724 ], [ -6.306, 57.727 ], [ -6.299, 57.73 ], [ -6.304, 57.724 ] ] ], [ [ [ -6.353, 57.88 ], [ -6.381, 57.903 ], [ -6.353, 57.903 ], [ -6.353, 57.88 ] ] ], [ [ [ -6.33, 57.9 ], [ -6.343, 57.902 ], [ -6.336, 57.908 ], [ -6.33, 57.9 ] ] ], [ [ [ -6.372, 58.09 ], [ -6.374, 58.09 ], [ -6.375, 58.093 ], [ -6.379, 58.093 ], [ -6.38, 58.096 ], [ -6.382, 58.097 ], [ -6.373, 58.097 ], [ -6.372, 58.09 ] ] ], [ [ [ -6.384, 58.098 ], [ -6.382, 58.097 ], [ -6.382, 58.096 ], [ -6.383, 58.096 ], [ -6.383, 58.097 ], [ -6.384, 58.098 ] ] ], [ [ [ -6.396, 58.099 ], [ -6.394, 58.098 ], [ -6.395, 58.097 ], [ -6.396, 58.099 ] ] ], [ [ [ -6.386, 58.099 ], [ -6.386, 58.098 ], [ -6.387, 58.099 ], [ -6.386, 58.099 ] ] ], [ [ [ -6.378, 58.099 ], [ -6.383, 58.099 ], [ -6.38, 58.1 ], [ -6.379, 58.1 ], [ -6.378, 58.099 ] ] ], [ [ [ -6.385, 58.101 ], [ -6.388, 58.102 ], [ -6.377, 58.102 ], [ -6.38, 58.1 ], [ -6.385, 58.101 ] ] ], [ [ [ -6.386, 58.103 ], [ -6.396, 58.104 ], [ -6.395, 58.109 ], [ -6.386, 58.103 ] ] ], [ [ [ -6.381, 58.12 ], [ -6.375, 58.12 ], [ -6.375, 58.118 ], [ -6.381, 58.12 ] ] ], [ [ [ -6.345, 58.188 ], [ -6.342, 58.188 ], [ -6.343, 58.187 ], [ -6.345, 58.188 ] ] ], [ [ [ -6.341, 58.19 ], [ -6.338, 58.188 ], [ -6.339, 58.187 ], [ -6.341, 58.19 ] ] ], [ [ [ -6.325, 58.19 ], [ -6.325, 58.191 ], [ -6.321, 58.191 ], [ -6.325, 58.19 ] ] ], [ [ [ -6.385, 58.193 ], [ -6.384, 58.194 ], [ -6.384, 58.193 ], [ -6.385, 58.193 ] ] ], [ [ [ -6.355, 58.221 ], [ -6.358, 58.222 ], [ -6.356, 58.223 ], [ -6.355, 58.221 ] ] ], [ [ [ -6.374, 58.223 ], [ -6.375, 58.224 ], [ -6.373, 58.224 ], [ -6.374, 58.223 ] ] ], [ [ [ -6.348, 58.227 ], [ -6.347, 58.224 ], [ -6.348, 58.224 ], [ -6.348, 58.227 ] ] ], [ [ [ -6.288, 58.289 ], [ -6.287, 58.289 ], [ -6.287, 58.288 ], [ -6.289, 58.288 ], [ -6.288, 58.289 ] ] ], [ [ [ -6.267, 49.946 ], [ -6.266, 49.948 ], [ -6.262, 49.943 ], [ -6.267, 49.946 ] ] ], [ [ [ -6.245, 49.945 ], [ -6.248, 49.945 ], [ -6.246, 49.946 ], [ -6.245, 49.945 ] ] ], [ [ [ -6.27, 49.949 ], [ -6.27, 49.95 ], [ -6.267, 49.95 ], [ -6.27, 49.949 ] ] ], [ [ [ -6.247, 49.949 ], [ -6.25, 49.949 ], [ -6.248, 49.95 ], [ -6.247, 49.949 ] ] ], [ [ [ -6.246, 49.951 ], [ -6.245, 49.95 ], [ -6.246, 49.95 ], [ -6.246, 49.951 ] ] ], [ [ [ -6.263, 49.955 ], [ -6.26, 49.956 ], [ -6.253, 49.95 ], [ -6.263, 49.955 ] ] ], [ [ [ -6.143, 55.613 ], [ -6.153, 55.614 ], [ -6.132, 55.62 ], [ -6.142, 55.613 ], [ -6.143, 55.613 ] ] ], [ [ [ -6.184, 55.622 ], [ -6.183, 55.622 ], [ -6.185, 55.621 ], [ -6.184, 55.622 ] ] ], [ [ [ -6.09, 55.638 ], [ -6.093, 55.639 ], [ -6.083, 55.643 ], [ -6.09, 55.638 ] ] ], [ [ [ -6.089, 55.642 ], [ -6.092, 55.642 ], [ -6.09, 55.644 ], [ -6.089, 55.642 ] ] ], [ [ [ -6.047, 55.653 ], [ -6.046, 55.654 ], [ -6.046, 55.653 ], [ -6.048, 55.652 ], [ -6.047, 55.653 ] ] ], [ [ [ -6.041, 55.656 ], [ -6.04, 55.655 ], [ -6.042, 55.655 ], [ -6.041, 55.656 ] ] ], [ [ [ -6.043, 55.657 ], [ -6.042, 55.656 ], [ -6.044, 55.655 ], [ -6.043, 55.657 ] ] ], [ [ [ -6.039, 55.659 ], [ -6.037, 55.657 ], [ -6.04, 55.656 ], [ -6.039, 55.659 ] ] ], [ [ [ -6.042, 55.66 ], [ -6.039, 55.66 ], [ -6.043, 55.658 ], [ -6.042, 55.66 ] ] ], [ [ [ -6.052, 55.661 ], [ -6.059, 55.657 ], [ -6.054, 55.662 ], [ -6.052, 55.661 ] ] ], [ [ [ -6.051, 55.662 ], [ -6.052, 55.663 ], [ -6.047, 55.665 ], [ -6.051, 55.662 ] ] ], [ [ [ -6.046, 55.67 ], [ -6.049, 55.668 ], [ -6.049, 55.669 ], [ -6.046, 55.67 ] ] ], [ [ [ -6.042, 55.675 ], [ -6.039, 55.675 ], [ -6.043, 55.671 ], [ -6.042, 55.675 ] ] ], [ [ [ -6.04, 55.794 ], [ -6.034, 55.791 ], [ -6.037, 55.79 ], [ -6.04, 55.794 ] ] ], [ [ [ -6.075, 55.81 ], [ -6.077, 55.812 ], [ -6.074, 55.812 ], [ -6.075, 55.81 ] ] ], [ [ [ -6.266, 56.0 ], [ -6.27, 56.003 ], [ -6.257, 55.999 ], [ -6.266, 56.0 ] ] ], [ [ [ -6.259, 56.004 ], [ -6.258, 56.005 ], [ -6.258, 56.004 ], [ -6.259, 56.004 ] ] ], [ [ [ -6.219, 56.005 ], [ -6.223, 56.004 ], [ -6.223, 56.007 ], [ -6.219, 56.005 ] ] ], [ [ [ -6.264, 56.014 ], [ -6.271, 56.014 ], [ -6.271, 56.015 ], [ -6.264, 56.014 ] ] ], [ [ [ -6.254, 56.001 ], [ -6.255, 56.016 ], [ -6.26, 56.019 ], [ -6.274, 56.021 ], [ -6.21, 56.023 ], [ -6.254, 56.001 ] ] ], [ [ [ -6.28, 56.018 ], [ -6.262, 56.016 ], [ -6.263, 56.015 ], [ -6.28, 56.018 ] ] ], [ [ [ -6.262, 56.017 ], [ -6.264, 56.018 ], [ -6.262, 56.018 ], [ -6.262, 56.017 ] ] ], [ [ [ -6.247, 56.03 ], [ -6.243, 56.03 ], [ -6.243, 56.029 ], [ -6.244, 56.029 ], [ -6.248, 56.028 ], [ -6.247, 56.03 ] ] ], [ [ [ -6.25, 56.033 ], [ -6.252, 56.034 ], [ -6.251, 56.034 ], [ -6.25, 56.033 ] ] ], [ [ [ -6.254, 56.036 ], [ -6.252, 56.035 ], [ -6.255, 56.035 ], [ -6.254, 56.036 ] ] ], [ [ [ -6.133, 56.121 ], [ -6.164, 56.091 ], [ -6.166, 56.08 ], [ -6.197, 56.062 ], [ -6.187, 56.041 ], [ -6.217, 56.028 ], [ -6.222, 56.041 ], [ -6.25, 56.034 ], [ -6.246, 56.045 ], [ -6.28, 56.037 ], [ -6.248, 56.055 ], [ -6.261, 56.057 ], [ -6.246, 56.063 ], [ -6.256, 56.064 ], [ -6.258, 56.066 ], [ -6.241, 56.073 ], [ -6.253, 56.075 ], [ -6.246, 56.086 ], [ -6.142, 56.13 ], [ -6.133, 56.121 ] ] ], [ [ [ -6.27, 56.263 ], [ -6.271, 56.263 ], [ -6.27, 56.264 ], [ -6.27, 56.263 ] ] ], [ [ [ -6.229, 56.284 ], [ -6.228, 56.283 ], [ -6.229, 56.283 ], [ -6.229, 56.284 ] ] ], [ [ [ -6.183, 56.284 ], [ -6.185, 56.285 ], [ -6.183, 56.286 ], [ -6.183, 56.284 ] ] ], [ [ [ -6.16, 56.285 ], [ -6.159, 56.286 ], [ -6.159, 56.285 ], [ -6.16, 56.285 ] ] ], [ [ [ -6.211, 56.288 ], [ -6.212, 56.288 ], [ -6.213, 56.289 ], [ -6.211, 56.288 ] ] ], [ [ [ -6.196, 56.289 ], [ -6.196, 56.29 ], [ -6.195, 56.29 ], [ -6.196, 56.289 ] ] ], [ [ [ -6.254, 56.324 ], [ -6.255, 56.325 ], [ -6.252, 56.326 ], [ -6.254, 56.324 ] ] ], [ [ [ -6.249, 56.329 ], [ -6.25, 56.33 ], [ -6.249, 56.33 ], [ -6.249, 56.329 ] ] ], [ [ [ -6.212, 56.337 ], [ -6.212, 56.336 ], [ -6.214, 56.335 ], [ -6.212, 56.337 ] ] ], [ [ [ -6.199, 56.338 ], [ -6.2, 56.339 ], [ -6.199, 56.339 ], [ -6.199, 56.338 ] ] ], [ [ [ -6.248, 56.412 ], [ -6.245, 56.411 ], [ -6.246, 56.41 ], [ -6.248, 56.412 ] ] ], [ [ [ -6.166, 56.443 ], [ -6.151, 56.447 ], [ -6.15, 56.446 ], [ -6.166, 56.443 ] ] ], [ [ [ -6.26, 56.446 ], [ -6.267, 56.456 ], [ -6.26, 56.456 ], [ -6.26, 56.446 ] ] ], [ [ [ -6.239, 56.459 ], [ -6.238, 56.458 ], [ -6.239, 56.456 ], [ -6.239, 56.459 ] ] ], [ [ [ -6.236, 56.458 ], [ -6.237, 56.458 ], [ -6.235, 56.46 ], [ -6.236, 56.458 ] ] ], [ [ [ -6.238, 56.464 ], [ -6.237, 56.461 ], [ -6.243, 56.461 ], [ -6.238, 56.464 ] ] ], [ [ [ -6.245, 56.463 ], [ -6.243, 56.463 ], [ -6.244, 56.462 ], [ -6.245, 56.463 ] ] ], [ [ [ -6.219, 56.464 ], [ -6.22, 56.462 ], [ -6.221, 56.463 ], [ -6.219, 56.464 ] ] ], [ [ [ -6.08, 56.463 ], [ -6.101, 56.464 ], [ -6.091, 56.47 ], [ -6.08, 56.463 ] ] ], [ [ [ -6.215, 56.467 ], [ -6.213, 56.467 ], [ -6.215, 56.466 ], [ -6.215, 56.467 ] ] ], [ [ [ -6.221, 56.467 ], [ -6.223, 56.469 ], [ -6.222, 56.469 ], [ -6.221, 56.467 ] ] ], [ [ [ -6.249, 56.468 ], [ -6.249, 56.469 ], [ -6.248, 56.468 ], [ -6.249, 56.468 ] ] ], [ [ [ -6.224, 56.469 ], [ -6.224, 56.471 ], [ -6.225, 56.471 ], [ -6.241, 56.466 ], [ -6.244, 56.472 ], [ -6.269, 56.478 ], [ -6.248, 56.497 ], [ -6.179, 56.482 ], [ -6.173, 56.488 ], [ -6.162, 56.479 ], [ -6.154, 56.483 ], [ -6.141, 56.472 ], [ -6.191, 56.462 ], [ -6.204, 56.46 ], [ -6.208, 56.472 ], [ -6.223, 56.471 ], [ -6.224, 56.469 ] ] ], [ [ [ -6.132, 56.475 ], [ -6.13, 56.474 ], [ -6.133, 56.474 ], [ -6.132, 56.475 ] ] ], [ [ [ -6.142, 56.479 ], [ -6.143, 56.479 ], [ -6.143, 56.48 ], [ -6.142, 56.479 ] ] ], [ [ [ -6.163, 56.483 ], [ -6.162, 56.483 ], [ -6.162, 56.482 ], [ -6.163, 56.483 ] ] ], [ [ [ -6.154, 56.484 ], [ -6.159, 56.487 ], [ -6.153, 56.486 ], [ -6.154, 56.484 ] ] ], [ [ [ -6.163, 56.486 ], [ -6.166, 56.487 ], [ -6.162, 56.487 ], [ -6.163, 56.486 ] ] ], [ [ [ -6.17, 56.488 ], [ -6.172, 56.489 ], [ -6.17, 56.489 ], [ -6.17, 56.488 ] ] ], [ [ [ -6.165, 56.49 ], [ -6.163, 56.488 ], [ -6.167, 56.49 ], [ -6.165, 56.49 ] ] ], [ [ [ -6.17, 56.49 ], [ -6.17, 56.489 ], [ -6.171, 56.49 ], [ -6.17, 56.49 ] ] ], [ [ [ -6.17, 56.491 ], [ -6.169, 56.492 ], [ -6.169, 56.491 ], [ -6.17, 56.491 ] ] ], [ [ [ -6.029, 56.612 ], [ -6.048, 56.625 ], [ -6.039, 56.623 ], [ -6.029, 56.612 ] ] ], [ [ [ -6.048, 56.622 ], [ -6.045, 56.62 ], [ -6.05, 56.62 ], [ -6.048, 56.622 ] ] ], [ [ [ -6.112, 56.689 ], [ -6.11, 56.69 ], [ -6.11, 56.688 ], [ -6.112, 56.689 ] ] ], [ [ [ -6.074, 56.691 ], [ -6.075, 56.69 ], [ -6.075, 56.691 ], [ -6.074, 56.691 ] ] ], [ [ [ -6.211, 56.733 ], [ -6.212, 56.732 ], [ -6.212, 56.734 ], [ -6.211, 56.733 ] ] ], [ [ [ -6.224, 56.846 ], [ -6.215, 56.836 ], [ -6.236, 56.823 ], [ -6.278, 56.835 ], [ -6.224, 56.846 ] ] ], [ [ [ -6.129, 56.873 ], [ -6.124, 56.878 ], [ -6.121, 56.87 ], [ -6.129, 56.873 ] ] ], [ [ [ -6.139, 56.871 ], [ -6.21, 56.889 ], [ -6.207, 56.907 ], [ -6.159, 56.915 ], [ -6.162, 56.936 ], [ -6.138, 56.944 ], [ -6.112, 56.925 ], [ -6.139, 56.871 ] ] ], [ [ [ -6.223, 57.129 ], [ -6.256, 57.15 ], [ -6.215, 57.153 ], [ -6.213, 57.165 ], [ -6.182, 57.161 ], [ -6.223, 57.129 ] ] ], [ [ [ -6.15, 57.194 ], [ -6.15, 57.193 ], [ -6.152, 57.194 ], [ -6.15, 57.194 ] ] ], [ [ [ -6.163, 57.197 ], [ -6.161, 57.196 ], [ -6.166, 57.196 ], [ -6.163, 57.197 ] ] ], [ [ [ -6.297, 57.708 ], [ -6.303, 57.692 ], [ -6.251, 57.673 ], [ -6.235, 57.637 ], [ -6.191, 57.633 ], [ -6.137, 57.588 ], [ -6.149, 57.566 ], [ -6.136, 57.473 ], [ -6.146, 57.43 ], [ -6.198, 57.412 ], [ -6.202, 57.39 ], [ -6.182, 57.408 ], [ -6.139, 57.406 ], [ -6.124, 57.388 ], [ -6.146, 57.371 ], [ -6.095, 57.339 ], [ -6.104, 57.319 ], [ -6.132, 57.316 ], [ -6.168, 57.295 ], [ -6.057, 57.314 ], [ -6.042, 57.293 ], [ -6.079, 57.277 ], [ -6.083, 57.268 ], [ -6.021, 57.288 ], [ -5.994, 57.27 ], [ -5.922, 57.263 ], [ -5.905, 57.253 ], [ -5.914, 57.241 ], [ -5.886, 57.238 ], [ -5.753, 57.275 ], [ -5.711, 57.271 ], [ -5.732, 57.261 ], [ -5.662, 57.264 ], [ -5.648, 57.255 ], [ -5.669, 57.209 ], [ -5.765, 57.17 ], [ -5.808, 57.176 ], [ -5.796, 57.16 ], [ -5.806, 57.146 ], [ -5.787, 57.138 ], [ -5.806, 57.137 ], [ -5.804, 57.121 ], [ -5.853, 57.112 ], [ -5.924, 57.043 ], [ -6.018, 57.018 ], [ -6.038, 57.057 ], [ -5.999, 57.074 ], [ -6.008, 57.09 ], [ -5.985, 57.107 ], [ -6.005, 57.115 ], [ -5.998, 57.124 ], [ -5.915, 57.166 ], [ -5.866, 57.171 ], [ -5.843, 57.183 ], [ -5.838, 57.19 ], [ -5.992, 57.169 ], [ -6.037, 57.228 ], [ -6.03, 57.183 ], [ -6.05, 57.181 ], [ -6.084, 57.127 ], [ -6.113, 57.137 ], [ -6.102, 57.17 ], [ -6.123, 57.195 ], [ -6.131, 57.184 ], [ -6.151, 57.196 ], [ -6.165, 57.199 ], [ -6.166, 57.196 ], [ -6.174, 57.174 ], [ -6.322, 57.16 ], [ -6.285, 57.201 ], [ -6.344, 57.185 ], [ -6.387, 57.217 ], [ -6.349, 57.23 ], [ -6.343, 57.253 ], [ -6.357, 57.236 ], [ -6.405, 57.232 ], [ -6.451, 57.262 ], [ -6.459, 57.286 ], [ -6.482, 57.292 ], [ -6.483, 57.311 ], [ -6.427, 57.323 ], [ -6.431, 57.34 ], [ -6.348, 57.3 ], [ -6.318, 57.296 ], [ -6.306, 57.299 ], [ -6.403, 57.34 ], [ -6.406, 57.354 ], [ -6.396, 57.36 ], [ -6.397, 57.358 ], [ -6.393, 57.359 ], [ -6.388, 57.361 ], [ -6.387, 57.363 ], [ -6.447, 57.348 ], [ -6.458, 57.339 ], [ -6.455, 57.36 ], [ -6.481, 57.366 ], [ -6.468, 57.378 ], [ -6.486, 57.381 ], [ -6.489, 57.404 ], [ -6.525, 57.369 ], [ -6.517, 57.393 ], [ -6.538, 57.413 ], [ -6.534, 57.393 ], [ -6.573, 57.388 ], [ -6.564, 57.339 ], [ -6.582, 57.333 ], [ -6.72, 57.372 ], [ -6.743, 57.418 ], [ -6.79, 57.421 ], [ -6.78, 57.458 ], [ -6.72, 57.45 ], [ -6.75, 57.484 ], [ -6.748, 57.5 ], [ -6.717, 57.514 ], [ -6.64, 57.443 ], [ -6.62, 57.432 ], [ -6.599, 57.445 ], [ -6.585, 57.421 ], [ -6.574, 57.43 ], [ -6.604, 57.461 ], [ -6.624, 57.459 ], [ -6.613, 57.467 ], [ -6.638, 57.503 ], [ -6.598, 57.51 ], [ -6.568, 57.493 ], [ -6.561, 57.508 ], [ -6.642, 57.552 ], [ -6.656, 57.546 ], [ -6.635, 57.609 ], [ -6.589, 57.594 ], [ -6.566, 57.548 ], [ -6.504, 57.534 ], [ -6.466, 57.498 ], [ -6.427, 57.518 ], [ -6.453, 57.481 ], [ -6.432, 57.47 ], [ -6.436, 57.492 ], [ -6.4, 57.509 ], [ -6.4, 57.529 ], [ -6.345, 57.481 ], [ -6.335, 57.49 ], [ -6.326, 57.459 ], [ -6.312, 57.455 ], [ -6.326, 57.485 ], [ -6.305, 57.482 ], [ -6.365, 57.515 ], [ -6.395, 57.554 ], [ -6.395, 57.57 ], [ -6.383, 57.563 ], [ -6.359, 57.589 ], [ -6.395, 57.585 ], [ -6.394, 57.613 ], [ -6.428, 57.642 ], [ -6.411, 57.66 ], [ -6.354, 57.671 ], [ -6.342, 57.685 ], [ -6.357, 57.706 ], [ -6.297, 57.708 ] ] ], [ [ [ -5.991, 57.467 ], [ -6.032, 57.434 ], [ -5.993, 57.358 ], [ -6.021, 57.333 ], [ -6.065, 57.332 ], [ -6.088, 57.351 ], [ -6.074, 57.379 ], [ -6.08, 57.435 ], [ -6.055, 57.462 ], [ -6.018, 57.455 ], [ -6.011, 57.465 ], [ -6.029, 57.469 ], [ -6.028, 57.471 ], [ -5.992, 57.494 ], [ -5.997, 57.507 ], [ -5.987, 57.502 ], [ -5.991, 57.467 ] ] ], [ [ [ -6.043, 57.489 ], [ -6.042, 57.489 ], [ -6.041, 57.488 ], [ -6.043, 57.489 ] ] ], [ [ [ -6.205, 57.64 ], [ -6.21, 57.646 ], [ -6.203, 57.645 ], [ -6.205, 57.64 ] ] ], [ [ [ -6.228, 57.663 ], [ -6.233, 57.667 ], [ -6.222, 57.665 ], [ -6.228, 57.663 ] ] ], [ [ [ -6.228, 57.67 ], [ -6.229, 57.672 ], [ -6.226, 57.67 ], [ -6.228, 57.67 ] ] ], [ [ [ -6.203, 58.189 ], [ -6.201, 58.191 ], [ -6.2, 58.19 ], [ -6.203, 58.189 ] ] ], [ [ [ -6.164, 58.227 ], [ -6.164, 58.228 ], [ -6.163, 58.228 ], [ -6.164, 58.227 ] ] ], [ [ [ -6.258, 58.284 ], [ -6.265, 58.283 ], [ -6.264, 58.284 ], [ -6.258, 58.284 ] ] ], [ [ [ -6.264, 58.285 ], [ -6.267, 58.285 ], [ -6.265, 58.286 ], [ -6.264, 58.285 ] ] ], [ [ [ -6.262, 58.288 ], [ -6.26, 58.287 ], [ -6.265, 58.286 ], [ -6.267, 58.286 ], [ -6.262, 58.288 ] ] ], [ [ [ -6.231, 58.504 ], [ -6.23, 58.505 ], [ -6.23, 58.504 ], [ -6.231, 58.504 ] ] ], [ [ [ -6.261, 58.516 ], [ -6.262, 58.516 ], [ -6.262, 58.517 ], [ -6.261, 58.517 ], [ -6.26, 58.516 ], [ -6.261, 58.516 ] ] ], [ [ [ -6.159, 59.093 ], [ -6.16, 59.094 ], [ -6.157, 59.097 ], [ -6.15, 59.099 ], [ -6.159, 59.093 ] ] ], [ [ [ -5.751, 55.625 ], [ -5.759, 55.627 ], [ -5.749, 55.64 ], [ -5.751, 55.625 ] ] ], [ [ [ -5.741, 55.648 ], [ -5.743, 55.648 ], [ -5.742, 55.651 ], [ -5.741, 55.648 ] ] ], [ [ [ -5.743, 55.652 ], [ -5.741, 55.652 ], [ -5.742, 55.651 ], [ -5.743, 55.651 ], [ -5.743, 55.652 ] ] ], [ [ [ -5.776, 55.664 ], [ -5.777, 55.664 ], [ -5.776, 55.667 ], [ -5.776, 55.664 ] ] ], [ [ [ -6.026, 55.669 ], [ -6.018, 55.669 ], [ -6.023, 55.665 ], [ -6.026, 55.669 ] ] ], [ [ [ -6.029, 55.669 ], [ -6.029, 55.67 ], [ -6.025, 55.671 ], [ -6.029, 55.669 ] ] ], [ [ [ -6.034, 55.671 ], [ -6.025, 55.672 ], [ -6.029, 55.671 ], [ -6.034, 55.671 ] ] ], [ [ [ -5.712, 55.722 ], [ -5.731, 55.711 ], [ -5.722, 55.7 ], [ -5.734, 55.684 ], [ -5.733, 55.683 ], [ -5.731, 55.683 ], [ -5.727, 55.684 ], [ -5.731, 55.68 ], [ -5.737, 55.677 ], [ -5.734, 55.659 ], [ -5.74, 55.66 ], [ -5.764, 55.646 ], [ -5.76, 55.668 ], [ -5.774, 55.677 ], [ -5.737, 55.707 ], [ -5.737, 55.709 ], [ -5.734, 55.722 ], [ -5.741, 55.724 ], [ -5.712, 55.722 ] ] ], [ [ [ -5.723, 55.686 ], [ -5.718, 55.688 ], [ -5.718, 55.685 ], [ -5.726, 55.684 ], [ -5.723, 55.686 ] ] ], [ [ [ -5.994, 55.791 ], [ -5.989, 55.791 ], [ -5.99, 55.79 ], [ -5.994, 55.791 ] ] ], [ [ [ -5.923, 55.846 ], [ -5.925, 55.845 ], [ -5.925, 55.848 ], [ -5.923, 55.846 ] ] ], [ [ [ -5.929, 55.848 ], [ -5.931, 55.849 ], [ -5.929, 55.851 ], [ -5.929, 55.848 ] ] ], [ [ [ -5.909, 55.862 ], [ -5.907, 55.86 ], [ -5.911, 55.857 ], [ -5.909, 55.862 ] ] ], [ [ [ -5.747, 55.946 ], [ -5.745, 55.947 ], [ -5.745, 55.946 ], [ -5.747, 55.946 ] ] ], [ [ [ -5.984, 55.967 ], [ -5.985, 55.965 ], [ -5.986, 55.966 ], [ -5.984, 55.967 ] ] ], [ [ [ -5.888, 55.97 ], [ -5.893, 55.966 ], [ -5.893, 55.967 ], [ -5.888, 55.97 ] ] ], [ [ [ -5.914, 55.969 ], [ -5.911, 55.97 ], [ -5.912, 55.968 ], [ -5.914, 55.969 ] ] ], [ [ [ -5.688, 56.111 ], [ -5.793, 56.011 ], [ -5.836, 55.971 ], [ -5.873, 55.89 ], [ -5.887, 55.879 ], [ -5.882, 55.891 ], [ -5.897, 55.89 ], [ -5.894, 55.872 ], [ -5.902, 55.867 ], [ -5.937, 55.867 ], [ -5.951, 55.835 ], [ -5.94, 55.826 ], [ -5.953, 55.817 ], [ -5.964, 55.792 ], [ -6.036, 55.795 ], [ -6.078, 55.818 ], [ -6.094, 55.891 ], [ -6.043, 55.941 ], [ -5.915, 55.956 ], [ -5.848, 55.979 ], [ -5.855, 55.99 ], [ -5.882, 55.97 ], [ -5.894, 55.982 ], [ -5.94, 55.96 ], [ -5.994, 55.976 ], [ -6.0, 55.974 ], [ -6.006, 55.973 ], [ -5.969, 56.022 ], [ -5.964, 56.028 ], [ -5.787, 56.109 ], [ -5.757, 56.122 ], [ -5.738, 56.141 ], [ -5.709, 56.15 ], [ -5.688, 56.111 ] ] ], [ [ [ -5.875, 55.973 ], [ -5.875, 55.974 ], [ -5.874, 55.975 ], [ -5.874, 55.974 ], [ -5.875, 55.973 ] ] ], [ [ [ -5.867, 55.976 ], [ -5.867, 55.975 ], [ -5.869, 55.975 ], [ -5.867, 55.976 ] ] ], [ [ [ -5.991, 55.999 ], [ -5.992, 55.999 ], [ -5.991, 56.0 ], [ -5.991, 55.999 ] ] ], [ [ [ -5.794, 56.009 ], [ -5.793, 56.011 ], [ -5.793, 56.009 ], [ -5.794, 56.009 ] ] ], [ [ [ -5.745, 56.146 ], [ -5.743, 56.145 ], [ -5.745, 56.144 ], [ -5.745, 56.146 ] ] ], [ [ [ -5.801, 56.223 ], [ -5.819, 56.216 ], [ -5.803, 56.228 ], [ -5.801, 56.223 ] ] ], [ [ [ -5.792, 56.231 ], [ -5.795, 56.23 ], [ -5.795, 56.231 ], [ -5.792, 56.231 ] ] ], [ [ [ -5.786, 56.237 ], [ -5.78, 56.238 ], [ -5.783, 56.234 ], [ -5.786, 56.237 ] ] ], [ [ [ -5.778, 56.237 ], [ -5.75, 56.248 ], [ -5.753, 56.242 ], [ -5.778, 56.237 ] ] ], [ [ [ -5.747, 56.25 ], [ -5.743, 56.252 ], [ -5.743, 56.249 ], [ -5.747, 56.25 ] ] ], [ [ [ -5.839, 56.308 ], [ -5.839, 56.309 ], [ -5.835, 56.309 ], [ -5.839, 56.308 ] ] ], [ [ [ -5.967, 56.315 ], [ -5.965, 56.314 ], [ -5.966, 56.314 ], [ -5.967, 56.315 ] ] ], [ [ [ -5.862, 56.34 ], [ -5.861, 56.339 ], [ -5.863, 56.339 ], [ -5.862, 56.34 ] ] ], [ [ [ -5.868, 56.352 ], [ -5.866, 56.352 ], [ -5.867, 56.35 ], [ -5.868, 56.352 ] ] ], [ [ [ -5.913, 56.535 ], [ -5.914, 56.536 ], [ -5.913, 56.537 ], [ -5.913, 56.535 ] ] ], [ [ [ -5.87, 56.547 ], [ -5.869, 56.546 ], [ -5.875, 56.547 ], [ -5.87, 56.547 ] ] ], [ [ [ -6.03, 56.612 ], [ -6.033, 56.612 ], [ -6.033, 56.613 ], [ -6.03, 56.612 ] ] ], [ [ [ -5.898, 56.656 ], [ -5.898, 56.654 ], [ -5.901, 56.654 ], [ -5.898, 56.656 ] ] ], [ [ [ -5.882, 56.653 ], [ -5.895, 56.653 ], [ -5.884, 56.67 ], [ -5.872, 56.665 ], [ -5.882, 56.653 ] ] ], [ [ [ -5.94, 56.663 ], [ -5.94, 56.661 ], [ -5.941, 56.659 ], [ -5.94, 56.66 ], [ -5.928, 56.67 ], [ -5.905, 56.659 ], [ -5.951, 56.658 ], [ -5.94, 56.663 ] ] ], [ [ [ -5.899, 56.672 ], [ -5.898, 56.671 ], [ -5.903, 56.669 ], [ -5.899, 56.672 ] ] ], [ [ [ -5.907, 56.67 ], [ -5.907, 56.671 ], [ -5.906, 56.67 ], [ -5.907, 56.67 ] ] ], [ [ [ -5.901, 56.676 ], [ -5.899, 56.675 ], [ -5.903, 56.673 ], [ -5.901, 56.676 ] ] ], [ [ [ -5.89, 56.674 ], [ -5.89, 56.675 ], [ -5.89, 56.676 ], [ -5.888, 56.676 ], [ -5.889, 56.675 ], [ -5.89, 56.674 ] ] ], [ [ [ -5.946, 56.687 ], [ -5.938, 56.68 ], [ -5.946, 56.679 ], [ -5.946, 56.687 ] ] ], [ [ [ -5.827, 56.786 ], [ -5.831, 56.788 ], [ -5.826, 56.789 ], [ -5.827, 56.786 ] ] ], [ [ [ -5.811, 56.787 ], [ -5.816, 56.789 ], [ -5.814, 56.79 ], [ -5.811, 56.787 ] ] ], [ [ [ -5.872, 56.789 ], [ -5.872, 56.79 ], [ -5.87, 56.789 ], [ -5.872, 56.789 ] ] ], [ [ [ -5.834, 56.796 ], [ -5.809, 56.794 ], [ -5.888, 56.793 ], [ -5.88, 56.81 ], [ -5.834, 56.796 ] ] ], [ [ [ -5.873, 56.816 ], [ -5.872, 56.82 ], [ -5.87, 56.818 ], [ -5.873, 56.816 ] ] ], [ [ [ -5.833, 56.835 ], [ -5.718, 56.844 ], [ -5.666, 56.875 ], [ -5.69, 56.88 ], [ -5.726, 56.851 ], [ -5.737, 56.856 ], [ -5.756, 56.855 ], [ -5.761, 56.86 ], [ -5.789, 56.86 ], [ -5.722, 56.887 ], [ -5.738, 56.896 ], [ -5.864, 56.884 ], [ -5.887, 56.874 ], [ -5.922, 56.884 ], [ -5.894, 56.904 ], [ -5.862, 56.894 ], [ -5.844, 56.907 ], [ -5.883, 56.92 ], [ -5.856, 56.927 ], [ -5.867, 56.934 ], [ -5.853, 56.941 ], [ -5.845, 56.967 ], [ -5.817, 56.961 ], [ -5.847, 56.973 ], [ -5.83, 57.008 ], [ -5.727, 57.018 ], [ -5.709, 56.991 ], [ -5.636, 56.97 ], [ -5.508, 56.995 ], [ -5.521, 57.007 ], [ -5.617, 56.982 ], [ -5.636, 56.987 ], [ -5.662, 56.995 ], [ -5.684, 57.019 ], [ -5.664, 57.028 ], [ -5.674, 57.034 ], [ -5.749, 57.029 ], [ -5.762, 57.051 ], [ -5.791, 57.053 ], [ -5.798, 57.065 ], [ -5.725, 57.101 ], [ -5.722, 57.118 ], [ -5.592, 57.119 ], [ -5.567, 57.096 ], [ -5.52, 57.081 ], [ -5.51, 57.097 ], [ -5.385, 57.107 ], [ -5.427, 57.115 ], [ -5.527, 57.102 ], [ -5.562, 57.134 ], [ -5.611, 57.146 ], [ -5.616, 57.145 ], [ -5.66, 57.143 ], [ -5.679, 57.148 ], [ -5.687, 57.168 ], [ -5.693, 57.169 ], [ -5.632, 57.2 ], [ -5.621, 57.22 ], [ -5.656, 57.228 ], [ -5.638, 57.249 ], [ -5.584, 57.256 ], [ -5.531, 57.271 ], [ -5.477, 57.234 ], [ -5.433, 57.212 ], [ -5.423, 57.214 ], [ -5.389, 57.232 ], [ -5.46, 57.241 ], [ -5.516, 57.279 ], [ -5.486, 57.297 ], [ -5.486, 57.307 ], [ -5.431, 57.315 ], [ -5.409, 57.31 ], [ -5.44, 57.319 ], [ -5.465, 57.316 ], [ -5.49, 57.307 ], [ -5.499, 57.293 ], [ -5.517, 57.289 ], [ -5.52, 57.277 ], [ -5.593, 57.271 ], [ -5.648, 57.287 ], [ -5.673, 57.28 ], [ -5.734, 57.283 ], [ -5.718, 57.284 ], [ -5.729, 57.297 ], [ -5.717, 57.315 ], [ -5.669, 57.327 ], [ -5.686, 57.342 ], [ -5.662, 57.34 ], [ -5.644, 57.346 ], [ -5.662, 57.335 ], [ -5.65, 57.334 ], [ -5.534, 57.353 ], [ -5.457, 57.391 ], [ -5.442, 57.423 ], [ -5.552, 57.358 ], [ -5.636, 57.367 ], [ -5.634, 57.38 ], [ -5.609, 57.384 ], [ -5.609, 57.386 ], [ -5.597, 57.388 ], [ -5.594, 57.391 ], [ -5.615, 57.399 ], [ -5.608, 57.421 ], [ -5.625, 57.398 ], [ -5.73, 57.355 ], [ -5.788, 57.346 ], [ -5.808, 57.376 ], [ -5.822, 57.364 ], [ -5.831, 57.391 ], [ -5.819, 57.389 ], [ -5.821, 57.402 ], [ -5.806, 57.391 ], [ -5.825, 57.419 ], [ -5.806, 57.439 ], [ -5.854, 57.442 ], [ -5.873, 57.474 ], [ -5.836, 57.579 ], [ -5.812, 57.586 ], [ -5.742, 57.543 ], [ -5.707, 57.54 ], [ -5.709, 57.556 ], [ -5.697, 57.53 ], [ -5.65, 57.509 ], [ -5.656, 57.542 ], [ -5.621, 57.521 ], [ -5.626, 57.531 ], [ -5.606, 57.536 ], [ -5.511, 57.537 ], [ -5.517, 57.55 ], [ -5.589, 57.557 ], [ -5.669, 57.546 ], [ -5.704, 57.564 ], [ -5.681, 57.568 ], [ -5.686, 57.577 ], [ -5.728, 57.585 ], [ -5.756, 57.624 ], [ -5.802, 57.635 ], [ -5.803, 57.635 ], [ -5.819, 57.639 ], [ -5.789, 57.697 ], [ -5.738, 57.708 ], [ -5.731, 57.699 ], [ -5.684, 57.689 ], [ -5.672, 57.701 ], [ -5.696, 57.73 ], [ -5.813, 57.75 ], [ -5.801, 57.793 ], [ -5.814, 57.858 ], [ -5.683, 57.865 ], [ -5.693, 57.844 ], [ -5.68, 57.836 ], [ -5.661, 57.823 ], [ -5.669, 57.8 ], [ -5.604, 57.765 ], [ -5.596, 57.773 ], [ -5.622, 57.79 ], [ -5.579, 57.79 ], [ -5.598, 57.802 ], [ -5.582, 57.836 ], [ -5.642, 57.856 ], [ -5.656, 57.879 ], [ -5.618, 57.924 ], [ -5.552, 57.913 ], [ -5.56, 57.903 ], [ -5.541, 57.87 ], [ -5.488, 57.856 ], [ -5.454, 57.851 ], [ -5.422, 57.909 ], [ -5.31, 57.861 ], [ -5.212, 57.846 ], [ -5.406, 57.928 ], [ -5.361, 57.939 ], [ -5.33, 57.914 ], [ -5.24, 57.918 ], [ -5.128, 57.875 ], [ -5.086, 57.829 ], [ -5.072, 57.816 ], [ -5.068, 57.816 ], [ -5.099, 57.869 ], [ -5.224, 57.925 ], [ -5.179, 57.941 ], [ -5.174, 57.956 ], [ -5.192, 57.944 ], [ -5.192, 57.957 ], [ -5.311, 57.979 ], [ -5.331, 58.007 ], [ -5.355, 58.007 ], [ -5.357, 58.026 ], [ -5.42, 58.033 ], [ -5.413, 58.053 ], [ -5.458, 58.077 ], [ -5.446, 58.08 ], [ -5.446, 58.098 ], [ -5.427, 58.106 ], [ -5.381, 58.087 ], [ -5.357, 58.058 ], [ -5.339, 58.08 ], [ -5.301, 58.064 ], [ -5.267, 58.102 ], [ -5.279, 58.114 ], [ -5.279, 58.115 ], [ -5.303, 58.12 ], [ -5.262, 58.121 ], [ -5.299, 58.137 ], [ -5.258, 58.138 ], [ -5.24, 58.147 ], [ -5.31, 58.155 ], [ -5.279, 58.167 ], [ -5.299, 58.164 ], [ -5.31, 58.162 ], [ -5.318, 58.17 ], [ -5.304, 58.176 ], [ -5.332, 58.181 ], [ -5.362, 58.218 ], [ -5.405, 58.236 ], [ -5.404, 58.237 ], [ -5.376, 58.264 ], [ -5.31, 58.224 ], [ -5.225, 58.254 ], [ -5.218, 58.256 ], [ -5.204, 58.246 ], [ -5.181, 58.251 ], [ -5.175, 58.239 ], [ -5.159, 58.233 ], [ -5.166, 58.239 ], [ -5.168, 58.24 ], [ -5.169, 58.24 ], [ -5.172, 58.241 ], [ -5.173, 58.242 ], [ -5.166, 58.258 ], [ -5.12, 58.247 ], [ -5.12, 58.258 ], [ -5.132, 58.263 ], [ -5.109, 58.27 ], [ -5.054, 58.246 ], [ -5.007, 58.255 ], [ -5.003, 58.24 ], [ -4.978, 58.231 ], [ -4.936, 58.214 ], [ -4.947, 58.231 ], [ -4.995, 58.251 ], [ -4.923, 58.258 ], [ -5.023, 58.264 ], [ -5.024, 58.263 ], [ -5.031, 58.255 ], [ -5.081, 58.264 ], [ -5.108, 58.283 ], [ -5.123, 58.28 ], [ -5.121, 58.294 ], [ -5.14, 58.291 ], [ -5.147, 58.302 ], [ -5.127, 58.311 ], [ -5.147, 58.312 ], [ -5.127, 58.32 ], [ -5.138, 58.325 ], [ -5.143, 58.327 ], [ -5.17, 58.322 ], [ -5.158, 58.335 ], [ -5.175, 58.34 ], [ -5.167, 58.343 ], [ -5.174, 58.351 ], [ -5.183, 58.351 ], [ -5.155, 58.353 ], [ -5.176, 58.362 ], [ -5.144, 58.385 ], [ -5.143, 58.389 ], [ -5.153, 58.401 ], [ -5.142, 58.412 ], [ -5.094, 58.388 ], [ -5.035, 58.38 ], [ -5.045, 58.373 ], [ -5.02, 58.377 ], [ -5.045, 58.386 ], [ -5.032, 58.393 ], [ -5.062, 58.397 ], [ -5.063, 58.398 ], [ -5.054, 58.404 ], [ -5.071, 58.402 ], [ -5.031, 58.411 ], [ -5.067, 58.415 ], [ -5.095, 58.407 ], [ -5.114, 58.414 ], [ -5.072, 58.415 ], [ -5.092, 58.421 ], [ -5.116, 58.428 ], [ -5.061, 58.449 ], [ -5.079, 58.449 ], [ -5.075, 58.452 ], [ -5.031, 58.448 ], [ -4.993, 58.423 ], [ -4.991, 58.44 ], [ -5.016, 58.453 ], [ -5.077, 58.457 ], [ -5.055, 58.463 ], [ -5.126, 58.494 ], [ -5.113, 58.522 ], [ -5.051, 58.541 ], [ -5.014, 58.578 ], [ -5.016, 58.615 ], [ -5.003, 58.627 ], [ -4.957, 58.61 ], [ -4.876, 58.615 ], [ -4.849, 58.599 ], [ -4.825, 58.597 ], [ -4.821, 58.563 ], [ -4.793, 58.547 ], [ -4.831, 58.523 ], [ -4.812, 58.527 ], [ -4.813, 58.511 ], [ -4.778, 58.547 ], [ -4.806, 58.564 ], [ -4.766, 58.581 ], [ -4.777, 58.593 ], [ -4.787, 58.595 ], [ -4.792, 58.601 ], [ -4.789, 58.601 ], [ -4.78, 58.6 ], [ -4.768, 58.605 ], [ -4.762, 58.599 ], [ -4.735, 58.566 ], [ -4.718, 58.57 ], [ -4.703, 58.556 ], [ -4.654, 58.552 ], [ -4.664, 58.549 ], [ -4.653, 58.533 ], [ -4.712, 58.496 ], [ -4.761, 58.449 ], [ -4.752, 58.445 ], [ -4.664, 58.482 ], [ -4.668, 58.499 ], [ -4.642, 58.52 ], [ -4.616, 58.513 ], [ -4.593, 58.535 ], [ -4.604, 58.554 ], [ -4.589, 58.578 ], [ -4.586, 58.578 ], [ -4.585, 58.578 ], [ -4.514, 58.579 ], [ -4.513, 58.578 ], [ -4.492, 58.568 ], [ -4.457, 58.562 ], [ -4.456, 58.547 ], [ -4.437, 58.556 ], [ -4.424, 58.55 ], [ -4.431, 58.53 ], [ -4.409, 58.522 ], [ -4.455, 58.496 ], [ -4.486, 58.444 ], [ -4.476, 58.44 ], [ -4.423, 58.474 ], [ -4.427, 58.491 ], [ -4.449, 58.493 ], [ -4.45, 58.495 ], [ -4.42, 58.494 ], [ -4.351, 58.538 ], [ -4.268, 58.537 ], [ -4.266, 58.518 ], [ -4.236, 58.526 ], [ -4.212, 58.495 ], [ -4.241, 58.537 ], [ -4.213, 58.53 ], [ -4.214, 58.551 ], [ -4.176, 58.541 ], [ -4.157, 58.548 ], [ -4.153, 58.563 ], [ -4.126, 58.569 ], [ -4.074, 58.551 ], [ -4.047, 58.572 ], [ -4.043, 58.591 ], [ -4.032, 58.591 ], [ -4.025, 58.591 ], [ -4.019, 58.602 ], [ -4.01, 58.587 ], [ -4.013, 58.581 ], [ -4.006, 58.575 ], [ -4.007, 58.571 ], [ -4.005, 58.564 ], [ -4.004, 58.564 ], [ -3.933, 58.574 ], [ -3.9, 58.538 ], [ -3.903, 58.566 ], [ -3.859, 58.563 ], [ -3.801, 58.574 ], [ -3.78, 58.563 ], [ -3.656, 58.621 ], [ -3.542, 58.623 ], [ -3.536, 58.623 ], [ -3.552, 58.608 ], [ -3.513, 58.599 ], [ -3.527, 58.588 ], [ -3.5, 58.605 ], [ -3.463, 58.612 ], [ -3.368, 58.595 ], [ -3.349, 58.619 ], [ -3.414, 58.64 ], [ -3.403, 58.663 ], [ -3.377, 58.672 ], [ -3.345, 58.647 ], [ -3.312, 58.643 ], [ -3.31, 58.643 ], [ -3.278, 58.653 ], [ -3.227, 58.65 ], [ -3.224, 58.653 ], [ -3.22, 58.656 ], [ -3.21, 58.656 ], [ -3.209, 58.656 ], [ -3.205, 58.656 ], [ -3.195, 58.656 ], [ -3.19, 58.66 ], [ -3.179, 58.651 ], [ -3.177, 58.652 ], [ -3.174, 58.652 ], [ -3.157, 58.637 ], [ -3.024, 58.644 ], [ -3.043, 58.598 ], [ -3.072, 58.592 ], [ -3.06, 58.581 ], [ -3.068, 58.564 ], [ -3.126, 58.527 ], [ -3.134, 58.501 ], [ -3.133, 58.5 ], [ -3.124, 58.483 ], [ -3.112, 58.476 ], [ -3.049, 58.478 ], [ -3.059, 58.442 ], [ -3.123, 58.449 ], [ -3.068, 58.431 ], [ -3.108, 58.371 ], [ -3.153, 58.351 ], [ -3.221, 58.305 ], [ -3.222, 58.305 ], [ -3.347, 58.278 ], [ -3.348, 58.278 ], [ -3.381, 58.27 ], [ -3.428, 58.247 ], [ -3.486, 58.192 ], [ -3.508, 58.172 ], [ -3.613, 58.132 ], [ -3.642, 58.115 ], [ -3.659, 58.12 ], [ -3.745, 58.068 ], [ -3.804, 58.057 ], [ -3.833, 58.039 ], [ -3.848, 58.006 ], [ -3.983, 57.97 ], [ -4.008, 57.934 ], [ -4.03, 57.934 ], [ -4.013, 57.946 ], [ -4.009, 57.95 ], [ -4.009, 57.952 ], [ -4.082, 57.951 ], [ -4.069, 57.937 ], [ -4.002, 57.928 ], [ -3.992, 57.903 ], [ -4.013, 57.891 ], [ -4.011, 57.859 ], [ -4.073, 57.867 ], [ -4.112, 57.848 ], [ -4.147, 57.855 ], [ -4.135, 57.87 ], [ -4.162, 57.859 ], [ -4.232, 57.875 ], [ -4.291, 57.862 ], [ -4.362, 57.907 ], [ -4.396, 57.915 ], [ -4.409, 57.939 ], [ -4.466, 57.956 ], [ -4.533, 57.957 ], [ -4.542, 57.963 ], [ -4.579, 57.974 ], [ -4.605, 57.974 ], [ -4.531, 57.955 ], [ -4.424, 57.942 ], [ -4.397, 57.91 ], [ -4.351, 57.895 ], [ -4.355, 57.876 ], [ -4.297, 57.852 ], [ -4.194, 57.863 ], [ -4.164, 57.834 ], [ -4.119, 57.829 ], [ -4.139, 57.844 ], [ -4.11, 57.841 ], [ -4.109, 57.835 ], [ -4.099, 57.837 ], [ -4.104, 57.834 ], [ -4.077, 57.828 ], [ -4.06, 57.819 ], [ -4.048, 57.815 ], [ -3.961, 57.846 ], [ -3.919, 57.838 ], [ -3.898, 57.829 ], [ -3.893, 57.825 ], [ -3.907, 57.831 ], [ -3.959, 57.817 ], [ -3.954, 57.814 ], [ -3.952, 57.812 ], [ -3.948, 57.812 ], [ -3.947, 57.812 ], [ -3.947, 57.813 ], [ -3.941, 57.815 ], [ -3.941, 57.814 ], [ -3.94, 57.814 ], [ -3.939, 57.815 ], [ -3.939, 57.817 ], [ -3.92, 57.817 ], [ -3.909, 57.823 ], [ -3.859, 57.825 ], [ -3.828, 57.835 ], [ -3.813, 57.86 ], [ -3.772, 57.867 ], [ -3.98, 57.693 ], [ -4.038, 57.695 ], [ -4.008, 57.73 ], [ -4.009, 57.734 ], [ -4.009, 57.741 ], [ -4.009, 57.742 ], [ -4.015, 57.736 ], [ -4.036, 57.737 ], [ -4.039, 57.737 ], [ -4.039, 57.736 ], [ -4.04, 57.736 ], [ -4.044, 57.735 ], [ -4.048, 57.733 ], [ -4.05, 57.729 ], [ -4.085, 57.728 ], [ -4.168, 57.685 ], [ -4.207, 57.693 ], [ -4.3, 57.676 ], [ -4.28, 57.665 ], [ -4.338, 57.65 ], [ -4.416, 57.606 ], [ -4.408, 57.593 ], [ -4.407, 57.593 ], [ -4.424, 57.584 ], [ -4.427, 57.576 ], [ -4.437, 57.573 ], [ -4.444, 57.567 ], [ -4.445, 57.564 ], [ -4.234, 57.669 ], [ -4.166, 57.676 ], [ -4.165, 57.657 ], [ -4.037, 57.684 ], [ -3.993, 57.676 ], [ -4.102, 57.607 ], [ -4.113, 57.59 ], [ -4.091, 57.574 ], [ -4.141, 57.577 ], [ -4.188, 57.546 ], [ -4.252, 57.549 ], [ -4.194, 57.538 ], [ -4.234, 57.501 ], [ -4.383, 57.512 ], [ -4.436, 57.497 ], [ -4.437, 57.485 ], [ -4.455, 57.486 ], [ -4.457, 57.482 ], [ -4.451, 57.479 ], [ -4.463, 57.481 ], [ -4.475, 57.474 ], [ -4.477, 57.471 ], [ -4.473, 57.467 ], [ -4.474, 57.473 ], [ -4.449, 57.478 ], [ -4.452, 57.484 ], [ -4.435, 57.483 ], [ -4.413, 57.498 ], [ -4.375, 57.479 ], [ -4.237, 57.496 ], [ -4.239, 57.491 ], [ -4.228, 57.469 ], [ -4.234, 57.496 ], [ -4.178, 57.485 ], [ -4.148, 57.502 ], [ -4.147, 57.518 ], [ -4.113, 57.516 ], [ -4.102, 57.535 ], [ -4.041, 57.56 ], [ -4.047, 57.577 ], [ -4.076, 57.583 ], [ -4.058, 57.591 ], [ -4.013, 57.601 ], [ -3.971, 57.586 ], [ -3.956, 57.589 ], [ -4.008, 57.603 ], [ -3.93, 57.586 ], [ -3.861, 57.593 ], [ -3.861, 57.591 ], [ -3.861, 57.59 ], [ -3.862, 57.59 ], [ -3.865, 57.585 ], [ -3.866, 57.583 ], [ -3.69, 57.658 ], [ -3.733, 57.649 ], [ -3.702, 57.657 ], [ -3.649, 57.663 ], [ -3.62, 57.655 ], [ -3.652, 57.638 ], [ -3.608, 57.627 ], [ -3.577, 57.64 ], [ -3.626, 57.662 ], [ -3.529, 57.664 ], [ -3.497, 57.679 ], [ -3.498, 57.704 ], [ -3.342, 57.725 ], [ -3.304, 57.721 ], [ -3.289, 57.725 ], [ -3.284, 57.725 ], [ -3.279, 57.724 ], [ -3.278, 57.724 ], [ -3.283, 57.719 ], [ -3.282, 57.717 ], [ -3.284, 57.713 ], [ -3.254, 57.691 ], [ -3.281, 57.718 ], [ -3.105, 57.668 ], [ -3.014, 57.664 ], [ -2.859, 57.707 ], [ -2.833, 57.69 ], [ -2.789, 57.7 ], [ -2.74, 57.682 ], [ -2.729, 57.687 ], [ -2.728, 57.687 ], [ -2.714, 57.693 ], [ -2.684, 57.683 ], [ -2.668, 57.691 ], [ -2.638, 57.68 ], [ -2.584, 57.678 ], [ -2.574, 57.683 ], [ -2.553, 57.671 ], [ -2.541, 57.669 ], [ -2.525, 57.671 ], [ -2.521, 57.671 ], [ -2.514, 57.659 ], [ -2.529, 57.651 ], [ -2.515, 57.657 ], [ -2.497, 57.673 ], [ -2.492, 57.673 ], [ -2.447, 57.669 ], [ -2.428, 57.674 ], [ -2.396, 57.668 ], [ -2.362, 57.676 ], [ -2.345, 57.67 ], [ -2.298, 57.696 ], [ -2.292, 57.689 ], [ -2.263, 57.679 ], [ -2.192, 57.671 ], [ -2.175, 57.674 ], [ -2.118, 57.701 ], [ -2.005, 57.699 ], [ -1.995, 57.681 ], [ -1.954, 57.675 ], [ -1.965, 57.674 ], [ -1.966, 57.673 ], [ -1.966, 57.671 ], [ -1.97, 57.67 ], [ -1.971, 57.669 ], [ -1.92, 57.675 ], [ -1.891, 57.634 ], [ -1.824, 57.612 ], [ -1.826, 57.568 ], [ -1.804, 57.556 ], [ -1.797, 57.517 ], [ -1.811, 57.518 ], [ -1.767, 57.507 ], [ -1.794, 57.497 ], [ -1.775, 57.497 ], [ -1.796, 57.485 ], [ -1.775, 57.475 ], [ -1.779, 57.475 ], [ -1.776, 57.474 ], [ -1.779, 57.469 ], [ -1.782, 57.464 ], [ -1.781, 57.463 ], [ -1.781, 57.462 ], [ -1.781, 57.461 ], [ -1.801, 57.454 ], [ -1.797, 57.452 ], [ -1.797, 57.451 ], [ -1.798, 57.449 ], [ -1.799, 57.449 ], [ -1.798, 57.447 ], [ -1.818, 57.436 ], [ -1.819, 57.436 ], [ -1.82, 57.435 ], [ -1.815, 57.428 ], [ -1.821, 57.426 ], [ -1.822, 57.426 ], [ -1.825, 57.422 ], [ -1.829, 57.422 ], [ -1.828, 57.417 ], [ -1.829, 57.416 ], [ -1.83, 57.416 ], [ -1.831, 57.416 ], [ -1.832, 57.414 ], [ -1.833, 57.413 ], [ -1.833, 57.414 ], [ -1.836, 57.414 ], [ -1.835, 57.413 ], [ -1.835, 57.411 ], [ -1.841, 57.41 ], [ -1.841, 57.409 ], [ -1.842, 57.41 ], [ -1.844, 57.41 ], [ -1.844, 57.411 ], [ -1.846, 57.411 ], [ -1.847, 57.414 ], [ -1.848, 57.416 ], [ -1.849, 57.416 ], [ -1.859, 57.408 ], [ -1.858, 57.39 ], [ -1.872, 57.383 ], [ -1.881, 57.379 ], [ -1.91, 57.366 ], [ -1.986, 57.311 ], [ -1.991, 57.349 ], [ -2.018, 57.364 ], [ -2.053, 57.364 ], [ -1.995, 57.347 ], [ -2.006, 57.336 ], [ -2.009, 57.338 ], [ -2.013, 57.336 ], [ -2.017, 57.337 ], [ -2.016, 57.336 ], [ -2.02, 57.335 ], [ -2.021, 57.335 ], [ -2.022, 57.335 ], [ -2.022, 57.334 ], [ -1.999, 57.332 ], [ -1.99, 57.306 ], [ -2.078, 57.176 ], [ -2.099, 57.178 ], [ -2.107, 57.178 ], [ -2.108, 57.177 ], [ -2.079, 57.175 ], [ -2.076, 57.149 ], [ -2.061, 57.146 ], [ -2.095, 57.145 ], [ -2.075, 57.141 ], [ -2.093, 57.139 ], [ -2.098, 57.13 ], [ -2.114, 57.128 ], [ -2.125, 57.119 ], [ -2.056, 57.145 ], [ -2.049, 57.128 ], [ -2.092, 57.068 ], [ -2.161, 57.018 ], [ -2.177, 56.98 ], [ -2.209, 56.968 ], [ -2.191, 56.951 ], [ -2.197, 56.909 ], [ -2.233, 56.863 ], [ -2.275, 56.846 ], [ -2.326, 56.796 ], [ -2.445, 56.752 ], [ -2.427, 56.752 ], [ -2.452, 56.704 ], [ -2.475, 56.706 ], [ -2.472, 56.714 ], [ -2.474, 56.72 ], [ -2.478, 56.722 ], [ -2.516, 56.723 ], [ -2.528, 56.71 ], [ -2.53, 56.715 ], [ -2.531, 56.715 ], [ -2.54, 56.72 ], [ -2.532, 56.714 ], [ -2.539, 56.712 ], [ -2.545, 56.717 ], [ -2.553, 56.717 ], [ -2.556, 56.716 ], [ -2.557, 56.715 ], [ -2.516, 56.699 ], [ -2.436, 56.701 ], [ -2.447, 56.68 ], [ -2.484, 56.672 ], [ -2.506, 56.652 ], [ -2.509, 56.651 ], [ -2.506, 56.653 ], [ -2.508, 56.654 ], [ -2.511, 56.651 ], [ -2.504, 56.632 ], [ -2.48, 56.621 ], [ -2.538, 56.567 ], [ -2.718, 56.495 ], [ -2.735, 56.465 ], [ -2.796, 56.48 ], [ -2.989, 56.451 ], [ -3.053, 56.459 ], [ -3.162, 56.418 ], [ -3.15, 56.414 ], [ -3.193, 56.384 ], [ -3.291, 56.358 ], [ -3.381, 56.385 ], [ -3.413, 56.38 ], [ -3.429, 56.411 ], [ -3.447, 56.421 ], [ -3.454, 56.422 ], [ -3.45, 56.419 ], [ -3.449, 56.42 ], [ -3.447, 56.418 ], [ -3.43, 56.406 ], [ -3.427, 56.378 ], [ -3.42, 56.377 ], [ -3.402, 56.378 ], [ -3.383, 56.384 ], [ -3.301, 56.354 ], [ -3.335, 56.353 ], [ -3.339, 56.339 ], [ -3.331, 56.342 ], [ -3.334, 56.352 ], [ -3.226, 56.355 ], [ -2.92, 56.452 ], [ -2.817, 56.444 ], [ -2.801, 56.423 ], [ -2.812, 56.39 ], [ -2.839, 56.371 ], [ -2.901, 56.373 ], [ -2.899, 56.369 ], [ -2.9, 56.369 ], [ -2.901, 56.368 ], [ -2.904, 56.369 ], [ -2.907, 56.368 ], [ -2.908, 56.369 ], [ -2.909, 56.369 ], [ -2.911, 56.367 ], [ -2.89, 56.358 ], [ -2.911, 56.354 ], [ -2.926, 56.341 ], [ -2.888, 56.356 ], [ -2.887, 56.362 ], [ -2.839, 56.353 ], [ -2.82, 56.368 ], [ -2.806, 56.344 ], [ -2.784, 56.34 ], [ -2.788, 56.335 ], [ -2.66, 56.318 ], [ -2.585, 56.279 ], [ -2.595, 56.268 ], [ -2.813, 56.183 ], [ -2.943, 56.213 ], [ -3.014, 56.194 ], [ -2.996, 56.189 ], [ -3.151, 56.117 ], [ -3.175, 56.063 ], [ -3.267, 56.059 ], [ -3.321, 56.034 ], [ -3.395, 56.029 ], [ -3.391, 56.006 ], [ -3.547, 56.04 ], [ -3.576, 56.059 ], [ -3.593, 56.046 ], [ -3.685, 56.048 ], [ -3.769, 56.088 ], [ -3.777, 56.093 ], [ -3.773, 56.093 ], [ -3.804, 56.11 ], [ -3.82, 56.111 ], [ -3.83, 56.103 ], [ -3.826, 56.113 ], [ -3.845, 56.125 ], [ -3.857, 56.12 ], [ -3.867, 56.108 ], [ -3.871, 56.11 ], [ -3.863, 56.114 ], [ -3.864, 56.119 ], [ -3.889, 56.132 ], [ -3.902, 56.122 ], [ -3.881, 56.124 ], [ -3.889, 56.12 ], [ -3.868, 56.12 ], [ -3.873, 56.11 ], [ -3.868, 56.106 ], [ -3.853, 56.119 ], [ -3.833, 56.099 ], [ -3.822, 56.097 ], [ -3.803, 56.107 ], [ -3.742, 56.068 ], [ -3.745, 56.067 ], [ -3.743, 56.064 ], [ -3.741, 56.063 ], [ -3.743, 56.063 ], [ -3.747, 56.064 ], [ -3.748, 56.064 ], [ -3.748, 56.063 ], [ -3.745, 56.062 ], [ -3.749, 56.062 ], [ -3.747, 56.061 ], [ -3.75, 56.06 ], [ -3.751, 56.058 ], [ -3.734, 56.065 ], [ -3.717, 56.027 ], [ -3.782, 56.027 ], [ -3.8, 56.021 ], [ -3.736, 56.021 ], [ -3.683, 56.036 ], [ -3.68, 56.031 ], [ -3.717, 56.02 ], [ -3.718, 56.02 ], [ -3.721, 56.014 ], [ -3.68, 56.03 ], [ -3.672, 56.014 ], [ -3.693, 56.004 ], [ -3.695, 55.998 ], [ -3.598, 56.021 ], [ -3.505, 55.998 ], [ -3.39, 55.99 ], [ -3.352, 56.002 ], [ -3.304, 55.975 ], [ -3.182, 55.991 ], [ -3.116, 55.957 ], [ -3.053, 55.943 ], [ -2.901, 55.981 ], [ -2.891, 56.01 ], [ -2.858, 56.011 ], [ -2.843, 56.015 ], [ -2.837, 56.019 ], [ -2.859, 56.018 ], [ -2.866, 56.038 ], [ -2.813, 56.063 ], [ -2.679, 56.062 ], [ -2.582, 56.023 ], [ -2.583, 56.007 ], [ -2.592, 56.015 ], [ -2.593, 56.006 ], [ -2.596, 56.005 ], [ -2.605, 56.007 ], [ -2.581, 55.998 ], [ -2.575, 56.012 ], [ -2.553, 55.996 ], [ -2.512, 56.006 ], [ -2.403, 55.972 ], [ -2.33, 55.93 ], [ -2.224, 55.933 ], [ -2.138, 55.917 ], [ -2.135, 55.892 ], [ -2.074, 55.87 ], [ -2.07, 55.843 ], [ -1.984, 55.765 ], [ -2.018, 55.775 ], [ -2.065, 55.763 ], [ -2.046, 55.759 ], [ -2.014, 55.771 ], [ -1.937, 55.719 ], [ -1.87, 55.698 ], [ -1.886, 55.685 ], [ -1.841, 55.643 ], [ -1.806, 55.635 ], [ -1.788, 55.657 ], [ -1.755, 55.623 ], [ -1.786, 55.617 ], [ -1.77, 55.603 ], [ -1.745, 55.619 ], [ -1.723, 55.617 ], [ -1.646, 55.582 ], [ -1.64, 55.578 ], [ -1.64, 55.577 ], [ -1.644, 55.576 ], [ -1.648, 55.573 ], [ -1.65, 55.573 ], [ -1.652, 55.572 ], [ -1.652, 55.571 ], [ -1.619, 55.552 ], [ -1.642, 55.537 ], [ -1.611, 55.522 ], [ -1.613, 55.497 ], [ -1.591, 55.492 ], [ -1.593, 55.44 ], [ -1.575, 55.431 ], [ -1.58, 55.407 ], [ -1.624, 55.39 ], [ -1.588, 55.345 ], [ -1.571, 55.34 ], [ -1.591, 55.341 ], [ -1.597, 55.351 ], [ -1.592, 55.34 ], [ -1.61, 55.35 ], [ -1.627, 55.349 ], [ -1.549, 55.322 ], [ -1.57, 55.292 ], [ -1.567, 55.265 ], [ -1.499, 55.185 ], [ -1.54, 55.162 ], [ -1.526, 55.16 ], [ -1.489, 55.119 ], [ -1.499, 55.128 ], [ -1.522, 55.144 ], [ -1.559, 55.147 ], [ -1.534, 55.138 ], [ -1.564, 55.134 ], [ -1.567, 55.133 ], [ -1.569, 55.131 ], [ -1.5, 55.128 ], [ -1.495, 55.102 ], [ -1.473, 55.084 ], [ -1.477, 55.084 ], [ -1.479, 55.08 ], [ -1.478, 55.078 ], [ -1.451, 55.07 ], [ -1.448, 55.051 ], [ -1.404, 55.015 ], [ -1.43, 55.013 ], [ -1.439, 55.005 ], [ -1.401, 55.011 ], [ -1.411, 54.999 ], [ -1.357, 54.965 ], [ -1.368, 54.934 ], [ -1.352, 54.921 ], [ -1.428, 54.918 ], [ -1.473, 54.904 ], [ -1.543, 54.866 ], [ -1.472, 54.903 ], [ -1.353, 54.919 ], [ -1.356, 54.876 ], [ -1.321, 54.838 ], [ -1.302, 54.768 ], [ -1.178, 54.699 ], [ -1.196, 54.699 ], [ -1.198, 54.679 ], [ -1.158, 54.648 ], [ -1.201, 54.623 ], [ -1.236, 54.634 ], [ -1.254, 54.627 ], [ -1.217, 54.621 ], [ -1.173, 54.622 ], [ -1.168, 54.629 ], [ -1.159, 54.613 ], [ -1.205, 54.583 ], [ -1.245, 54.594 ], [ -1.254, 54.59 ], [ -1.194, 54.574 ], [ -1.202, 54.58 ], [ -1.16, 54.605 ], [ -1.147, 54.599 ], [ -1.152, 54.615 ], [ -1.133, 54.608 ], [ -1.154, 54.628 ], [ -1.135, 54.63 ], [ -1.143, 54.637 ], [ -1.137, 54.648 ], [ -1.002, 54.594 ], [ -0.898, 54.571 ], [ -0.788, 54.559 ], [ -0.774, 54.557 ], [ -0.745, 54.529 ], [ -0.713, 54.534 ], [ -0.67, 54.501 ], [ -0.613, 54.494 ], [ -0.614, 54.488 ], [ -0.612, 54.494 ], [ -0.589, 54.489 ], [ -0.521, 54.447 ], [ -0.53, 54.423 ], [ -0.463, 54.389 ], [ -0.417, 54.331 ], [ -0.407, 54.294 ], [ -0.385, 54.288 ], [ -0.397, 54.274 ], [ -0.363, 54.244 ], [ -0.265, 54.216 ], [ -0.285, 54.203 ], [ -0.263, 54.176 ], [ -0.077, 54.117 ], [ -0.165, 54.1 ], [ -0.197, 54.078 ], [ -0.213, 54.054 ], [ -0.213, 54.007 ], [ -0.13, 53.872 ], [ 0.124, 53.653 ], [ 0.141, 53.623 ], [ 0.147, 53.609 ], [ 0.147, 53.6 ], [ 0.137, 53.59 ], [ 0.109, 53.571 ], [ 0.146, 53.608 ], [ 0.106, 53.632 ], [ 0.03, 53.649 ], [ -0.054, 53.629 ], [ -0.103, 53.635 ], [ -0.227, 53.708 ], [ -0.23, 53.734 ], [ -0.331, 53.738 ], [ -0.327, 53.745 ], [ -0.333, 53.751 ], [ -0.329, 53.745 ], [ -0.448, 53.714 ], [ -0.553, 53.71 ], [ -0.583, 53.727 ], [ -0.63, 53.734 ], [ -0.618, 53.731 ], [ -0.696, 53.704 ], [ -0.81, 53.707 ], [ -0.825, 53.704 ], [ -0.853, 53.687 ], [ -0.864, 53.701 ], [ -0.842, 53.709 ], [ -0.842, 53.724 ], [ -0.849, 53.731 ], [ -0.961, 53.737 ], [ -0.963, 53.747 ], [ -0.986, 53.765 ], [ -1.001, 53.77 ], [ -1.026, 53.761 ], [ -1.025, 53.76 ], [ -0.987, 53.764 ], [ -0.962, 53.736 ], [ -0.904, 53.721 ], [ -0.905, 53.727 ], [ -0.845, 53.72 ], [ -0.845, 53.71 ], [ -0.864, 53.704 ], [ -0.866, 53.697 ], [ -0.869, 53.697 ], [ -0.856, 53.686 ], [ -0.848, 53.685 ], [ -0.812, 53.704 ], [ -0.698, 53.698 ], [ -0.7, 53.696 ], [ -0.706, 53.697 ], [ -0.71, 53.696 ], [ -0.69, 53.673 ], [ -0.713, 53.645 ], [ -0.715, 53.633 ], [ -0.713, 53.624 ], [ -0.701, 53.613 ], [ -0.709, 53.608 ], [ -0.725, 53.609 ], [ -0.733, 53.605 ], [ -0.748, 53.568 ], [ -0.743, 53.511 ], [ -0.768, 53.499 ], [ -0.786, 53.475 ], [ -0.785, 53.463 ], [ -0.767, 53.499 ], [ -0.742, 53.51 ], [ -0.745, 53.571 ], [ -0.729, 53.605 ], [ -0.706, 53.607 ], [ -0.699, 53.61 ], [ -0.712, 53.641 ], [ -0.685, 53.672 ], [ -0.695, 53.695 ], [ -0.64, 53.71 ], [ -0.611, 53.715 ], [ -0.586, 53.693 ], [ -0.524, 53.677 ], [ -0.471, 53.698 ], [ -0.394, 53.7 ], [ -0.393, 53.694 ], [ -0.392, 53.691 ], [ -0.391, 53.689 ], [ -0.388, 53.702 ], [ -0.289, 53.713 ], [ -0.202, 53.637 ], [ -0.004, 53.547 ], [ -0.008, 53.556 ], [ 0.031, 53.517 ], [ 0.041, 53.508 ], [ 0.061, 53.512 ], [ 0.027, 53.53 ], [ 0.088, 53.515 ], [ 0.084, 53.499 ], [ 0.101, 53.495 ], [ 0.095, 53.489 ], [ 0.103, 53.492 ], [ 0.101, 53.485 ], [ 0.105, 53.483 ], [ 0.121, 53.484 ], [ 0.106, 53.505 ], [ 0.135, 53.485 ], [ 0.148, 53.492 ], [ 0.174, 53.471 ], [ 0.19, 53.439 ], [ 0.185, 53.438 ], [ 0.179, 53.434 ], [ 0.211, 53.417 ], [ 0.192, 53.418 ], [ 0.189, 53.417 ], [ 0.229, 53.406 ], [ 0.34, 53.233 ], [ 0.356, 53.192 ], [ 0.348, 53.109 ], [ 0.345, 53.105 ], [ 0.338, 53.101 ], [ 0.343, 53.105 ], [ 0.345, 53.108 ], [ 0.343, 53.119 ], [ 0.343, 53.112 ], [ 0.337, 53.101 ], [ 0.336, 53.09 ], [ 0.332, 53.087 ], [ 0.335, 53.094 ], [ 0.321, 53.092 ], [ 0.322, 53.094 ], [ 0.321, 53.094 ], [ 0.32, 53.093 ], [ 0.318, 53.093 ], [ 0.321, 53.096 ], [ 0.319, 53.101 ], [ 0.316, 53.092 ], [ 0.314, 53.092 ], [ 0.316, 53.089 ], [ 0.137, 53.004 ], [ 0.086, 52.962 ], [ 0.078, 52.934 ], [ 0.026, 52.939 ], [ -0.009, 52.967 ], [ -0.013, 52.968 ], [ -0.025, 52.967 ], [ -0.022, 52.973 ], [ -0.023, 52.977 ], [ -0.03, 52.981 ], [ -0.026, 52.967 ], [ 0.03, 52.934 ], [ 0.078, 52.932 ], [ 0.052, 52.929 ], [ 0.052, 52.917 ], [ 0.049, 52.929 ], [ 0.044, 52.928 ], [ 0.043, 52.931 ], [ 0.042, 52.928 ], [ 0.043, 52.926 ], [ 0.038, 52.927 ], [ 0.042, 52.922 ], [ 0.042, 52.919 ], [ 0.041, 52.92 ], [ 0.04, 52.92 ], [ 0.04, 52.921 ], [ 0.039, 52.921 ], [ 0.038, 52.921 ], [ 0.037, 52.92 ], [ 0.047, 52.915 ], [ 0.044, 52.915 ], [ 0.04, 52.915 ], [ 0.038, 52.915 ], [ 0.038, 52.916 ], [ 0.038, 52.917 ], [ 0.036, 52.919 ], [ 0.035, 52.919 ], [ 0.035, 52.915 ], [ 0.029, 52.918 ], [ 0.013, 52.916 ], [ 0.028, 52.916 ], [ 0.038, 52.909 ], [ 0.028, 52.914 ], [ 0.036, 52.904 ], [ 0.019, 52.911 ], [ 0.028, 52.904 ], [ 0.036, 52.903 ], [ 0.009, 52.903 ], [ 0.03, 52.9 ], [ 0.006, 52.901 ], [ -0.005, 52.895 ], [ 0.01, 52.893 ], [ -0.0, 52.892 ], [ 0.004, 52.89 ], [ -0.069, 52.864 ], [ 0.073, 52.906 ], [ 0.083, 52.9 ], [ 0.086, 52.9 ], [ 0.074, 52.895 ], [ 0.092, 52.885 ], [ 0.099, 52.884 ], [ 0.095, 52.887 ], [ 0.1, 52.894 ], [ 0.111, 52.883 ], [ 0.112, 52.883 ], [ 0.115, 52.883 ], [ 0.113, 52.89 ], [ 0.115, 52.889 ], [ 0.117, 52.891 ], [ 0.118, 52.893 ], [ 0.119, 52.891 ], [ 0.12, 52.892 ], [ 0.145, 52.885 ], [ 0.127, 52.884 ], [ 0.136, 52.875 ], [ 0.15, 52.882 ], [ 0.144, 52.878 ], [ 0.151, 52.878 ], [ 0.15, 52.877 ], [ 0.15, 52.876 ], [ 0.146, 52.874 ], [ 0.149, 52.875 ], [ 0.145, 52.872 ], [ 0.147, 52.872 ], [ 0.146, 52.871 ], [ 0.176, 52.874 ], [ 0.17, 52.863 ], [ 0.183, 52.859 ], [ 0.172, 52.858 ], [ 0.186, 52.855 ], [ 0.174, 52.855 ], [ 0.173, 52.856 ], [ 0.172, 52.856 ], [ 0.164, 52.863 ], [ 0.163, 52.862 ], [ 0.174, 52.851 ], [ 0.193, 52.853 ], [ 0.185, 52.844 ], [ 0.197, 52.847 ], [ 0.193, 52.837 ], [ 0.202, 52.838 ], [ 0.195, 52.835 ], [ 0.204, 52.837 ], [ 0.199, 52.833 ], [ 0.208, 52.834 ], [ 0.204, 52.826 ], [ 0.208, 52.822 ], [ 0.215, 52.826 ], [ 0.215, 52.821 ], [ 0.156, 52.708 ], [ 0.152, 52.676 ], [ 0.159, 52.667 ], [ 0.157, 52.708 ], [ 0.229, 52.824 ], [ 0.26, 52.81 ], [ 0.344, 52.814 ], [ 0.334, 52.81 ], [ 0.352, 52.809 ], [ 0.388, 52.759 ], [ 0.392, 52.746 ], [ 0.397, 52.75 ], [ 0.358, 52.808 ], [ 0.381, 52.813 ], [ 0.358, 52.813 ], [ 0.433, 52.853 ], [ 0.445, 52.853 ], [ 0.444, 52.851 ], [ 0.444, 52.848 ], [ 0.445, 52.846 ], [ 0.445, 52.845 ], [ 0.446, 52.843 ], [ 0.449, 52.842 ], [ 0.445, 52.873 ], [ 0.479, 52.932 ], [ 0.534, 52.974 ], [ 0.569, 52.975 ], [ 0.572, 52.964 ], [ 0.603, 52.966 ], [ 0.588, 52.977 ], [ 0.614, 52.966 ], [ 0.619, 52.967 ], [ 0.626, 52.967 ], [ 0.626, 52.968 ], [ 0.626, 52.97 ], [ 0.628, 52.97 ], [ 0.629, 52.972 ], [ 0.623, 52.974 ], [ 0.663, 52.979 ], [ 0.675, 52.974 ], [ 0.636, 52.968 ], [ 0.643, 52.966 ], [ 0.653, 52.969 ], [ 0.654, 52.969 ], [ 0.66, 52.97 ], [ 0.655, 52.967 ], [ 0.664, 52.967 ], [ 0.681, 52.967 ], [ 0.684, 52.97 ], [ 0.681, 52.969 ], [ 0.68, 52.969 ], [ 0.679, 52.971 ], [ 0.679, 52.972 ], [ 0.68, 52.972 ], [ 0.682, 52.972 ], [ 0.68, 52.973 ], [ 0.683, 52.973 ], [ 0.687, 52.974 ], [ 0.69, 52.977 ], [ 0.693, 52.976 ], [ 0.693, 52.979 ], [ 0.697, 52.975 ], [ 0.702, 52.977 ], [ 0.703, 52.974 ], [ 0.706, 52.973 ], [ 0.707, 52.973 ], [ 0.708, 52.973 ], [ 0.709, 52.974 ], [ 0.71, 52.975 ], [ 0.711, 52.974 ], [ 0.712, 52.973 ], [ 0.711, 52.973 ], [ 0.71, 52.973 ], [ 0.711, 52.972 ], [ 0.717, 52.972 ], [ 0.718, 52.972 ], [ 0.719, 52.973 ], [ 0.72, 52.973 ], [ 0.721, 52.972 ], [ 0.722, 52.972 ], [ 0.724, 52.972 ], [ 0.726, 52.972 ], [ 0.729, 52.973 ], [ 0.729, 52.974 ], [ 0.731, 52.973 ], [ 0.732, 52.973 ], [ 0.733, 52.972 ], [ 0.735, 52.972 ], [ 0.734, 52.97 ], [ 0.735, 52.968 ], [ 0.731, 52.965 ], [ 0.73, 52.963 ], [ 0.732, 52.961 ], [ 0.743, 52.965 ], [ 0.758, 52.969 ], [ 0.764, 52.977 ], [ 0.755, 52.978 ], [ 0.838, 52.978 ], [ 0.851, 52.958 ], [ 0.87, 52.955 ], [ 1.011, 52.955 ], [ 1.013, 52.957 ], [ 1.015, 52.955 ], [ 1.018, 52.956 ], [ 1.018, 52.965 ], [ 1.025, 52.964 ], [ 1.03, 52.967 ], [ 1.031, 52.967 ], [ 1.047, 52.959 ], [ 1.046, 52.965 ], [ 1.045, 52.965 ], [ 1.043, 52.966 ], [ 1.037, 52.967 ], [ 1.034, 52.967 ], [ 1.032, 52.968 ], [ 1.031, 52.968 ], [ 1.027, 52.968 ], [ 1.027, 52.969 ], [ 1.014, 52.973 ], [ 1.007, 52.974 ], [ 1.007, 52.972 ], [ 1.006, 52.973 ], [ 1.001, 52.971 ], [ 0.997, 52.97 ], [ 0.997, 52.976 ], [ 0.957, 52.97 ], [ 0.975, 52.98 ], [ 1.301, 52.933 ], [ 1.586, 52.802 ], [ 1.698, 52.724 ], [ 1.745, 52.626 ], [ 1.74, 52.573 ], [ 1.734, 52.574 ], [ 1.726, 52.604 ], [ 1.72, 52.611 ], [ 1.723, 52.612 ], [ 1.715, 52.613 ], [ 1.717, 52.616 ], [ 1.716, 52.617 ], [ 1.714, 52.618 ], [ 1.706, 52.62 ], [ 1.658, 52.604 ], [ 1.64, 52.588 ], [ 1.645, 52.588 ], [ 1.635, 52.573 ], [ 1.632, 52.57 ], [ 1.633, 52.561 ], [ 1.634, 52.561 ], [ 1.636, 52.574 ], [ 1.644, 52.574 ], [ 1.651, 52.576 ], [ 1.65, 52.594 ], [ 1.725, 52.603 ], [ 1.737, 52.539 ], [ 1.764, 52.482 ], [ 1.76, 52.474 ], [ 1.757, 52.472 ], [ 1.76, 52.476 ], [ 1.754, 52.473 ], [ 1.722, 52.478 ], [ 1.711, 52.475 ], [ 1.756, 52.471 ], [ 1.733, 52.445 ], [ 1.728, 52.4 ], [ 1.675, 52.314 ], [ 1.66, 52.325 ], [ 1.652, 52.325 ], [ 1.645, 52.329 ], [ 1.641, 52.33 ], [ 1.639, 52.331 ], [ 1.639, 52.33 ], [ 1.672, 52.314 ], [ 1.631, 52.271 ], [ 1.623, 52.189 ], [ 1.61, 52.17 ], [ 1.588, 52.103 ], [ 1.582, 52.091 ], [ 1.58, 52.087 ], [ 1.466, 52.047 ], [ 1.58, 52.089 ], [ 1.54, 52.088 ], [ 1.555, 52.09 ], [ 1.569, 52.098 ], [ 1.599, 52.144 ], [ 1.552, 52.167 ], [ 1.529, 52.165 ], [ 1.512, 52.154 ], [ 1.511, 52.154 ], [ 1.512, 52.155 ], [ 1.513, 52.156 ], [ 1.51, 52.156 ], [ 1.513, 52.159 ], [ 1.511, 52.16 ], [ 1.509, 52.163 ], [ 1.512, 52.162 ], [ 1.509, 52.164 ], [ 1.495, 52.165 ], [ 1.511, 52.151 ], [ 1.568, 52.156 ], [ 1.568, 52.151 ], [ 1.57, 52.151 ], [ 1.569, 52.146 ], [ 1.574, 52.141 ], [ 1.596, 52.142 ], [ 1.566, 52.1 ], [ 1.538, 52.091 ], [ 1.51, 52.07 ], [ 1.501, 52.071 ], [ 1.451, 52.044 ], [ 1.451, 52.043 ], [ 1.452, 52.043 ], [ 1.459, 52.043 ], [ 1.435, 52.009 ], [ 1.394, 51.987 ], [ 1.395, 51.996 ], [ 1.395, 51.999 ], [ 1.366, 52.008 ], [ 1.364, 52.011 ], [ 1.366, 52.01 ], [ 1.366, 52.012 ], [ 1.364, 52.012 ], [ 1.366, 52.015 ], [ 1.366, 52.02 ], [ 1.345, 52.031 ], [ 1.353, 52.039 ], [ 1.344, 52.064 ], [ 1.319, 52.081 ], [ 1.343, 52.102 ], [ 1.333, 52.101 ], [ 1.331, 52.101 ], [ 1.314, 52.078 ], [ 1.295, 52.078 ], [ 1.295, 52.076 ], [ 1.317, 52.076 ], [ 1.319, 52.065 ], [ 1.334, 52.058 ], [ 1.332, 52.056 ], [ 1.332, 52.055 ], [ 1.334, 52.048 ], [ 1.34, 52.046 ], [ 1.34, 52.045 ], [ 1.337, 52.045 ], [ 1.334, 52.034 ], [ 1.343, 52.027 ], [ 1.337, 52.024 ], [ 1.391, 51.989 ], [ 1.319, 51.932 ], [ 1.316, 51.951 ], [ 1.283, 51.966 ], [ 1.28, 51.993 ], [ 1.188, 52.015 ], [ 1.16, 52.032 ], [ 1.161, 52.049 ], [ 1.159, 52.05 ], [ 1.149, 52.034 ], [ 1.182, 52.009 ], [ 1.212, 51.996 ], [ 1.227, 51.997 ], [ 1.242, 51.99 ], [ 1.267, 51.988 ], [ 1.278, 51.959 ], [ 1.269, 51.954 ], [ 1.243, 51.961 ], [ 1.239, 51.961 ], [ 1.238, 51.961 ], [ 1.233, 51.958 ], [ 1.234, 51.96 ], [ 1.187, 51.956 ], [ 1.164, 51.971 ], [ 1.151, 51.965 ], [ 1.132, 51.958 ], [ 1.13, 51.954 ], [ 1.053, 51.952 ], [ 1.119, 51.94 ], [ 1.292, 51.949 ], [ 1.296, 51.936 ], [ 1.285, 51.937 ], [ 1.25, 51.916 ], [ 1.25, 51.912 ], [ 1.255, 51.908 ], [ 1.258, 51.912 ], [ 1.252, 51.901 ], [ 1.246, 51.896 ], [ 1.252, 51.902 ], [ 1.244, 51.9 ], [ 1.243, 51.902 ], [ 1.234, 51.904 ], [ 1.23, 51.905 ], [ 1.226, 51.904 ], [ 1.212, 51.896 ], [ 1.228, 51.891 ], [ 1.212, 51.89 ], [ 1.178, 51.871 ], [ 1.212, 51.866 ], [ 1.226, 51.872 ], [ 1.232, 51.855 ], [ 1.234, 51.856 ], [ 1.27, 51.864 ], [ 1.265, 51.856 ], [ 1.269, 51.852 ], [ 1.275, 51.855 ], [ 1.268, 51.877 ], [ 1.272, 51.876 ], [ 1.277, 51.876 ], [ 1.279, 51.876 ], [ 1.28, 51.876 ], [ 1.281, 51.876 ], [ 1.283, 51.875 ], [ 1.286, 51.876 ], [ 1.291, 51.874 ], [ 1.287, 51.859 ], [ 1.237, 51.819 ], [ 1.133, 51.775 ], [ 1.116, 51.771 ], [ 1.082, 51.773 ], [ 1.078, 51.772 ], [ 1.065, 51.77 ], [ 1.054, 51.77 ], [ 1.048, 51.77 ], [ 1.044, 51.771 ], [ 1.039, 51.775 ], [ 1.043, 51.776 ], [ 1.044, 51.776 ], [ 1.043, 51.774 ], [ 1.044, 51.773 ], [ 1.047, 51.772 ], [ 1.048, 51.783 ], [ 1.047, 51.783 ], [ 1.039, 51.784 ], [ 1.039, 51.785 ], [ 1.043, 51.787 ], [ 1.042, 51.788 ], [ 1.041, 51.789 ], [ 1.038, 51.788 ], [ 1.03, 51.796 ], [ 1.018, 51.801 ], [ 1.065, 51.796 ], [ 1.044, 51.803 ], [ 1.062, 51.81 ], [ 1.067, 51.821 ], [ 1.011, 51.806 ], [ 0.984, 51.835 ], [ 1.011, 51.832 ], [ 1.014, 51.834 ], [ 1.02, 51.834 ], [ 1.021, 51.835 ], [ 0.985, 51.839 ], [ 0.98, 51.848 ], [ 0.962, 51.854 ], [ 0.95, 51.856 ], [ 0.955, 51.853 ], [ 0.956, 51.854 ], [ 0.975, 51.847 ], [ 0.978, 51.836 ], [ 0.974, 51.83 ], [ 0.968, 51.832 ], [ 0.966, 51.829 ], [ 0.982, 51.817 ], [ 0.966, 51.823 ], [ 0.962, 51.833 ], [ 0.952, 51.833 ], [ 0.943, 51.822 ], [ 0.991, 51.807 ], [ 0.97, 51.813 ], [ 0.916, 51.811 ], [ 0.937, 51.806 ], [ 0.926, 51.802 ], [ 0.918, 51.799 ], [ 0.92, 51.798 ], [ 0.922, 51.796 ], [ 0.922, 51.795 ], [ 0.918, 51.798 ], [ 0.915, 51.8 ], [ 0.91, 51.804 ], [ 0.894, 51.79 ], [ 0.892, 51.779 ], [ 0.878, 51.787 ], [ 0.873, 51.787 ], [ 0.871, 51.787 ], [ 0.87, 51.787 ], [ 0.868, 51.789 ], [ 0.867, 51.79 ], [ 0.868, 51.79 ], [ 0.868, 51.791 ], [ 0.869, 51.792 ], [ 0.868, 51.792 ], [ 0.866, 51.793 ], [ 0.865, 51.787 ], [ 0.871, 51.784 ], [ 0.872, 51.783 ], [ 0.83, 51.789 ], [ 0.845, 51.78 ], [ 0.877, 51.779 ], [ 0.88, 51.777 ], [ 0.882, 51.776 ], [ 0.884, 51.774 ], [ 0.886, 51.772 ], [ 0.887, 51.771 ], [ 0.886, 51.77 ], [ 0.885, 51.77 ], [ 0.884, 51.764 ], [ 0.857, 51.775 ], [ 0.842, 51.774 ], [ 0.842, 51.773 ], [ 0.844, 51.772 ], [ 0.845, 51.772 ], [ 0.856, 51.768 ], [ 0.833, 51.77 ], [ 0.837, 51.774 ], [ 0.831, 51.77 ], [ 0.848, 51.763 ], [ 0.849, 51.761 ], [ 0.85, 51.757 ], [ 0.883, 51.758 ], [ 0.847, 51.747 ], [ 0.849, 51.747 ], [ 0.847, 51.745 ], [ 0.853, 51.742 ], [ 0.842, 51.741 ], [ 0.842, 51.74 ], [ 0.841, 51.739 ], [ 0.792, 51.745 ], [ 0.784, 51.738 ], [ 0.779, 51.739 ], [ 0.777, 51.743 ], [ 0.777, 51.744 ], [ 0.776, 51.743 ], [ 0.773, 51.742 ], [ 0.772, 51.742 ], [ 0.772, 51.741 ], [ 0.771, 51.74 ], [ 0.772, 51.739 ], [ 0.767, 51.739 ], [ 0.76, 51.742 ], [ 0.746, 51.737 ], [ 0.745, 51.736 ], [ 0.745, 51.735 ], [ 0.745, 51.733 ], [ 0.75, 51.735 ], [ 0.75, 51.733 ], [ 0.752, 51.733 ], [ 0.749, 51.732 ], [ 0.748, 51.732 ], [ 0.747, 51.732 ], [ 0.736, 51.729 ], [ 0.714, 51.738 ], [ 0.711, 51.737 ], [ 0.712, 51.736 ], [ 0.712, 51.735 ], [ 0.715, 51.734 ], [ 0.708, 51.725 ], [ 0.706, 51.724 ], [ 0.704, 51.727 ], [ 0.703, 51.728 ], [ 0.702, 51.728 ], [ 0.694, 51.73 ], [ 0.693, 51.73 ], [ 0.693, 51.731 ], [ 0.692, 51.732 ], [ 0.691, 51.735 ], [ 0.691, 51.736 ], [ 0.677, 51.735 ], [ 0.664, 51.739 ], [ 0.665, 51.738 ], [ 0.666, 51.738 ], [ 0.668, 51.737 ], [ 0.692, 51.727 ], [ 0.697, 51.727 ], [ 0.699, 51.726 ], [ 0.697, 51.726 ], [ 0.699, 51.725 ], [ 0.697, 51.725 ], [ 0.697, 51.724 ], [ 0.697, 51.723 ], [ 0.698, 51.723 ], [ 0.711, 51.713 ], [ 0.769, 51.708 ], [ 0.738, 51.694 ], [ 0.738, 51.687 ], [ 0.767, 51.703 ], [ 0.773, 51.701 ], [ 0.772, 51.704 ], [ 0.798, 51.708 ], [ 0.793, 51.718 ], [ 0.852, 51.713 ], [ 0.885, 51.731 ], [ 0.887, 51.735 ], [ 0.895, 51.743 ], [ 0.93, 51.747 ], [ 0.949, 51.73 ], [ 0.947, 51.685 ], [ 0.932, 51.686 ], [ 0.949, 51.683 ], [ 0.932, 51.679 ], [ 0.934, 51.676 ], [ 0.939, 51.678 ], [ 0.938, 51.676 ], [ 0.945, 51.676 ], [ 0.946, 51.676 ], [ 0.942, 51.674 ], [ 0.944, 51.674 ], [ 0.934, 51.633 ], [ 0.833, 51.623 ], [ 0.762, 51.644 ], [ 0.668, 51.641 ], [ 0.666, 51.641 ], [ 0.667, 51.643 ], [ 0.66, 51.648 ], [ 0.657, 51.649 ], [ 0.656, 51.648 ], [ 0.655, 51.648 ], [ 0.656, 51.646 ], [ 0.655, 51.646 ], [ 0.653, 51.646 ], [ 0.651, 51.646 ], [ 0.651, 51.647 ], [ 0.649, 51.647 ], [ 0.658, 51.638 ], [ 0.628, 51.642 ], [ 0.63, 51.637 ], [ 0.636, 51.637 ], [ 0.647, 51.637 ], [ 0.608, 51.63 ], [ 0.649, 51.623 ], [ 0.652, 51.624 ], [ 0.652, 51.625 ], [ 0.651, 51.624 ], [ 0.65, 51.624 ], [ 0.65, 51.626 ], [ 0.651, 51.626 ], [ 0.652, 51.626 ], [ 0.651, 51.629 ], [ 0.653, 51.629 ], [ 0.654, 51.63 ], [ 0.653, 51.63 ], [ 0.653, 51.634 ], [ 0.654, 51.633 ], [ 0.655, 51.634 ], [ 0.656, 51.634 ], [ 0.657, 51.635 ], [ 0.737, 51.63 ], [ 0.764, 51.637 ], [ 0.777, 51.618 ], [ 0.808, 51.622 ], [ 0.822, 51.617 ], [ 0.826, 51.615 ], [ 0.847, 51.617 ], [ 0.863, 51.609 ], [ 0.843, 51.613 ], [ 0.854, 51.596 ], [ 0.82, 51.599 ], [ 0.82, 51.604 ], [ 0.797, 51.616 ], [ 0.782, 51.618 ], [ 0.777, 51.609 ], [ 0.819, 51.598 ], [ 0.754, 51.588 ], [ 0.76, 51.581 ], [ 0.746, 51.582 ], [ 0.745, 51.582 ], [ 0.743, 51.581 ], [ 0.742, 51.581 ], [ 0.729, 51.579 ], [ 0.724, 51.58 ], [ 0.722, 51.58 ], [ 0.726, 51.577 ], [ 0.717, 51.575 ], [ 0.714, 51.574 ], [ 0.714, 51.573 ], [ 0.747, 51.578 ], [ 0.748, 51.578 ], [ 0.749, 51.578 ], [ 0.749, 51.579 ], [ 0.75, 51.579 ], [ 0.75, 51.578 ], [ 0.806, 51.586 ], [ 0.786, 51.567 ], [ 0.808, 51.567 ], [ 0.796, 51.575 ], [ 0.808, 51.579 ], [ 0.818, 51.562 ], [ 0.849, 51.552 ], [ 0.782, 51.521 ], [ 0.644, 51.541 ], [ 0.623, 51.537 ], [ 0.609, 51.535 ], [ 0.608, 51.535 ], [ 0.547, 51.548 ], [ 0.545, 51.548 ], [ 0.545, 51.547 ], [ 0.544, 51.546 ], [ 0.541, 51.534 ], [ 0.539, 51.534 ], [ 0.535, 51.531 ], [ 0.528, 51.533 ], [ 0.509, 51.531 ], [ 0.507, 51.545 ], [ 0.497, 51.549 ], [ 0.503, 51.553 ], [ 0.493, 51.549 ], [ 0.502, 51.531 ], [ 0.504, 51.536 ], [ 0.507, 51.537 ], [ 0.505, 51.533 ], [ 0.522, 51.516 ], [ 0.541, 51.513 ], [ 0.456, 51.507 ], [ 0.435, 51.5 ], [ 0.444, 51.501 ], [ 0.446, 51.498 ], [ 0.434, 51.462 ], [ 0.359, 51.451 ], [ 0.323, 51.473 ], [ 0.281, 51.461 ], [ 0.229, 51.486 ], [ 0.188, 51.488 ], [ 0.165, 51.512 ], [ 0.129, 51.513 ], [ 0.167, 51.503 ], [ 0.178, 51.483 ], [ 0.199, 51.478 ], [ 0.202, 51.48 ], [ 0.202, 51.481 ], [ 0.212, 51.483 ], [ 0.218, 51.48 ], [ 0.274, 51.454 ], [ 0.311, 51.467 ], [ 0.325, 51.45 ], [ 0.414, 51.444 ], [ 0.46, 51.455 ], [ 0.484, 51.487 ], [ 0.66, 51.478 ], [ 0.67, 51.475 ], [ 0.67, 51.47 ], [ 0.674, 51.467 ], [ 0.691, 51.459 ], [ 0.671, 51.472 ], [ 0.686, 51.475 ], [ 0.721, 51.46 ], [ 0.713, 51.436 ], [ 0.678, 51.433 ], [ 0.672, 51.448 ], [ 0.663, 51.444 ], [ 0.664, 51.446 ], [ 0.659, 51.449 ], [ 0.637, 51.446 ], [ 0.637, 51.444 ], [ 0.635, 51.444 ], [ 0.636, 51.446 ], [ 0.619, 51.437 ], [ 0.605, 51.421 ], [ 0.614, 51.423 ], [ 0.614, 51.424 ], [ 0.615, 51.424 ], [ 0.615, 51.425 ], [ 0.616, 51.425 ], [ 0.616, 51.426 ], [ 0.617, 51.427 ], [ 0.618, 51.428 ], [ 0.623, 51.424 ], [ 0.622, 51.423 ], [ 0.611, 51.417 ], [ 0.532, 51.413 ], [ 0.519, 51.387 ], [ 0.523, 51.385 ], [ 0.537, 51.41 ], [ 0.612, 51.379 ], [ 0.635, 51.389 ], [ 0.623, 51.378 ], [ 0.629, 51.373 ], [ 0.648, 51.398 ], [ 0.671, 51.373 ], [ 0.687, 51.391 ], [ 0.703, 51.392 ], [ 0.702, 51.391 ], [ 0.702, 51.39 ], [ 0.701, 51.39 ], [ 0.695, 51.385 ], [ 0.695, 51.38 ], [ 0.719, 51.388 ], [ 0.697, 51.42 ], [ 0.709, 51.418 ], [ 0.721, 51.418 ], [ 0.722, 51.417 ], [ 0.72, 51.417 ], [ 0.716, 51.413 ], [ 0.726, 51.399 ], [ 0.764, 51.382 ], [ 0.764, 51.363 ], [ 0.757, 51.361 ], [ 0.753, 51.351 ], [ 0.744, 51.349 ], [ 0.742, 51.346 ], [ 0.738, 51.347 ], [ 0.735, 51.346 ], [ 0.744, 51.345 ], [ 0.754, 51.35 ], [ 0.76, 51.361 ], [ 0.768, 51.362 ], [ 0.814, 51.358 ], [ 0.809, 51.352 ], [ 0.812, 51.347 ], [ 0.866, 51.356 ], [ 0.897, 51.344 ], [ 0.88, 51.329 ], [ 0.915, 51.329 ], [ 0.915, 51.327 ], [ 0.916, 51.327 ], [ 0.917, 51.328 ], [ 0.91, 51.335 ], [ 0.897, 51.336 ], [ 0.897, 51.341 ], [ 1.001, 51.348 ], [ 1.025, 51.365 ], [ 1.425, 51.394 ], [ 1.449, 51.375 ], [ 1.422, 51.324 ], [ 1.378, 51.329 ], [ 1.364, 51.322 ], [ 1.349, 51.302 ], [ 1.368, 51.317 ], [ 1.404, 51.234 ], [ 1.402, 51.167 ], [ 1.343, 51.122 ], [ 1.311, 51.119 ], [ 1.328, 51.111 ], [ 1.216, 51.097 ], [ 1.186, 51.079 ], [ 1.195, 51.076 ], [ 1.076, 51.064 ], [ 1.007, 51.032 ], [ 0.964, 50.968 ], [ 0.977, 50.912 ], [ 0.772, 50.931 ], [ 0.775, 50.927 ], [ 0.666, 50.872 ], [ 0.364, 50.816 ], [ 0.241, 50.734 ], [ 0.149, 50.759 ], [ 0.058, 50.782 ], [ 0.051, 50.795 ], [ 0.048, 50.796 ], [ 0.05, 50.798 ], [ 0.045, 50.809 ], [ 0.027, 50.817 ], [ 0.049, 50.854 ], [ 0.038, 50.847 ], [ 0.023, 50.871 ], [ 0.037, 50.848 ], [ 0.026, 50.834 ], [ 0.026, 50.815 ], [ 0.058, 50.776 ], [ -0.092, 50.812 ], [ -0.106, 50.808 ], [ -0.157, 50.822 ], [ -0.246, 50.826 ], [ -0.238, 50.831 ], [ -0.279, 50.832 ], [ -0.293, 50.858 ], [ -0.296, 50.861 ], [ -0.302, 50.862 ], [ -0.302, 50.861 ], [ -0.28, 50.831 ], [ -0.287, 50.83 ], [ -0.284, 50.829 ], [ -0.278, 50.829 ], [ -0.275, 50.829 ], [ -0.275, 50.83 ], [ -0.274, 50.83 ], [ -0.267, 50.831 ], [ -0.251, 50.83 ], [ -0.249, 50.825 ], [ -0.542, 50.801 ], [ -0.542, 50.8 ], [ -0.702, 50.777 ], [ -0.753, 50.758 ], [ -0.75, 50.762 ], [ -0.755, 50.772 ], [ -0.759, 50.772 ], [ -0.762, 50.773 ], [ -0.762, 50.772 ], [ -0.762, 50.771 ], [ -0.763, 50.771 ], [ -0.763, 50.772 ], [ -0.763, 50.773 ], [ -0.767, 50.773 ], [ -0.768, 50.77 ], [ -0.763, 50.768 ], [ -0.781, 50.769 ], [ -0.787, 50.76 ], [ -0.762, 50.751 ], [ -0.748, 50.758 ], [ -0.786, 50.722 ], [ -0.819, 50.739 ], [ -0.818, 50.74 ], [ -0.821, 50.743 ], [ -0.812, 50.74 ], [ -0.807, 50.741 ], [ -0.807, 50.746 ], [ -0.818, 50.743 ], [ -0.817, 50.758 ], [ -0.824, 50.764 ], [ -0.835, 50.75 ], [ -0.824, 50.744 ], [ -0.917, 50.781 ], [ -0.878, 50.808 ], [ -0.845, 50.799 ], [ -0.825, 50.804 ], [ -0.814, 50.814 ], [ -0.812, 50.834 ], [ -0.843, 50.805 ], [ -0.869, 50.814 ], [ -0.851, 50.828 ], [ -0.858, 50.84 ], [ -0.87, 50.84 ], [ -0.877, 50.811 ], [ -0.894, 50.838 ], [ -0.913, 50.84 ], [ -0.908, 50.799 ], [ -0.943, 50.815 ], [ -0.93, 50.842 ], [ -0.932, 50.846 ], [ -0.934, 50.846 ], [ -0.981, 50.835 ], [ -1.001, 50.851 ], [ -1.022, 50.843 ], [ -1.022, 50.841 ], [ -1.024, 50.826 ], [ -1.036, 50.835 ], [ -1.075, 50.837 ], [ -1.08, 50.837 ], [ -1.089, 50.829 ], [ -1.106, 50.847 ], [ -1.171, 50.84 ], [ -1.177, 50.848 ], [ -1.166, 50.85 ], [ -1.166, 50.852 ], [ -1.167, 50.853 ], [ -1.179, 50.848 ], [ -1.18, 50.837 ], [ -1.153, 50.836 ], [ -1.157, 50.823 ], [ -1.117, 50.796 ], [ -1.136, 50.79 ], [ -1.141, 50.783 ], [ -1.112, 50.79 ], [ -1.141, 50.773 ], [ -1.307, 50.84 ], [ -1.296, 50.879 ], [ -1.302, 50.884 ], [ -1.249, 50.903 ], [ -1.267, 50.916 ], [ -1.263, 50.9 ], [ -1.296, 50.894 ], [ -1.317, 50.876 ], [ -1.313, 50.849 ], [ -1.384, 50.891 ], [ -1.372, 50.912 ], [ -1.388, 50.917 ], [ -1.376, 50.911 ], [ -1.393, 50.883 ], [ -1.399, 50.895 ], [ -1.467, 50.911 ], [ -1.477, 50.923 ], [ -1.476, 50.928 ], [ -1.479, 50.933 ], [ -1.481, 50.935 ], [ -1.474, 50.912 ], [ -1.491, 50.916 ], [ -1.487, 50.908 ], [ -1.427, 50.897 ], [ -1.361, 50.843 ], [ -1.34, 50.843 ], [ -1.326, 50.817 ], [ -1.308, 50.816 ], [ -1.342, 50.786 ], [ -1.398, 50.784 ], [ -1.412, 50.805 ], [ -1.42, 50.8 ], [ -1.419, 50.807 ], [ -1.43, 50.811 ], [ -1.436, 50.81 ], [ -1.438, 50.815 ], [ -1.445, 50.819 ], [ -1.451, 50.819 ], [ -1.392, 50.777 ], [ -1.402, 50.775 ], [ -1.407, 50.772 ], [ -1.41, 50.769 ], [ -1.419, 50.766 ], [ -1.502, 50.754 ], [ -1.535, 50.764 ], [ -1.526, 50.745 ], [ -1.542, 50.74 ], [ -1.531, 50.737 ], [ -1.58, 50.718 ], [ -1.55, 50.706 ], [ -1.647, 50.733 ], [ -1.708, 50.736 ], [ -1.757, 50.731 ], [ -1.761, 50.724 ], [ -1.76, 50.723 ], [ -1.762, 50.723 ], [ -1.771, 50.74 ], [ -1.787, 50.73 ], [ -1.794, 50.731 ], [ -1.788, 50.729 ], [ -1.774, 50.73 ], [ -1.761, 50.718 ], [ -1.739, 50.724 ], [ -1.749, 50.711 ], [ -1.879, 50.715 ], [ -1.947, 50.683 ], [ -1.934, 50.699 ], [ -1.958, 50.716 ], [ -1.992, 50.713 ], [ -1.995, 50.73 ], [ -1.996, 50.737 ], [ -2.009, 50.734 ], [ -2.011, 50.728 ], [ -2.008, 50.724 ], [ -2.006, 50.72 ], [ -2.006, 50.719 ], [ -2.005, 50.719 ], [ -2.005, 50.718 ], [ -1.988, 50.708 ], [ -2.037, 50.717 ], [ -2.027, 50.729 ], [ -2.043, 50.732 ], [ -2.053, 50.729 ], [ -2.043, 50.715 ], [ -2.102, 50.695 ], [ -2.079, 50.694 ], [ -2.079, 50.688 ], [ -2.084, 50.691 ], [ -2.081, 50.686 ], [ -2.066, 50.687 ], [ -2.032, 50.708 ], [ -2.018, 50.701 ], [ -2.028, 50.703 ], [ -2.035, 50.702 ], [ -2.033, 50.698 ], [ -2.032, 50.698 ], [ -2.028, 50.696 ], [ -2.028, 50.699 ], [ -2.025, 50.696 ], [ -2.026, 50.692 ], [ -2.027, 50.691 ], [ -2.029, 50.691 ], [ -2.029, 50.688 ], [ -2.025, 50.688 ], [ -2.053, 50.678 ], [ -2.025, 50.684 ], [ -2.027, 50.678 ], [ -2.011, 50.683 ], [ -2.005, 50.678 ], [ -2.014, 50.674 ], [ -2.01, 50.671 ], [ -1.978, 50.677 ], [ -1.968, 50.66 ], [ -1.95, 50.68 ], [ -1.95, 50.646 ], [ -1.924, 50.642 ], [ -1.952, 50.624 ], [ -1.957, 50.61 ], [ -1.944, 50.608 ], [ -1.96, 50.591 ], [ -2.056, 50.577 ], [ -2.064, 50.594 ], [ -2.134, 50.613 ], [ -2.42, 50.636 ], [ -2.46, 50.608 ], [ -2.432, 50.596 ], [ -2.45, 50.601 ], [ -2.47, 50.583 ], [ -2.47, 50.582 ], [ -2.461, 50.571 ], [ -2.437, 50.573 ], [ -2.441, 50.57 ], [ -2.431, 50.568 ], [ -2.422, 50.569 ], [ -2.418, 50.543 ], [ -2.457, 50.513 ], [ -2.448, 50.559 ], [ -2.493, 50.59 ], [ -2.629, 50.66 ], [ -2.794, 50.718 ], [ -2.912, 50.734 ], [ -3.023, 50.698 ], [ -3.055, 50.703 ], [ -3.096, 50.685 ], [ -3.264, 50.671 ], [ -3.301, 50.632 ], [ -3.309, 50.648 ], [ -3.312, 50.631 ], [ -3.307, 50.63 ], [ -3.362, 50.607 ], [ -3.424, 50.616 ], [ -3.416, 50.629 ], [ -3.457, 50.699 ], [ -3.456, 50.675 ], [ -3.473, 50.687 ], [ -3.492, 50.694 ], [ -3.497, 50.694 ], [ -3.469, 50.682 ], [ -3.444, 50.601 ], [ -3.423, 50.613 ], [ -3.5, 50.541 ], [ -3.501, 50.546 ], [ -3.529, 50.547 ], [ -3.609, 50.538 ], [ -3.59, 50.534 ], [ -3.591, 50.531 ], [ -3.593, 50.529 ], [ -3.595, 50.525 ], [ -3.577, 50.538 ], [ -3.496, 50.538 ], [ -3.515, 50.482 ], [ -3.481, 50.463 ], [ -3.535, 50.463 ], [ -3.559, 50.435 ], [ -3.554, 50.406 ], [ -3.482, 50.4 ], [ -3.515, 50.373 ], [ -3.518, 50.346 ], [ -3.544, 50.335 ], [ -3.573, 50.347 ], [ -3.57, 50.368 ], [ -3.592, 50.382 ], [ -3.578, 50.389 ], [ -3.575, 50.393 ], [ -3.61, 50.392 ], [ -3.634, 50.409 ], [ -3.645, 50.406 ], [ -3.648, 50.407 ], [ -3.642, 50.409 ], [ -3.645, 50.412 ], [ -3.659, 50.412 ], [ -3.66, 50.415 ], [ -3.682, 50.428 ], [ -3.666, 50.413 ], [ -3.648, 50.405 ], [ -3.634, 50.405 ], [ -3.672, 50.397 ], [ -3.664, 50.392 ], [ -3.594, 50.39 ], [ -3.595, 50.381 ], [ -3.581, 50.372 ], [ -3.601, 50.356 ], [ -3.579, 50.36 ], [ -3.577, 50.346 ], [ -3.564, 50.335 ], [ -3.642, 50.29 ], [ -3.66, 50.238 ], [ -3.654, 50.228 ], [ -3.64, 50.223 ], [ -3.641, 50.222 ], [ -3.642, 50.222 ], [ -3.642, 50.221 ], [ -3.681, 50.222 ], [ -3.721, 50.202 ], [ -3.771, 50.222 ], [ -3.72, 50.248 ], [ -3.756, 50.24 ], [ -3.72, 50.271 ], [ -3.757, 50.255 ], [ -3.758, 50.284 ], [ -3.765, 50.272 ], [ -3.776, 50.283 ], [ -3.778, 50.279 ], [ -3.769, 50.261 ], [ -3.786, 50.266 ], [ -3.759, 50.241 ], [ -3.768, 50.244 ], [ -3.775, 50.244 ], [ -3.766, 50.236 ], [ -3.785, 50.211 ], [ -3.823, 50.217 ], [ -3.871, 50.241 ], [ -3.858, 50.261 ], [ -3.882, 50.277 ], [ -3.88, 50.282 ], [ -3.868, 50.279 ], [ -3.852, 50.291 ], [ -3.845, 50.308 ], [ -3.838, 50.307 ], [ -3.831, 50.31 ], [ -3.855, 50.309 ], [ -3.871, 50.281 ], [ -3.944, 50.296 ], [ -3.92, 50.332 ], [ -3.936, 50.325 ], [ -3.927, 50.337 ], [ -3.925, 50.347 ], [ -3.926, 50.348 ], [ -3.948, 50.31 ], [ -4.022, 50.294 ], [ -4.075, 50.304 ], [ -4.032, 50.314 ], [ -4.053, 50.318 ], [ -4.017, 50.342 ], [ -4.046, 50.331 ], [ -4.052, 50.347 ], [ -4.055, 50.311 ], [ -4.119, 50.319 ], [ -4.134, 50.359 ], [ -4.114, 50.354 ], [ -4.105, 50.357 ], [ -4.078, 50.391 ], [ -4.116, 50.362 ], [ -4.185, 50.367 ], [ -4.193, 50.39 ], [ -4.185, 50.392 ], [ -4.185, 50.396 ], [ -4.194, 50.392 ], [ -4.205, 50.4 ], [ -4.192, 50.425 ], [ -4.165, 50.42 ], [ -4.16, 50.428 ], [ -4.19, 50.428 ], [ -4.156, 50.446 ], [ -4.151, 50.465 ], [ -4.185, 50.434 ], [ -4.194, 50.455 ], [ -4.216, 50.468 ], [ -4.237, 50.459 ], [ -4.231, 50.455 ], [ -4.218, 50.464 ], [ -4.199, 50.436 ], [ -4.204, 50.43 ], [ -4.217, 50.43 ], [ -4.222, 50.428 ], [ -4.222, 50.426 ], [ -4.223, 50.428 ], [ -4.226, 50.436 ], [ -4.233, 50.439 ], [ -4.238, 50.439 ], [ -4.224, 50.422 ], [ -4.21, 50.425 ], [ -4.212, 50.399 ], [ -4.236, 50.402 ], [ -4.276, 50.377 ], [ -4.281, 50.391 ], [ -4.288, 50.388 ], [ -4.289, 50.388 ], [ -4.29, 50.39 ], [ -4.277, 50.398 ], [ -4.272, 50.42 ], [ -4.273, 50.42 ], [ -4.273, 50.421 ], [ -4.275, 50.422 ], [ -4.275, 50.426 ], [ -4.277, 50.429 ], [ -4.277, 50.43 ], [ -4.283, 50.398 ], [ -4.3, 50.391 ], [ -4.302, 50.407 ], [ -4.307, 50.408 ], [ -4.308, 50.409 ], [ -4.307, 50.41 ], [ -4.308, 50.411 ], [ -4.31, 50.41 ], [ -4.312, 50.411 ], [ -4.311, 50.413 ], [ -4.314, 50.414 ], [ -4.32, 50.416 ], [ -4.302, 50.39 ], [ -4.303, 50.388 ], [ -4.296, 50.387 ], [ -4.305, 50.381 ], [ -4.306, 50.376 ], [ -4.295, 50.387 ], [ -4.278, 50.375 ], [ -4.268, 50.375 ], [ -4.282, 50.371 ], [ -4.249, 50.375 ], [ -4.231, 50.39 ], [ -4.202, 50.388 ], [ -4.195, 50.372 ], [ -4.224, 50.371 ], [ -4.223, 50.368 ], [ -4.237, 50.366 ], [ -4.239, 50.362 ], [ -4.197, 50.359 ], [ -4.208, 50.347 ], [ -4.172, 50.359 ], [ -4.167, 50.351 ], [ -4.167, 50.347 ], [ -4.169, 50.344 ], [ -4.201, 50.333 ], [ -4.188, 50.318 ], [ -4.224, 50.312 ], [ -4.229, 50.334 ], [ -4.308, 50.361 ], [ -4.41, 50.364 ], [ -4.451, 50.351 ], [ -4.451, 50.349 ], [ -4.473, 50.333 ], [ -4.633, 50.324 ], [ -4.609, 50.338 ], [ -4.636, 50.347 ], [ -4.636, 50.358 ], [ -4.615, 50.357 ], [ -4.607, 50.36 ], [ -4.636, 50.36 ], [ -4.616, 50.386 ], [ -4.638, 50.373 ], [ -4.668, 50.41 ], [ -4.655, 50.374 ], [ -4.639, 50.37 ], [ -4.642, 50.355 ], [ -4.634, 50.335 ], [ -4.673, 50.314 ], [ -4.689, 50.348 ], [ -4.757, 50.331 ], [ -4.767, 50.321 ], [ -4.753, 50.299 ], [ -4.781, 50.29 ], [ -4.787, 50.269 ], [ -4.767, 50.257 ], [ -4.799, 50.22 ], [ -4.863, 50.236 ], [ -4.919, 50.196 ], [ -4.953, 50.204 ], [ -4.982, 50.152 ], [ -5.01, 50.139 ], [ -5.018, 50.149 ], [ -4.987, 50.16 ], [ -5.002, 50.168 ], [ -5.005, 50.157 ], [ -5.025, 50.155 ], [ -5.014, 50.188 ], [ -5.026, 50.182 ], [ -5.034, 50.205 ], [ -5.027, 50.204 ], [ -5.023, 50.223 ], [ -4.98, 50.221 ], [ -4.971, 50.228 ], [ -4.983, 50.232 ], [ -4.952, 50.239 ], [ -5.015, 50.228 ], [ -5.012, 50.241 ], [ -5.022, 50.245 ], [ -5.01, 50.249 ], [ -4.991, 50.28 ], [ -5.027, 50.243 ], [ -5.016, 50.241 ], [ -5.018, 50.226 ], [ -5.029, 50.223 ], [ -5.033, 50.228 ], [ -5.039, 50.23 ], [ -5.044, 50.228 ], [ -5.028, 50.21 ], [ -5.059, 50.193 ], [ -5.067, 50.211 ], [ -5.099, 50.212 ], [ -5.087, 50.207 ], [ -5.1, 50.212 ], [ -5.098, 50.208 ], [ -5.1, 50.209 ], [ -5.102, 50.209 ], [ -5.115, 50.207 ], [ -5.114, 50.206 ], [ -5.117, 50.205 ], [ -5.118, 50.204 ], [ -5.063, 50.196 ], [ -5.054, 50.18 ], [ -5.077, 50.184 ], [ -5.045, 50.175 ], [ -5.054, 50.162 ], [ -5.092, 50.171 ], [ -5.101, 50.166 ], [ -5.049, 50.156 ], [ -5.042, 50.144 ], [ -5.076, 50.141 ], [ -5.094, 50.126 ], [ -5.082, 50.109 ], [ -5.099, 50.1 ], [ -5.14, 50.1 ], [ -5.13, 50.11 ], [ -5.138, 50.112 ], [ -5.163, 50.097 ], [ -5.159, 50.108 ], [ -5.163, 50.112 ], [ -5.165, 50.113 ], [ -5.169, 50.1 ], [ -5.159, 50.094 ], [ -5.211, 50.094 ], [ -5.192, 50.08 ], [ -5.104, 50.094 ], [ -5.093, 50.089 ], [ -5.102, 50.089 ], [ -5.116, 50.085 ], [ -5.118, 50.082 ], [ -5.076, 50.086 ], [ -5.08, 50.069 ], [ -5.058, 50.053 ], [ -5.097, 50.026 ], [ -5.101, 50.004 ], [ -5.167, 50.004 ], [ -5.186, 49.963 ], [ -5.216, 49.96 ], [ -5.221, 49.972 ], [ -5.236, 49.976 ], [ -5.246, 49.976 ], [ -5.269, 50.005 ], [ -5.256, 50.022 ], [ -5.261, 50.034 ], [ -5.316, 50.085 ], [ -5.392, 50.103 ], [ -5.429, 50.097 ], [ -5.484, 50.128 ], [ -5.525, 50.126 ], [ -5.548, 50.108 ], [ -5.533, 50.089 ], [ -5.555, 50.06 ], [ -5.685, 50.038 ], [ -5.717, 50.069 ], [ -5.689, 50.09 ], [ -5.71, 50.127 ], [ -5.693, 50.138 ], [ -5.693, 50.149 ], [ -5.672, 50.162 ], [ -5.673, 50.166 ], [ -5.629, 50.168 ], [ -5.601, 50.193 ], [ -5.498, 50.22 ], [ -5.437, 50.194 ], [ -5.442, 50.176 ], [ -5.433, 50.164 ], [ -5.434, 50.191 ], [ -5.43, 50.182 ], [ -5.425, 50.189 ], [ -5.423, 50.188 ], [ -5.42, 50.188 ], [ -5.409, 50.192 ], [ -5.407, 50.193 ], [ -5.434, 50.194 ], [ -5.394, 50.226 ], [ -5.395, 50.24 ], [ -5.325, 50.244 ], [ -5.244, 50.287 ], [ -5.236, 50.318 ], [ -5.154, 50.346 ], [ -5.147, 50.405 ], [ -5.069, 50.396 ], [ -5.126, 50.412 ], [ -5.102, 50.413 ], [ -5.1, 50.426 ], [ -5.085, 50.415 ], [ -5.083, 50.416 ], [ -5.076, 50.416 ], [ -5.055, 50.426 ], [ -5.044, 50.442 ], [ -5.032, 50.467 ], [ -5.035, 50.494 ], [ -5.047, 50.498 ], [ -5.024, 50.509 ], [ -5.023, 50.527 ], [ -5.037, 50.549 ], [ -4.984, 50.542 ], [ -4.945, 50.569 ], [ -4.931, 50.53 ], [ -4.938, 50.528 ], [ -4.942, 50.521 ], [ -4.937, 50.512 ], [ -4.925, 50.531 ], [ -4.896, 50.52 ], [ -4.855, 50.529 ], [ -4.803, 50.493 ], [ -4.819, 50.509 ], [ -4.816, 50.509 ], [ -4.813, 50.508 ], [ -4.812, 50.508 ], [ -4.811, 50.508 ], [ -4.81, 50.508 ], [ -4.808, 50.508 ], [ -4.809, 50.509 ], [ -4.807, 50.509 ], [ -4.806, 50.51 ], [ -4.805, 50.511 ], [ -4.85, 50.533 ], [ -4.926, 50.545 ], [ -4.931, 50.565 ], [ -4.916, 50.576 ], [ -4.935, 50.587 ], [ -4.796, 50.598 ], [ -4.77, 50.622 ], [ -4.764, 50.67 ], [ -4.68, 50.696 ], [ -4.655, 50.716 ], [ -4.654, 50.74 ], [ -4.562, 50.781 ], [ -4.559, 50.829 ], [ -4.557, 50.831 ], [ -4.55, 50.829 ], [ -4.547, 50.83 ], [ -4.57, 50.904 ], [ -4.545, 50.929 ], [ -4.526, 51.022 ], [ -4.343, 50.989 ], [ -4.303, 50.998 ], [ -4.217, 51.065 ], [ -4.191, 51.055 ], [ -4.204, 51.032 ], [ -4.207, 51.008 ], [ -4.206, 51.005 ], [ -4.193, 51.0 ], [ -4.195, 50.996 ], [ -4.197, 50.996 ], [ -4.199, 50.995 ], [ -4.204, 50.991 ], [ -4.178, 50.998 ], [ -4.178, 50.999 ], [ -4.204, 51.008 ], [ -4.172, 51.072 ], [ -4.111, 51.073 ], [ -4.122, 51.078 ], [ -4.118, 51.09 ], [ -4.113, 51.09 ], [ -4.111, 51.089 ], [ -4.111, 51.088 ], [ -4.111, 51.085 ], [ -4.106, 51.084 ], [ -4.106, 51.082 ], [ -4.105, 51.083 ], [ -4.104, 51.082 ], [ -4.103, 51.081 ], [ -4.075, 51.08 ], [ -4.119, 51.095 ], [ -4.164, 51.084 ], [ -4.163, 51.101 ], [ -4.19, 51.066 ], [ -4.217, 51.077 ], [ -4.222, 51.118 ], [ -4.262, 51.143 ], [ -4.216, 51.151 ], [ -4.211, 51.178 ], [ -4.229, 51.188 ], [ -4.088, 51.217 ], [ -4.039, 51.207 ], [ -3.926, 51.232 ], [ -3.809, 51.232 ], [ -3.785, 51.246 ], [ -3.622, 51.217 ], [ -3.543, 51.232 ], [ -3.448, 51.209 ], [ -3.405, 51.183 ], [ -3.276, 51.18 ], [ -3.196, 51.202 ], [ -3.071, 51.201 ], [ -3.023, 51.219 ], [ -3.029, 51.2 ], [ -3.04, 51.204 ], [ -3.066, 51.192 ], [ -3.03, 51.199 ], [ -3.055, 51.188 ], [ -3.06, 51.174 ], [ -3.043, 51.164 ], [ -3.036, 51.162 ], [ -3.029, 51.166 ], [ -3.029, 51.174 ], [ -3.02, 51.176 ], [ -3.002, 51.161 ], [ -2.99, 51.161 ], [ -2.999, 51.152 ], [ -2.991, 51.153 ], [ -2.988, 51.16 ], [ -2.99, 51.163 ], [ -3.019, 51.177 ], [ -3.029, 51.176 ], [ -3.04, 51.164 ], [ -3.055, 51.176 ], [ -3.021, 51.198 ], [ -3.002, 51.226 ], [ -3.0, 51.222 ], [ -2.984, 51.22 ], [ -3.022, 51.266 ], [ -3.012, 51.32 ], [ -3.035, 51.329 ], [ -2.994, 51.321 ], [ -2.986, 51.312 ], [ -2.995, 51.308 ], [ -2.995, 51.303 ], [ -2.993, 51.301 ], [ -2.984, 51.312 ], [ -2.983, 51.35 ], [ -2.995, 51.356 ], [ -2.962, 51.375 ], [ -2.981, 51.388 ], [ -2.94, 51.398 ], [ -2.939, 51.391 ], [ -2.89, 51.388 ], [ -2.913, 51.396 ], [ -2.879, 51.432 ], [ -2.774, 51.495 ], [ -2.729, 51.503 ], [ -2.685, 51.481 ], [ -2.676, 51.48 ], [ -2.668, 51.482 ], [ -2.662, 51.487 ], [ -2.649, 51.472 ], [ -2.634, 51.467 ], [ -2.631, 51.458 ], [ -2.625, 51.447 ], [ -2.622, 51.446 ], [ -2.621, 51.446 ], [ -2.633, 51.467 ], [ -2.65, 51.475 ], [ -2.648, 51.481 ], [ -2.662, 51.488 ], [ -2.68, 51.481 ], [ -2.718, 51.508 ], [ -2.628, 51.606 ], [ -2.575, 51.631 ], [ -2.559, 51.666 ], [ -2.484, 51.697 ], [ -2.482, 51.726 ], [ -2.381, 51.761 ], [ -2.384, 51.776 ], [ -2.445, 51.791 ], [ -2.434, 51.811 ], [ -2.375, 51.793 ], [ -2.351, 51.795 ], [ -2.346, 51.805 ], [ -2.362, 51.822 ], [ -2.349, 51.829 ], [ -2.351, 51.846 ], [ -2.308, 51.847 ], [ -2.333, 51.851 ], [ -2.352, 51.847 ], [ -2.354, 51.845 ], [ -2.363, 51.823 ], [ -2.353, 51.797 ], [ -2.417, 51.819 ], [ -2.44, 51.813 ], [ -2.449, 51.786 ], [ -2.407, 51.771 ], [ -2.474, 51.743 ], [ -2.505, 51.71 ], [ -2.61, 51.673 ], [ -2.649, 51.631 ], [ -2.651, 51.61 ], [ -2.666, 51.644 ], [ -2.67, 51.647 ], [ -2.679, 51.647 ], [ -2.667, 51.658 ], [ -2.665, 51.665 ], [ -2.668, 51.665 ], [ -2.667, 51.664 ], [ -2.681, 51.647 ], [ -2.658, 51.622 ], [ -2.713, 51.582 ], [ -2.905, 51.532 ], [ -2.98, 51.544 ], [ -2.961, 51.552 ], [ -2.984, 51.568 ], [ -2.969, 51.578 ], [ -2.992, 51.589 ], [ -2.988, 51.597 ], [ -2.991, 51.608 ], [ -2.98, 51.605 ], [ -2.976, 51.605 ], [ -2.974, 51.609 ], [ -2.961, 51.602 ], [ -2.957, 51.602 ], [ -2.97, 51.61 ], [ -2.993, 51.609 ], [ -3.004, 51.598 ], [ -2.991, 51.602 ], [ -2.994, 51.589 ], [ -2.976, 51.577 ], [ -2.987, 51.568 ], [ -2.97, 51.556 ], [ -2.988, 51.549 ], [ -3.005, 51.566 ], [ -2.989, 51.548 ], [ -3.004, 51.531 ], [ -3.106, 51.492 ], [ -3.131, 51.492 ], [ -3.125, 51.489 ], [ -3.122, 51.49 ], [ -3.165, 51.451 ], [ -3.17, 51.406 ], [ -3.341, 51.381 ], [ -3.396, 51.383 ], [ -3.395, 51.398 ], [ -3.397, 51.382 ], [ -3.406, 51.381 ], [ -3.559, 51.401 ], [ -3.641, 51.462 ], [ -3.62, 51.477 ], [ -3.721, 51.48 ], [ -3.789, 51.57 ], [ -3.792, 51.571 ], [ -3.797, 51.569 ], [ -3.817, 51.58 ], [ -3.799, 51.583 ], [ -3.791, 51.593 ], [ -3.812, 51.583 ], [ -3.851, 51.614 ], [ -3.825, 51.628 ], [ -3.836, 51.652 ], [ -3.838, 51.651 ], [ -3.837, 51.639 ], [ -3.845, 51.636 ], [ -3.834, 51.626 ], [ -3.849, 51.619 ], [ -3.994, 51.599 ], [ -4.001, 51.58 ], [ -3.982, 51.565 ], [ -4.034, 51.57 ], [ -4.064, 51.557 ], [ -4.111, 51.57 ], [ -4.111, 51.574 ], [ -4.105, 51.575 ], [ -4.104, 51.575 ], [ -4.105, 51.577 ], [ -4.156, 51.562 ], [ -4.153, 51.541 ], [ -4.195, 51.548 ], [ -4.211, 51.537 ], [ -4.279, 51.562 ], [ -4.308, 51.563 ], [ -4.289, 51.576 ], [ -4.309, 51.61 ], [ -4.246, 51.648 ], [ -4.231, 51.648 ], [ -4.242, 51.646 ], [ -4.233, 51.642 ], [ -4.247, 51.628 ], [ -4.246, 51.618 ], [ -4.232, 51.632 ], [ -4.231, 51.627 ], [ -4.234, 51.625 ], [ -4.234, 51.623 ], [ -4.206, 51.616 ], [ -4.21, 51.625 ], [ -4.209, 51.625 ], [ -4.21, 51.628 ], [ -4.211, 51.628 ], [ -4.212, 51.629 ], [ -4.216, 51.631 ], [ -4.218, 51.633 ], [ -4.218, 51.636 ], [ -4.188, 51.617 ], [ -4.166, 51.628 ], [ -4.166, 51.622 ], [ -4.167, 51.622 ], [ -4.168, 51.623 ], [ -4.171, 51.623 ], [ -4.173, 51.616 ], [ -4.155, 51.628 ], [ -4.158, 51.634 ], [ -4.134, 51.632 ], [ -4.137, 51.642 ], [ -4.125, 51.641 ], [ -4.124, 51.642 ], [ -4.105, 51.643 ], [ -4.092, 51.646 ], [ -4.105, 51.644 ], [ -4.117, 51.645 ], [ -4.102, 51.654 ], [ -4.085, 51.65 ], [ -4.049, 51.656 ], [ -4.081, 51.662 ], [ -4.063, 51.673 ], [ -4.077, 51.683 ], [ -4.044, 51.706 ], [ -4.043, 51.708 ], [ -4.044, 51.709 ], [ -4.05, 51.712 ], [ -4.082, 51.689 ], [ -4.086, 51.662 ], [ -4.148, 51.655 ], [ -4.169, 51.681 ], [ -4.168, 51.666 ], [ -4.174, 51.666 ], [ -4.211, 51.685 ], [ -4.298, 51.669 ], [ -4.369, 51.712 ], [ -4.38, 51.732 ], [ -4.358, 51.73 ], [ -4.36, 51.723 ], [ -4.358, 51.723 ], [ -4.346, 51.727 ], [ -4.343, 51.728 ], [ -4.342, 51.728 ], [ -4.344, 51.725 ], [ -4.343, 51.725 ], [ -4.341, 51.721 ], [ -4.342, 51.72 ], [ -4.336, 51.718 ], [ -4.303, 51.723 ], [ -4.325, 51.732 ], [ -4.319, 51.736 ], [ -4.306, 51.737 ], [ -4.295, 51.742 ], [ -4.372, 51.743 ], [ -4.366, 51.787 ], [ -4.36, 51.786 ], [ -4.324, 51.802 ], [ -4.318, 51.819 ], [ -4.327, 51.827 ], [ -4.311, 51.836 ], [ -4.317, 51.834 ], [ -4.322, 51.837 ], [ -4.315, 51.837 ], [ -4.312, 51.839 ], [ -4.313, 51.84 ], [ -4.322, 51.838 ], [ -4.329, 51.829 ], [ -4.327, 51.801 ], [ -4.363, 51.797 ], [ -4.404, 51.757 ], [ -4.449, 51.77 ], [ -4.437, 51.773 ], [ -4.439, 51.774 ], [ -4.436, 51.776 ], [ -4.435, 51.779 ], [ -4.455, 51.789 ], [ -4.454, 51.791 ], [ -4.452, 51.793 ], [ -4.451, 51.795 ], [ -4.456, 51.793 ], [ -4.454, 51.795 ], [ -4.456, 51.795 ], [ -4.453, 51.797 ], [ -4.457, 51.797 ], [ -4.451, 51.799 ], [ -4.451, 51.801 ], [ -4.453, 51.802 ], [ -4.466, 51.789 ], [ -4.458, 51.788 ], [ -4.448, 51.781 ], [ -4.459, 51.76 ], [ -4.418, 51.745 ], [ -4.463, 51.732 ], [ -4.559, 51.742 ], [ -4.663, 51.731 ], [ -4.698, 51.711 ], [ -4.68, 51.697 ], [ -4.712, 51.652 ], [ -4.757, 51.654 ], [ -4.781, 51.635 ], [ -4.861, 51.647 ], [ -4.9, 51.626 ], [ -4.896, 51.61 ], [ -4.923, 51.611 ], [ -4.926, 51.596 ], [ -5.059, 51.621 ], [ -5.05, 51.638 ], [ -5.065, 51.663 ], [ -5.126, 51.682 ], [ -5.105, 51.692 ], [ -5.047, 51.676 ], [ -5.051, 51.694 ], [ -5.028, 51.695 ], [ -4.937, 51.672 ], [ -4.922, 51.679 ], [ -4.977, 51.688 ], [ -4.932, 51.705 ], [ -4.919, 51.692 ], [ -4.89, 51.693 ], [ -4.919, 51.699 ], [ -4.895, 51.711 ], [ -5.085, 51.706 ], [ -5.105, 51.724 ], [ -5.104, 51.732 ], [ -5.092, 51.738 ], [ -5.093, 51.74 ], [ -5.105, 51.736 ], [ -5.116, 51.71 ], [ -5.157, 51.713 ], [ -5.167, 51.719 ], [ -5.166, 51.721 ], [ -5.167, 51.722 ], [ -5.165, 51.723 ], [ -5.163, 51.724 ], [ -5.164, 51.725 ], [ -5.164, 51.726 ], [ -5.164, 51.728 ], [ -5.17, 51.731 ], [ -5.169, 51.707 ], [ -5.15, 51.702 ], [ -5.157, 51.688 ], [ -5.176, 51.68 ], [ -5.187, 51.709 ], [ -5.254, 51.738 ], [ -5.211, 51.734 ], [ -5.203, 51.756 ], [ -5.108, 51.774 ], [ -5.103, 51.81 ], [ -5.128, 51.858 ], [ -5.182, 51.861 ], [ -5.189, 51.874 ], [ -5.32, 51.861 ], [ -5.307, 51.875 ], [ -5.316, 51.884 ], [ -5.296, 51.893 ], [ -5.315, 51.902 ], [ -5.306, 51.908 ], [ -5.211, 51.932 ], [ -5.196, 51.951 ], [ -5.085, 51.969 ], [ -5.08, 51.985 ], [ -5.096, 51.994 ], [ -5.073, 52.004 ], [ -5.09, 52.015 ], [ -5.071, 52.03 ], [ -4.992, 52.026 ], [ -4.97, 52.013 ], [ -4.993, 52.004 ], [ -4.969, 51.995 ], [ -4.92, 52.01 ], [ -4.91, 52.021 ], [ -4.918, 52.026 ], [ -4.91, 52.035 ], [ -4.879, 52.019 ], [ -4.814, 52.019 ], [ -4.841, 52.025 ], [ -4.845, 52.042 ], [ -4.759, 52.077 ], [ -4.732, 52.118 ], [ -4.688, 52.103 ], [ -4.692, 52.103 ], [ -4.681, 52.095 ], [ -4.682, 52.085 ], [ -4.681, 52.085 ], [ -4.675, 52.1 ], [ -4.688, 52.104 ], [ -4.688, 52.129 ], [ -4.567, 52.145 ], [ -4.519, 52.135 ], [ -4.378, 52.216 ], [ -4.325, 52.214 ], [ -4.208, 52.264 ], [ -4.14, 52.323 ], [ -4.092, 52.407 ], [ -4.068, 52.403 ], [ -4.092, 52.414 ], [ -4.052, 52.482 ], [ -4.058, 52.531 ], [ -4.042, 52.525 ], [ -4.039, 52.489 ], [ -4.04, 52.523 ], [ -4.001, 52.533 ], [ -4.005, 52.529 ], [ -3.986, 52.518 ], [ -3.997, 52.535 ], [ -3.967, 52.531 ], [ -3.984, 52.536 ], [ -3.906, 52.561 ], [ -3.929, 52.566 ], [ -3.915, 52.573 ], [ -3.914, 52.575 ], [ -3.929, 52.571 ], [ -3.932, 52.554 ], [ -3.96, 52.561 ], [ -4.067, 52.542 ], [ -4.126, 52.607 ], [ -4.104, 52.599 ], [ -4.075, 52.602 ], [ -4.073, 52.602 ], [ -4.072, 52.606 ], [ -4.129, 52.612 ], [ -4.095, 52.669 ], [ -4.057, 52.687 ], [ -4.059, 52.708 ], [ -4.05, 52.715 ], [ -4.057, 52.705 ], [ -4.011, 52.713 ], [ -3.952, 52.75 ], [ -3.937, 52.748 ], [ -3.923, 52.754 ], [ -3.925, 52.755 ], [ -3.932, 52.754 ], [ -3.937, 52.749 ], [ -3.95, 52.753 ], [ -4.023, 52.736 ], [ -4.052, 52.716 ], [ -4.15, 52.807 ], [ -4.108, 52.827 ], [ -4.129, 52.827 ], [ -4.119, 52.848 ], [ -4.145, 52.894 ], [ -4.073, 52.894 ], [ -4.083, 52.9 ], [ -4.079, 52.902 ], [ -4.086, 52.903 ], [ -4.072, 52.917 ], [ -4.059, 52.917 ], [ -4.056, 52.923 ], [ -4.044, 52.927 ], [ -4.038, 52.936 ], [ -4.004, 52.936 ], [ -3.995, 52.942 ], [ -3.999, 52.945 ], [ -3.991, 52.946 ], [ -3.989, 52.948 ], [ -4.035, 52.939 ], [ -4.103, 52.909 ], [ -4.126, 52.929 ], [ -4.152, 52.906 ], [ -4.285, 52.917 ], [ -4.264, 52.911 ], [ -4.316, 52.908 ], [ -4.327, 52.892 ], [ -4.407, 52.892 ], [ -4.417, 52.887 ], [ -4.396, 52.883 ], [ -4.477, 52.858 ], [ -4.47, 52.848 ], [ -4.506, 52.825 ], [ -4.487, 52.794 ], [ -4.528, 52.778 ], [ -4.543, 52.786 ], [ -4.536, 52.8 ], [ -4.603, 52.825 ], [ -4.644, 52.8 ], [ -4.661, 52.806 ], [ -4.671, 52.802 ], [ -4.688, 52.794 ], [ -4.716, 52.804 ], [ -4.732, 52.782 ], [ -4.757, 52.788 ], [ -4.768, 52.798 ], [ -4.723, 52.836 ], [ -4.726, 52.854 ], [ -4.696, 52.859 ], [ -4.65, 52.906 ], [ -4.567, 52.949 ], [ -4.52, 52.94 ], [ -4.437, 52.999 ], [ -4.41, 52.998 ], [ -4.354, 53.033 ], [ -4.339, 53.054 ], [ -4.339, 53.122 ], [ -4.319, 53.122 ], [ -4.33, 53.117 ], [ -4.332, 53.113 ], [ -4.319, 53.093 ], [ -4.312, 53.127 ], [ -4.274, 53.133 ], [ -4.258, 53.161 ], [ -4.208, 53.187 ], [ -4.205, 53.206 ], [ -4.128, 53.236 ], [ -4.086, 53.226 ], [ -3.841, 53.295 ], [ -3.81, 53.266 ], [ -3.828, 53.253 ], [ -3.808, 53.236 ], [ -3.823, 53.229 ], [ -3.838, 53.21 ], [ -3.841, 53.192 ], [ -3.82, 53.181 ], [ -3.832, 53.198 ], [ -3.833, 53.201 ], [ -3.803, 53.233 ], [ -3.821, 53.251 ], [ -3.798, 53.273 ], [ -3.8, 53.273 ], [ -3.806, 53.278 ], [ -3.812, 53.28 ], [ -3.813, 53.281 ], [ -3.814, 53.281 ], [ -3.818, 53.283 ], [ -3.823, 53.28 ], [ -3.874, 53.341 ], [ -3.819, 53.323 ], [ -3.775, 53.328 ], [ -3.708, 53.294 ], [ -3.61, 53.29 ], [ -3.507, 53.317 ], [ -3.511, 53.313 ], [ -3.498, 53.301 ], [ -3.486, 53.299 ], [ -3.478, 53.292 ], [ -3.476, 53.294 ], [ -3.473, 53.291 ], [ -3.462, 53.286 ], [ -3.459, 53.285 ], [ -3.459, 53.286 ], [ -3.509, 53.313 ], [ -3.363, 53.354 ], [ -3.311, 53.354 ], [ -3.312, 53.342 ], [ -3.298, 53.332 ], [ -3.261, 53.326 ], [ -3.109, 53.241 ], [ -3.107, 53.245 ], [ -3.044, 53.214 ], [ -2.935, 53.182 ], [ -3.058, 53.223 ], [ -3.095, 53.245 ], [ -3.079, 53.245 ], [ -3.079, 53.239 ], [ -3.074, 53.24 ], [ -3.074, 53.237 ], [ -3.073, 53.236 ], [ -3.072, 53.235 ], [ -3.059, 53.246 ], [ -3.109, 53.257 ], [ -3.1, 53.26 ], [ -3.113, 53.264 ], [ -3.084, 53.271 ], [ -3.11, 53.277 ], [ -3.09, 53.275 ], [ -3.078, 53.28 ], [ -3.126, 53.29 ], [ -3.118, 53.295 ], [ -3.107, 53.294 ], [ -3.104, 53.296 ], [ -3.103, 53.294 ], [ -3.101, 53.294 ], [ -3.098, 53.294 ], [ -3.097, 53.294 ], [ -3.096, 53.297 ], [ -3.137, 53.297 ], [ -3.134, 53.308 ], [ -3.131, 53.305 ], [ -3.135, 53.302 ], [ -3.133, 53.3 ], [ -3.107, 53.302 ], [ -3.127, 53.306 ], [ -3.113, 53.309 ], [ -3.136, 53.316 ], [ -3.135, 53.329 ], [ -3.104, 53.311 ], [ -3.204, 53.383 ], [ -3.04, 53.443 ], [ -3.003, 53.375 ], [ -2.949, 53.323 ], [ -2.857, 53.287 ], [ -2.846, 53.307 ], [ -2.789, 53.295 ], [ -2.755, 53.312 ], [ -2.754, 53.343 ], [ -2.669, 53.356 ], [ -2.659, 53.373 ], [ -2.623, 53.374 ], [ -2.623, 53.375 ], [ -2.639, 53.379 ], [ -2.636, 53.381 ], [ -2.634, 53.379 ], [ -2.627, 53.381 ], [ -2.617, 53.386 ], [ -2.616, 53.388 ], [ -2.616, 53.39 ], [ -2.66, 53.374 ], [ -2.674, 53.357 ], [ -2.765, 53.355 ], [ -2.79, 53.322 ], [ -2.865, 53.33 ], [ -2.983, 53.385 ], [ -3.056, 53.49 ], [ -3.062, 53.529 ], [ -3.073, 53.52 ], [ -3.104, 53.543 ], [ -3.059, 53.621 ], [ -3.006, 53.665 ], [ -3.014, 53.679 ], [ -2.969, 53.698 ], [ -2.972, 53.692 ], [ -2.961, 53.686 ], [ -2.958, 53.69 ], [ -2.954, 53.692 ], [ -2.957, 53.683 ], [ -2.954, 53.685 ], [ -2.954, 53.682 ], [ -2.953, 53.681 ], [ -2.947, 53.679 ], [ -2.944, 53.679 ], [ -2.953, 53.691 ], [ -2.945, 53.691 ], [ -2.948, 53.692 ], [ -2.943, 53.692 ], [ -2.938, 53.693 ], [ -2.956, 53.693 ], [ -2.957, 53.691 ], [ -2.963, 53.695 ], [ -2.929, 53.701 ], [ -2.948, 53.712 ], [ -2.938, 53.725 ], [ -2.914, 53.711 ], [ -2.929, 53.724 ], [ -2.914, 53.726 ], [ -2.912, 53.714 ], [ -2.904, 53.715 ], [ -2.907, 53.713 ], [ -2.909, 53.712 ], [ -2.905, 53.709 ], [ -2.903, 53.714 ], [ -2.903, 53.715 ], [ -2.902, 53.715 ], [ -2.902, 53.716 ], [ -2.913, 53.723 ], [ -2.905, 53.721 ], [ -2.902, 53.719 ], [ -2.901, 53.714 ], [ -2.9, 53.712 ], [ -2.896, 53.71 ], [ -2.887, 53.727 ], [ -2.888, 53.728 ], [ -2.886, 53.729 ], [ -2.884, 53.731 ], [ -2.835, 53.722 ], [ -2.824, 53.703 ], [ -2.822, 53.708 ], [ -2.835, 53.724 ], [ -2.821, 53.73 ], [ -2.855, 53.735 ], [ -2.752, 53.757 ], [ -2.711, 53.748 ], [ -2.73, 53.759 ], [ -2.75, 53.759 ], [ -2.788, 53.753 ], [ -2.929, 53.731 ], [ -2.953, 53.733 ], [ -2.94, 53.735 ], [ -2.933, 53.741 ], [ -2.928, 53.738 ], [ -2.925, 53.737 ], [ -2.909, 53.736 ], [ -2.907, 53.736 ], [ -2.906, 53.737 ], [ -2.937, 53.745 ], [ -3.007, 53.737 ], [ -3.055, 53.762 ], [ -3.045, 53.923 ], [ -3.006, 53.928 ], [ -3.009, 53.901 ], [ -2.969, 53.874 ], [ -2.982, 53.858 ], [ -2.944, 53.85 ], [ -2.939, 53.852 ], [ -2.922, 53.856 ], [ -2.913, 53.86 ], [ -2.911, 53.864 ], [ -2.925, 53.857 ], [ -2.949, 53.854 ], [ -2.972, 53.865 ], [ -2.963, 53.878 ], [ -2.993, 53.897 ], [ -2.985, 53.904 ], [ -3.0, 53.929 ], [ -2.924, 53.95 ], [ -2.911, 53.946 ], [ -2.923, 53.947 ], [ -2.93, 53.945 ], [ -2.906, 53.939 ], [ -2.906, 53.938 ], [ -2.891, 53.94 ], [ -2.864, 53.953 ], [ -2.874, 53.952 ], [ -2.887, 53.958 ], [ -2.862, 53.965 ], [ -2.854, 53.965 ], [ -2.846, 53.962 ], [ -2.836, 53.964 ], [ -2.879, 53.979 ], [ -2.856, 54.0 ], [ -2.834, 53.999 ], [ -2.832, 53.995 ], [ -2.83, 53.997 ], [ -2.831, 53.995 ], [ -2.829, 53.995 ], [ -2.828, 53.995 ], [ -2.825, 53.995 ], [ -2.823, 53.995 ], [ -2.828, 54.035 ], [ -2.842, 54.045 ], [ -2.8, 54.052 ], [ -2.793, 54.058 ], [ -2.792, 54.062 ], [ -2.793, 54.063 ], [ -2.795, 54.061 ], [ -2.796, 54.061 ], [ -2.8, 54.053 ], [ -2.847, 54.045 ], [ -2.833, 54.027 ], [ -2.842, 54.026 ], [ -2.844, 54.021 ], [ -2.835, 54.011 ], [ -2.871, 54.014 ], [ -2.871, 54.008 ], [ -2.873, 54.008 ], [ -2.877, 54.006 ], [ -2.878, 54.006 ], [ -2.881, 53.989 ], [ -2.883, 53.99 ], [ -2.884, 53.998 ], [ -2.887, 54.002 ], [ -2.9, 53.992 ], [ -2.904, 54.022 ], [ -2.924, 54.031 ], [ -2.88, 54.075 ], [ -2.819, 54.089 ], [ -2.827, 54.1 ], [ -2.78, 54.136 ], [ -2.817, 54.135 ], [ -2.829, 54.145 ], [ -2.811, 54.155 ], [ -2.828, 54.153 ], [ -2.834, 54.172 ], [ -2.865, 54.185 ], [ -2.786, 54.226 ], [ -2.805, 54.22 ], [ -2.797, 54.241 ], [ -2.803, 54.247 ], [ -2.814, 54.245 ], [ -2.814, 54.244 ], [ -2.799, 54.242 ], [ -2.812, 54.218 ], [ -2.887, 54.199 ], [ -2.922, 54.165 ], [ -2.911, 54.161 ], [ -2.95, 54.149 ], [ -3.0, 54.155 ], [ -2.989, 54.179 ], [ -3.006, 54.172 ], [ -3.039, 54.197 ], [ -3.035, 54.196 ], [ -3.015, 54.207 ], [ -3.049, 54.233 ], [ -3.014, 54.24 ], [ -3.032, 54.239 ], [ -3.027, 54.242 ], [ -3.031, 54.246 ], [ -3.048, 54.242 ], [ -3.052, 54.236 ], [ -3.052, 54.219 ], [ -3.033, 54.213 ], [ -3.033, 54.212 ], [ -3.034, 54.212 ], [ -3.036, 54.21 ], [ -3.037, 54.21 ], [ -3.039, 54.21 ], [ -3.045, 54.199 ], [ -3.053, 54.199 ], [ -3.062, 54.18 ], [ -3.062, 54.184 ], [ -3.064, 54.186 ], [ -3.061, 54.162 ], [ -3.172, 54.082 ], [ -3.152, 54.07 ], [ -3.151, 54.065 ], [ -3.178, 54.075 ], [ -3.191, 54.103 ], [ -3.22, 54.09 ], [ -3.245, 54.117 ], [ -3.237, 54.155 ], [ -3.257, 54.169 ], [ -3.217, 54.177 ], [ -3.212, 54.209 ], [ -3.18, 54.239 ], [ -3.198, 54.229 ], [ -3.21, 54.254 ], [ -3.229, 54.26 ], [ -3.224, 54.26 ], [ -3.222, 54.263 ], [ -3.222, 54.28 ], [ -3.228, 54.277 ], [ -3.233, 54.262 ], [ -3.234, 54.26 ], [ -3.233, 54.26 ], [ -3.223, 54.252 ], [ -3.229, 54.252 ], [ -3.238, 54.247 ], [ -3.24, 54.249 ], [ -3.242, 54.249 ], [ -3.24, 54.247 ], [ -3.242, 54.247 ], [ -3.244, 54.246 ], [ -3.226, 54.24 ], [ -3.266, 54.213 ], [ -3.239, 54.203 ], [ -3.324, 54.192 ], [ -3.423, 54.294 ], [ -3.421, 54.341 ], [ -3.41, 54.35 ], [ -3.412, 54.338 ], [ -3.4, 54.335 ], [ -3.402, 54.333 ], [ -3.401, 54.332 ], [ -3.399, 54.331 ], [ -3.383, 54.35 ], [ -3.404, 54.338 ], [ -3.411, 54.357 ], [ -3.403, 54.362 ], [ -3.398, 54.367 ], [ -3.431, 54.356 ], [ -3.417, 54.349 ], [ -3.435, 54.343 ], [ -3.64, 54.514 ], [ -3.607, 54.531 ], [ -3.58, 54.572 ], [ -3.566, 54.612 ], [ -3.58, 54.652 ], [ -3.562, 54.646 ], [ -3.544, 54.647 ], [ -3.572, 54.651 ], [ -3.519, 54.693 ], [ -3.511, 54.718 ], [ -3.503, 54.71 ], [ -3.501, 54.71 ], [ -3.495, 54.712 ], [ -3.508, 54.718 ], [ -3.437, 54.759 ], [ -3.438, 54.802 ], [ -3.398, 54.869 ], [ -3.367, 54.892 ], [ -3.338, 54.9 ], [ -3.335, 54.899 ], [ -3.35, 54.894 ], [ -3.351, 54.893 ], [ -3.353, 54.892 ], [ -3.355, 54.892 ], [ -3.356, 54.892 ], [ -3.358, 54.892 ], [ -3.359, 54.891 ], [ -3.359, 54.89 ], [ -3.36, 54.89 ], [ -3.361, 54.89 ], [ -3.36, 54.889 ], [ -3.359, 54.888 ], [ -3.36, 54.886 ], [ -3.327, 54.885 ], [ -3.349, 54.889 ], [ -3.341, 54.896 ], [ -3.288, 54.879 ], [ -3.285, 54.878 ], [ -3.288, 54.867 ], [ -3.283, 54.862 ], [ -3.285, 54.859 ], [ -3.284, 54.859 ], [ -3.277, 54.868 ], [ -3.288, 54.89 ], [ -3.262, 54.895 ], [ -3.267, 54.891 ], [ -3.266, 54.89 ], [ -3.266, 54.889 ], [ -3.264, 54.889 ], [ -3.252, 54.911 ], [ -3.221, 54.902 ], [ -3.249, 54.914 ], [ -3.272, 54.9 ], [ -3.313, 54.915 ], [ -3.285, 54.942 ], [ -3.202, 54.953 ], [ -3.119, 54.925 ], [ -3.016, 54.947 ], [ -3.006, 54.931 ], [ -3.001, 54.934 ], [ -2.996, 54.936 ], [ -3.008, 54.947 ], [ -3.052, 54.956 ], [ -3.109, 54.932 ], [ -3.127, 54.951 ], [ -3.12, 54.954 ], [ -3.116, 54.952 ], [ -3.112, 54.95 ], [ -3.117, 54.956 ], [ -3.104, 54.949 ], [ -3.112, 54.958 ], [ -3.06, 54.985 ], [ -3.048, 54.983 ], [ -3.048, 54.978 ], [ -3.05, 54.978 ], [ -3.05, 54.977 ], [ -3.042, 54.974 ], [ -3.043, 54.969 ], [ -3.037, 54.966 ], [ -3.009, 54.974 ], [ -3.04, 54.969 ], [ -3.037, 54.973 ], [ -3.046, 54.985 ], [ -3.057, 54.989 ], [ -3.053, 54.993 ], [ -3.15, 54.964 ], [ -3.205, 54.978 ], [ -3.265, 54.969 ], [ -3.276, 54.979 ], [ -3.265, 54.988 ], [ -3.268, 54.991 ], [ -3.26, 54.996 ], [ -3.261, 54.998 ], [ -3.263, 54.999 ], [ -3.279, 54.979 ], [ -3.268, 54.966 ], [ -3.337, 54.981 ], [ -3.408, 54.974 ], [ -3.432, 54.994 ], [ -3.456, 54.992 ], [ -3.461, 54.981 ], [ -3.46, 54.98 ], [ -3.453, 54.989 ], [ -3.437, 54.989 ], [ -3.471, 54.968 ], [ -3.523, 54.965 ], [ -3.56, 54.98 ], [ -3.578, 55.015 ], [ -3.604, 55.033 ], [ -3.603, 55.059 ], [ -3.61, 55.066 ], [ -3.615, 55.068 ], [ -3.604, 55.058 ], [ -3.611, 55.023 ], [ -3.581, 55.014 ], [ -3.591, 54.998 ], [ -3.576, 54.981 ], [ -3.597, 54.981 ], [ -3.606, 54.974 ], [ -3.584, 54.975 ], [ -3.59, 54.925 ], [ -3.563, 54.908 ], [ -3.595, 54.873 ], [ -3.701, 54.882 ], [ -3.688, 54.884 ], [ -3.695, 54.886 ], [ -3.69, 54.886 ], [ -3.69, 54.889 ], [ -3.728, 54.88 ], [ -3.761, 54.857 ], [ -3.788, 54.853 ], [ -3.813, 54.872 ], [ -3.813, 54.895 ], [ -3.837, 54.894 ], [ -3.835, 54.891 ], [ -3.828, 54.89 ], [ -3.828, 54.888 ], [ -3.82, 54.887 ], [ -3.826, 54.861 ], [ -3.807, 54.846 ], [ -3.843, 54.868 ], [ -3.845, 54.864 ], [ -3.859, 54.867 ], [ -3.861, 54.865 ], [ -3.835, 54.846 ], [ -3.864, 54.846 ], [ -3.824, 54.824 ], [ -3.963, 54.772 ], [ -4.045, 54.77 ], [ -4.065, 54.782 ], [ -4.048, 54.821 ], [ -4.073, 54.814 ], [ -4.042, 54.847 ], [ -4.049, 54.854 ], [ -4.034, 54.859 ], [ -4.051, 54.867 ], [ -4.051, 54.849 ], [ -4.045, 54.846 ], [ -4.091, 54.814 ], [ -4.09, 54.782 ], [ -4.106, 54.778 ], [ -4.09, 54.775 ], [ -4.091, 54.772 ], [ -4.095, 54.765 ], [ -4.122, 54.788 ], [ -4.16, 54.78 ], [ -4.18, 54.809 ], [ -4.22, 54.825 ], [ -4.223, 54.849 ], [ -4.184, 54.878 ], [ -4.186, 54.881 ], [ -4.185, 54.885 ], [ -4.186, 54.886 ], [ -4.257, 54.837 ], [ -4.3, 54.843 ], [ -4.383, 54.878 ], [ -4.382, 54.901 ], [ -4.394, 54.899 ], [ -4.4, 54.904 ], [ -4.395, 54.912 ], [ -4.396, 54.916 ], [ -4.399, 54.92 ], [ -4.421, 54.924 ], [ -4.403, 54.939 ], [ -4.414, 54.941 ], [ -4.414, 54.936 ], [ -4.409, 54.936 ], [ -4.418, 54.932 ], [ -4.439, 54.939 ], [ -4.445, 54.933 ], [ -4.451, 54.937 ], [ -4.442, 54.938 ], [ -4.444, 54.944 ], [ -4.445, 54.944 ], [ -4.456, 54.935 ], [ -4.399, 54.914 ], [ -4.424, 54.888 ], [ -4.417, 54.891 ], [ -4.413, 54.894 ], [ -4.412, 54.893 ], [ -4.411, 54.893 ], [ -4.405, 54.898 ], [ -4.402, 54.898 ], [ -4.395, 54.894 ], [ -4.428, 54.884 ], [ -4.434, 54.862 ], [ -4.422, 54.864 ], [ -4.414, 54.828 ], [ -4.341, 54.799 ], [ -4.369, 54.793 ], [ -4.36, 54.778 ], [ -4.371, 54.772 ], [ -4.355, 54.767 ], [ -4.367, 54.723 ], [ -4.349, 54.711 ], [ -4.381, 54.681 ], [ -4.496, 54.704 ], [ -4.572, 54.738 ], [ -4.601, 54.777 ], [ -4.709, 54.824 ], [ -4.782, 54.832 ], [ -4.792, 54.846 ], [ -4.818, 54.867 ], [ -4.878, 54.87 ], [ -4.85, 54.861 ], [ -4.934, 54.834 ], [ -4.961, 54.804 ], [ -4.906, 54.701 ], [ -4.867, 54.682 ], [ -4.882, 54.669 ], [ -4.878, 54.64 ], [ -4.853, 54.637 ], [ -4.919, 54.642 ], [ -4.965, 54.664 ], [ -4.973, 54.69 ], [ -4.948, 54.701 ], [ -4.967, 54.718 ], [ -4.958, 54.729 ], [ -4.993, 54.735 ], [ -4.987, 54.75 ], [ -5.004, 54.755 ], [ -5.011, 54.783 ], [ -5.145, 54.858 ], [ -5.185, 54.915 ], [ -5.186, 54.978 ], [ -5.16, 55.007 ], [ -5.098, 55.018 ], [ -5.061, 54.968 ], [ -5.075, 54.964 ], [ -5.061, 54.924 ], [ -5.03, 54.906 ], [ -4.994, 54.915 ], [ -5.061, 55.028 ], [ -5.006, 55.093 ], [ -4.996, 55.138 ], [ -4.86, 55.227 ], [ -4.865, 55.245 ], [ -4.836, 55.283 ], [ -4.838, 55.29 ], [ -4.847, 55.324 ], [ -4.776, 55.359 ], [ -4.754, 55.416 ], [ -4.648, 55.437 ], [ -4.646, 55.47 ], [ -4.622, 55.46 ], [ -4.644, 55.471 ], [ -4.628, 55.478 ], [ -4.62, 55.498 ], [ -4.633, 55.518 ], [ -4.62, 55.509 ], [ -4.622, 55.516 ], [ -4.685, 55.547 ], [ -4.66, 55.548 ], [ -4.657, 55.56 ], [ -4.696, 55.604 ], [ -4.679, 55.61 ], [ -4.675, 55.621 ], [ -4.687, 55.609 ], [ -4.714, 55.635 ], [ -4.715, 55.635 ], [ -4.691, 55.609 ], [ -4.698, 55.606 ], [ -4.755, 55.634 ], [ -4.796, 55.63 ], [ -4.826, 55.64 ], [ -4.815, 55.648 ], [ -4.862, 55.684 ], [ -4.905, 55.699 ], [ -4.903, 55.722 ], [ -4.885, 55.729 ], [ -4.895, 55.737 ], [ -4.873, 55.73 ], [ -4.876, 55.749 ], [ -4.856, 55.758 ], [ -4.892, 55.839 ], [ -4.899, 55.891 ], [ -4.871, 55.91 ], [ -4.879, 55.942 ], [ -4.792, 55.963 ], [ -4.745, 55.944 ], [ -4.67, 55.933 ], [ -4.487, 55.926 ], [ -4.407, 55.892 ], [ -4.471, 55.875 ], [ -4.407, 55.882 ], [ -4.404, 55.891 ], [ -4.353, 55.865 ], [ -4.352, 55.872 ], [ -4.296, 55.856 ], [ -4.258, 55.855 ], [ -4.341, 55.87 ], [ -4.483, 55.93 ], [ -4.563, 55.935 ], [ -4.564, 55.943 ], [ -4.578, 55.953 ], [ -4.574, 55.956 ], [ -4.573, 55.959 ], [ -4.574, 55.959 ], [ -4.573, 55.961 ], [ -4.577, 55.963 ], [ -4.571, 55.965 ], [ -4.57, 55.966 ], [ -4.572, 55.967 ], [ -4.578, 55.964 ], [ -4.58, 55.952 ], [ -4.565, 55.939 ], [ -4.574, 55.938 ], [ -4.702, 55.967 ], [ -4.685, 55.976 ], [ -4.701, 55.993 ], [ -4.787, 56.015 ], [ -4.831, 56.08 ], [ -4.842, 56.059 ], [ -4.826, 56.033 ], [ -4.767, 55.99 ], [ -4.852, 55.989 ], [ -4.88, 56.058 ], [ -4.746, 56.207 ], [ -4.786, 56.186 ], [ -4.862, 56.1 ], [ -4.887, 56.109 ], [ -4.883, 56.143 ], [ -4.901, 56.17 ], [ -4.918, 56.164 ], [ -4.9, 56.146 ], [ -4.909, 56.112 ], [ -4.874, 56.086 ], [ -4.914, 56.051 ], [ -4.898, 55.984 ], [ -4.962, 56.006 ], [ -4.961, 55.99 ], [ -4.908, 55.968 ], [ -4.979, 55.862 ], [ -5.045, 55.871 ], [ -5.069, 55.952 ], [ -5.105, 55.972 ], [ -5.123, 56.01 ], [ -5.129, 55.997 ], [ -5.082, 55.939 ], [ -5.074, 55.901 ], [ -5.112, 55.902 ], [ -5.166, 55.932 ], [ -5.178, 55.933 ], [ -5.186, 55.986 ], [ -5.197, 55.985 ], [ -5.196, 55.932 ], [ -5.242, 55.894 ], [ -5.209, 55.856 ], [ -5.204, 55.827 ], [ -5.256, 55.852 ], [ -5.312, 55.852 ], [ -5.311, 55.876 ], [ -5.317, 55.871 ], [ -5.314, 55.878 ], [ -5.34, 55.89 ], [ -5.348, 55.888 ], [ -5.351, 55.91 ], [ -5.337, 55.92 ], [ -5.348, 55.928 ], [ -5.327, 55.956 ], [ -5.347, 55.969 ], [ -5.342, 55.995 ], [ -5.264, 56.071 ], [ -5.201, 56.108 ], [ -5.203, 56.128 ], [ -5.102, 56.156 ], [ -5.055, 56.211 ], [ -4.982, 56.236 ], [ -4.939, 56.255 ], [ -4.917, 56.273 ], [ -5.046, 56.234 ], [ -5.042, 56.26 ], [ -5.111, 56.199 ], [ -5.117, 56.171 ], [ -5.192, 56.15 ], [ -5.237, 56.128 ], [ -5.306, 56.061 ], [ -5.334, 56.068 ], [ -5.338, 56.031 ], [ -5.385, 56.003 ], [ -5.394, 56.004 ], [ -5.428, 56.011 ], [ -5.43, 56.035 ], [ -5.44, 56.038 ], [ -5.451, 55.972 ], [ -5.429, 55.947 ], [ -5.42, 55.896 ], [ -5.401, 55.877 ], [ -5.401, 55.876 ], [ -5.395, 55.87 ], [ -5.406, 55.871 ], [ -5.415, 55.864 ], [ -5.385, 55.862 ], [ -5.34, 55.827 ], [ -5.315, 55.783 ], [ -5.328, 55.765 ], [ -5.394, 55.752 ], [ -5.451, 55.707 ], [ -5.449, 55.688 ], [ -5.484, 55.643 ], [ -5.458, 55.576 ], [ -5.467, 55.571 ], [ -5.47, 55.582 ], [ -5.488, 55.579 ], [ -5.485, 55.585 ], [ -5.488, 55.585 ], [ -5.489, 55.585 ], [ -5.496, 55.566 ], [ -5.493, 55.553 ], [ -5.49, 55.53 ], [ -5.504, 55.527 ], [ -5.516, 55.496 ], [ -5.515, 55.49 ], [ -5.515, 55.489 ], [ -5.51, 55.488 ], [ -5.528, 55.476 ], [ -5.528, 55.475 ], [ -5.53, 55.475 ], [ -5.546, 55.466 ], [ -5.551, 55.434 ], [ -5.604, 55.426 ], [ -5.551, 55.418 ], [ -5.517, 55.368 ], [ -5.562, 55.324 ], [ -5.604, 55.308 ], [ -5.688, 55.309 ], [ -5.762, 55.289 ], [ -5.804, 55.306 ], [ -5.796, 55.391 ], [ -5.75, 55.425 ], [ -5.722, 55.427 ], [ -5.716, 55.442 ], [ -5.704, 55.533 ], [ -5.716, 55.573 ], [ -5.693, 55.587 ], [ -5.672, 55.633 ], [ -5.663, 55.668 ], [ -5.677, 55.682 ], [ -5.62, 55.71 ], [ -5.57, 55.767 ], [ -5.479, 55.804 ], [ -5.436, 55.857 ], [ -5.539, 55.786 ], [ -5.616, 55.761 ], [ -5.6, 55.778 ], [ -5.62, 55.784 ], [ -5.605, 55.792 ], [ -5.664, 55.799 ], [ -5.665, 55.84 ], [ -5.569, 55.937 ], [ -5.609, 55.929 ], [ -5.678, 55.887 ], [ -5.688, 55.911 ], [ -5.666, 55.949 ], [ -5.572, 56.017 ], [ -5.565, 56.03 ], [ -5.598, 56.016 ], [ -5.566, 56.041 ], [ -5.587, 56.039 ], [ -5.609, 56.024 ], [ -5.577, 56.052 ], [ -5.58, 56.055 ], [ -5.625, 56.024 ], [ -5.611, 56.019 ], [ -5.637, 55.991 ], [ -5.658, 55.984 ], [ -5.636, 56.013 ], [ -5.652, 56.001 ], [ -5.673, 55.979 ], [ -5.67, 55.973 ], [ -5.655, 55.977 ], [ -5.668, 55.964 ], [ -5.699, 55.954 ], [ -5.715, 55.949 ], [ -5.585, 56.092 ], [ -5.568, 56.088 ], [ -5.553, 56.091 ], [ -5.55, 56.081 ], [ -5.529, 56.074 ], [ -5.527, 56.073 ], [ -5.516, 56.073 ], [ -5.512, 56.075 ], [ -5.517, 56.079 ], [ -5.512, 56.078 ], [ -5.509, 56.078 ], [ -5.545, 56.084 ], [ -5.53, 56.101 ], [ -5.569, 56.114 ], [ -5.508, 56.191 ], [ -5.579, 56.157 ], [ -5.598, 56.133 ], [ -5.615, 56.132 ], [ -5.588, 56.153 ], [ -5.604, 56.15 ], [ -5.557, 56.204 ], [ -5.567, 56.211 ], [ -5.541, 56.217 ], [ -5.566, 56.238 ], [ -5.5, 56.257 ], [ -5.485, 56.255 ], [ -5.484, 56.257 ], [ -5.483, 56.256 ], [ -5.482, 56.257 ], [ -5.505, 56.27 ], [ -5.596, 56.249 ], [ -5.579, 56.284 ], [ -5.585, 56.287 ], [ -5.592, 56.283 ], [ -5.578, 56.334 ], [ -5.555, 56.348 ], [ -5.52, 56.34 ], [ -5.442, 56.364 ], [ -5.493, 56.363 ], [ -5.52, 56.345 ], [ -5.538, 56.36 ], [ -5.514, 56.396 ], [ -5.473, 56.413 ], [ -5.484, 56.436 ], [ -5.461, 56.448 ], [ -5.324, 56.455 ], [ -5.267, 56.458 ], [ -5.237, 56.436 ], [ -5.19, 56.448 ], [ -5.119, 56.489 ], [ -5.062, 56.559 ], [ -5.156, 56.501 ], [ -5.185, 56.461 ], [ -5.221, 56.449 ], [ -5.222, 56.449 ], [ -5.23, 56.447 ], [ -5.257, 56.464 ], [ -5.346, 56.472 ], [ -5.407, 56.459 ], [ -5.405, 56.484 ], [ -5.427, 56.496 ], [ -5.42, 56.508 ], [ -5.454, 56.476 ], [ -5.452, 56.488 ], [ -5.474, 56.481 ], [ -5.42, 56.527 ], [ -5.359, 56.514 ], [ -5.231, 56.564 ], [ -5.323, 56.548 ], [ -5.366, 56.524 ], [ -5.393, 56.544 ], [ -5.417, 56.539 ], [ -5.408, 56.561 ], [ -5.369, 56.566 ], [ -5.388, 56.576 ], [ -5.361, 56.604 ], [ -5.296, 56.639 ], [ -5.326, 56.647 ], [ -5.317, 56.653 ], [ -5.253, 56.666 ], [ -5.224, 56.686 ], [ -5.137, 56.677 ], [ -4.969, 56.715 ], [ -5.013, 56.714 ], [ -5.162, 56.685 ], [ -5.247, 56.703 ], [ -5.084, 56.833 ], [ -5.086, 56.833 ], [ -5.191, 56.855 ], [ -5.256, 56.853 ], [ -5.332, 56.86 ], [ -5.348, 56.859 ], [ -5.263, 56.842 ], [ -5.18, 56.846 ], [ -5.123, 56.827 ], [ -5.218, 56.766 ], [ -5.24, 56.767 ], [ -5.236, 56.761 ], [ -5.231, 56.751 ], [ -5.257, 56.732 ], [ -5.243, 56.72 ], [ -5.284, 56.701 ], [ -5.288, 56.71 ], [ -5.299, 56.714 ], [ -5.306, 56.714 ], [ -5.47, 56.615 ], [ -5.529, 56.616 ], [ -5.492, 56.606 ], [ -5.548, 56.554 ], [ -5.685, 56.497 ], [ -5.696, 56.512 ], [ -5.771, 56.533 ], [ -5.74, 56.562 ], [ -5.748, 56.565 ], [ -5.785, 56.532 ], [ -5.884, 56.552 ], [ -5.905, 56.551 ], [ -6.001, 56.62 ], [ -6.007, 56.645 ], [ -5.906, 56.658 ], [ -5.892, 56.639 ], [ -5.831, 56.621 ], [ -5.88, 56.653 ], [ -5.747, 56.702 ], [ -5.674, 56.677 ], [ -5.61, 56.677 ], [ -5.535, 56.684 ], [ -5.534, 56.689 ], [ -5.655, 56.682 ], [ -5.68, 56.693 ], [ -5.718, 56.71 ], [ -5.778, 56.717 ], [ -5.836, 56.675 ], [ -5.861, 56.681 ], [ -5.926, 56.676 ], [ -5.946, 56.689 ], [ -5.974, 56.672 ], [ -5.987, 56.685 ], [ -6.11, 56.697 ], [ -6.14, 56.683 ], [ -6.184, 56.687 ], [ -6.218, 56.703 ], [ -6.227, 56.728 ], [ -6.211, 56.726 ], [ -6.201, 56.738 ], [ -6.19, 56.735 ], [ -6.189, 56.734 ], [ -6.185, 56.735 ], [ -6.186, 56.755 ], [ -6.006, 56.763 ], [ -6.014, 56.772 ], [ -5.981, 56.769 ], [ -5.966, 56.785 ], [ -5.909, 56.75 ], [ -5.886, 56.763 ], [ -5.87, 56.755 ], [ -5.877, 56.746 ], [ -5.845, 56.739 ], [ -5.852, 56.747 ], [ -5.834, 56.745 ], [ -5.849, 56.76 ], [ -5.888, 56.766 ], [ -5.893, 56.779 ], [ -5.874, 56.784 ], [ -5.855, 56.768 ], [ -5.853, 56.78 ], [ -5.829, 56.771 ], [ -5.797, 56.792 ], [ -5.78, 56.783 ], [ -5.747, 56.784 ], [ -5.867, 56.812 ], [ -5.856, 56.833 ], [ -5.838, 56.835 ], [ -5.836, 56.837 ], [ -5.833, 56.835 ] ], [ [ -5.407, 57.303 ], [ -5.402, 57.299 ], [ -5.398, 57.3 ], [ -5.408, 57.31 ], [ -5.409, 57.31 ], [ -5.407, 57.303 ] ], [ [ -3.137, 58.504 ], [ -3.146, 58.506 ], [ -3.134, 58.501 ], [ -3.137, 58.504 ] ], [ [ -4.044, 57.814 ], [ -4.038, 57.813 ], [ -4.037, 57.813 ], [ -4.048, 57.815 ], [ -4.044, 57.814 ] ], [ [ -4.413, 57.597 ], [ -4.416, 57.598 ], [ -4.421, 57.599 ], [ -4.429, 57.598 ], [ -4.408, 57.593 ], [ -4.413, 57.597 ] ], [ [ -1.784, 57.463 ], [ -1.782, 57.462 ], [ -1.782, 57.463 ], [ -1.782, 57.464 ], [ -1.784, 57.463 ] ], [ [ -2.508, 56.655 ], [ -2.51, 56.654 ], [ -2.508, 56.654 ], [ -2.508, 56.655 ] ], [ [ -2.525, 56.65 ], [ -2.529, 56.647 ], [ -2.51, 56.654 ], [ -2.525, 56.65 ] ], [ [ -3.339, 56.345 ], [ -3.345, 56.352 ], [ -3.354, 56.35 ], [ -3.367, 56.353 ], [ -3.375, 56.352 ], [ -3.38, 56.35 ], [ -3.386, 56.352 ], [ -3.401, 56.35 ], [ -3.421, 56.361 ], [ -3.446, 56.358 ], [ -3.401, 56.348 ], [ -3.38, 56.349 ], [ -3.367, 56.352 ], [ -3.359, 56.349 ], [ -3.351, 56.349 ], [ -3.345, 56.351 ], [ -3.342, 56.338 ], [ -3.339, 56.339 ], [ -3.339, 56.345 ] ], [ [ -3.772, 56.093 ], [ -3.766, 56.099 ], [ -3.773, 56.108 ], [ -3.773, 56.093 ], [ -3.772, 56.093 ] ], [ [ -3.901, 56.127 ], [ -3.905, 56.129 ], [ -3.91, 56.129 ], [ -3.913, 56.128 ], [ -3.916, 56.121 ], [ -3.929, 56.12 ], [ -3.928, 56.119 ], [ -3.902, 56.122 ], [ -3.901, 56.127 ] ], [ [ -3.89, 56.12 ], [ -3.89, 56.118 ], [ -3.888, 56.117 ], [ -3.889, 56.115 ], [ -3.888, 56.115 ], [ -3.886, 56.116 ], [ -3.889, 56.12 ], [ -3.89, 56.12 ] ], [ [ -2.605, 56.008 ], [ -2.612, 56.007 ], [ -2.622, 56.002 ], [ -2.624, 55.997 ], [ -2.605, 56.007 ], [ -2.605, 56.008 ] ], [ [ -2.055, 55.758 ], [ -2.048, 55.758 ], [ -2.046, 55.759 ], [ -2.055, 55.758 ] ], [ [ -2.064, 55.76 ], [ -2.071, 55.761 ], [ -2.078, 55.762 ], [ -2.1, 55.763 ], [ -2.11, 55.758 ], [ -2.107, 55.749 ], [ -2.115, 55.748 ], [ -2.118, 55.746 ], [ -2.12, 55.743 ], [ -2.118, 55.739 ], [ -2.129, 55.74 ], [ -2.129, 55.739 ], [ -2.13, 55.74 ], [ -2.137, 55.74 ], [ -2.125, 55.737 ], [ -2.122, 55.738 ], [ -2.117, 55.738 ], [ -2.106, 55.748 ], [ -2.102, 55.761 ], [ -2.055, 55.758 ], [ -2.064, 55.76 ] ], [ [ -1.457, 54.989 ], [ -1.518, 54.996 ], [ -1.503, 54.988 ], [ -1.531, 54.986 ], [ -1.552, 54.96 ], [ -1.593, 54.976 ], [ -1.639, 54.96 ], [ -1.71, 54.974 ], [ -1.72, 54.968 ], [ -1.719, 54.967 ], [ -1.68, 54.964 ], [ -1.687, 54.959 ], [ -1.685, 54.957 ], [ -1.684, 54.957 ], [ -1.676, 54.964 ], [ -1.628, 54.948 ], [ -1.638, 54.957 ], [ -1.598, 54.969 ], [ -1.554, 54.958 ], [ -1.538, 54.961 ], [ -1.519, 54.985 ], [ -1.457, 54.977 ], [ -1.472, 54.986 ], [ -1.45, 54.984 ], [ -1.439, 55.005 ], [ -1.457, 54.989 ] ], [ [ -1.726, 54.975 ], [ -1.751, 54.983 ], [ -1.785, 54.984 ], [ -1.75, 54.982 ], [ -1.72, 54.968 ], [ -1.726, 54.975 ] ], [ [ -1.689, 54.956 ], [ -1.692, 54.956 ], [ -1.696, 54.953 ], [ -1.685, 54.957 ], [ -1.689, 54.956 ] ], [ [ -1.699, 54.95 ], [ -1.696, 54.952 ], [ -1.696, 54.953 ], [ -1.699, 54.95 ] ], [ [ -1.259, 54.589 ], [ -1.262, 54.573 ], [ -1.264, 54.576 ], [ -1.268, 54.578 ], [ -1.262, 54.572 ], [ -1.254, 54.59 ], [ -1.259, 54.589 ] ], [ [ -1.283, 54.585 ], [ -1.296, 54.587 ], [ -1.268, 54.578 ], [ -1.283, 54.585 ] ], [ [ -1.286, 54.565 ], [ -1.277, 54.547 ], [ -1.282, 54.565 ], [ -1.262, 54.569 ], [ -1.262, 54.572 ], [ -1.286, 54.565 ] ], [ [ -0.615, 54.475 ], [ -0.608, 54.48 ], [ -0.614, 54.488 ], [ -0.615, 54.475 ] ], [ [ -0.623, 54.475 ], [ -0.634, 54.468 ], [ -0.621, 54.471 ], [ -0.615, 54.475 ], [ -0.623, 54.475 ] ], [ [ -1.033, 53.766 ], [ -1.034, 53.765 ], [ -1.026, 53.761 ], [ -1.033, 53.766 ] ], [ [ -1.022, 53.771 ], [ -1.021, 53.774 ], [ -1.024, 53.776 ], [ -1.025, 53.776 ], [ -1.033, 53.766 ], [ -1.022, 53.771 ] ], [ [ -1.027, 53.778 ], [ -1.045, 53.78 ], [ -1.038, 53.777 ], [ -1.025, 53.776 ], [ -1.027, 53.778 ] ], [ [ -1.066, 53.787 ], [ -1.047, 53.79 ], [ -1.066, 53.788 ], [ -1.068, 53.786 ], [ -1.045, 53.78 ], [ -1.066, 53.787 ] ], [ [ -1.042, 53.811 ], [ -1.084, 53.823 ], [ -1.084, 53.821 ], [ -1.043, 53.81 ], [ -1.047, 53.79 ], [ -1.042, 53.811 ] ], [ [ -1.075, 53.833 ], [ -1.076, 53.836 ], [ -1.077, 53.836 ], [ -1.085, 53.824 ], [ -1.084, 53.823 ], [ -1.075, 53.833 ] ], [ [ -1.079, 53.836 ], [ -1.084, 53.835 ], [ -1.088, 53.832 ], [ -1.077, 53.836 ], [ -1.079, 53.836 ] ], [ [ -1.099, 53.837 ], [ -1.105, 53.838 ], [ -1.118, 53.837 ], [ -1.128, 53.834 ], [ -1.127, 53.833 ], [ -1.089, 53.831 ], [ -1.088, 53.832 ], [ -1.099, 53.837 ] ], [ [ -1.118, 53.856 ], [ -1.127, 53.865 ], [ -1.127, 53.844 ], [ -1.129, 53.844 ], [ -1.129, 53.845 ], [ -1.13, 53.845 ], [ -1.132, 53.846 ], [ -1.134, 53.846 ], [ -1.141, 53.839 ], [ -1.128, 53.834 ], [ -1.118, 53.856 ] ], [ [ -1.119, 53.867 ], [ -1.106, 53.875 ], [ -1.1, 53.876 ], [ -1.1, 53.88 ], [ -1.096, 53.883 ], [ -1.093, 53.89 ], [ -1.097, 53.893 ], [ -1.127, 53.865 ], [ -1.119, 53.867 ] ], [ [ -0.958, 53.715 ], [ -0.958, 53.714 ], [ -0.905, 53.717 ], [ -0.903, 53.72 ], [ -0.904, 53.721 ], [ -0.958, 53.715 ] ], [ [ -0.959, 53.714 ], [ -0.959, 53.71 ], [ -0.962, 53.708 ], [ -0.958, 53.705 ], [ -0.957, 53.705 ], [ -0.958, 53.714 ], [ -0.959, 53.714 ] ], [ [ -0.963, 53.704 ], [ -0.963, 53.701 ], [ -0.958, 53.705 ], [ -0.963, 53.704 ] ], [ [ -0.87, 53.697 ], [ -0.886, 53.695 ], [ -0.946, 53.68 ], [ -0.991, 53.674 ], [ -0.946, 53.679 ], [ -0.869, 53.697 ], [ -0.87, 53.697 ] ], [ [ -0.992, 53.674 ], [ -0.993, 53.655 ], [ -0.983, 53.621 ], [ -0.982, 53.622 ], [ -0.991, 53.674 ], [ -0.992, 53.674 ] ], [ [ -1.087, 53.595 ], [ -1.091, 53.592 ], [ -1.091, 53.591 ], [ -1.081, 53.572 ], [ -1.087, 53.594 ], [ -1.033, 53.601 ], [ -0.995, 53.612 ], [ -0.989, 53.615 ], [ -0.983, 53.621 ], [ -1.087, 53.595 ] ], [ [ -1.091, 53.564 ], [ -1.093, 53.554 ], [ -1.081, 53.572 ], [ -1.091, 53.564 ] ], [ [ -0.82, 53.441 ], [ -0.785, 53.462 ], [ -0.785, 53.463 ], [ -0.82, 53.441 ] ], [ [ -0.821, 53.44 ], [ -0.818, 53.426 ], [ -0.804, 53.417 ], [ -0.795, 53.414 ], [ -0.789, 53.415 ], [ -0.817, 53.426 ], [ -0.82, 53.441 ], [ -0.821, 53.44 ] ], [ [ -0.792, 53.412 ], [ -0.791, 53.407 ], [ -0.787, 53.402 ], [ -0.778, 53.397 ], [ -0.79, 53.386 ], [ -0.776, 53.397 ], [ -0.788, 53.415 ], [ -0.789, 53.415 ], [ -0.792, 53.412 ] ], [ [ -0.782, 53.382 ], [ -0.776, 53.378 ], [ -0.787, 53.375 ], [ -0.791, 53.369 ], [ -0.792, 53.364 ], [ -0.79, 53.363 ], [ -0.775, 53.378 ], [ -0.775, 53.379 ], [ -0.781, 53.383 ], [ -0.781, 53.384 ], [ -0.79, 53.386 ], [ -0.782, 53.382 ] ], [ [ 0.318, 53.102 ], [ 0.317, 53.102 ], [ 0.315, 53.102 ], [ 0.319, 53.101 ], [ 0.318, 53.102 ] ], [ [ 0.314, 53.103 ], [ 0.309, 53.105 ], [ 0.315, 53.102 ], [ 0.314, 53.103 ] ], [ [ 0.309, 53.108 ], [ 0.307, 53.11 ], [ 0.304, 53.111 ], [ 0.309, 53.105 ], [ 0.309, 53.108 ] ], [ [ 0.308, 53.094 ], [ 0.309, 53.092 ], [ 0.308, 53.092 ], [ 0.305, 53.092 ], [ 0.305, 53.091 ], [ 0.314, 53.092 ], [ 0.308, 53.094 ] ], [ [ 0.039, 52.932 ], [ 0.035, 52.931 ], [ 0.042, 52.928 ], [ 0.039, 52.932 ] ], [ [ 0.035, 52.92 ], [ 0.036, 52.92 ], [ 0.039, 52.923 ], [ 0.041, 52.922 ], [ 0.036, 52.926 ], [ 0.035, 52.921 ], [ 0.031, 52.923 ], [ 0.03, 52.921 ], [ 0.034, 52.92 ], [ 0.032, 52.917 ], [ 0.035, 52.919 ], [ 0.035, 52.92 ] ], [ [ 0.029, 52.921 ], [ 0.029, 52.923 ], [ 0.029, 52.924 ], [ 0.029, 52.925 ], [ 0.027, 52.924 ], [ 0.029, 52.919 ], [ 0.03, 52.921 ], [ 0.029, 52.921 ] ], [ [ 0.015, 52.908 ], [ 0.01, 52.904 ], [ 0.028, 52.904 ], [ 0.015, 52.908 ] ], [ [ 0.151, 52.663 ], [ 0.131, 52.643 ], [ 0.159, 52.667 ], [ 0.151, 52.663 ] ], [ [ 0.357, 52.72 ], [ 0.353, 52.715 ], [ 0.354, 52.706 ], [ 0.351, 52.704 ], [ 0.371, 52.692 ], [ 0.36, 52.666 ], [ 0.366, 52.654 ], [ 0.365, 52.646 ], [ 0.368, 52.641 ], [ 0.362, 52.621 ], [ 0.364, 52.611 ], [ 0.342, 52.591 ], [ 0.361, 52.604 ], [ 0.365, 52.611 ], [ 0.369, 52.64 ], [ 0.367, 52.655 ], [ 0.361, 52.667 ], [ 0.373, 52.688 ], [ 0.372, 52.693 ], [ 0.356, 52.707 ], [ 0.355, 52.714 ], [ 0.392, 52.746 ], [ 0.357, 52.72 ] ], [ [ 0.341, 52.591 ], [ 0.34, 52.583 ], [ 0.261, 52.512 ], [ 0.342, 52.584 ], [ 0.342, 52.591 ], [ 0.341, 52.591 ] ], [ [ 0.26, 52.512 ], [ 0.115, 52.411 ], [ 0.108, 52.406 ], [ 0.1, 52.399 ], [ 0.093, 52.391 ], [ 0.051, 52.358 ], [ 0.028, 52.353 ], [ 0.009, 52.341 ], [ 0.009, 52.335 ], [ 0.045, 52.352 ], [ 0.261, 52.512 ], [ 0.26, 52.512 ] ], [ [ 0.685, 52.967 ], [ 0.7, 52.974 ], [ 0.693, 52.974 ], [ 0.684, 52.97 ], [ 0.685, 52.967 ] ], [ [ 1.724, 52.614 ], [ 1.722, 52.62 ], [ 1.723, 52.612 ], [ 1.724, 52.614 ] ], [ [ 1.725, 52.621 ], [ 1.727, 52.623 ], [ 1.725, 52.627 ], [ 1.722, 52.62 ], [ 1.725, 52.621 ] ], [ [ 1.721, 52.63 ], [ 1.718, 52.631 ], [ 1.71, 52.631 ], [ 1.707, 52.63 ], [ 1.703, 52.626 ], [ 1.698, 52.626 ], [ 1.693, 52.622 ], [ 1.725, 52.627 ], [ 1.721, 52.63 ] ], [ [ 1.688, 52.628 ], [ 1.679, 52.63 ], [ 1.653, 52.632 ], [ 1.639, 52.63 ], [ 1.643, 52.63 ], [ 1.679, 52.629 ], [ 1.692, 52.621 ], [ 1.693, 52.622 ], [ 1.688, 52.628 ] ], [ [ 1.634, 52.633 ], [ 1.622, 52.633 ], [ 1.627, 52.631 ], [ 1.639, 52.63 ], [ 1.634, 52.633 ] ], [ [ 1.616, 52.632 ], [ 1.611, 52.625 ], [ 1.622, 52.633 ], [ 1.616, 52.632 ] ], [ [ 1.639, 52.588 ], [ 1.636, 52.582 ], [ 1.638, 52.582 ], [ 1.64, 52.588 ], [ 1.639, 52.588 ] ], [ [ 1.63, 52.581 ], [ 1.627, 52.58 ], [ 1.62, 52.574 ], [ 1.612, 52.575 ], [ 1.608, 52.574 ], [ 1.62, 52.573 ], [ 1.624, 52.574 ], [ 1.636, 52.582 ], [ 1.63, 52.581 ] ], [ [ 1.158, 52.051 ], [ 1.155, 52.052 ], [ 1.142, 52.052 ], [ 1.159, 52.05 ], [ 1.158, 52.051 ] ], [ [ 1.059, 51.771 ], [ 1.058, 51.771 ], [ 1.057, 51.773 ], [ 1.054, 51.77 ], [ 1.059, 51.771 ] ], [ [ 0.952, 51.86 ], [ 0.951, 51.863 ], [ 0.951, 51.864 ], [ 0.95, 51.864 ], [ 0.95, 51.865 ], [ 0.926, 51.886 ], [ 0.915, 51.891 ], [ 0.947, 51.866 ], [ 0.949, 51.856 ], [ 0.95, 51.856 ], [ 0.952, 51.86 ] ], [ [ 0.951, 51.851 ], [ 0.955, 51.851 ], [ 0.955, 51.853 ], [ 0.951, 51.851 ] ], [ [ 0.946, 51.849 ], [ 0.946, 51.847 ], [ 0.953, 51.849 ], [ 0.951, 51.851 ], [ 0.946, 51.849 ] ], [ [ 0.841, 51.774 ], [ 0.838, 51.774 ], [ 0.842, 51.773 ], [ 0.841, 51.774 ] ], [ [ 0.665, 51.741 ], [ 0.664, 51.744 ], [ 0.662, 51.743 ], [ 0.664, 51.739 ], [ 0.665, 51.741 ] ], [ [ 0.773, 51.688 ], [ 0.778, 51.685 ], [ 0.78, 51.693 ], [ 0.773, 51.701 ], [ 0.773, 51.688 ] ], [ [ 0.935, 51.674 ], [ 0.934, 51.673 ], [ 0.942, 51.674 ], [ 0.935, 51.674 ] ], [ [ 0.655, 51.629 ], [ 0.658, 51.629 ], [ 0.659, 51.63 ], [ 0.658, 51.633 ], [ 0.656, 51.631 ], [ 0.656, 51.632 ], [ 0.655, 51.631 ], [ 0.654, 51.63 ], [ 0.655, 51.629 ] ], [ [ 0.505, 51.559 ], [ 0.503, 51.559 ], [ 0.495, 51.553 ], [ 0.491, 51.556 ], [ 0.489, 51.555 ], [ 0.493, 51.549 ], [ 0.505, 51.559 ] ], [ [ 0.436, 51.502 ], [ 0.423, 51.515 ], [ 0.434, 51.501 ], [ 0.435, 51.5 ], [ 0.436, 51.502 ] ], [ [ 0.099, 51.515 ], [ 0.092, 51.527 ], [ 0.076, 51.53 ], [ 0.068, 51.554 ], [ 0.066, 51.557 ], [ 0.063, 51.558 ], [ 0.061, 51.558 ], [ 0.057, 51.561 ], [ 0.073, 51.529 ], [ 0.097, 51.515 ], [ 0.074, 51.5 ], [ 0.02, 51.5 ], [ 0.007, 51.514 ], [ -0.009, 51.52 ], [ 0.009, 51.507 ], [ -0.006, 51.505 ], [ -0.007, 51.487 ], [ -0.026, 51.491 ], [ -0.03, 51.509 ], [ -0.108, 51.511 ], [ -0.121, 51.508 ], [ -0.132, 51.486 ], [ -0.176, 51.482 ], [ -0.19, 51.465 ], [ -0.233, 51.49 ], [ -0.24, 51.49 ], [ -0.246, 51.488 ], [ -0.248, 51.487 ], [ -0.262, 51.471 ], [ -0.26, 51.47 ], [ -0.233, 51.489 ], [ -0.224, 51.472 ], [ -0.196, 51.463 ], [ -0.195, 51.46 ], [ -0.193, 51.46 ], [ -0.172, 51.48 ], [ -0.127, 51.486 ], [ -0.111, 51.508 ], [ -0.034, 51.506 ], [ -0.021, 51.475 ], [ 0.001, 51.488 ], [ 0.001, 51.505 ], [ 0.022, 51.494 ], [ 0.064, 51.494 ], [ 0.129, 51.513 ], [ 0.099, 51.515 ] ], [ [ -0.007, 51.526 ], [ -0.002, 51.527 ], [ 0.001, 51.528 ], [ 0.001, 51.531 ], [ -0.008, 51.527 ], [ -0.009, 51.52 ], [ -0.007, 51.526 ] ], [ [ -0.282, 51.486 ], [ -0.29, 51.487 ], [ -0.292, 51.487 ], [ -0.295, 51.486 ], [ -0.296, 51.486 ], [ -0.298, 51.485 ], [ -0.299, 51.485 ], [ -0.306, 51.483 ], [ -0.307, 51.476 ], [ -0.32, 51.471 ], [ -0.323, 51.471 ], [ -0.327, 51.462 ], [ -0.304, 51.452 ], [ -0.303, 51.452 ], [ -0.308, 51.458 ], [ -0.319, 51.47 ], [ -0.307, 51.475 ], [ -0.29, 51.486 ], [ -0.262, 51.471 ], [ -0.282, 51.486 ] ], [ [ -0.325, 51.447 ], [ -0.326, 51.446 ], [ -0.327, 51.446 ], [ -0.328, 51.444 ], [ -0.33, 51.442 ], [ -0.304, 51.452 ], [ -0.325, 51.447 ] ], [ [ -0.332, 51.441 ], [ -0.332, 51.439 ], [ -0.331, 51.439 ], [ -0.327, 51.432 ], [ -0.322, 51.43 ], [ -0.318, 51.429 ], [ -0.33, 51.442 ], [ -0.332, 51.441 ] ], [ [ 0.216, 51.479 ], [ 0.216, 51.477 ], [ 0.212, 51.476 ], [ 0.208, 51.471 ], [ 0.21, 51.463 ], [ 0.204, 51.46 ], [ 0.203, 51.458 ], [ 0.199, 51.459 ], [ 0.199, 51.458 ], [ 0.198, 51.458 ], [ 0.215, 51.453 ], [ 0.218, 51.48 ], [ 0.216, 51.479 ] ], [ [ 0.509, 51.397 ], [ 0.504, 51.397 ], [ 0.45, 51.367 ], [ 0.45, 51.364 ], [ 0.505, 51.393 ], [ 0.519, 51.387 ], [ 0.509, 51.397 ] ], [ [ 0.448, 51.347 ], [ 0.457, 51.336 ], [ 0.451, 51.334 ], [ 0.451, 51.331 ], [ 0.458, 51.336 ], [ 0.45, 51.364 ], [ 0.448, 51.347 ] ], [ [ 0.45, 51.33 ], [ 0.455, 51.329 ], [ 0.459, 51.331 ], [ 0.451, 51.331 ], [ 0.45, 51.33 ] ], [ [ 0.455, 51.327 ], [ 0.456, 51.319 ], [ 0.458, 51.313 ], [ 0.462, 51.304 ], [ 0.464, 51.303 ], [ 0.469, 51.302 ], [ 0.479, 51.303 ], [ 0.464, 51.304 ], [ 0.46, 51.331 ], [ 0.459, 51.331 ], [ 0.455, 51.327 ] ], [ [ 0.911, 51.327 ], [ 0.893, 51.32 ], [ 0.888, 51.317 ], [ 0.903, 51.32 ], [ 0.903, 51.322 ], [ 0.915, 51.327 ], [ 0.911, 51.327 ] ], [ [ 1.348, 51.302 ], [ 1.346, 51.302 ], [ 1.348, 51.274 ], [ 1.352, 51.275 ], [ 1.352, 51.277 ], [ 1.356, 51.278 ], [ 1.357, 51.278 ], [ 1.356, 51.297 ], [ 1.355, 51.299 ], [ 1.35, 51.299 ], [ 1.349, 51.302 ], [ 1.348, 51.302 ] ], [ [ 1.346, 51.305 ], [ 1.345, 51.308 ], [ 1.343, 51.31 ], [ 1.34, 51.313 ], [ 1.346, 51.302 ], [ 1.346, 51.305 ] ], [ [ 1.337, 51.282 ], [ 1.339, 51.278 ], [ 1.342, 51.276 ], [ 1.348, 51.274 ], [ 1.337, 51.282 ] ], [ [ 0.765, 50.94 ], [ 0.763, 50.94 ], [ 0.772, 50.931 ], [ 0.765, 50.94 ] ], [ [ 0.738, 50.952 ], [ 0.74, 50.953 ], [ 0.739, 50.957 ], [ 0.748, 50.964 ], [ 0.75, 50.97 ], [ 0.728, 50.95 ], [ 0.763, 50.94 ], [ 0.738, 50.952 ] ], [ [ 0.15, 50.766 ], [ 0.146, 50.774 ], [ 0.142, 50.777 ], [ 0.149, 50.759 ], [ 0.15, 50.766 ] ], [ [ 0.148, 50.786 ], [ 0.147, 50.788 ], [ 0.145, 50.79 ], [ 0.154, 50.792 ], [ 0.157, 50.794 ], [ 0.165, 50.816 ], [ 0.144, 50.79 ], [ 0.142, 50.777 ], [ 0.148, 50.786 ] ], [ [ 0.023, 50.872 ], [ -0.002, 50.887 ], [ 0.001, 50.883 ], [ 0.006, 50.88 ], [ 0.023, 50.871 ], [ 0.023, 50.872 ] ], [ [ -0.001, 50.889 ], [ -0.003, 50.887 ], [ -0.002, 50.887 ], [ -0.001, 50.889 ] ], [ [ -0.298, 50.866 ], [ -0.298, 50.868 ], [ -0.299, 50.869 ], [ -0.301, 50.869 ], [ -0.301, 50.871 ], [ -0.303, 50.872 ], [ -0.303, 50.876 ], [ -0.304, 50.877 ], [ -0.303, 50.88 ], [ -0.305, 50.881 ], [ -0.306, 50.882 ], [ -0.307, 50.888 ], [ -0.31, 50.889 ], [ -0.302, 50.862 ], [ -0.298, 50.866 ] ], [ [ -0.304, 50.896 ], [ -0.303, 50.899 ], [ -0.304, 50.899 ], [ -0.31, 50.889 ], [ -0.304, 50.896 ] ], [ [ -0.545, 50.808 ], [ -0.553, 50.812 ], [ -0.559, 50.812 ], [ -0.562, 50.819 ], [ -0.566, 50.819 ], [ -0.571, 50.816 ], [ -0.542, 50.801 ], [ -0.545, 50.808 ] ], [ [ -0.572, 50.823 ], [ -0.576, 50.826 ], [ -0.577, 50.825 ], [ -0.573, 50.817 ], [ -0.571, 50.816 ], [ -0.572, 50.823 ] ], [ [ -0.567, 50.829 ], [ -0.566, 50.83 ], [ -0.571, 50.835 ], [ -0.576, 50.826 ], [ -0.567, 50.829 ] ], [ [ -0.563, 50.838 ], [ -0.561, 50.851 ], [ -0.571, 50.835 ], [ -0.563, 50.838 ] ], [ [ -0.547, 50.851 ], [ -0.542, 50.853 ], [ -0.539, 50.856 ], [ -0.539, 50.857 ], [ -0.561, 50.851 ], [ -0.547, 50.851 ] ], [ [ -0.539, 50.858 ], [ -0.541, 50.859 ], [ -0.546, 50.86 ], [ -0.539, 50.857 ], [ -0.539, 50.858 ] ], [ [ -0.544, 50.866 ], [ -0.545, 50.866 ], [ -0.547, 50.86 ], [ -0.546, 50.86 ], [ -0.544, 50.866 ] ], [ [ -0.533, 50.864 ], [ -0.531, 50.864 ], [ -0.525, 50.867 ], [ -0.526, 50.869 ], [ -0.527, 50.871 ], [ -0.531, 50.873 ], [ -0.537, 50.874 ], [ -0.54, 50.874 ], [ -0.536, 50.868 ], [ -0.544, 50.866 ], [ -0.533, 50.864 ] ], [ [ -0.542, 50.878 ], [ -0.542, 50.877 ], [ -0.54, 50.874 ], [ -0.542, 50.878 ] ], [ [ -0.539, 50.88 ], [ -0.54, 50.881 ], [ -0.542, 50.878 ], [ -0.539, 50.88 ] ], [ [ -0.54, 50.882 ], [ -0.561, 50.888 ], [ -0.54, 50.881 ], [ -0.54, 50.882 ] ], [ [ -1.377, 50.922 ], [ -1.372, 50.936 ], [ -1.39, 50.918 ], [ -1.388, 50.917 ], [ -1.377, 50.922 ] ], [ [ -1.792, 50.732 ], [ -1.791, 50.733 ], [ -1.793, 50.737 ], [ -1.797, 50.74 ], [ -1.806, 50.741 ], [ -1.794, 50.731 ], [ -1.792, 50.732 ] ], [ [ -2.091, 50.689 ], [ -2.091, 50.688 ], [ -2.087, 50.686 ], [ -2.084, 50.691 ], [ -2.091, 50.689 ] ], [ [ -2.517, 50.618 ], [ -2.612, 50.654 ], [ -2.47, 50.583 ], [ -2.517, 50.618 ] ], [ [ -3.058, 50.704 ], [ -3.053, 50.726 ], [ -3.06, 50.721 ], [ -3.061, 50.706 ], [ -3.059, 50.704 ], [ -3.055, 50.703 ], [ -3.058, 50.704 ] ], [ [ -3.5, 50.697 ], [ -3.5, 50.698 ], [ -3.501, 50.7 ], [ -3.504, 50.703 ], [ -3.511, 50.701 ], [ -3.502, 50.699 ], [ -3.5, 50.695 ], [ -3.497, 50.694 ], [ -3.5, 50.697 ] ], [ [ -3.68, 50.435 ], [ -3.68, 50.437 ], [ -3.682, 50.437 ], [ -3.681, 50.436 ], [ -3.682, 50.428 ], [ -3.68, 50.435 ] ], [ [ -3.688, 50.439 ], [ -3.691, 50.439 ], [ -3.682, 50.437 ], [ -3.688, 50.439 ] ], [ [ -3.827, 50.31 ], [ -3.826, 50.31 ], [ -3.826, 50.311 ], [ -3.831, 50.31 ], [ -3.827, 50.31 ] ], [ [ -4.18, 50.396 ], [ -4.18, 50.397 ], [ -4.185, 50.396 ], [ -4.18, 50.396 ] ], [ [ -4.216, 50.475 ], [ -4.221, 50.498 ], [ -4.231, 50.491 ], [ -4.219, 50.475 ], [ -4.25, 50.466 ], [ -4.237, 50.459 ], [ -4.216, 50.475 ] ], [ [ -4.21, 50.496 ], [ -4.203, 50.492 ], [ -4.198, 50.491 ], [ -4.181, 50.501 ], [ -4.221, 50.499 ], [ -4.221, 50.498 ], [ -4.21, 50.496 ] ], [ [ -4.18, 50.501 ], [ -4.18, 50.503 ], [ -4.181, 50.504 ], [ -4.184, 50.508 ], [ -4.185, 50.508 ], [ -4.19, 50.508 ], [ -4.192, 50.506 ], [ -4.193, 50.507 ], [ -4.194, 50.503 ], [ -4.202, 50.503 ], [ -4.181, 50.501 ], [ -4.18, 50.501 ] ], [ [ -4.202, 50.513 ], [ -4.207, 50.517 ], [ -4.203, 50.503 ], [ -4.202, 50.503 ], [ -4.202, 50.513 ] ], [ [ -4.308, 50.391 ], [ -4.311, 50.39 ], [ -4.319, 50.39 ], [ -4.325, 50.389 ], [ -4.303, 50.388 ], [ -4.308, 50.391 ] ], [ [ -4.46, 50.372 ], [ -4.462, 50.374 ], [ -4.463, 50.374 ], [ -4.465, 50.375 ], [ -4.465, 50.376 ], [ -4.465, 50.377 ], [ -4.465, 50.379 ], [ -4.464, 50.379 ], [ -4.463, 50.383 ], [ -4.466, 50.381 ], [ -4.466, 50.38 ], [ -4.467, 50.376 ], [ -4.459, 50.359 ], [ -4.457, 50.358 ], [ -4.451, 50.351 ], [ -4.46, 50.372 ] ], [ [ -4.469, 50.364 ], [ -4.48, 50.363 ], [ -4.479, 50.362 ], [ -4.459, 50.359 ], [ -4.469, 50.364 ] ], [ [ -4.996, 50.171 ], [ -4.988, 50.178 ], [ -4.989, 50.18 ], [ -4.998, 50.189 ], [ -5.002, 50.168 ], [ -4.996, 50.171 ] ], [ [ -5.041, 50.252 ], [ -5.039, 50.249 ], [ -5.056, 50.247 ], [ -5.027, 50.243 ], [ -5.041, 50.252 ] ], [ [ -5.04, 50.255 ], [ -5.047, 50.263 ], [ -5.05, 50.264 ], [ -5.041, 50.252 ], [ -5.04, 50.255 ] ], [ [ -4.182, 50.992 ], [ -4.177, 50.995 ], [ -4.178, 50.998 ], [ -4.182, 50.992 ] ], [ [ -4.113, 51.088 ], [ -4.112, 51.086 ], [ -4.111, 51.088 ], [ -4.113, 51.088 ] ], [ [ -4.066, 51.079 ], [ -4.055, 51.072 ], [ -4.055, 51.075 ], [ -4.067, 51.081 ], [ -4.076, 51.082 ], [ -4.075, 51.08 ], [ -4.066, 51.079 ] ], [ [ -4.057, 51.068 ], [ -4.054, 51.062 ], [ -4.053, 51.065 ], [ -4.055, 51.072 ], [ -4.057, 51.068 ] ], [ [ -4.058, 51.058 ], [ -4.051, 51.054 ], [ -4.053, 51.052 ], [ -4.052, 51.052 ], [ -4.051, 51.045 ], [ -4.049, 51.044 ], [ -4.047, 51.053 ], [ -4.056, 51.058 ], [ -4.054, 51.061 ], [ -4.054, 51.062 ], [ -4.058, 51.058 ] ], [ [ -4.063, 51.082 ], [ -4.061, 51.084 ], [ -4.063, 51.084 ], [ -4.063, 51.085 ], [ -4.067, 51.081 ], [ -4.063, 51.082 ] ], [ [ -2.999, 51.145 ], [ -2.993, 51.142 ], [ -2.999, 51.152 ], [ -2.999, 51.145 ] ], [ [ -2.998, 51.14 ], [ -3.003, 51.137 ], [ -3.003, 51.134 ], [ -2.993, 51.142 ], [ -2.998, 51.14 ] ], [ [ -3.004, 51.134 ], [ -2.996, 51.119 ], [ -3.003, 51.134 ], [ -3.004, 51.134 ] ], [ [ -2.571, 51.443 ], [ -2.561, 51.445 ], [ -2.558, 51.446 ], [ -2.554, 51.451 ], [ -2.621, 51.446 ], [ -2.571, 51.443 ] ], [ [ -2.301, 51.834 ], [ -2.297, 51.832 ], [ -2.294, 51.833 ], [ -2.308, 51.847 ], [ -2.301, 51.834 ] ], [ [ -2.292, 51.833 ], [ -2.279, 51.845 ], [ -2.287, 51.86 ], [ -2.26, 51.862 ], [ -2.267, 51.889 ], [ -2.289, 51.86 ], [ -2.28, 51.845 ], [ -2.294, 51.833 ], [ -2.292, 51.833 ] ], [ [ -2.669, 51.666 ], [ -2.678, 51.66 ], [ -2.669, 51.664 ], [ -2.668, 51.665 ], [ -2.669, 51.666 ] ], [ [ -2.686, 51.663 ], [ -2.687, 51.663 ], [ -2.678, 51.659 ], [ -2.678, 51.66 ], [ -2.686, 51.663 ] ], [ [ -2.682, 51.669 ], [ -2.667, 51.669 ], [ -2.659, 51.671 ], [ -2.656, 51.673 ], [ -2.67, 51.695 ], [ -2.673, 51.697 ], [ -2.684, 51.701 ], [ -2.658, 51.674 ], [ -2.683, 51.67 ], [ -2.686, 51.663 ], [ -2.682, 51.669 ] ], [ [ -2.673, 51.7 ], [ -2.67, 51.701 ], [ -2.669, 51.702 ], [ -2.682, 51.704 ], [ -2.684, 51.701 ], [ -2.673, 51.7 ] ], [ [ -2.668, 51.707 ], [ -2.672, 51.711 ], [ -2.679, 51.714 ], [ -2.669, 51.702 ], [ -2.668, 51.707 ] ], [ [ -2.68, 51.725 ], [ -2.687, 51.731 ], [ -2.681, 51.724 ], [ -2.68, 51.714 ], [ -2.679, 51.714 ], [ -2.68, 51.725 ] ], [ [ -2.672, 51.736 ], [ -2.67, 51.743 ], [ -2.687, 51.731 ], [ -2.672, 51.736 ] ], [ [ -2.955, 51.602 ], [ -2.952, 51.608 ], [ -2.946, 51.606 ], [ -2.935, 51.615 ], [ -2.936, 51.615 ], [ -2.95, 51.616 ], [ -2.957, 51.602 ], [ -2.955, 51.602 ] ], [ [ -3.128, 51.496 ], [ -3.142, 51.512 ], [ -3.133, 51.492 ], [ -3.131, 51.492 ], [ -3.128, 51.496 ] ], [ [ -3.82, 51.655 ], [ -3.831, 51.658 ], [ -3.836, 51.652 ], [ -3.82, 51.655 ] ], [ [ -3.818, 51.655 ], [ -3.81, 51.663 ], [ -3.807, 51.666 ], [ -3.801, 51.666 ], [ -3.792, 51.667 ], [ -3.788, 51.671 ], [ -3.788, 51.673 ], [ -3.808, 51.667 ], [ -3.818, 51.656 ], [ -3.823, 51.659 ], [ -3.82, 51.655 ], [ -3.818, 51.655 ] ], [ [ -4.347, 51.725 ], [ -4.349, 51.725 ], [ -4.352, 51.724 ], [ -4.353, 51.723 ], [ -4.354, 51.722 ], [ -4.343, 51.72 ], [ -4.345, 51.724 ], [ -4.344, 51.725 ], [ -4.347, 51.725 ] ], [ [ -4.314, 51.852 ], [ -4.295, 51.854 ], [ -4.292, 51.857 ], [ -4.294, 51.858 ], [ -4.296, 51.857 ], [ -4.296, 51.858 ], [ -4.294, 51.86 ], [ -4.291, 51.858 ], [ -4.287, 51.859 ], [ -4.288, 51.863 ], [ -4.323, 51.851 ], [ -4.313, 51.84 ], [ -4.314, 51.852 ] ], [ [ -4.275, 51.858 ], [ -4.257, 51.86 ], [ -4.252, 51.862 ], [ -4.288, 51.863 ], [ -4.275, 51.858 ] ], [ [ -4.493, 51.817 ], [ -4.494, 51.809 ], [ -4.497, 51.81 ], [ -4.472, 51.789 ], [ -4.466, 51.789 ], [ -4.493, 51.817 ] ], [ [ -4.884, 51.717 ], [ -4.853, 51.695 ], [ -4.82, 51.697 ], [ -4.845, 51.701 ], [ -4.841, 51.708 ], [ -4.853, 51.712 ], [ -4.854, 51.712 ], [ -4.855, 51.715 ], [ -4.861, 51.718 ], [ -4.861, 51.72 ], [ -4.858, 51.718 ], [ -4.856, 51.717 ], [ -4.847, 51.718 ], [ -4.848, 51.722 ], [ -4.833, 51.722 ], [ -4.825, 51.725 ], [ -4.823, 51.729 ], [ -4.88, 51.718 ], [ -4.883, 51.732 ], [ -4.869, 51.733 ], [ -4.897, 51.741 ], [ -4.864, 51.784 ], [ -4.859, 51.782 ], [ -4.854, 51.787 ], [ -4.827, 51.79 ], [ -4.809, 51.797 ], [ -4.855, 51.791 ], [ -4.896, 51.768 ], [ -4.908, 51.776 ], [ -4.907, 51.785 ], [ -4.908, 51.787 ], [ -4.91, 51.777 ], [ -4.908, 51.773 ], [ -4.923, 51.775 ], [ -4.939, 51.767 ], [ -4.934, 51.784 ], [ -4.95, 51.79 ], [ -4.954, 51.795 ], [ -4.957, 51.796 ], [ -4.967, 51.801 ], [ -4.963, 51.794 ], [ -4.936, 51.783 ], [ -4.949, 51.769 ], [ -4.938, 51.765 ], [ -4.915, 51.772 ], [ -4.902, 51.765 ], [ -4.903, 51.761 ], [ -4.911, 51.764 ], [ -4.917, 51.762 ], [ -4.899, 51.748 ], [ -4.914, 51.747 ], [ -4.887, 51.731 ], [ -4.895, 51.711 ], [ -4.884, 51.717 ] ], [ [ -4.679, 52.082 ], [ -4.643, 52.079 ], [ -4.646, 52.082 ], [ -4.681, 52.085 ], [ -4.679, 52.082 ] ], [ [ -4.643, 52.066 ], [ -4.639, 52.061 ], [ -4.637, 52.06 ], [ -4.636, 52.069 ], [ -4.642, 52.075 ], [ -4.641, 52.078 ], [ -4.643, 52.079 ], [ -4.643, 52.066 ] ], [ [ -3.915, 52.578 ], [ -3.909, 52.577 ], [ -3.918, 52.58 ], [ -3.914, 52.575 ], [ -3.915, 52.578 ] ], [ [ -3.908, 52.577 ], [ -3.905, 52.577 ], [ -3.9, 52.579 ], [ -3.909, 52.577 ], [ -3.908, 52.577 ] ], [ [ -3.922, 52.755 ], [ -3.921, 52.756 ], [ -3.922, 52.756 ], [ -3.923, 52.756 ], [ -3.925, 52.755 ], [ -3.922, 52.755 ] ], [ [ -4.079, 52.903 ], [ -4.08, 52.904 ], [ -4.079, 52.902 ], [ -4.079, 52.903 ] ], [ [ -4.078, 52.904 ], [ -4.076, 52.904 ], [ -4.075, 52.905 ], [ -4.072, 52.906 ], [ -4.074, 52.907 ], [ -4.08, 52.904 ], [ -4.078, 52.904 ] ], [ [ -4.071, 52.907 ], [ -4.071, 52.909 ], [ -4.074, 52.907 ], [ -4.071, 52.907 ] ], [ [ -4.069, 52.907 ], [ -4.069, 52.908 ], [ -4.071, 52.907 ], [ -4.069, 52.907 ] ], [ [ -3.826, 53.17 ], [ -3.825, 53.157 ], [ -3.823, 53.154 ], [ -3.822, 53.156 ], [ -3.814, 53.153 ], [ -3.824, 53.158 ], [ -3.819, 53.18 ], [ -3.82, 53.181 ], [ -3.826, 53.17 ] ], [ [ -3.459, 53.283 ], [ -3.46, 53.283 ], [ -3.461, 53.283 ], [ -3.461, 53.28 ], [ -3.46, 53.279 ], [ -3.456, 53.278 ], [ -3.459, 53.285 ], [ -3.459, 53.283 ] ], [ [ -2.932, 53.18 ], [ -2.919, 53.182 ], [ -2.905, 53.193 ], [ -2.906, 53.194 ], [ -2.935, 53.182 ], [ -2.932, 53.18 ] ], [ [ -2.905, 53.186 ], [ -2.902, 53.184 ], [ -2.893, 53.183 ], [ -2.888, 53.185 ], [ -2.905, 53.193 ], [ -2.905, 53.186 ] ], [ [ -3.095, 53.255 ], [ -3.082, 53.254 ], [ -3.1, 53.26 ], [ -3.095, 53.255 ] ], [ [ -3.105, 53.293 ], [ -3.101, 53.293 ], [ -3.107, 53.294 ], [ -3.105, 53.293 ] ], [ [ -2.826, 53.701 ], [ -2.824, 53.701 ], [ -2.824, 53.703 ], [ -2.826, 53.701 ] ], [ [ -2.83, 53.702 ], [ -2.833, 53.7 ], [ -2.834, 53.698 ], [ -2.833, 53.695 ], [ -2.83, 53.694 ], [ -2.833, 53.697 ], [ -2.826, 53.701 ], [ -2.83, 53.702 ] ], [ [ -2.829, 53.691 ], [ -2.825, 53.687 ], [ -2.819, 53.686 ], [ -2.819, 53.688 ], [ -2.83, 53.694 ], [ -2.829, 53.691 ] ], [ [ -2.823, 53.684 ], [ -2.824, 53.681 ], [ -2.81, 53.662 ], [ -2.808, 53.662 ], [ -2.806, 53.662 ], [ -2.794, 53.663 ], [ -2.793, 53.663 ], [ -2.763, 53.671 ], [ -2.81, 53.663 ], [ -2.819, 53.686 ], [ -2.823, 53.684 ] ], [ [ -2.679, 53.746 ], [ -2.685, 53.749 ], [ -2.679, 53.752 ], [ -2.673, 53.749 ], [ -2.668, 53.748 ], [ -2.665, 53.748 ], [ -2.662, 53.75 ], [ -2.678, 53.753 ], [ -2.711, 53.748 ], [ -2.679, 53.746 ] ], [ [ -2.906, 53.864 ], [ -2.896, 53.86 ], [ -2.879, 53.86 ], [ -2.869, 53.866 ], [ -2.91, 53.865 ], [ -2.911, 53.864 ], [ -2.906, 53.864 ] ], [ [ -2.865, 53.859 ], [ -2.848, 53.857 ], [ -2.825, 53.863 ], [ -2.848, 53.858 ], [ -2.868, 53.866 ], [ -2.869, 53.866 ], [ -2.865, 53.859 ] ], [ [ -2.794, 54.252 ], [ -2.815, 54.256 ], [ -2.814, 54.245 ], [ -2.794, 54.252 ] ], [ [ -3.375, 54.349 ], [ -3.374, 54.355 ], [ -3.383, 54.35 ], [ -3.375, 54.349 ] ], [ [ -3.373, 54.356 ], [ -3.374, 54.356 ], [ -3.374, 54.355 ], [ -3.373, 54.356 ] ], [ [ -3.372, 54.354 ], [ -3.371, 54.353 ], [ -3.37, 54.353 ], [ -3.361, 54.358 ], [ -3.36, 54.359 ], [ -3.359, 54.36 ], [ -3.355, 54.362 ], [ -3.357, 54.363 ], [ -3.362, 54.359 ], [ -3.362, 54.358 ], [ -3.373, 54.356 ], [ -3.372, 54.354 ] ], [ [ -3.354, 54.363 ], [ -3.353, 54.366 ], [ -3.357, 54.363 ], [ -3.354, 54.363 ] ], [ [ -3.442, 54.37 ], [ -3.432, 54.373 ], [ -3.431, 54.377 ], [ -3.443, 54.372 ], [ -3.442, 54.361 ], [ -3.431, 54.356 ], [ -3.442, 54.37 ] ], [ [ -3.292, 54.86 ], [ -3.296, 54.858 ], [ -3.285, 54.859 ], [ -3.292, 54.86 ] ], [ [ -3.11, 54.948 ], [ -3.109, 54.946 ], [ -3.096, 54.946 ], [ -3.112, 54.95 ], [ -3.11, 54.948 ] ], [ [ -3.468, 54.987 ], [ -3.471, 54.988 ], [ -3.465, 54.981 ], [ -3.461, 54.981 ], [ -3.468, 54.987 ] ], [ [ -3.687, 54.886 ], [ -3.688, 54.887 ], [ -3.69, 54.886 ], [ -3.687, 54.886 ] ], [ [ -3.821, 54.903 ], [ -3.82, 54.907 ], [ -3.824, 54.912 ], [ -3.822, 54.903 ], [ -3.84, 54.896 ], [ -3.837, 54.894 ], [ -3.821, 54.903 ] ], [ [ -3.822, 54.915 ], [ -3.822, 54.917 ], [ -3.823, 54.917 ], [ -3.824, 54.912 ], [ -3.822, 54.915 ] ], [ [ -3.82, 54.917 ], [ -3.819, 54.918 ], [ -3.823, 54.929 ], [ -3.841, 54.929 ], [ -3.82, 54.918 ], [ -3.822, 54.917 ], [ -3.82, 54.917 ] ], [ [ -4.41, 54.941 ], [ -4.414, 54.944 ], [ -4.414, 54.941 ], [ -4.41, 54.941 ] ], [ [ -4.423, 54.89 ], [ -4.424, 54.891 ], [ -4.426, 54.89 ], [ -4.428, 54.891 ], [ -4.43, 54.891 ], [ -4.43, 54.892 ], [ -4.431, 54.892 ], [ -4.43, 54.893 ], [ -4.431, 54.895 ], [ -4.432, 54.895 ], [ -4.432, 54.896 ], [ -4.434, 54.897 ], [ -4.432, 54.897 ], [ -4.433, 54.899 ], [ -4.434, 54.899 ], [ -4.434, 54.898 ], [ -4.436, 54.898 ], [ -4.437, 54.897 ], [ -4.429, 54.886 ], [ -4.425, 54.888 ], [ -4.424, 54.888 ], [ -4.423, 54.89 ] ], [ [ -4.435, 54.858 ], [ -4.481, 54.862 ], [ -4.469, 54.856 ], [ -4.428, 54.856 ], [ -4.434, 54.862 ], [ -4.435, 54.858 ] ], [ [ -4.431, 54.855 ], [ -4.431, 54.854 ], [ -4.431, 54.853 ], [ -4.432, 54.853 ], [ -4.436, 54.851 ], [ -4.428, 54.848 ], [ -4.428, 54.856 ], [ -4.431, 54.855 ] ], [ [ -4.71, 55.638 ], [ -4.689, 55.64 ], [ -4.687, 55.641 ], [ -4.686, 55.642 ], [ -4.708, 55.64 ], [ -4.712, 55.639 ], [ -4.714, 55.635 ], [ -4.71, 55.638 ] ], [ [ -4.422, 55.867 ], [ -4.426, 55.855 ], [ -4.422, 55.851 ], [ -4.42, 55.867 ], [ -4.409, 55.875 ], [ -4.407, 55.882 ], [ -4.422, 55.867 ] ], [ [ -4.238, 55.848 ], [ -4.241, 55.843 ], [ -4.239, 55.843 ], [ -4.237, 55.848 ], [ -4.247, 55.853 ], [ -4.258, 55.855 ], [ -4.238, 55.848 ] ], [ [ -4.221, 55.833 ], [ -4.222, 55.839 ], [ -4.239, 55.843 ], [ -4.221, 55.833 ] ], [ [ -5.525, 56.071 ], [ -5.521, 56.07 ], [ -5.527, 56.073 ], [ -5.525, 56.071 ] ], [ [ -2.607, 53.386 ], [ -2.61, 53.381 ], [ -2.607, 53.375 ], [ -2.604, 53.374 ], [ -2.602, 53.374 ], [ -2.607, 53.377 ], [ -2.606, 53.385 ], [ -2.606, 53.387 ], [ -2.608, 53.387 ], [ -2.609, 53.386 ], [ -2.607, 53.386 ] ], [ [ -2.598, 53.373 ], [ -2.577, 53.384 ], [ -2.602, 53.374 ], [ -2.598, 53.373 ] ], [ [ -2.811, 53.648 ], [ -2.809, 53.654 ], [ -2.809, 53.659 ], [ -2.811, 53.648 ] ], [ [ -2.806, 53.633 ], [ -2.806, 53.641 ], [ -2.811, 53.648 ], [ -2.806, 53.633 ] ], [ [ -2.808, 53.628 ], [ -2.803, 53.627 ], [ -2.808, 53.629 ], [ -2.808, 53.628 ] ], [ [ -2.779, 53.66 ], [ -2.776, 53.661 ], [ -2.781, 53.661 ], [ -2.779, 53.66 ] ], [ [ -2.854, 53.964 ], [ -2.853, 53.962 ], [ -2.853, 53.964 ], [ -2.854, 53.964 ] ], [ [ -2.841, 53.956 ], [ -2.836, 53.955 ], [ -2.853, 53.964 ], [ -2.841, 53.956 ] ], [ [ -3.028, 54.247 ], [ -3.029, 54.248 ], [ -3.029, 54.246 ], [ -3.028, 54.247 ] ], [ [ -3.029, 54.252 ], [ -3.03, 54.253 ], [ -3.03, 54.25 ], [ -3.029, 54.252 ] ], [ [ -3.029, 54.253 ], [ -3.025, 54.255 ], [ -3.025, 54.256 ], [ -3.024, 54.256 ], [ -3.023, 54.256 ], [ -3.021, 54.257 ], [ -3.019, 54.259 ], [ -3.016, 54.26 ], [ -3.014, 54.261 ], [ -3.01, 54.265 ], [ -3.008, 54.269 ], [ -3.03, 54.253 ], [ -3.029, 54.253 ] ], [ [ -3.296, 54.855 ], [ -3.295, 54.855 ], [ -3.297, 54.857 ], [ -3.296, 54.855 ] ], [ [ -3.292, 54.854 ], [ -3.289, 54.854 ], [ -3.295, 54.855 ], [ -3.292, 54.854 ] ], [ [ -3.287, 54.853 ], [ -3.286, 54.854 ], [ -3.288, 54.854 ], [ -3.287, 54.853 ] ], [ [ -3.201, 54.908 ], [ -3.202, 54.909 ], [ -3.198, 54.908 ], [ -3.192, 54.911 ], [ -3.192, 54.909 ], [ -3.19, 54.909 ], [ -3.188, 54.91 ], [ -3.191, 54.912 ], [ -3.203, 54.91 ], [ -3.21, 54.904 ], [ -3.201, 54.908 ] ], [ [ -3.191, 54.908 ], [ -3.193, 54.907 ], [ -3.192, 54.9 ], [ -3.187, 54.909 ], [ -3.19, 54.909 ], [ -3.191, 54.908 ] ], [ [ -3.189, 54.899 ], [ -3.19, 54.899 ], [ -3.19, 54.893 ], [ -3.186, 54.898 ], [ -3.189, 54.899 ] ], [ [ -3.187, 54.89 ], [ -3.185, 54.891 ], [ -3.183, 54.892 ], [ -3.19, 54.893 ], [ -3.187, 54.89 ] ], [ [ -3.477, 54.981 ], [ -3.475, 54.983 ], [ -3.475, 54.987 ], [ -3.477, 54.981 ] ], [ [ -3.479, 54.983 ], [ -3.482, 54.984 ], [ -3.485, 54.982 ], [ -3.479, 54.98 ], [ -3.478, 54.981 ], [ -3.479, 54.983 ] ], [ [ -3.49, 54.985 ], [ -3.489, 54.987 ], [ -3.491, 54.988 ], [ -3.492, 54.988 ], [ -3.495, 54.988 ], [ -3.488, 54.982 ], [ -3.487, 54.982 ], [ -3.49, 54.985 ] ], [ [ -3.501, 54.992 ], [ -3.503, 54.991 ], [ -3.504, 54.99 ], [ -3.507, 54.989 ], [ -3.495, 54.99 ], [ -3.501, 54.992 ] ], [ [ -3.506, 54.991 ], [ -3.508, 54.992 ], [ -3.507, 54.989 ], [ -3.506, 54.991 ] ], [ [ -3.509, 54.991 ], [ -3.508, 54.991 ], [ -3.508, 54.992 ], [ -3.509, 54.991 ] ], [ [ -3.51, 54.991 ], [ -3.511, 54.993 ], [ -3.513, 54.993 ], [ -3.51, 54.99 ], [ -3.51, 54.991 ] ], [ [ -3.685, 54.889 ], [ -3.689, 54.889 ], [ -3.685, 54.888 ], [ -3.685, 54.889 ] ], [ [ -3.684, 54.888 ], [ -3.681, 54.889 ], [ -3.681, 54.891 ], [ -3.682, 54.891 ], [ -3.683, 54.889 ], [ -3.685, 54.889 ], [ -3.684, 54.888 ] ], [ [ -3.682, 54.892 ], [ -3.683, 54.892 ], [ -3.683, 54.891 ], [ -3.682, 54.891 ], [ -3.682, 54.892 ] ], [ [ -3.681, 54.892 ], [ -3.68, 54.891 ], [ -3.68, 54.89 ], [ -3.679, 54.89 ], [ -3.676, 54.891 ], [ -3.675, 54.894 ], [ -3.682, 54.893 ], [ -3.682, 54.892 ], [ -3.681, 54.892 ] ], [ [ -4.41, 54.944 ], [ -4.409, 54.945 ], [ -4.407, 54.954 ], [ -4.413, 54.945 ], [ -4.41, 54.944 ] ], [ [ -4.408, 54.956 ], [ -4.411, 54.957 ], [ -4.407, 54.954 ], [ -4.408, 54.956 ] ], [ [ -3.146, 58.51 ], [ -3.15, 58.511 ], [ -3.15, 58.51 ], [ -3.144, 58.507 ], [ -3.146, 58.51 ] ], [ [ -3.149, 58.513 ], [ -3.151, 58.514 ], [ -3.15, 58.511 ], [ -3.149, 58.513 ] ], [ [ -3.926, 56.121 ], [ -3.923, 56.122 ], [ -3.919, 56.134 ], [ -3.923, 56.135 ], [ -3.928, 56.134 ], [ -3.931, 56.132 ], [ -3.928, 56.128 ], [ -3.927, 56.128 ], [ -3.933, 56.123 ], [ -3.932, 56.122 ], [ -3.926, 56.121 ] ], [ [ -3.935, 56.127 ], [ -3.931, 56.126 ], [ -3.93, 56.127 ], [ -3.935, 56.127 ] ], [ [ -3.935, 56.128 ], [ -3.937, 56.132 ], [ -3.941, 56.133 ], [ -3.957, 56.133 ], [ -3.958, 56.135 ], [ -3.959, 56.135 ], [ -3.959, 56.133 ], [ -3.935, 56.127 ], [ -3.935, 56.128 ] ], [ [ -3.952, 56.137 ], [ -3.951, 56.14 ], [ -3.952, 56.14 ], [ -3.958, 56.135 ], [ -3.952, 56.137 ] ], [ [ -3.957, 56.144 ], [ -3.957, 56.143 ], [ -3.958, 56.143 ], [ -3.96, 56.143 ], [ -3.961, 56.142 ], [ -3.964, 56.141 ], [ -3.966, 56.141 ], [ -3.968, 56.139 ], [ -3.965, 56.139 ], [ -3.952, 56.14 ], [ -3.957, 56.144 ] ], [ [ -3.952, 56.144 ], [ -3.949, 56.146 ], [ -3.957, 56.145 ], [ -3.957, 56.144 ], [ -3.952, 56.144 ] ], [ [ -3.886, 56.115 ], [ -3.887, 56.114 ], [ -3.885, 56.112 ], [ -3.885, 56.115 ], [ -3.886, 56.115 ] ], [ [ -3.889, 56.112 ], [ -3.89, 56.112 ], [ -3.889, 56.111 ], [ -3.889, 56.112 ] ], [ [ -3.893, 56.113 ], [ -3.895, 56.113 ], [ -3.896, 56.113 ], [ -3.896, 56.112 ], [ -3.892, 56.112 ], [ -3.893, 56.113 ] ], [ [ -3.901, 56.113 ], [ -3.906, 56.112 ], [ -3.904, 56.111 ], [ -3.896, 56.112 ], [ -3.901, 56.113 ] ], [ [ -0.329, 53.753 ], [ -0.329, 53.754 ], [ -0.33, 53.756 ], [ -0.333, 53.752 ], [ -0.329, 53.753 ] ], [ [ -0.336, 53.76 ], [ -0.337, 53.759 ], [ -0.33, 53.756 ], [ -0.336, 53.76 ] ], [ [ -0.329, 53.764 ], [ -0.328, 53.765 ], [ -0.328, 53.766 ], [ -0.333, 53.764 ], [ -0.329, 53.764 ] ], [ [ -0.33, 53.769 ], [ -0.332, 53.771 ], [ -0.333, 53.771 ], [ -0.336, 53.771 ], [ -0.339, 53.771 ], [ -0.328, 53.766 ], [ -0.33, 53.769 ] ], [ [ -0.342, 53.775 ], [ -0.34, 53.771 ], [ -0.339, 53.771 ], [ -0.342, 53.775 ] ], [ [ -0.344, 53.776 ], [ -0.347, 53.775 ], [ -0.342, 53.775 ], [ -0.344, 53.776 ] ], [ [ -0.347, 53.781 ], [ -0.348, 53.782 ], [ -0.352, 53.784 ], [ -0.348, 53.786 ], [ -0.348, 53.787 ], [ -0.365, 53.798 ], [ -0.348, 53.776 ], [ -0.347, 53.781 ] ], [ [ -0.365, 53.803 ], [ -0.366, 53.803 ], [ -0.365, 53.799 ], [ -0.365, 53.803 ] ], [ [ -0.354, 53.809 ], [ -0.354, 53.812 ], [ -0.354, 53.814 ], [ -0.355, 53.815 ], [ -0.355, 53.807 ], [ -0.354, 53.809 ] ], [ [ -0.385, 53.839 ], [ -0.4, 53.844 ], [ -0.382, 53.827 ], [ -0.355, 53.815 ], [ -0.385, 53.839 ] ], [ [ -0.399, 53.846 ], [ -0.396, 53.848 ], [ -0.393, 53.854 ], [ -0.393, 53.856 ], [ -0.399, 53.878 ], [ -0.4, 53.844 ], [ -0.399, 53.846 ] ], [ [ -0.408, 53.882 ], [ -0.407, 53.885 ], [ -0.401, 53.883 ], [ -0.395, 53.885 ], [ -0.394, 53.888 ], [ -0.395, 53.896 ], [ -0.396, 53.896 ], [ -0.414, 53.883 ], [ -0.399, 53.878 ], [ -0.408, 53.882 ] ], [ [ -0.383, 53.901 ], [ -0.383, 53.902 ], [ -0.392, 53.899 ], [ -0.395, 53.896 ], [ -0.383, 53.901 ] ], [ [ -0.381, 53.904 ], [ -0.384, 53.91 ], [ -0.385, 53.909 ], [ -0.383, 53.902 ], [ -0.381, 53.904 ] ], [ [ -0.382, 53.911 ], [ -0.383, 53.911 ], [ -0.384, 53.91 ], [ -0.382, 53.911 ] ], [ [ -0.376, 53.913 ], [ -0.371, 53.912 ], [ -0.367, 53.913 ], [ -0.356, 53.925 ], [ -0.356, 53.934 ], [ -0.382, 53.911 ], [ -0.376, 53.913 ] ], [ [ -0.393, 53.919 ], [ -0.412, 53.925 ], [ -0.422, 53.927 ], [ -0.383, 53.911 ], [ -0.393, 53.919 ] ], [ [ -0.418, 53.902 ], [ -0.435, 53.907 ], [ -0.437, 53.906 ], [ -0.404, 53.896 ], [ -0.418, 53.902 ] ], [ [ -1.142, 53.843 ], [ -1.144, 53.85 ], [ -1.143, 53.84 ], [ -1.142, 53.843 ] ], [ [ -1.158, 53.852 ], [ -1.166, 53.847 ], [ -1.144, 53.85 ], [ -1.158, 53.852 ] ], [ [ -1.171, 53.856 ], [ -1.173, 53.856 ], [ -1.166, 53.847 ], [ -1.171, 53.856 ] ], [ [ -1.178, 53.856 ], [ -1.181, 53.855 ], [ -1.183, 53.853 ], [ -1.183, 53.85 ], [ -1.173, 53.856 ], [ -1.178, 53.856 ] ], [ [ -1.192, 53.854 ], [ -1.2, 53.855 ], [ -1.206, 53.855 ], [ -1.183, 53.85 ], [ -1.192, 53.854 ] ], [ [ -0.966, 53.705 ], [ -0.966, 53.706 ], [ -0.968, 53.707 ], [ -0.97, 53.702 ], [ -0.966, 53.705 ] ], [ [ -0.981, 53.705 ], [ -0.982, 53.704 ], [ -0.975, 53.706 ], [ -0.981, 53.705 ] ], [ [ -0.983, 53.704 ], [ -0.984, 53.703 ], [ -0.983, 53.699 ], [ -0.981, 53.697 ], [ -0.98, 53.697 ], [ -0.982, 53.704 ], [ -0.983, 53.704 ] ], [ [ -1.001, 53.699 ], [ -1.003, 53.699 ], [ -1.007, 53.696 ], [ -1.011, 53.697 ], [ -1.021, 53.698 ], [ -1.034, 53.697 ], [ -1.039, 53.694 ], [ -0.981, 53.697 ], [ -1.001, 53.699 ] ], [ [ -1.041, 53.696 ], [ -1.046, 53.699 ], [ -1.048, 53.699 ], [ -1.053, 53.697 ], [ -1.039, 53.694 ], [ -1.041, 53.696 ] ], [ [ -1.054, 53.702 ], [ -1.061, 53.707 ], [ -1.054, 53.697 ], [ -1.054, 53.702 ] ], [ [ -1.064, 53.707 ], [ -1.069, 53.704 ], [ -1.061, 53.707 ], [ -1.064, 53.707 ] ], [ [ -1.072, 53.709 ], [ -1.075, 53.709 ], [ -1.081, 53.708 ], [ -1.069, 53.704 ], [ -1.072, 53.709 ] ], [ [ -1.084, 53.715 ], [ -1.084, 53.717 ], [ -1.085, 53.717 ], [ -1.085, 53.715 ], [ -1.081, 53.711 ], [ -1.084, 53.715 ] ], [ [ -1.121, 53.727 ], [ -1.105, 53.715 ], [ -1.085, 53.717 ], [ -1.121, 53.727 ] ], [ [ -0.764, 53.35 ], [ -0.765, 53.346 ], [ -0.757, 53.34 ], [ -0.767, 53.33 ], [ -0.766, 53.33 ], [ -0.756, 53.339 ], [ -0.758, 53.354 ], [ -0.759, 53.354 ], [ -0.764, 53.35 ] ], [ [ -0.761, 53.324 ], [ -0.75, 53.324 ], [ -0.751, 53.326 ], [ -0.76, 53.325 ], [ -0.766, 53.33 ], [ -0.761, 53.324 ] ], [ [ -0.754, 53.32 ], [ -0.755, 53.315 ], [ -0.751, 53.295 ], [ -0.758, 53.293 ], [ -0.745, 53.293 ], [ -0.749, 53.323 ], [ -0.75, 53.324 ], [ -0.754, 53.32 ] ], [ [ -0.759, 53.299 ], [ -0.762, 53.3 ], [ -0.765, 53.3 ], [ -0.781, 53.282 ], [ -0.765, 53.273 ], [ -0.777, 53.284 ], [ -0.763, 53.299 ], [ -0.758, 53.293 ], [ -0.759, 53.299 ] ], [ [ -0.774, 53.261 ], [ -0.773, 53.255 ], [ -0.771, 53.253 ], [ -0.77, 53.253 ], [ -0.764, 53.272 ], [ -0.765, 53.273 ], [ -0.774, 53.261 ] ], [ [ -0.779, 53.252 ], [ -0.783, 53.241 ], [ -0.778, 53.239 ], [ -0.778, 53.252 ], [ -0.779, 53.252 ] ], [ [ -0.783, 53.228 ], [ -0.778, 53.235 ], [ -0.778, 53.239 ], [ -0.783, 53.228 ] ], [ [ -0.784, 53.224 ], [ -0.776, 53.215 ], [ -0.779, 53.213 ], [ -0.776, 53.207 ], [ -0.775, 53.218 ], [ -0.783, 53.228 ], [ -0.784, 53.224 ] ], [ [ -0.781, 53.204 ], [ -0.778, 53.2 ], [ -0.791, 53.19 ], [ -0.796, 53.181 ], [ -0.795, 53.181 ], [ -0.776, 53.2 ], [ -0.776, 53.207 ], [ -0.781, 53.204 ] ], [ [ 0.315, 53.094 ], [ 0.315, 53.095 ], [ 0.312, 53.095 ], [ 0.311, 53.095 ], [ 0.311, 53.094 ], [ 0.315, 53.093 ], [ 0.315, 53.094 ] ], [ [ -0.091, 52.853 ], [ -0.101, 52.846 ], [ -0.135, 52.8 ], [ -0.07, 52.864 ], [ -0.091, 52.853 ] ], [ [ 0.102, 52.884 ], [ 0.103, 52.884 ], [ 0.102, 52.885 ], [ 0.102, 52.884 ] ], [ [ 0.115, 52.884 ], [ 0.116, 52.882 ], [ 0.117, 52.881 ], [ 0.115, 52.885 ], [ 0.115, 52.884 ] ], [ [ 0.119, 52.888 ], [ 0.119, 52.886 ], [ 0.12, 52.889 ], [ 0.119, 52.888 ] ], [ [ 0.118, 52.883 ], [ 0.119, 52.883 ], [ 0.119, 52.884 ], [ 0.118, 52.883 ] ], [ [ 0.123, 52.639 ], [ 0.105, 52.632 ], [ 0.093, 52.627 ], [ 0.065, 52.612 ], [ 0.061, 52.607 ], [ -0.124, 52.577 ], [ 0.062, 52.606 ], [ 0.13, 52.642 ], [ 0.123, 52.639 ] ], [ [ 1.598, 52.628 ], [ 1.593, 52.629 ], [ 1.594, 52.632 ], [ 1.592, 52.634 ], [ 1.593, 52.636 ], [ 1.59, 52.639 ], [ 1.583, 52.637 ], [ 1.575, 52.64 ], [ 1.568, 52.638 ], [ 1.57, 52.647 ], [ 1.56, 52.64 ], [ 1.6, 52.625 ], [ 1.605, 52.624 ], [ 1.598, 52.628 ] ], [ [ 1.57, 52.648 ], [ 1.568, 52.649 ], [ 1.558, 52.651 ], [ 1.57, 52.647 ], [ 1.57, 52.648 ] ], [ [ 1.561, 52.662 ], [ 1.557, 52.651 ], [ 1.558, 52.651 ], [ 1.561, 52.662 ] ], [ [ 1.562, 52.666 ], [ 1.551, 52.66 ], [ 1.561, 52.662 ], [ 1.562, 52.666 ] ], [ [ 1.562, 52.674 ], [ 1.546, 52.696 ], [ 1.545, 52.696 ], [ 1.544, 52.694 ], [ 1.546, 52.68 ], [ 1.55, 52.681 ], [ 1.562, 52.666 ], [ 1.562, 52.674 ] ], [ [ 1.571, 52.701 ], [ 1.571, 52.702 ], [ 1.537, 52.707 ], [ 1.536, 52.707 ], [ 1.539, 52.703 ], [ 1.549, 52.7 ], [ 1.549, 52.699 ], [ 1.546, 52.696 ], [ 1.571, 52.701 ] ], [ [ 1.577, 52.704 ], [ 1.581, 52.71 ], [ 1.58, 52.71 ], [ 1.571, 52.702 ], [ 1.577, 52.704 ] ], [ [ 1.536, 52.684 ], [ 1.528, 52.682 ], [ 1.535, 52.683 ], [ 1.543, 52.679 ], [ 1.546, 52.68 ], [ 1.536, 52.684 ] ], [ [ 1.623, 52.716 ], [ 1.633, 52.726 ], [ 1.607, 52.721 ], [ 1.612, 52.716 ], [ 1.596, 52.714 ], [ 1.586, 52.712 ], [ 1.623, 52.716 ] ], [ [ 1.523, 52.686 ], [ 1.519, 52.687 ], [ 1.527, 52.682 ], [ 1.523, 52.686 ] ], [ [ 1.513, 52.689 ], [ 1.514, 52.69 ], [ 1.485, 52.694 ], [ 1.473, 52.69 ], [ 1.474, 52.689 ], [ 1.488, 52.693 ], [ 1.519, 52.687 ], [ 1.513, 52.689 ] ], [ [ 1.515, 52.69 ], [ 1.515, 52.697 ], [ 1.505, 52.705 ], [ 1.514, 52.697 ], [ 1.514, 52.69 ], [ 1.515, 52.69 ] ], [ [ 1.505, 52.706 ], [ 1.496, 52.706 ], [ 1.496, 52.705 ], [ 1.498, 52.704 ], [ 1.505, 52.705 ], [ 1.505, 52.706 ] ], [ [ 1.508, 52.716 ], [ 1.495, 52.707 ], [ 1.496, 52.706 ], [ 1.508, 52.716 ] ], [ [ 1.509, 52.729 ], [ 1.499, 52.735 ], [ 1.508, 52.716 ], [ 1.509, 52.729 ] ], [ [ 1.47, 52.698 ], [ 1.461, 52.706 ], [ 1.441, 52.701 ], [ 1.434, 52.69 ], [ 1.461, 52.705 ], [ 1.473, 52.69 ], [ 1.47, 52.698 ] ], [ [ 1.43, 52.692 ], [ 1.429, 52.691 ], [ 1.434, 52.69 ], [ 1.43, 52.692 ] ], [ [ 1.424, 52.691 ], [ 1.426, 52.69 ], [ 1.429, 52.691 ], [ 1.424, 52.691 ] ], [ [ 1.417, 52.694 ], [ 1.419, 52.692 ], [ 1.424, 52.691 ], [ 1.417, 52.694 ] ], [ [ 1.423, 52.699 ], [ 1.425, 52.701 ], [ 1.424, 52.702 ], [ 1.416, 52.695 ], [ 1.417, 52.694 ], [ 1.423, 52.699 ] ], [ [ 1.51, 52.686 ], [ 1.507, 52.676 ], [ 1.519, 52.687 ], [ 1.51, 52.686 ] ], [ [ 1.555, 52.56 ], [ 1.542, 52.556 ], [ 1.539, 52.561 ], [ 1.536, 52.562 ], [ 1.523, 52.563 ], [ 1.525, 52.57 ], [ 1.523, 52.573 ], [ 1.518, 52.576 ], [ 1.517, 52.576 ], [ 1.522, 52.556 ], [ 1.541, 52.553 ], [ 1.555, 52.559 ], [ 1.574, 52.558 ], [ 1.654, 52.502 ], [ 1.621, 52.54 ], [ 1.621, 52.533 ], [ 1.579, 52.556 ], [ 1.592, 52.558 ], [ 1.555, 52.56 ] ], [ [ 1.515, 52.577 ], [ 1.498, 52.571 ], [ 1.501, 52.571 ], [ 1.517, 52.576 ], [ 1.515, 52.577 ] ], [ [ 1.492, 52.579 ], [ 1.488, 52.581 ], [ 1.489, 52.585 ], [ 1.484, 52.588 ], [ 1.469, 52.587 ], [ 1.469, 52.586 ], [ 1.487, 52.585 ], [ 1.488, 52.571 ], [ 1.498, 52.571 ], [ 1.492, 52.579 ] ], [ [ 1.466, 52.592 ], [ 1.462, 52.595 ], [ 1.455, 52.595 ], [ 1.454, 52.601 ], [ 1.436, 52.611 ], [ 1.443, 52.616 ], [ 1.434, 52.612 ], [ 1.439, 52.619 ], [ 1.433, 52.622 ], [ 1.429, 52.618 ], [ 1.434, 52.62 ], [ 1.433, 52.612 ], [ 1.454, 52.594 ], [ 1.469, 52.587 ], [ 1.466, 52.592 ] ], [ [ 1.422, 52.622 ], [ 1.414, 52.621 ], [ 1.388, 52.605 ], [ 1.381, 52.606 ], [ 1.388, 52.604 ], [ 1.429, 52.618 ], [ 1.422, 52.622 ] ], [ [ 1.377, 52.621 ], [ 1.372, 52.625 ], [ 1.329, 52.626 ], [ 1.311, 52.62 ], [ 1.312, 52.62 ], [ 1.323, 52.621 ], [ 1.321, 52.62 ], [ 1.32, 52.619 ], [ 1.32, 52.616 ], [ 1.315, 52.615 ], [ 1.312, 52.613 ], [ 1.369, 52.624 ], [ 1.371, 52.615 ], [ 1.376, 52.617 ], [ 1.381, 52.606 ], [ 1.377, 52.621 ] ], [ [ 1.303, 52.626 ], [ 1.304, 52.623 ], [ 1.306, 52.621 ], [ 1.311, 52.62 ], [ 1.303, 52.626 ] ], [ [ 1.305, 52.627 ], [ 1.308, 52.63 ], [ 1.309, 52.634 ], [ 1.308, 52.634 ], [ 1.303, 52.626 ], [ 1.305, 52.627 ] ], [ [ 1.302, 52.635 ], [ 1.292, 52.632 ], [ 1.308, 52.634 ], [ 1.302, 52.635 ] ], [ [ 1.538, 52.553 ], [ 1.536, 52.552 ], [ 1.533, 52.553 ], [ 1.531, 52.553 ], [ 1.519, 52.542 ], [ 1.541, 52.553 ], [ 1.538, 52.553 ] ], [ [ 1.517, 52.543 ], [ 1.511, 52.541 ], [ 1.514, 52.541 ], [ 1.519, 52.542 ], [ 1.517, 52.543 ] ], [ [ 1.654, 52.501 ], [ 1.682, 52.495 ], [ 1.654, 52.502 ], [ 1.654, 52.501 ] ], [ [ 1.669, 52.482 ], [ 1.671, 52.477 ], [ 1.681, 52.489 ], [ 1.681, 52.474 ], [ 1.691, 52.47 ], [ 1.71, 52.474 ], [ 1.682, 52.477 ], [ 1.684, 52.495 ], [ 1.682, 52.495 ], [ 1.669, 52.482 ] ], [ [ 1.663, 52.475 ], [ 1.659, 52.469 ], [ 1.671, 52.476 ], [ 1.671, 52.477 ], [ 1.663, 52.475 ] ], [ [ 1.654, 52.468 ], [ 1.659, 52.468 ], [ 1.659, 52.469 ], [ 1.654, 52.468 ] ], [ [ 1.649, 52.474 ], [ 1.648, 52.474 ], [ 1.649, 52.472 ], [ 1.647, 52.472 ], [ 1.654, 52.468 ], [ 1.649, 52.474 ] ], [ [ 1.643, 52.473 ], [ 1.643, 52.469 ], [ 1.647, 52.472 ], [ 1.643, 52.473 ] ], [ [ 1.636, 52.467 ], [ 1.643, 52.468 ], [ 1.643, 52.469 ], [ 1.636, 52.467 ] ], [ [ 1.634, 52.463 ], [ 1.635, 52.463 ], [ 1.636, 52.467 ], [ 1.634, 52.463 ] ], [ [ 1.607, 52.467 ], [ 1.607, 52.466 ], [ 1.617, 52.463 ], [ 1.634, 52.463 ], [ 1.607, 52.467 ] ], [ [ 1.604, 52.472 ], [ 1.587, 52.479 ], [ 1.585, 52.479 ], [ 1.583, 52.477 ], [ 1.586, 52.478 ], [ 1.607, 52.467 ], [ 1.604, 52.472 ] ], [ [ 1.58, 52.48 ], [ 1.568, 52.475 ], [ 1.559, 52.465 ], [ 1.562, 52.462 ], [ 1.557, 52.458 ], [ 1.583, 52.477 ], [ 1.58, 52.48 ] ], [ [ 1.555, 52.459 ], [ 1.549, 52.459 ], [ 1.557, 52.458 ], [ 1.555, 52.459 ] ], [ [ 1.548, 52.461 ], [ 1.544, 52.463 ], [ 1.549, 52.459 ], [ 1.548, 52.461 ] ], [ [ 1.606, 52.544 ], [ 1.605, 52.543 ], [ 1.608, 52.541 ], [ 1.621, 52.54 ], [ 1.606, 52.544 ] ], [ [ 1.61, 52.55 ], [ 1.606, 52.546 ], [ 1.606, 52.544 ], [ 1.61, 52.55 ] ], [ [ 1.507, 52.542 ], [ 1.499, 52.539 ], [ 1.507, 52.541 ], [ 1.507, 52.542 ] ], [ [ 1.487, 52.539 ], [ 1.481, 52.538 ], [ 1.499, 52.539 ], [ 1.487, 52.539 ] ], [ [ 1.536, 52.467 ], [ 1.534, 52.467 ], [ 1.54, 52.462 ], [ 1.541, 52.462 ], [ 1.536, 52.467 ] ], [ [ 1.53, 52.469 ], [ 1.529, 52.468 ], [ 1.531, 52.465 ], [ 1.534, 52.467 ], [ 1.53, 52.469 ] ], [ [ 1.525, 52.468 ], [ 1.522, 52.466 ], [ 1.519, 52.466 ], [ 1.521, 52.462 ], [ 1.522, 52.462 ], [ 1.529, 52.468 ], [ 1.525, 52.468 ] ], [ [ 1.517, 52.471 ], [ 1.516, 52.472 ], [ 1.519, 52.466 ], [ 1.517, 52.471 ] ], [ [ 1.516, 52.464 ], [ 1.509, 52.463 ], [ 1.508, 52.462 ], [ 1.521, 52.462 ], [ 1.516, 52.464 ] ], [ [ 1.496, 52.468 ], [ 1.481, 52.472 ], [ 1.48, 52.471 ], [ 1.508, 52.462 ], [ 1.496, 52.468 ] ], [ [ 1.616, 52.551 ], [ 1.623, 52.553 ], [ 1.613, 52.551 ], [ 1.616, 52.551 ] ], [ [ 1.634, 52.332 ], [ 1.633, 52.331 ], [ 1.626, 52.335 ], [ 1.611, 52.32 ], [ 1.602, 52.33 ], [ 1.586, 52.32 ], [ 1.588, 52.319 ], [ 1.599, 52.324 ], [ 1.609, 52.316 ], [ 1.632, 52.322 ], [ 1.631, 52.325 ], [ 1.63, 52.325 ], [ 1.63, 52.326 ], [ 1.637, 52.328 ], [ 1.635, 52.332 ], [ 1.634, 52.332 ] ], [ [ 1.585, 52.321 ], [ 1.581, 52.321 ], [ 1.586, 52.32 ], [ 1.585, 52.321 ] ], [ [ 1.58, 52.324 ], [ 1.577, 52.326 ], [ 1.573, 52.329 ], [ 1.581, 52.321 ], [ 1.58, 52.324 ] ], [ [ 1.638, 52.33 ], [ 1.637, 52.33 ], [ 1.637, 52.328 ], [ 1.638, 52.33 ] ], [ [ 1.499, 52.086 ], [ 1.498, 52.091 ], [ 1.494, 52.095 ], [ 1.496, 52.097 ], [ 1.493, 52.102 ], [ 1.486, 52.099 ], [ 1.489, 52.073 ], [ 1.491, 52.073 ], [ 1.499, 52.086 ] ], [ [ 1.487, 52.113 ], [ 1.486, 52.114 ], [ 1.484, 52.114 ], [ 1.486, 52.099 ], [ 1.487, 52.113 ] ], [ [ 1.348, 52.103 ], [ 1.349, 52.103 ], [ 1.349, 52.104 ], [ 1.353, 52.109 ], [ 1.353, 52.111 ], [ 1.354, 52.112 ], [ 1.352, 52.112 ], [ 1.352, 52.111 ], [ 1.347, 52.103 ], [ 1.348, 52.103 ] ], [ [ 1.14, 52.054 ], [ 1.135, 52.056 ], [ 1.141, 52.052 ], [ 1.14, 52.054 ] ], [ [ 1.063, 51.771 ], [ 1.064, 51.772 ], [ 1.061, 51.771 ], [ 1.063, 51.771 ] ], [ [ 0.938, 51.848 ], [ 0.94, 51.846 ], [ 0.945, 51.847 ], [ 0.938, 51.848 ] ], [ [ 0.928, 51.846 ], [ 0.917, 51.845 ], [ 0.93, 51.845 ], [ 0.928, 51.846 ] ], [ [ 0.916, 51.846 ], [ 0.913, 51.845 ], [ 0.917, 51.845 ], [ 0.916, 51.846 ] ], [ [ 0.603, 51.638 ], [ 0.598, 51.638 ], [ 0.596, 51.637 ], [ 0.607, 51.63 ], [ 0.603, 51.638 ] ], [ [ 0.595, 51.638 ], [ 0.594, 51.637 ], [ 0.596, 51.637 ], [ 0.595, 51.638 ] ], [ [ 0.597, 51.639 ], [ 0.597, 51.641 ], [ 0.598, 51.642 ], [ 0.6, 51.646 ], [ 0.599, 51.647 ], [ 0.596, 51.649 ], [ 0.595, 51.638 ], [ 0.597, 51.639 ] ], [ [ 0.597, 51.632 ], [ 0.588, 51.631 ], [ 0.552, 51.618 ], [ 0.596, 51.631 ], [ 0.607, 51.63 ], [ 0.597, 51.632 ] ], [ [ 0.483, 51.3 ], [ 0.486, 51.3 ], [ 0.48, 51.303 ], [ 0.483, 51.3 ] ], [ [ 0.499, 51.297 ], [ 0.502, 51.296 ], [ 0.506, 51.296 ], [ 0.493, 51.301 ], [ 0.499, 51.297 ] ], [ [ 1.314, 51.321 ], [ 1.233, 51.332 ], [ 1.25, 51.326 ], [ 1.248, 51.326 ], [ 1.236, 51.324 ], [ 1.228, 51.321 ], [ 1.339, 51.313 ], [ 1.314, 51.321 ] ], [ [ 1.117, 51.297 ], [ 1.122, 51.296 ], [ 1.125, 51.296 ], [ 1.159, 51.301 ], [ 1.232, 51.332 ], [ 1.117, 51.297 ] ], [ [ 1.334, 51.293 ], [ 1.331, 51.291 ], [ 1.328, 51.287 ], [ 1.34, 51.294 ], [ 1.334, 51.293 ] ], [ [ 1.329, 51.285 ], [ 1.331, 51.284 ], [ 1.328, 51.286 ], [ 1.329, 51.285 ] ], [ [ 1.331, 51.282 ], [ 1.332, 51.281 ], [ 1.332, 51.284 ], [ 1.331, 51.284 ], [ 1.331, 51.282 ] ], [ [ 0.011, 50.886 ], [ 0.016, 50.888 ], [ 0.0, 50.89 ], [ 0.0, 50.889 ], [ 0.011, 50.886 ] ], [ [ 0.016, 50.889 ], [ 0.01, 50.895 ], [ 0.016, 50.888 ], [ 0.016, 50.889 ] ], [ [ 0.019, 50.897 ], [ 0.011, 50.897 ], [ 0.01, 50.895 ], [ 0.019, 50.897 ] ], [ [ 0.021, 50.899 ], [ 0.022, 50.9 ], [ 0.022, 50.901 ], [ 0.02, 50.902 ], [ 0.019, 50.898 ], [ 0.021, 50.899 ] ], [ [ 0.03, 50.904 ], [ 0.033, 50.904 ], [ 0.025, 50.905 ], [ 0.03, 50.904 ] ], [ [ 0.034, 50.905 ], [ 0.034, 50.907 ], [ 0.033, 50.91 ], [ 0.032, 50.912 ], [ 0.03, 50.913 ], [ 0.033, 50.904 ], [ 0.034, 50.905 ] ], [ [ 0.036, 50.915 ], [ 0.036, 50.914 ], [ 0.039, 50.914 ], [ 0.04, 50.914 ], [ 0.037, 50.916 ], [ 0.034, 50.915 ], [ 0.036, 50.915 ] ], [ [ 0.041, 50.913 ], [ 0.042, 50.913 ], [ 0.04, 50.914 ], [ 0.041, 50.913 ] ], [ [ -0.292, 50.901 ], [ -0.292, 50.904 ], [ -0.292, 50.908 ], [ -0.293, 50.908 ], [ -0.293, 50.899 ], [ -0.292, 50.901 ] ], [ [ -0.295, 50.911 ], [ -0.299, 50.912 ], [ -0.293, 50.908 ], [ -0.295, 50.911 ] ], [ [ -0.3, 50.918 ], [ -0.31, 50.928 ], [ -0.299, 50.912 ], [ -0.3, 50.918 ] ], [ [ -0.301, 50.937 ], [ -0.309, 50.947 ], [ -0.302, 50.937 ], [ -0.309, 50.932 ], [ -0.31, 50.928 ], [ -0.301, 50.937 ] ], [ [ -0.293, 50.944 ], [ -0.293, 50.947 ], [ -0.298, 50.943 ], [ -0.301, 50.937 ], [ -0.293, 50.944 ] ], [ [ -0.313, 50.948 ], [ -0.318, 50.947 ], [ -0.309, 50.947 ], [ -0.313, 50.948 ] ], [ [ -0.285, 50.949 ], [ -0.279, 50.95 ], [ -0.274, 50.953 ], [ -0.275, 50.955 ], [ -0.29, 50.949 ], [ -0.285, 50.949 ] ], [ [ -0.319, 50.949 ], [ -0.321, 50.948 ], [ -0.319, 50.947 ], [ -0.319, 50.949 ] ], [ [ -0.544, 50.896 ], [ -0.543, 50.896 ], [ -0.543, 50.898 ], [ -0.546, 50.899 ], [ -0.544, 50.897 ], [ -0.549, 50.893 ], [ -0.544, 50.896 ] ], [ [ -0.551, 50.913 ], [ -0.552, 50.913 ], [ -0.555, 50.903 ], [ -0.551, 50.913 ] ], [ [ -0.542, 50.913 ], [ -0.54, 50.914 ], [ -0.539, 50.916 ], [ -0.54, 50.916 ], [ -0.543, 50.914 ], [ -0.55, 50.914 ], [ -0.551, 50.913 ], [ -0.542, 50.913 ] ], [ [ -0.536, 50.917 ], [ -0.547, 50.929 ], [ -0.545, 50.92 ], [ -0.537, 50.916 ], [ -0.536, 50.917 ] ], [ [ -0.513, 50.935 ], [ -0.486, 50.952 ], [ -0.5, 50.951 ], [ -0.503, 50.954 ], [ -0.505, 50.956 ], [ -0.509, 50.957 ], [ -0.517, 50.956 ], [ -0.52, 50.956 ], [ -0.529, 50.953 ], [ -0.532, 50.954 ], [ -0.534, 50.954 ], [ -0.532, 50.953 ], [ -0.503, 50.946 ], [ -0.547, 50.93 ], [ -0.547, 50.929 ], [ -0.513, 50.935 ] ], [ [ -0.535, 50.957 ], [ -0.536, 50.955 ], [ -0.534, 50.954 ], [ -0.535, 50.957 ] ], [ [ -0.527, 50.961 ], [ -0.527, 50.964 ], [ -0.535, 50.957 ], [ -0.527, 50.961 ] ], [ [ -0.53, 50.978 ], [ -0.53, 50.977 ], [ -0.529, 50.975 ], [ -0.527, 50.974 ], [ -0.53, 50.978 ] ], [ [ -0.529, 50.979 ], [ -0.53, 50.979 ], [ -0.53, 50.978 ], [ -0.529, 50.979 ] ], [ [ -2.092, 50.686 ], [ -2.095, 50.685 ], [ -2.099, 50.68 ], [ -2.089, 50.683 ], [ -2.088, 50.685 ], [ -2.092, 50.686 ] ], [ [ -2.104, 50.683 ], [ -2.11, 50.684 ], [ -2.099, 50.68 ], [ -2.104, 50.683 ] ], [ [ -2.115, 50.681 ], [ -2.116, 50.679 ], [ -2.115, 50.678 ], [ -2.111, 50.684 ], [ -2.115, 50.681 ] ], [ [ -3.683, 50.44 ], [ -3.683, 50.443 ], [ -3.685, 50.445 ], [ -3.684, 50.439 ], [ -3.683, 50.44 ] ], [ [ -3.681, 50.446 ], [ -3.68, 50.446 ], [ -3.678, 50.446 ], [ -3.675, 50.446 ], [ -3.674, 50.448 ], [ -3.676, 50.45 ], [ -3.682, 50.446 ], [ -3.681, 50.446 ] ], [ [ -3.673, 50.451 ], [ -3.672, 50.451 ], [ -3.672, 50.452 ], [ -3.675, 50.451 ], [ -3.673, 50.451 ] ], [ [ -4.485, 50.368 ], [ -4.486, 50.369 ], [ -4.488, 50.369 ], [ -4.486, 50.365 ], [ -4.485, 50.368 ] ], [ [ -4.192, 50.992 ], [ -4.195, 50.992 ], [ -4.198, 50.99 ], [ -4.197, 50.989 ], [ -4.183, 50.992 ], [ -4.192, 50.992 ] ], [ [ -4.193, 50.985 ], [ -4.189, 50.984 ], [ -4.197, 50.989 ], [ -4.193, 50.985 ] ], [ [ -4.19, 50.982 ], [ -4.189, 50.978 ], [ -4.186, 50.976 ], [ -4.183, 50.976 ], [ -4.188, 50.984 ], [ -4.189, 50.984 ], [ -4.19, 50.982 ] ], [ [ -2.993, 51.117 ], [ -2.979, 51.115 ], [ -2.995, 51.118 ], [ -2.993, 51.117 ] ], [ [ -2.97, 51.105 ], [ -2.969, 51.104 ], [ -2.966, 51.103 ], [ -2.979, 51.115 ], [ -2.97, 51.105 ] ], [ [ -2.954, 51.092 ], [ -2.949, 51.091 ], [ -2.945, 51.091 ], [ -2.958, 51.095 ], [ -2.954, 51.092 ] ], [ [ -2.943, 51.088 ], [ -2.939, 51.084 ], [ -2.938, 51.084 ], [ -2.935, 51.083 ], [ -2.945, 51.091 ], [ -2.943, 51.088 ] ], [ [ -2.934, 51.08 ], [ -2.927, 51.074 ], [ -2.92, 51.071 ], [ -2.917, 51.068 ], [ -2.976, 51.037 ], [ -2.917, 51.067 ], [ -2.906, 51.061 ], [ -2.935, 51.083 ], [ -2.934, 51.08 ] ], [ [ -2.893, 51.059 ], [ -2.893, 51.054 ], [ -2.888, 51.05 ], [ -2.884, 51.049 ], [ -2.884, 51.047 ], [ -2.879, 51.047 ], [ -2.893, 51.061 ], [ -2.893, 51.059 ] ], [ [ -2.931, 51.619 ], [ -2.921, 51.627 ], [ -2.945, 51.621 ], [ -2.944, 51.618 ], [ -2.941, 51.617 ], [ -2.931, 51.619 ] ], [ [ -2.913, 51.623 ], [ -2.909, 51.624 ], [ -2.92, 51.627 ], [ -2.921, 51.627 ], [ -2.913, 51.623 ] ], [ [ -2.908, 51.624 ], [ -2.908, 51.629 ], [ -2.909, 51.624 ], [ -2.908, 51.624 ] ], [ [ -2.906, 51.629 ], [ -2.905, 51.628 ], [ -2.903, 51.627 ], [ -2.902, 51.627 ], [ -2.896, 51.63 ], [ -2.886, 51.639 ], [ -2.886, 51.646 ], [ -2.889, 51.648 ], [ -2.896, 51.631 ], [ -2.908, 51.629 ], [ -2.906, 51.629 ] ], [ [ -4.51, 51.808 ], [ -4.507, 51.808 ], [ -4.507, 51.809 ], [ -4.51, 51.808 ] ], [ [ -4.515, 51.812 ], [ -4.518, 51.812 ], [ -4.523, 51.81 ], [ -4.51, 51.808 ], [ -4.515, 51.812 ] ], [ [ -3.915, 52.75 ], [ -3.905, 52.752 ], [ -3.901, 52.756 ], [ -3.918, 52.757 ], [ -3.915, 52.75 ] ] ], [ [ [ -5.74, 56.849 ], [ -5.741, 56.85 ], [ -5.737, 56.85 ], [ -5.74, 56.849 ] ] ], [ [ [ -5.743, 56.853 ], [ -5.739, 56.854 ], [ -5.735, 56.852 ], [ -5.743, 56.853 ] ] ], [ [ [ -5.759, 56.856 ], [ -5.758, 56.855 ], [ -5.76, 56.855 ], [ -5.759, 56.856 ] ] ], [ [ [ -5.786, 56.857 ], [ -5.784, 56.855 ], [ -5.786, 56.855 ], [ -5.786, 56.857 ] ] ], [ [ [ -5.895, 56.874 ], [ -5.895, 56.872 ], [ -5.898, 56.872 ], [ -5.895, 56.874 ] ] ], [ [ [ -5.82, 56.885 ], [ -5.818, 56.885 ], [ -5.822, 56.882 ], [ -5.82, 56.885 ] ] ], [ [ [ -5.752, 56.892 ], [ -5.749, 56.892 ], [ -5.75, 56.891 ], [ -5.752, 56.892 ] ] ], [ [ [ -5.929, 56.901 ], [ -5.934, 56.902 ], [ -5.929, 56.905 ], [ -5.929, 56.901 ] ] ], [ [ [ -5.919, 56.915 ], [ -5.918, 56.916 ], [ -5.917, 56.915 ], [ -5.919, 56.915 ] ] ], [ [ [ -5.914, 56.916 ], [ -5.908, 56.916 ], [ -5.91, 56.915 ], [ -5.914, 56.916 ] ] ], [ [ [ -5.916, 56.915 ], [ -5.917, 56.915 ], [ -5.915, 56.917 ], [ -5.916, 56.915 ] ] ], [ [ [ -5.886, 56.92 ], [ -5.9, 56.92 ], [ -5.89, 56.926 ], [ -5.886, 56.92 ] ] ], [ [ [ -5.885, 56.924 ], [ -5.885, 56.923 ], [ -5.886, 56.923 ], [ -5.885, 56.924 ] ] ], [ [ [ -5.857, 56.943 ], [ -5.86, 56.942 ], [ -5.859, 56.944 ], [ -5.857, 56.943 ] ] ], [ [ [ -5.86, 56.948 ], [ -5.86, 56.949 ], [ -5.859, 56.948 ], [ -5.86, 56.948 ] ] ], [ [ [ -5.873, 56.952 ], [ -5.873, 56.953 ], [ -5.872, 56.953 ], [ -5.873, 56.952 ] ] ], [ [ [ -5.835, 57.005 ], [ -5.836, 57.005 ], [ -5.836, 57.006 ], [ -5.835, 57.005 ] ] ], [ [ [ -5.78, 57.037 ], [ -5.779, 57.036 ], [ -5.781, 57.036 ], [ -5.78, 57.037 ] ] ], [ [ [ -5.771, 57.085 ], [ -5.77, 57.086 ], [ -5.77, 57.085 ], [ -5.771, 57.085 ] ] ], [ [ [ -5.976, 57.139 ], [ -5.979, 57.138 ], [ -5.979, 57.139 ], [ -5.976, 57.139 ] ] ], [ [ [ -5.784, 57.145 ], [ -5.794, 57.144 ], [ -5.789, 57.151 ], [ -5.784, 57.145 ] ] ], [ [ [ -5.898, 57.174 ], [ -5.895, 57.177 ], [ -5.89, 57.173 ], [ -5.898, 57.174 ] ] ], [ [ [ -5.921, 57.275 ], [ -5.921, 57.276 ], [ -5.918, 57.273 ], [ -5.921, 57.275 ] ] ], [ [ [ -5.864, 57.268 ], [ -5.871, 57.276 ], [ -5.855, 57.283 ], [ -5.849, 57.272 ], [ -5.864, 57.268 ] ] ], [ [ [ -5.74, 57.278 ], [ -5.742, 57.278 ], [ -5.74, 57.28 ], [ -5.74, 57.278 ] ] ], [ [ [ -5.739, 57.289 ], [ -5.735, 57.288 ], [ -5.736, 57.286 ], [ -5.739, 57.289 ] ] ], [ [ [ -5.926, 57.308 ], [ -5.926, 57.284 ], [ -5.98, 57.274 ], [ -6.023, 57.305 ], [ -6.016, 57.32 ], [ -5.926, 57.308 ] ] ], [ [ [ -5.885, 57.311 ], [ -5.884, 57.309 ], [ -5.893, 57.306 ], [ -5.885, 57.311 ] ] ], [ [ [ -5.925, 57.326 ], [ -5.928, 57.326 ], [ -5.925, 57.327 ], [ -5.925, 57.326 ] ] ], [ [ [ -5.841, 57.338 ], [ -5.841, 57.352 ], [ -5.819, 57.336 ], [ -5.846, 57.335 ], [ -5.85, 57.353 ], [ -5.841, 57.338 ] ] ], [ [ [ -5.841, 57.372 ], [ -5.835, 57.376 ], [ -5.835, 57.372 ], [ -5.841, 57.372 ] ] ], [ [ [ -5.831, 57.403 ], [ -5.828, 57.406 ], [ -5.825, 57.404 ], [ -5.831, 57.403 ] ] ], [ [ [ -6.025, 57.475 ], [ -6.034, 57.49 ], [ -6.025, 57.496 ], [ -6.025, 57.475 ] ] ], [ [ [ -5.993, 57.506 ], [ -6.014, 57.514 ], [ -6.001, 57.516 ], [ -5.993, 57.506 ] ] ], [ [ [ -5.983, 57.513 ], [ -5.984, 57.515 ], [ -5.976, 57.513 ], [ -5.983, 57.513 ] ] ], [ [ [ -6.004, 57.533 ], [ -5.998, 57.533 ], [ -6.001, 57.531 ], [ -6.004, 57.533 ] ] ], [ [ [ -6.001, 57.538 ], [ -6.003, 57.538 ], [ -6.003, 57.539 ], [ -6.001, 57.538 ] ] ], [ [ [ -5.955, 57.565 ], [ -5.98, 57.515 ], [ -5.998, 57.531 ], [ -5.98, 57.54 ], [ -6.001, 57.543 ], [ -5.977, 57.549 ], [ -5.989, 57.571 ], [ -5.965, 57.581 ], [ -5.955, 57.565 ] ] ], [ [ [ -5.751, 57.561 ], [ -5.751, 57.559 ], [ -5.754, 57.56 ], [ -5.751, 57.561 ] ] ], [ [ [ -5.991, 57.572 ], [ -5.99, 57.572 ], [ -5.991, 57.571 ], [ -5.991, 57.572 ] ] ], [ [ [ -5.989, 57.572 ], [ -5.99, 57.572 ], [ -5.99, 57.573 ], [ -5.989, 57.573 ], [ -5.989, 57.572 ] ] ], [ [ [ -5.79, 57.737 ], [ -5.801, 57.727 ], [ -5.824, 57.734 ], [ -5.79, 57.737 ] ] ], [ [ [ -5.842, 59.117 ], [ -5.843, 59.117 ], [ -5.843, 59.118 ], [ -5.842, 59.117 ] ] ], [ [ [ -5.813, 59.119 ], [ -5.827, 59.119 ], [ -5.838, 59.116 ], [ -5.842, 59.117 ], [ -5.823, 59.126 ], [ -5.813, 59.119 ] ] ], [ [ [ -5.582, 55.275 ], [ -5.598, 55.279 ], [ -5.572, 55.287 ], [ -5.582, 55.275 ] ] ], [ [ [ -5.555, 55.288 ], [ -5.559, 55.287 ], [ -5.558, 55.288 ], [ -5.555, 55.288 ] ] ], [ [ [ -5.572, 55.294 ], [ -5.569, 55.291 ], [ -5.573, 55.29 ], [ -5.572, 55.294 ] ] ], [ [ [ -5.54, 55.428 ], [ -5.536, 55.423 ], [ -5.554, 55.425 ], [ -5.54, 55.428 ] ] ], [ [ [ -5.514, 55.49 ], [ -5.515, 55.49 ], [ -5.513, 55.491 ], [ -5.514, 55.49 ] ] ], [ [ [ -5.728, 55.663 ], [ -5.727, 55.662 ], [ -5.728, 55.662 ], [ -5.728, 55.663 ] ] ], [ [ [ -5.732, 55.67 ], [ -5.733, 55.67 ], [ -5.731, 55.671 ], [ -5.732, 55.67 ] ] ], [ [ [ -5.596, 55.759 ], [ -5.598, 55.76 ], [ -5.593, 55.764 ], [ -5.596, 55.759 ] ] ], [ [ [ -5.663, 55.892 ], [ -5.659, 55.895 ], [ -5.66, 55.893 ], [ -5.663, 55.892 ] ] ], [ [ [ -5.689, 55.897 ], [ -5.691, 55.896 ], [ -5.691, 55.897 ], [ -5.689, 55.897 ] ] ], [ [ [ -5.738, 55.916 ], [ -5.731, 55.917 ], [ -5.735, 55.911 ], [ -5.738, 55.916 ] ] ], [ [ [ -5.721, 55.918 ], [ -5.716, 55.922 ], [ -5.716, 55.92 ], [ -5.712, 55.921 ], [ -5.715, 55.917 ], [ -5.716, 55.919 ], [ -5.721, 55.918 ] ] ], [ [ [ -5.604, 55.928 ], [ -5.603, 55.929 ], [ -5.602, 55.929 ], [ -5.604, 55.928 ] ] ], [ [ [ -5.701, 55.933 ], [ -5.703, 55.931 ], [ -5.703, 55.934 ], [ -5.701, 55.933 ] ] ], [ [ [ -5.708, 55.943 ], [ -5.706, 55.944 ], [ -5.709, 55.941 ], [ -5.708, 55.943 ] ] ], [ [ [ -5.706, 55.939 ], [ -5.699, 55.954 ], [ -5.68, 55.952 ], [ -5.667, 55.963 ], [ -5.694, 55.933 ], [ -5.706, 55.939 ] ] ], [ [ [ -5.657, 55.979 ], [ -5.662, 55.978 ], [ -5.661, 55.979 ], [ -5.657, 55.979 ] ] ], [ [ [ -5.655, 55.982 ], [ -5.652, 55.982 ], [ -5.651, 55.98 ], [ -5.655, 55.982 ] ] ], [ [ [ -5.641, 55.986 ], [ -5.649, 55.98 ], [ -5.648, 55.983 ], [ -5.641, 55.986 ] ] ], [ [ [ -5.679, 56.008 ], [ -5.677, 56.009 ], [ -5.677, 56.008 ], [ -5.679, 56.008 ] ] ], [ [ [ -5.6, 56.01 ], [ -5.605, 56.006 ], [ -5.607, 56.007 ], [ -5.6, 56.01 ] ] ], [ [ [ -5.606, 56.011 ], [ -5.607, 56.01 ], [ -5.607, 56.011 ], [ -5.606, 56.011 ] ] ], [ [ [ -5.672, 56.016 ], [ -5.669, 56.016 ], [ -5.672, 56.014 ], [ -5.672, 56.016 ] ] ], [ [ [ -5.668, 56.014 ], [ -5.671, 56.012 ], [ -5.672, 56.013 ], [ -5.668, 56.014 ] ] ], [ [ [ -5.575, 56.017 ], [ -5.576, 56.017 ], [ -5.573, 56.019 ], [ -5.575, 56.017 ] ] ], [ [ [ -5.664, 56.021 ], [ -5.659, 56.028 ], [ -5.658, 56.025 ], [ -5.664, 56.021 ] ] ], [ [ [ -5.659, 56.021 ], [ -5.66, 56.021 ], [ -5.649, 56.031 ], [ -5.659, 56.021 ] ] ], [ [ [ -5.592, 56.031 ], [ -5.59, 56.033 ], [ -5.591, 56.031 ], [ -5.592, 56.031 ] ] ], [ [ [ -5.644, 56.037 ], [ -5.646, 56.037 ], [ -5.644, 56.042 ], [ -5.644, 56.037 ] ] ], [ [ [ -5.569, 56.091 ], [ -5.567, 56.093 ], [ -5.565, 56.091 ], [ -5.569, 56.091 ] ] ], [ [ [ -5.623, 56.107 ], [ -5.626, 56.105 ], [ -5.625, 56.107 ], [ -5.623, 56.107 ] ] ], [ [ [ -5.621, 56.113 ], [ -5.616, 56.115 ], [ -5.621, 56.111 ], [ -5.621, 56.113 ] ] ], [ [ [ -5.614, 56.118 ], [ -5.616, 56.118 ], [ -5.613, 56.12 ], [ -5.614, 56.118 ] ] ], [ [ [ -5.645, 56.134 ], [ -5.642, 56.135 ], [ -5.644, 56.133 ], [ -5.645, 56.134 ] ] ], [ [ [ -5.572, 56.128 ], [ -5.574, 56.128 ], [ -5.556, 56.142 ], [ -5.572, 56.128 ] ] ], [ [ [ -5.729, 56.146 ], [ -5.728, 56.145 ], [ -5.73, 56.145 ], [ -5.729, 56.146 ] ] ], [ [ [ -5.625, 56.147 ], [ -5.624, 56.151 ], [ -5.62, 56.152 ], [ -5.625, 56.144 ], [ -5.625, 56.147 ] ] ], [ [ [ -5.567, 56.159 ], [ -5.563, 56.158 ], [ -5.564, 56.156 ], [ -5.567, 56.159 ] ] ], [ [ [ -5.556, 56.147 ], [ -5.527, 56.169 ], [ -5.541, 56.156 ], [ -5.556, 56.147 ] ] ], [ [ [ -5.603, 56.157 ], [ -5.605, 56.158 ], [ -5.604, 56.16 ], [ -5.603, 56.157 ] ] ], [ [ [ -5.558, 56.162 ], [ -5.551, 56.164 ], [ -5.56, 56.156 ], [ -5.558, 56.162 ] ] ], [ [ [ -5.528, 56.18 ], [ -5.549, 56.165 ], [ -5.545, 56.171 ], [ -5.528, 56.18 ] ] ], [ [ [ -5.672, 56.168 ], [ -5.752, 56.168 ], [ -5.725, 56.191 ], [ -5.676, 56.192 ], [ -5.675, 56.192 ], [ -5.676, 56.191 ], [ -5.672, 56.168 ] ] ], [ [ [ -5.641, 56.189 ], [ -5.635, 56.189 ], [ -5.636, 56.186 ], [ -5.641, 56.189 ] ] ], [ [ [ -5.568, 56.204 ], [ -5.57, 56.202 ], [ -5.57, 56.203 ], [ -5.568, 56.204 ] ] ], [ [ [ -5.724, 56.209 ], [ -5.719, 56.209 ], [ -5.72, 56.206 ], [ -5.724, 56.209 ] ] ], [ [ [ -5.571, 56.205 ], [ -5.574, 56.206 ], [ -5.57, 56.21 ], [ -5.571, 56.205 ] ] ], [ [ [ -5.589, 56.207 ], [ -5.611, 56.195 ], [ -5.619, 56.209 ], [ -5.604, 56.229 ], [ -5.589, 56.207 ] ] ], [ [ [ -5.685, 56.203 ], [ -5.715, 56.21 ], [ -5.691, 56.237 ], [ -5.685, 56.203 ] ] ], [ [ [ -5.575, 56.221 ], [ -5.572, 56.225 ], [ -5.572, 56.222 ], [ -5.575, 56.221 ] ] ], [ [ [ -5.633, 56.255 ], [ -5.618, 56.248 ], [ -5.632, 56.188 ], [ -5.666, 56.219 ], [ -5.651, 56.247 ], [ -5.651, 56.261 ], [ -5.635, 56.267 ], [ -5.633, 56.255 ] ] ], [ [ [ -5.72, 56.227 ], [ -5.728, 56.229 ], [ -5.71, 56.235 ], [ -5.72, 56.227 ] ] ], [ [ [ -5.66, 56.236 ], [ -5.661, 56.237 ], [ -5.659, 56.237 ], [ -5.66, 56.236 ] ] ], [ [ [ -5.666, 56.24 ], [ -5.662, 56.239 ], [ -5.663, 56.235 ], [ -5.664, 56.234 ], [ -5.666, 56.24 ] ] ], [ [ [ -5.721, 56.24 ], [ -5.716, 56.238 ], [ -5.718, 56.235 ], [ -5.721, 56.24 ] ] ], [ [ [ -5.58, 56.24 ], [ -5.577, 56.239 ], [ -5.579, 56.238 ], [ -5.58, 56.24 ] ] ], [ [ [ -5.66, 56.244 ], [ -5.661, 56.241 ], [ -5.661, 56.243 ], [ -5.66, 56.244 ] ] ], [ [ [ -5.659, 56.243 ], [ -5.657, 56.247 ], [ -5.658, 56.242 ], [ -5.659, 56.243 ] ] ], [ [ [ -5.682, 56.249 ], [ -5.68, 56.248 ], [ -5.681, 56.248 ], [ -5.682, 56.249 ] ] ], [ [ [ -5.659, 56.251 ], [ -5.658, 56.25 ], [ -5.659, 56.25 ], [ -5.659, 56.251 ] ] ], [ [ [ -5.691, 56.254 ], [ -5.689, 56.251 ], [ -5.694, 56.251 ], [ -5.691, 56.254 ] ] ], [ [ [ -5.552, 56.258 ], [ -5.55, 56.258 ], [ -5.551, 56.256 ], [ -5.552, 56.258 ] ] ], [ [ [ -5.626, 56.254 ], [ -5.609, 56.266 ], [ -5.607, 56.259 ], [ -5.626, 56.254 ] ] ], [ [ [ -5.653, 56.29 ], [ -5.664, 56.289 ], [ -5.661, 56.294 ], [ -5.653, 56.29 ] ] ], [ [ [ -5.597, 56.295 ], [ -5.596, 56.294 ], [ -5.601, 56.293 ], [ -5.597, 56.295 ] ] ], [ [ [ -5.623, 56.265 ], [ -5.634, 56.291 ], [ -5.654, 56.297 ], [ -5.617, 56.322 ], [ -5.612, 56.315 ], [ -5.603, 56.318 ], [ -5.613, 56.312 ], [ -5.612, 56.309 ], [ -5.602, 56.312 ], [ -5.581, 56.327 ], [ -5.623, 56.265 ] ] ], [ [ [ -5.677, 56.311 ], [ -5.662, 56.317 ], [ -5.662, 56.315 ], [ -5.677, 56.311 ] ] ], [ [ [ -5.61, 56.318 ], [ -5.609, 56.319 ], [ -5.608, 56.319 ], [ -5.608, 56.318 ], [ -5.61, 56.318 ] ] ], [ [ [ -5.606, 56.319 ], [ -5.608, 56.319 ], [ -5.605, 56.32 ], [ -5.606, 56.319 ] ] ], [ [ [ -5.591, 56.322 ], [ -5.595, 56.321 ], [ -5.593, 56.322 ], [ -5.591, 56.322 ] ] ], [ [ [ -5.589, 56.326 ], [ -5.588, 56.325 ], [ -5.59, 56.324 ], [ -5.589, 56.326 ] ] ], [ [ [ -5.591, 56.334 ], [ -5.588, 56.332 ], [ -5.594, 56.33 ], [ -5.591, 56.334 ] ] ], [ [ [ -5.621, 56.368 ], [ -5.62, 56.367 ], [ -5.622, 56.366 ], [ -5.621, 56.368 ] ] ], [ [ [ -5.576, 56.379 ], [ -5.576, 56.381 ], [ -5.589, 56.38 ], [ -5.563, 56.408 ], [ -5.491, 56.42 ], [ -5.552, 56.373 ], [ -5.565, 56.382 ], [ -5.573, 56.381 ], [ -5.574, 56.38 ], [ -5.576, 56.379 ] ] ], [ [ [ -5.599, 56.38 ], [ -5.603, 56.382 ], [ -5.599, 56.383 ], [ -5.599, 56.38 ] ] ], [ [ [ -5.718, 56.406 ], [ -5.717, 56.406 ], [ -5.717, 56.405 ], [ -5.718, 56.406 ] ] ], [ [ [ -5.54, 56.414 ], [ -5.541, 56.415 ], [ -5.538, 56.416 ], [ -5.54, 56.414 ] ] ], [ [ [ -5.527, 56.416 ], [ -5.525, 56.416 ], [ -5.528, 56.415 ], [ -5.527, 56.416 ] ] ], [ [ [ -5.647, 56.426 ], [ -5.648, 56.426 ], [ -5.648, 56.427 ], [ -5.647, 56.427 ], [ -5.647, 56.426 ] ] ], [ [ [ -5.603, 56.458 ], [ -5.601, 56.46 ], [ -5.602, 56.457 ], [ -5.608, 56.455 ], [ -5.603, 56.458 ] ] ], [ [ [ -5.681, 56.462 ], [ -5.68, 56.461 ], [ -5.681, 56.461 ], [ -5.681, 56.462 ] ] ], [ [ [ -5.516, 56.477 ], [ -5.514, 56.477 ], [ -5.517, 56.475 ], [ -5.516, 56.477 ] ] ], [ [ [ -5.527, 56.484 ], [ -5.528, 56.483 ], [ -5.528, 56.485 ], [ -5.527, 56.484 ] ] ], [ [ [ -5.519, 56.487 ], [ -5.526, 56.485 ], [ -5.526, 56.487 ], [ -5.519, 56.487 ] ] ], [ [ [ -5.586, 56.491 ], [ -5.595, 56.491 ], [ -5.574, 56.497 ], [ -5.586, 56.491 ] ] ], [ [ [ -5.697, 56.501 ], [ -5.701, 56.502 ], [ -5.697, 56.504 ], [ -5.697, 56.501 ] ] ], [ [ [ -5.662, 56.684 ], [ -5.657, 56.681 ], [ -5.662, 56.68 ], [ -5.662, 56.684 ] ] ], [ [ [ -5.689, 56.695 ], [ -5.693, 56.693 ], [ -5.693, 56.695 ], [ -5.689, 56.695 ] ] ], [ [ [ -5.698, 56.696 ], [ -5.697, 56.696 ], [ -5.698, 56.695 ], [ -5.698, 56.696 ] ] ], [ [ [ -5.699, 56.868 ], [ -5.697, 56.868 ], [ -5.698, 56.867 ], [ -5.699, 56.868 ] ] ], [ [ [ -5.536, 56.997 ], [ -5.536, 56.998 ], [ -5.534, 56.998 ], [ -5.536, 56.997 ] ] ], [ [ [ -5.585, 57.115 ], [ -5.583, 57.115 ], [ -5.584, 57.114 ], [ -5.585, 57.115 ] ] ], [ [ [ -5.61, 57.14 ], [ -5.611, 57.141 ], [ -5.608, 57.141 ], [ -5.61, 57.14 ] ] ], [ [ [ -5.616, 57.145 ], [ -5.614, 57.143 ], [ -5.619, 57.142 ], [ -5.616, 57.145 ] ] ], [ [ [ -5.699, 57.166 ], [ -5.699, 57.167 ], [ -5.697, 57.167 ], [ -5.699, 57.166 ] ] ], [ [ [ -5.705, 57.166 ], [ -5.705, 57.167 ], [ -5.705, 57.168 ], [ -5.701, 57.168 ], [ -5.705, 57.166 ] ] ], [ [ [ -5.697, 57.169 ], [ -5.694, 57.169 ], [ -5.695, 57.168 ], [ -5.697, 57.169 ] ] ], [ [ [ -5.581, 57.268 ], [ -5.573, 57.267 ], [ -5.573, 57.264 ], [ -5.574, 57.262 ], [ -5.581, 57.268 ] ] ], [ [ [ -5.737, 57.281 ], [ -5.735, 57.281 ], [ -5.735, 57.279 ], [ -5.737, 57.281 ] ] ], [ [ [ -5.734, 57.3 ], [ -5.731, 57.3 ], [ -5.732, 57.298 ], [ -5.734, 57.3 ] ] ], [ [ [ -5.668, 57.342 ], [ -5.668, 57.343 ], [ -5.666, 57.343 ], [ -5.668, 57.342 ] ] ], [ [ [ -5.618, 57.358 ], [ -5.618, 57.359 ], [ -5.616, 57.359 ], [ -5.618, 57.358 ] ] ], [ [ [ -5.645, 57.37 ], [ -5.649, 57.371 ], [ -5.646, 57.372 ], [ -5.645, 57.37 ] ] ], [ [ [ -5.652, 57.377 ], [ -5.647, 57.378 ], [ -5.65, 57.373 ], [ -5.652, 57.377 ] ] ], [ [ [ -5.661, 57.525 ], [ -5.662, 57.527 ], [ -5.658, 57.527 ], [ -5.661, 57.525 ] ] ], [ [ [ -5.687, 57.532 ], [ -5.686, 57.531 ], [ -5.687, 57.531 ], [ -5.687, 57.532 ] ] ], [ [ [ -5.686, 57.693 ], [ -5.686, 57.692 ], [ -5.69, 57.692 ], [ -5.686, 57.693 ] ] ], [ [ [ -5.697, 57.701 ], [ -5.696, 57.7 ], [ -5.697, 57.699 ], [ -5.697, 57.701 ] ] ], [ [ [ -5.724, 57.702 ], [ -5.725, 57.7 ], [ -5.726, 57.701 ], [ -5.724, 57.702 ] ] ], [ [ [ -5.722, 57.706 ], [ -5.711, 57.707 ], [ -5.714, 57.702 ], [ -5.722, 57.706 ] ] ], [ [ [ -5.707, 57.714 ], [ -5.706, 57.713 ], [ -5.708, 57.713 ], [ -5.707, 57.714 ] ] ], [ [ [ -5.602, 57.83 ], [ -5.602, 57.822 ], [ -5.645, 57.84 ], [ -5.602, 57.83 ] ] ], [ [ [ -5.655, 57.844 ], [ -5.656, 57.847 ], [ -5.655, 57.847 ], [ -5.655, 57.844 ] ] ], [ [ [ -5.689, 57.869 ], [ -5.687, 57.868 ], [ -5.689, 57.867 ], [ -5.689, 57.869 ] ] ], [ [ [ -5.701, 57.873 ], [ -5.701, 57.872 ], [ -5.703, 57.872 ], [ -5.701, 57.873 ] ] ], [ [ [ -5.708, 57.873 ], [ -5.718, 57.874 ], [ -5.717, 57.876 ], [ -5.708, 57.873 ] ] ], [ [ [ -5.266, 50.013 ], [ -5.265, 50.012 ], [ -5.269, 50.012 ], [ -5.266, 50.013 ] ] ], [ [ [ -5.475, 50.117 ], [ -5.479, 50.115 ], [ -5.48, 50.116 ], [ -5.475, 50.117 ] ] ], [ [ [ -5.265, 51.702 ], [ -5.274, 51.694 ], [ -5.29, 51.696 ], [ -5.265, 51.702 ] ] ], [ [ [ -5.48, 51.731 ], [ -5.476, 51.732 ], [ -5.478, 51.729 ], [ -5.48, 51.731 ] ] ], [ [ [ -5.267, 51.734 ], [ -5.267, 51.735 ], [ -5.264, 51.737 ], [ -5.267, 51.734 ] ] ], [ [ [ -5.269, 51.735 ], [ -5.315, 51.737 ], [ -5.301, 51.745 ], [ -5.269, 51.735 ] ] ], [ [ [ -5.335, 51.851 ], [ -5.342, 51.847 ], [ -5.34, 51.849 ], [ -5.335, 51.851 ] ] ], [ [ [ -5.332, 51.854 ], [ -5.332, 51.852 ], [ -5.334, 51.852 ], [ -5.332, 51.854 ] ] ], [ [ [ -5.4, 51.863 ], [ -5.396, 51.862 ], [ -5.398, 51.862 ], [ -5.4, 51.863 ] ] ], [ [ [ -5.333, 51.854 ], [ -5.336, 51.854 ], [ -5.35, 51.858 ], [ -5.348, 51.876 ], [ -5.333, 51.874 ], [ -5.333, 51.854 ] ] ], [ [ [ -5.389, 51.88 ], [ -5.388, 51.879 ], [ -5.396, 51.878 ], [ -5.389, 51.88 ] ] ], [ [ [ -5.382, 51.881 ], [ -5.385, 51.88 ], [ -5.385, 51.881 ], [ -5.382, 51.881 ] ] ], [ [ [ -5.394, 51.9 ], [ -5.391, 51.901 ], [ -5.391, 51.9 ], [ -5.394, 51.9 ] ] ], [ [ [ -5.39, 51.901 ], [ -5.388, 51.903 ], [ -5.384, 51.904 ], [ -5.39, 51.901 ] ] ], [ [ [ -5.161, 55.679 ], [ -5.139, 55.644 ], [ -5.129, 55.607 ], [ -5.16, 55.584 ], [ -5.083, 55.553 ], [ -5.129, 55.528 ], [ -5.079, 55.51 ], [ -5.095, 55.489 ], [ -5.079, 55.465 ], [ -5.103, 55.443 ], [ -5.251, 55.439 ], [ -5.313, 55.465 ], [ -5.327, 55.498 ], [ -5.355, 55.507 ], [ -5.338, 55.55 ], [ -5.397, 55.617 ], [ -5.372, 55.671 ], [ -5.316, 55.706 ], [ -5.302, 55.708 ], [ -5.287, 55.702 ], [ -5.283, 55.704 ], [ -5.295, 55.713 ], [ -5.283, 55.72 ], [ -5.161, 55.679 ] ] ], [ [ [ -5.5, 55.798 ], [ -5.5, 55.797 ], [ -5.501, 55.797 ], [ -5.5, 55.798 ] ] ], [ [ [ -5.475, 55.818 ], [ -5.474, 55.817 ], [ -5.475, 55.817 ], [ -5.475, 55.818 ] ] ], [ [ [ -5.461, 55.837 ], [ -5.459, 55.839 ], [ -5.458, 55.837 ], [ -5.461, 55.837 ] ] ], [ [ [ -5.289, 55.847 ], [ -5.29, 55.848 ], [ -5.289, 55.849 ], [ -5.289, 55.847 ] ] ], [ [ [ -5.308, 55.847 ], [ -5.309, 55.848 ], [ -5.307, 55.849 ], [ -5.308, 55.847 ] ] ], [ [ [ -5.339, 55.881 ], [ -5.339, 55.882 ], [ -5.337, 55.882 ], [ -5.339, 55.881 ] ] ], [ [ [ -5.444, 55.975 ], [ -5.443, 55.974 ], [ -5.444, 55.974 ], [ -5.444, 55.975 ] ] ], [ [ [ -5.389, 55.998 ], [ -5.388, 56.0 ], [ -5.386, 56.0 ], [ -5.389, 55.998 ] ] ], [ [ [ -5.394, 56.004 ], [ -5.4, 55.998 ], [ -5.4, 55.999 ], [ -5.394, 56.004 ] ] ], [ [ [ -5.352, 56.018 ], [ -5.353, 56.019 ], [ -5.351, 56.02 ], [ -5.352, 56.018 ] ] ], [ [ [ -5.241, 56.103 ], [ -5.24, 56.103 ], [ -5.24, 56.102 ], [ -5.241, 56.103 ] ] ], [ [ [ -5.493, 56.432 ], [ -5.491, 56.43 ], [ -5.492, 56.429 ], [ -5.493, 56.432 ] ] ], [ [ [ -5.324, 56.455 ], [ -5.325, 56.456 ], [ -5.323, 56.456 ], [ -5.324, 56.455 ] ] ], [ [ [ -5.431, 56.456 ], [ -5.434, 56.457 ], [ -5.433, 56.459 ], [ -5.431, 56.456 ] ] ], [ [ [ -5.355, 56.459 ], [ -5.356, 56.459 ], [ -5.354, 56.46 ], [ -5.355, 56.459 ] ] ], [ [ [ -5.516, 56.485 ], [ -5.511, 56.489 ], [ -5.506, 56.486 ], [ -5.516, 56.485 ] ] ], [ [ [ -5.459, 56.495 ], [ -5.461, 56.495 ], [ -5.46, 56.496 ], [ -5.459, 56.495 ] ] ], [ [ [ -5.507, 56.498 ], [ -5.599, 56.461 ], [ -5.574, 56.497 ], [ -5.572, 56.498 ], [ -5.522, 56.513 ], [ -5.468, 56.549 ], [ -5.472, 56.557 ], [ -5.456, 56.55 ], [ -5.427, 56.561 ], [ -5.507, 56.498 ] ] ], [ [ [ -5.459, 56.524 ], [ -5.453, 56.526 ], [ -5.457, 56.522 ], [ -5.459, 56.524 ] ] ], [ [ [ -5.431, 56.525 ], [ -5.401, 56.536 ], [ -5.409, 56.527 ], [ -5.418, 56.529 ], [ -5.431, 56.525 ] ] ], [ [ [ -5.479, 56.551 ], [ -5.481, 56.552 ], [ -5.477, 56.555 ], [ -5.479, 56.551 ] ] ], [ [ [ -5.451, 56.558 ], [ -5.446, 56.559 ], [ -5.448, 56.556 ], [ -5.451, 56.558 ] ] ], [ [ [ -5.441, 56.559 ], [ -5.445, 56.557 ], [ -5.443, 56.559 ], [ -5.441, 56.559 ] ] ], [ [ [ -5.403, 56.59 ], [ -5.381, 56.596 ], [ -5.384, 56.593 ], [ -5.391, 56.58 ], [ -5.403, 56.59 ] ] ], [ [ [ -5.341, 56.633 ], [ -5.336, 56.637 ], [ -5.337, 56.631 ], [ -5.341, 56.633 ] ] ], [ [ [ -5.477, 57.397 ], [ -5.478, 57.397 ], [ -5.477, 57.398 ], [ -5.477, 57.397 ] ] ], [ [ [ -5.459, 57.878 ], [ -5.482, 57.889 ], [ -5.479, 57.898 ], [ -5.459, 57.878 ] ] ], [ [ [ -5.213, 57.937 ], [ -5.239, 57.946 ], [ -5.236, 57.949 ], [ -5.213, 57.937 ] ] ], [ [ [ -5.459, 57.961 ], [ -5.458, 57.962 ], [ -5.455, 57.962 ], [ -5.46, 57.959 ], [ -5.459, 57.961 ] ] ], [ [ [ -5.498, 57.958 ], [ -5.526, 57.961 ], [ -5.509, 57.968 ], [ -5.498, 57.958 ] ] ], [ [ [ -5.443, 57.963 ], [ -5.453, 57.963 ], [ -5.447, 57.968 ], [ -5.443, 57.963 ] ] ], [ [ [ -5.432, 57.97 ], [ -5.435, 57.974 ], [ -5.43, 57.979 ], [ -5.432, 57.97 ] ] ], [ [ [ -5.451, 57.977 ], [ -5.449, 57.978 ], [ -5.449, 57.977 ], [ -5.451, 57.977 ] ] ], [ [ [ -5.51, 57.983 ], [ -5.512, 57.984 ], [ -5.507, 57.989 ], [ -5.51, 57.983 ] ] ], [ [ [ -5.346, 57.98 ], [ -5.352, 57.982 ], [ -5.35, 57.993 ], [ -5.346, 57.98 ] ] ], [ [ [ -5.445, 57.992 ], [ -5.443, 57.993 ], [ -5.443, 57.992 ], [ -5.445, 57.992 ] ] ], [ [ [ -5.348, 57.997 ], [ -5.345, 57.994 ], [ -5.348, 57.993 ], [ -5.348, 57.997 ] ] ], [ [ [ -5.394, 58.009 ], [ -5.394, 58.01 ], [ -5.392, 58.01 ], [ -5.394, 58.009 ] ] ], [ [ [ -5.448, 58.004 ], [ -5.458, 58.012 ], [ -5.446, 58.016 ], [ -5.437, 58.011 ], [ -5.434, 58.009 ], [ -5.448, 58.004 ] ] ], [ [ [ -5.403, 58.01 ], [ -5.394, 58.009 ], [ -5.387, 58.009 ], [ -5.386, 58.008 ], [ -5.383, 58.005 ], [ -5.422, 58.005 ], [ -5.415, 58.019 ], [ -5.412, 58.024 ], [ -5.397, 58.019 ], [ -5.403, 58.01 ] ] ], [ [ [ -5.428, 58.01 ], [ -5.43, 58.008 ], [ -5.437, 58.011 ], [ -5.437, 58.015 ], [ -5.428, 58.01 ] ] ], [ [ [ -5.424, 58.017 ], [ -5.427, 58.016 ], [ -5.426, 58.018 ], [ -5.424, 58.017 ] ] ], [ [ [ -5.43, 58.02 ], [ -5.428, 58.02 ], [ -5.43, 58.018 ], [ -5.43, 58.02 ] ] ], [ [ [ -5.42, 58.02 ], [ -5.418, 58.02 ], [ -5.417, 58.018 ], [ -5.42, 58.02 ] ] ], [ [ [ -5.439, 58.02 ], [ -5.441, 58.019 ], [ -5.44, 58.021 ], [ -5.439, 58.02 ] ] ], [ [ [ -5.445, 58.023 ], [ -5.444, 58.022 ], [ -5.445, 58.019 ], [ -5.445, 58.023 ] ] ], [ [ [ -5.429, 58.022 ], [ -5.426, 58.022 ], [ -5.427, 58.02 ], [ -5.429, 58.022 ] ] ], [ [ [ -5.462, 58.025 ], [ -5.463, 58.026 ], [ -5.462, 58.026 ], [ -5.462, 58.025 ] ] ], [ [ [ -5.468, 58.025 ], [ -5.473, 58.025 ], [ -5.472, 58.032 ], [ -5.468, 58.025 ] ] ], [ [ [ -5.473, 58.03 ], [ -5.474, 58.031 ], [ -5.473, 58.031 ], [ -5.473, 58.03 ] ] ], [ [ [ -5.432, 58.038 ], [ -5.451, 58.043 ], [ -5.444, 58.05 ], [ -5.432, 58.038 ] ] ], [ [ [ -5.464, 58.044 ], [ -5.467, 58.047 ], [ -5.461, 58.051 ], [ -5.459, 58.052 ], [ -5.464, 58.044 ] ] ], [ [ [ -5.325, 58.079 ], [ -5.324, 58.077 ], [ -5.327, 58.078 ], [ -5.325, 58.079 ] ] ], [ [ [ -5.299, 58.083 ], [ -5.298, 58.084 ], [ -5.296, 58.082 ], [ -5.299, 58.083 ] ] ], [ [ [ -5.285, 58.088 ], [ -5.283, 58.088 ], [ -5.283, 58.087 ], [ -5.285, 58.088 ] ] ], [ [ [ -5.278, 58.103 ], [ -5.271, 58.102 ], [ -5.277, 58.1 ], [ -5.278, 58.103 ] ] ], [ [ [ -5.302, 58.101 ], [ -5.307, 58.103 ], [ -5.305, 58.104 ], [ -5.304, 58.104 ], [ -5.3, 58.105 ], [ -5.302, 58.101 ] ] ], [ [ [ -5.288, 58.104 ], [ -5.289, 58.104 ], [ -5.287, 58.106 ], [ -5.288, 58.104 ] ] ], [ [ [ -5.308, 58.111 ], [ -5.305, 58.109 ], [ -5.309, 58.109 ], [ -5.308, 58.111 ] ] ], [ [ [ -5.291, 58.123 ], [ -5.29, 58.124 ], [ -5.29, 58.123 ], [ -5.291, 58.123 ] ] ], [ [ [ -5.349, 58.13 ], [ -5.342, 58.13 ], [ -5.346, 58.129 ], [ -5.349, 58.13 ] ] ], [ [ [ -5.325, 58.141 ], [ -5.331, 58.142 ], [ -5.31, 58.144 ], [ -5.325, 58.141 ] ] ], [ [ [ -5.272, 58.144 ], [ -5.273, 58.145 ], [ -5.272, 58.145 ], [ -5.272, 58.144 ] ] ], [ [ [ -5.309, 58.144 ], [ -5.31, 58.144 ], [ -5.311, 58.145 ], [ -5.308, 58.145 ], [ -5.309, 58.144 ] ] ], [ [ [ -5.319, 58.146 ], [ -5.318, 58.146 ], [ -5.319, 58.145 ], [ -5.319, 58.146 ] ] ], [ [ [ -5.303, 58.147 ], [ -5.302, 58.147 ], [ -5.303, 58.146 ], [ -5.303, 58.147 ] ] ], [ [ [ -5.298, 58.252 ], [ -5.291, 58.252 ], [ -5.291, 58.251 ], [ -5.298, 58.252 ] ] ], [ [ [ -5.274, 58.252 ], [ -5.274, 58.251 ], [ -5.275, 58.252 ], [ -5.274, 58.252 ] ] ], [ [ [ -5.226, 58.256 ], [ -5.224, 58.255 ], [ -5.225, 58.254 ], [ -5.226, 58.256 ] ] ], [ [ [ -5.239, 58.255 ], [ -5.235, 58.255 ], [ -5.237, 58.254 ], [ -5.239, 58.255 ] ] ], [ [ [ -5.242, 58.258 ], [ -5.24, 58.258 ], [ -5.241, 58.257 ], [ -5.242, 58.258 ] ] ], [ [ [ -5.242, 58.25 ], [ -5.28, 58.258 ], [ -5.262, 58.269 ], [ -5.242, 58.25 ] ] ], [ [ [ -5.385, 58.259 ], [ -5.384, 58.26 ], [ -5.384, 58.259 ], [ -5.385, 58.259 ] ] ], [ [ [ -5.246, 58.259 ], [ -5.247, 58.26 ], [ -5.245, 58.26 ], [ -5.246, 58.259 ] ] ], [ [ [ -5.242, 58.261 ], [ -5.241, 58.262 ], [ -5.24, 58.261 ], [ -5.242, 58.261 ] ] ], [ [ [ -5.382, 58.261 ], [ -5.383, 58.261 ], [ -5.382, 58.262 ], [ -5.382, 58.261 ] ] ], [ [ [ -5.242, 58.263 ], [ -5.242, 58.262 ], [ -5.244, 58.262 ], [ -5.242, 58.263 ] ] ], [ [ [ -5.066, 50.427 ], [ -5.061, 50.427 ], [ -5.062, 50.426 ], [ -5.066, 50.427 ] ] ], [ [ [ -5.201, 51.858 ], [ -5.203, 51.858 ], [ -5.201, 51.859 ], [ -5.201, 51.858 ] ] ], [ [ [ -5.117, 55.258 ], [ -5.107, 55.252 ], [ -5.119, 55.247 ], [ -5.117, 55.258 ] ] ], [ [ [ -5.116, 55.426 ], [ -5.119, 55.424 ], [ -5.121, 55.428 ], [ -5.116, 55.426 ] ] ], [ [ [ -5.065, 55.524 ], [ -5.063, 55.512 ], [ -5.087, 55.526 ], [ -5.082, 55.537 ], [ -5.065, 55.524 ] ] ], [ [ [ -5.164, 55.782 ], [ -5.165, 55.804 ], [ -5.159, 55.805 ], [ -5.148, 55.786 ], [ -5.164, 55.782 ] ] ], [ [ [ -5.078, 55.881 ], [ -5.092, 55.863 ], [ -5.062, 55.859 ], [ -5.059, 55.839 ], [ -5.025, 55.844 ], [ -5.001, 55.77 ], [ -5.032, 55.755 ], [ -5.004, 55.73 ], [ -5.033, 55.723 ], [ -5.094, 55.778 ], [ -5.12, 55.772 ], [ -5.127, 55.809 ], [ -5.143, 55.813 ], [ -5.129, 55.845 ], [ -5.169, 55.852 ], [ -5.221, 55.901 ], [ -5.187, 55.926 ], [ -5.078, 55.881 ] ] ], [ [ [ -5.172, 55.925 ], [ -5.174, 55.928 ], [ -5.172, 55.928 ], [ -5.172, 55.925 ] ] ], [ [ [ -5.178, 55.929 ], [ -5.177, 55.929 ], [ -5.178, 55.928 ], [ -5.178, 55.929 ] ] ], [ [ [ -5.192, 55.933 ], [ -5.192, 55.932 ], [ -5.195, 55.933 ], [ -5.192, 55.933 ] ] ], [ [ [ -5.129, 56.684 ], [ -5.132, 56.684 ], [ -5.131, 56.685 ], [ -5.129, 56.684 ] ] ], [ [ [ -5.124, 56.686 ], [ -5.125, 56.686 ], [ -5.125, 56.687 ], [ -5.124, 56.686 ] ] ], [ [ [ -5.094, 56.829 ], [ -5.094, 56.828 ], [ -5.095, 56.828 ], [ -5.094, 56.829 ] ] ], [ [ [ -5.099, 56.833 ], [ -5.096, 56.833 ], [ -5.096, 56.832 ], [ -5.099, 56.833 ] ] ], [ [ [ -5.201, 58.251 ], [ -5.199, 58.25 ], [ -5.2, 58.249 ], [ -5.201, 58.251 ] ] ], [ [ [ -5.198, 58.252 ], [ -5.197, 58.251 ], [ -5.198, 58.251 ], [ -5.198, 58.252 ] ] ], [ [ [ -5.208, 58.253 ], [ -5.203, 58.251 ], [ -5.204, 58.251 ], [ -5.208, 58.253 ] ] ], [ [ [ -5.203, 58.254 ], [ -5.201, 58.253 ], [ -5.202, 58.252 ], [ -5.203, 58.254 ] ] ], [ [ [ -5.207, 58.255 ], [ -5.209, 58.255 ], [ -5.206, 58.256 ], [ -5.207, 58.255 ] ] ], [ [ [ -5.137, 58.262 ], [ -5.135, 58.261 ], [ -5.137, 58.261 ], [ -5.137, 58.262 ] ] ], [ [ [ -5.134, 58.267 ], [ -5.126, 58.267 ], [ -5.128, 58.265 ], [ -5.134, 58.267 ] ] ], [ [ [ -5.111, 58.277 ], [ -5.111, 58.278 ], [ -5.11, 58.278 ], [ -5.111, 58.277 ] ] ], [ [ [ -5.144, 58.277 ], [ -5.144, 58.278 ], [ -5.142, 58.278 ], [ -5.144, 58.277 ] ] ], [ [ [ -5.141, 58.279 ], [ -5.141, 58.28 ], [ -5.14, 58.28 ], [ -5.141, 58.279 ] ] ], [ [ [ -5.146, 58.278 ], [ -5.15, 58.283 ], [ -5.144, 58.282 ], [ -5.146, 58.278 ] ] ], [ [ [ -5.134, 58.278 ], [ -5.139, 58.283 ], [ -5.132, 58.288 ], [ -5.134, 58.278 ] ] ], [ [ [ -5.183, 58.283 ], [ -5.185, 58.283 ], [ -5.184, 58.284 ], [ -5.183, 58.283 ] ] ], [ [ [ -5.201, 58.287 ], [ -5.2, 58.288 ], [ -5.199, 58.287 ], [ -5.195, 58.288 ], [ -5.198, 58.285 ], [ -5.201, 58.287 ] ] ], [ [ [ -5.203, 58.288 ], [ -5.204, 58.289 ], [ -5.203, 58.289 ], [ -5.203, 58.288 ] ] ], [ [ [ -5.21, 58.291 ], [ -5.203, 58.291 ], [ -5.203, 58.29 ], [ -5.21, 58.291 ] ] ], [ [ [ -5.174, 58.306 ], [ -5.168, 58.303 ], [ -5.174, 58.302 ], [ -5.174, 58.306 ] ] ], [ [ [ -5.188, 58.307 ], [ -5.186, 58.307 ], [ -5.19, 58.304 ], [ -5.188, 58.307 ] ] ], [ [ [ -5.178, 58.309 ], [ -5.171, 58.309 ], [ -5.176, 58.307 ], [ -5.178, 58.309 ] ] ], [ [ [ -5.168, 58.309 ], [ -5.157, 58.311 ], [ -5.157, 58.31 ], [ -5.168, 58.309 ] ] ], [ [ [ -5.152, 58.31 ], [ -5.153, 58.311 ], [ -5.15, 58.311 ], [ -5.152, 58.31 ] ] ], [ [ [ -5.166, 58.312 ], [ -5.169, 58.311 ], [ -5.17, 58.313 ], [ -5.166, 58.312 ] ] ], [ [ [ -5.187, 58.312 ], [ -5.189, 58.313 ], [ -5.188, 58.314 ], [ -5.187, 58.312 ] ] ], [ [ [ -5.148, 58.313 ], [ -5.149, 58.314 ], [ -5.148, 58.314 ], [ -5.148, 58.313 ] ] ], [ [ [ -5.184, 58.316 ], [ -5.181, 58.316 ], [ -5.185, 58.314 ], [ -5.184, 58.316 ] ] ], [ [ [ -5.149, 58.315 ], [ -5.146, 58.317 ], [ -5.148, 58.314 ], [ -5.149, 58.315 ] ] ], [ [ [ -5.164, 58.316 ], [ -5.167, 58.316 ], [ -5.165, 58.318 ], [ -5.164, 58.316 ] ] ], [ [ [ -5.144, 58.324 ], [ -5.142, 58.323 ], [ -5.143, 58.322 ], [ -5.144, 58.324 ] ] ], [ [ [ -5.178, 58.347 ], [ -5.178, 58.346 ], [ -5.179, 58.346 ], [ -5.178, 58.347 ] ] ], [ [ [ -5.185, 58.354 ], [ -5.183, 58.354 ], [ -5.186, 58.352 ], [ -5.185, 58.354 ] ] ], [ [ [ -5.167, 58.383 ], [ -5.172, 58.374 ], [ -5.21, 58.377 ], [ -5.167, 58.383 ] ] ], [ [ [ -5.164, 58.389 ], [ -5.163, 58.389 ], [ -5.163, 58.388 ], [ -5.164, 58.389 ] ] ], [ [ [ -5.161, 58.388 ], [ -5.163, 58.389 ], [ -5.161, 58.39 ], [ -5.161, 58.388 ] ] ], [ [ [ -5.07, 58.391 ], [ -5.071, 58.391 ], [ -5.071, 58.392 ], [ -5.07, 58.391 ] ] ], [ [ [ -5.156, 58.393 ], [ -5.156, 58.392 ], [ -5.157, 58.392 ], [ -5.158, 58.393 ], [ -5.156, 58.393 ] ] ], [ [ [ -5.077, 58.391 ], [ -5.079, 58.392 ], [ -5.074, 58.394 ], [ -5.077, 58.391 ] ] ], [ [ [ -5.091, 58.395 ], [ -5.089, 58.395 ], [ -5.088, 58.394 ], [ -5.091, 58.395 ] ] ], [ [ [ -5.062, 58.397 ], [ -5.062, 58.396 ], [ -5.064, 58.396 ], [ -5.062, 58.397 ] ] ], [ [ [ -5.091, 58.399 ], [ -5.099, 58.399 ], [ -5.092, 58.4 ], [ -5.091, 58.399 ] ] ], [ [ [ -5.101, 58.404 ], [ -5.111, 58.403 ], [ -5.107, 58.406 ], [ -5.101, 58.404 ] ] ], [ [ [ -5.076, 58.407 ], [ -5.073, 58.404 ], [ -5.081, 58.402 ], [ -5.076, 58.407 ] ] ], [ [ [ -5.119, 58.408 ], [ -5.118, 58.408 ], [ -5.119, 58.407 ], [ -5.119, 58.408 ] ] ], [ [ [ -5.125, 58.411 ], [ -5.125, 58.41 ], [ -5.127, 58.41 ], [ -5.125, 58.411 ] ] ], [ [ [ -5.058, 58.41 ], [ -5.063, 58.411 ], [ -5.06, 58.412 ], [ -5.058, 58.41 ] ] ], [ [ [ -5.138, 58.413 ], [ -5.137, 58.414 ], [ -5.136, 58.413 ], [ -5.138, 58.413 ] ] ], [ [ [ -5.118, 58.417 ], [ -5.115, 58.417 ], [ -5.116, 58.416 ], [ -5.118, 58.417 ] ] ], [ [ [ -5.103, 58.417 ], [ -5.106, 58.417 ], [ -5.104, 58.418 ], [ -5.103, 58.418 ], [ -5.103, 58.417 ] ] ], [ [ [ -5.113, 58.417 ], [ -5.113, 58.418 ], [ -5.112, 58.417 ], [ -5.113, 58.417 ] ] ], [ [ [ -5.103, 58.418 ], [ -5.102, 58.419 ], [ -5.102, 58.418 ], [ -5.103, 58.418 ] ] ], [ [ [ -5.116, 58.418 ], [ -5.118, 58.418 ], [ -5.117, 58.419 ], [ -5.116, 58.418 ] ] ], [ [ [ -5.093, 58.42 ], [ -5.092, 58.421 ], [ -5.092, 58.42 ], [ -5.093, 58.42 ] ] ], [ [ [ -5.116, 58.427 ], [ -5.117, 58.426 ], [ -5.118, 58.427 ], [ -5.116, 58.427 ] ] ], [ [ [ -5.117, 58.428 ], [ -5.118, 58.429 ], [ -5.117, 58.429 ], [ -5.117, 58.428 ] ] ], [ [ [ -5.118, 58.43 ], [ -5.118, 58.429 ], [ -5.121, 58.428 ], [ -5.122, 58.429 ], [ -5.118, 58.43 ] ] ], [ [ [ -5.116, 58.434 ], [ -5.115, 58.434 ], [ -5.115, 58.433 ], [ -5.116, 58.434 ] ] ], [ [ [ -5.137, 58.439 ], [ -5.138, 58.439 ], [ -5.136, 58.44 ], [ -5.137, 58.439 ] ] ], [ [ [ -5.132, 58.441 ], [ -5.133, 58.442 ], [ -5.131, 58.442 ], [ -5.132, 58.441 ] ] ], [ [ [ -5.086, 58.45 ], [ -5.088, 58.45 ], [ -5.088, 58.451 ], [ -5.084, 58.452 ], [ -5.086, 58.45 ] ] ], [ [ [ -5.085, 58.453 ], [ -5.083, 58.452 ], [ -5.084, 58.452 ], [ -5.085, 58.453 ] ] ], [ [ [ -5.078, 58.458 ], [ -5.077, 58.458 ], [ -5.077, 58.457 ], [ -5.078, 58.457 ], [ -5.078, 58.458 ] ] ], [ [ [ -5.085, 58.462 ], [ -5.085, 58.464 ], [ -5.076, 58.465 ], [ -5.085, 58.462 ] ] ], [ [ [ -5.087, 58.466 ], [ -5.087, 58.467 ], [ -5.086, 58.467 ], [ -5.087, 58.466 ] ] ], [ [ [ -5.141, 58.474 ], [ -5.141, 58.475 ], [ -5.139, 58.474 ], [ -5.141, 58.474 ] ] ], [ [ [ -5.139, 58.476 ], [ -5.134, 58.477 ], [ -5.134, 58.474 ], [ -5.134, 58.473 ], [ -5.139, 58.476 ] ] ], [ [ [ -5.132, 58.473 ], [ -5.134, 58.474 ], [ -5.122, 58.48 ], [ -5.117, 58.478 ], [ -5.132, 58.473 ] ] ], [ [ [ -5.129, 58.486 ], [ -5.13, 58.486 ], [ -5.13, 58.487 ], [ -5.129, 58.486 ] ] ], [ [ [ -5.113, 58.522 ], [ -5.114, 58.523 ], [ -5.113, 58.523 ], [ -5.113, 58.522 ] ] ], [ [ [ -5.118, 58.545 ], [ -5.12, 58.546 ], [ -5.119, 58.547 ], [ -5.118, 58.545 ] ] ], [ [ [ -4.106, 50.306 ], [ -4.108, 50.306 ], [ -4.109, 50.307 ], [ -4.106, 50.308 ], [ -4.106, 50.306 ] ] ], [ [ [ -4.451, 50.339 ], [ -4.446, 50.337 ], [ -4.452, 50.336 ], [ -4.451, 50.339 ] ] ], [ [ [ -4.153, 50.355 ], [ -4.155, 50.356 ], [ -4.152, 50.356 ], [ -4.153, 50.355 ] ] ], [ [ [ -4.287, 50.386 ], [ -4.288, 50.388 ], [ -4.284, 50.389 ], [ -4.287, 50.386 ] ] ], [ [ [ -4.248, 50.389 ], [ -4.246, 50.389 ], [ -4.246, 50.388 ], [ -4.248, 50.389 ] ] ], [ [ [ -4.219, 50.427 ], [ -4.222, 50.426 ], [ -4.221, 50.427 ], [ -4.219, 50.427 ] ] ], [ [ [ -4.197, 50.452 ], [ -4.197, 50.453 ], [ -4.196, 50.453 ], [ -4.195, 50.453 ], [ -4.196, 50.451 ], [ -4.197, 50.452 ] ] ], [ [ [ -4.2, 50.454 ], [ -4.199, 50.453 ], [ -4.197, 50.452 ], [ -4.2, 50.452 ], [ -4.2, 50.454 ] ] ], [ [ [ -5.035, 50.484 ], [ -5.036, 50.485 ], [ -5.035, 50.485 ], [ -5.035, 50.484 ] ] ], [ [ [ -4.851, 50.529 ], [ -4.855, 50.53 ], [ -4.849, 50.53 ], [ -4.849, 50.529 ], [ -4.85, 50.529 ], [ -4.851, 50.529 ] ] ], [ [ [ -4.998, 50.571 ], [ -4.999, 50.572 ], [ -4.995, 50.572 ], [ -4.998, 50.571 ] ] ], [ [ [ -4.545, 50.952 ], [ -4.547, 50.953 ], [ -4.545, 50.953 ], [ -4.545, 50.952 ] ] ], [ [ [ -4.662, 51.167 ], [ -4.654, 51.161 ], [ -4.681, 51.172 ], [ -4.67, 51.198 ], [ -4.662, 51.167 ] ] ], [ [ [ -4.326, 51.566 ], [ -4.318, 51.565 ], [ -4.315, 51.563 ], [ -4.326, 51.566 ] ] ], [ [ [ -4.31, 51.608 ], [ -4.316, 51.609 ], [ -4.316, 51.61 ], [ -4.31, 51.608 ] ] ], [ [ [ -4.216, 51.63 ], [ -4.216, 51.631 ], [ -4.215, 51.63 ], [ -4.216, 51.63 ] ] ], [ [ [ -4.226, 51.633 ], [ -4.225, 51.632 ], [ -4.226, 51.632 ], [ -4.226, 51.633 ] ] ], [ [ [ -4.24, 51.633 ], [ -4.239, 51.632 ], [ -4.24, 51.632 ], [ -4.24, 51.633 ] ] ], [ [ [ -4.234, 51.634 ], [ -4.239, 51.632 ], [ -4.234, 51.635 ], [ -4.234, 51.634 ] ] ], [ [ [ -4.237, 51.636 ], [ -4.235, 51.636 ], [ -4.236, 51.635 ], [ -4.238, 51.635 ], [ -4.237, 51.636 ] ] ], [ [ [ -4.686, 51.63 ], [ -4.71, 51.642 ], [ -4.694, 51.64 ], [ -4.68, 51.641 ], [ -4.686, 51.63 ] ] ], [ [ [ -4.72, 51.644 ], [ -4.714, 51.643 ], [ -4.717, 51.642 ], [ -4.72, 51.644 ] ] ], [ [ [ -4.072, 51.655 ], [ -4.074, 51.656 ], [ -4.072, 51.657 ], [ -4.07, 51.654 ], [ -4.072, 51.655 ] ] ], [ [ [ -4.082, 51.657 ], [ -4.082, 51.655 ], [ -4.082, 51.653 ], [ -4.083, 51.655 ], [ -4.086, 51.656 ], [ -4.082, 51.657 ] ] ], [ [ [ -4.088, 51.657 ], [ -4.085, 51.657 ], [ -4.086, 51.656 ], [ -4.087, 51.655 ], [ -4.088, 51.657 ] ] ], [ [ [ -4.086, 51.658 ], [ -4.081, 51.659 ], [ -4.082, 51.658 ], [ -4.086, 51.658 ] ] ], [ [ [ -4.858, 51.72 ], [ -4.858, 51.718 ], [ -4.859, 51.72 ], [ -4.858, 51.72 ] ] ], [ [ [ -4.322, 51.723 ], [ -4.321, 51.722 ], [ -4.322, 51.722 ], [ -4.323, 51.721 ], [ -4.324, 51.721 ], [ -4.322, 51.723 ] ] ], [ [ [ -4.334, 51.725 ], [ -4.333, 51.725 ], [ -4.325, 51.723 ], [ -4.328, 51.722 ], [ -4.331, 51.723 ], [ -4.333, 51.721 ], [ -4.334, 51.725 ] ] ], [ [ [ -4.338, 51.723 ], [ -4.339, 51.724 ], [ -4.343, 51.725 ], [ -4.337, 51.725 ], [ -4.338, 51.723 ] ] ], [ [ [ -4.341, 51.727 ], [ -4.34, 51.73 ], [ -4.334, 51.729 ], [ -4.341, 51.727 ] ] ], [ [ [ -4.347, 51.731 ], [ -4.346, 51.731 ], [ -4.343, 51.73 ], [ -4.347, 51.729 ], [ -4.347, 51.731 ] ] ], [ [ [ -4.351, 51.731 ], [ -4.347, 51.731 ], [ -4.348, 51.729 ], [ -4.353, 51.73 ], [ -4.351, 51.731 ] ] ], [ [ [ -4.853, 51.789 ], [ -4.854, 51.789 ], [ -4.854, 51.79 ], [ -4.853, 51.789 ] ] ], [ [ [ -4.689, 52.134 ], [ -4.686, 52.132 ], [ -4.689, 52.13 ], [ -4.689, 52.134 ] ] ], [ [ [ -4.077, 52.602 ], [ -4.079, 52.602 ], [ -4.078, 52.603 ], [ -4.077, 52.603 ], [ -4.077, 52.602 ] ] ], [ [ [ -4.804, 52.756 ], [ -4.804, 52.757 ], [ -4.803, 52.757 ], [ -4.804, 52.756 ] ] ], [ [ [ -4.786, 52.753 ], [ -4.802, 52.745 ], [ -4.795, 52.768 ], [ -4.786, 52.753 ] ] ], [ [ [ -4.698, 52.784 ], [ -4.699, 52.784 ], [ -4.699, 52.785 ], [ -4.698, 52.784 ] ] ], [ [ [ -4.693, 52.788 ], [ -4.697, 52.787 ], [ -4.696, 52.788 ], [ -4.693, 52.788 ] ] ], [ [ [ -4.46, 52.804 ], [ -4.465, 52.805 ], [ -4.463, 52.807 ], [ -4.46, 52.804 ] ] ], [ [ [ -4.74, 52.827 ], [ -4.74, 52.828 ], [ -4.739, 52.828 ], [ -4.74, 52.827 ] ] ], [ [ [ -4.083, 52.914 ], [ -4.079, 52.913 ], [ -4.082, 52.911 ], [ -4.083, 52.914 ] ] ], [ [ [ -4.128, 52.919 ], [ -4.129, 52.919 ], [ -4.128, 52.921 ], [ -4.128, 52.919 ] ] ], [ [ [ -4.413, 53.139 ], [ -4.406, 53.144 ], [ -4.406, 53.14 ], [ -4.413, 53.139 ] ] ], [ [ [ -4.175, 53.223 ], [ -4.173, 53.222 ], [ -4.174, 53.221 ], [ -4.175, 53.223 ] ] ], [ [ [ -4.154, 53.231 ], [ -4.154, 53.23 ], [ -4.159, 53.229 ], [ -4.154, 53.231 ] ] ], [ [ [ -4.543, 53.23 ], [ -4.543, 53.231 ], [ -4.542, 53.231 ], [ -4.543, 53.23 ] ] ], [ [ [ -4.555, 53.25 ], [ -4.556, 53.25 ], [ -4.557, 53.251 ], [ -4.555, 53.251 ], [ -4.555, 53.25 ] ] ], [ [ [ -4.572, 53.273 ], [ -4.571, 53.272 ], [ -4.572, 53.271 ], [ -4.572, 53.273 ] ] ], [ [ [ -4.593, 53.277 ], [ -4.593, 53.278 ], [ -4.592, 53.278 ], [ -4.593, 53.277 ] ] ], [ [ [ -4.287, 53.417 ], [ -4.269, 53.391 ], [ -4.278, 53.378 ], [ -4.283, 53.376 ], [ -4.288, 53.37 ], [ -4.295, 53.366 ], [ -4.296, 53.365 ], [ -4.276, 53.371 ], [ -4.28, 53.376 ], [ -4.23, 53.358 ], [ -4.204, 53.292 ], [ -4.119, 53.319 ], [ -4.04, 53.311 ], [ -4.101, 53.255 ], [ -4.203, 53.216 ], [ -4.218, 53.186 ], [ -4.314, 53.145 ], [ -4.34, 53.149 ], [ -4.343, 53.135 ], [ -4.327, 53.127 ], [ -4.406, 53.144 ], [ -4.418, 53.163 ], [ -4.391, 53.17 ], [ -4.385, 53.192 ], [ -4.397, 53.188 ], [ -4.444, 53.155 ], [ -4.467, 53.184 ], [ -4.46, 53.195 ], [ -4.486, 53.177 ], [ -4.504, 53.187 ], [ -4.498, 53.208 ], [ -4.524, 53.227 ], [ -4.513, 53.239 ], [ -4.536, 53.237 ], [ -4.555, 53.25 ], [ -4.548, 53.254 ], [ -4.555, 53.268 ], [ -4.572, 53.273 ], [ -4.587, 53.278 ], [ -4.53, 53.309 ], [ -4.563, 53.299 ], [ -4.562, 53.317 ], [ -4.584, 53.331 ], [ -4.555, 53.374 ], [ -4.573, 53.404 ], [ -4.415, 53.426 ], [ -4.287, 53.417 ] ], [ [ -4.328, 53.16 ], [ -4.329, 53.16 ], [ -4.339, 53.153 ], [ -4.34, 53.149 ], [ -4.328, 53.16 ] ], [ [ -4.329, 53.165 ], [ -4.331, 53.166 ], [ -4.331, 53.162 ], [ -4.33, 53.16 ], [ -4.329, 53.16 ], [ -4.329, 53.165 ] ], [ [ -4.347, 53.203 ], [ -4.371, 53.198 ], [ -4.385, 53.192 ], [ -4.347, 53.203 ] ] ], [ [ [ -4.585, 53.301 ], [ -4.584, 53.29 ], [ -4.602, 53.288 ], [ -4.597, 53.284 ], [ -4.609, 53.283 ], [ -4.61, 53.279 ], [ -4.577, 53.273 ], [ -4.585, 53.263 ], [ -4.562, 53.264 ], [ -4.573, 53.262 ], [ -4.553, 53.247 ], [ -4.598, 53.24 ], [ -4.626, 53.269 ], [ -4.617, 53.279 ], [ -4.687, 53.284 ], [ -4.678, 53.298 ], [ -4.697, 53.307 ], [ -4.681, 53.323 ], [ -4.619, 53.331 ], [ -4.644, 53.318 ], [ -4.585, 53.301 ] ] ], [ [ [ -4.607, 53.421 ], [ -4.609, 53.42 ], [ -4.609, 53.422 ], [ -4.607, 53.421 ] ] ], [ [ [ -4.439, 53.436 ], [ -4.438, 53.436 ], [ -4.438, 53.435 ], [ -4.439, 53.436 ] ] ], [ [ [ -4.086, 54.764 ], [ -4.089, 54.765 ], [ -4.084, 54.769 ], [ -4.086, 54.764 ] ] ], [ [ [ -4.84, 55.289 ], [ -4.84, 55.29 ], [ -4.838, 55.29 ], [ -4.84, 55.289 ] ] ], [ [ [ -4.853, 55.303 ], [ -4.85, 55.307 ], [ -4.846, 55.307 ], [ -4.853, 55.303 ] ] ], [ [ [ -4.736, 55.528 ], [ -4.733, 55.527 ], [ -4.733, 55.525 ], [ -4.736, 55.528 ] ] ], [ [ [ -4.847, 55.647 ], [ -4.846, 55.648 ], [ -4.841, 55.646 ], [ -4.847, 55.647 ] ] ], [ [ [ -4.952, 55.71 ], [ -4.968, 55.718 ], [ -4.938, 55.735 ], [ -4.952, 55.71 ] ] ], [ [ [ -4.911, 55.746 ], [ -4.918, 55.755 ], [ -4.926, 55.751 ], [ -4.947, 55.743 ], [ -4.926, 55.787 ], [ -4.899, 55.792 ], [ -4.911, 55.746 ] ] ], [ [ [ -4.733, 55.945 ], [ -4.728, 55.946 ], [ -4.728, 55.944 ], [ -4.733, 55.945 ] ] ], [ [ [ -4.044, 57.734 ], [ -4.044, 57.735 ], [ -4.043, 57.734 ], [ -4.044, 57.734 ] ] ], [ [ [ -5.061, 58.253 ], [ -5.057, 58.252 ], [ -5.058, 58.251 ], [ -5.061, 58.253 ] ] ], [ [ [ -5.024, 58.263 ], [ -5.022, 58.263 ], [ -5.023, 58.262 ], [ -5.024, 58.263 ] ] ], [ [ [ -5.06, 58.386 ], [ -5.057, 58.387 ], [ -5.053, 58.384 ], [ -5.06, 58.386 ] ] ], [ [ [ -5.044, 58.391 ], [ -5.043, 58.391 ], [ -5.045, 58.388 ], [ -5.044, 58.391 ] ] ], [ [ [ -4.749, 58.451 ], [ -4.748, 58.453 ], [ -4.747, 58.451 ], [ -4.749, 58.451 ] ] ], [ [ [ -4.75, 58.451 ], [ -4.753, 58.451 ], [ -4.75, 58.454 ], [ -4.75, 58.451 ] ] ], [ [ [ -4.705, 58.482 ], [ -4.713, 58.476 ], [ -4.71, 58.485 ], [ -4.705, 58.482 ] ] ], [ [ [ -4.625, 58.528 ], [ -4.629, 58.528 ], [ -4.625, 58.529 ], [ -4.625, 58.528 ] ] ], [ [ [ -4.4, 58.53 ], [ -4.408, 58.534 ], [ -4.403, 58.538 ], [ -4.4, 58.53 ] ] ], [ [ [ -4.392, 58.533 ], [ -4.397, 58.535 ], [ -4.392, 58.541 ], [ -4.392, 58.533 ] ] ], [ [ [ -4.388, 58.544 ], [ -4.389, 58.544 ], [ -4.389, 58.546 ], [ -4.387, 58.544 ], [ -4.387, 58.543 ], [ -4.389, 58.542 ], [ -4.388, 58.544 ] ] ], [ [ [ -4.186, 58.547 ], [ -4.185, 58.547 ], [ -4.186, 58.546 ], [ -4.186, 58.547 ] ] ], [ [ [ -4.297, 58.545 ], [ -4.305, 58.549 ], [ -4.296, 58.55 ], [ -4.297, 58.545 ] ] ], [ [ [ -4.164, 58.547 ], [ -4.165, 58.547 ], [ -4.166, 58.547 ], [ -4.166, 58.548 ], [ -4.164, 58.547 ] ] ], [ [ [ -4.421, 58.552 ], [ -4.421, 58.549 ], [ -4.423, 58.549 ], [ -4.421, 58.552 ] ] ], [ [ [ -4.644, 58.554 ], [ -4.647, 58.554 ], [ -4.646, 58.555 ], [ -4.644, 58.554 ] ] ], [ [ [ -4.339, 58.548 ], [ -4.353, 58.552 ], [ -4.346, 58.561 ], [ -4.329, 58.561 ], [ -4.339, 58.548 ] ] ], [ [ [ -4.7, 58.559 ], [ -4.701, 58.56 ], [ -4.699, 58.561 ], [ -4.7, 58.559 ] ] ], [ [ [ -4.352, 58.558 ], [ -4.361, 58.56 ], [ -4.358, 58.561 ], [ -4.358, 58.563 ], [ -4.356, 58.562 ], [ -4.351, 58.563 ], [ -4.352, 58.558 ] ] ], [ [ [ -4.678, 58.564 ], [ -4.687, 58.565 ], [ -4.666, 58.569 ], [ -4.678, 58.564 ] ] ], [ [ [ -4.052, 58.577 ], [ -4.053, 58.578 ], [ -4.051, 58.579 ], [ -4.052, 58.577 ] ] ], [ [ [ -4.535, 58.582 ], [ -4.534, 58.581 ], [ -4.536, 58.581 ], [ -4.535, 58.582 ] ] ], [ [ [ -4.027, 58.592 ], [ -4.027, 58.593 ], [ -4.026, 58.593 ], [ -4.027, 58.592 ] ] ], [ [ [ -4.03, 58.593 ], [ -4.03, 58.592 ], [ -4.032, 58.591 ], [ -4.032, 58.593 ], [ -4.03, 58.593 ] ] ], [ [ [ -4.871, 58.617 ], [ -4.874, 58.617 ], [ -4.873, 58.618 ], [ -4.871, 58.617 ] ] ], [ [ [ -4.507, 59.024 ], [ -4.507, 59.025 ], [ -4.506, 59.024 ], [ -4.507, 59.024 ] ] ], [ [ [ -4.408, 59.083 ], [ -4.412, 59.083 ], [ -4.404, 59.086 ], [ -4.408, 59.083 ] ] ], [ [ [ -3.901, 50.278 ], [ -3.902, 50.278 ], [ -3.903, 50.28 ], [ -3.901, 50.281 ], [ -3.897, 50.279 ], [ -3.901, 50.278 ] ] ], [ [ [ -3.584, 50.537 ], [ -3.589, 50.537 ], [ -3.588, 50.539 ], [ -3.584, 50.537 ] ] ], [ [ [ -3.013, 51.225 ], [ -3.016, 51.223 ], [ -3.017, 51.227 ], [ -3.016, 51.233 ], [ -3.013, 51.225 ] ] ], [ [ [ -3.112, 51.338 ], [ -3.115, 51.34 ], [ -3.106, 51.341 ], [ -3.112, 51.338 ] ] ], [ [ [ -3.122, 51.38 ], [ -3.117, 51.378 ], [ -3.118, 51.375 ], [ -3.122, 51.38 ] ] ], [ [ [ -3.201, 51.395 ], [ -3.202, 51.396 ], [ -3.195, 51.395 ], [ -3.201, 51.395 ] ] ], [ [ [ -3.974, 51.567 ], [ -3.975, 51.567 ], [ -3.976, 51.568 ], [ -3.974, 51.567 ] ] ], [ [ [ -3.928, 56.134 ], [ -3.919, 56.134 ], [ -3.927, 56.128 ], [ -3.928, 56.134 ] ] ], [ [ [ 0.319, 53.092 ], [ 0.32, 53.093 ], [ 0.321, 53.092 ], [ 0.319, 53.092 ] ] ], [ [ [ 0.319, 53.092 ], [ 0.319, 53.091 ], [ 0.318, 53.092 ], [ 0.319, 53.092 ] ] ], [ [ [ 0.05, 52.917 ], [ 0.043, 52.918 ], [ 0.044, 52.923 ], [ 0.043, 52.926 ], [ 0.05, 52.917 ] ] ], [ [ [ 0.04, 52.914 ], [ 0.044, 52.915 ], [ 0.038, 52.913 ], [ 0.04, 52.91 ], [ 0.045, 52.911 ], [ 0.037, 52.906 ], [ 0.036, 52.907 ], [ 0.038, 52.909 ], [ 0.037, 52.913 ], [ 0.037, 52.914 ], [ 0.039, 52.914 ], [ 0.04, 52.915 ], [ 0.04, 52.914 ] ] ], [ [ [ 0.038, 52.916 ], [ 0.037, 52.914 ], [ 0.035, 52.915 ], [ 0.038, 52.916 ] ] ], [ [ [ 0.092, 52.888 ], [ 0.093, 52.894 ], [ 0.099, 52.894 ], [ 0.095, 52.891 ], [ 0.094, 52.889 ], [ 0.095, 52.887 ], [ 0.092, 52.888 ] ] ], [ [ [ 0.734, 52.974 ], [ 0.735, 52.974 ], [ 0.738, 52.974 ], [ 0.742, 52.975 ], [ 0.743, 52.975 ], [ 0.752, 52.973 ], [ 0.732, 52.973 ], [ 0.734, 52.974 ] ] ], [ [ [ 1.025, 52.967 ], [ 1.021, 52.969 ], [ 1.027, 52.968 ], [ 1.025, 52.967 ] ] ], [ [ [ 1.341, 52.044 ], [ 1.341, 52.042 ], [ 1.34, 52.042 ], [ 1.34, 52.044 ], [ 1.341, 52.044 ] ] ], [ [ [ 1.342, 52.042 ], [ 1.341, 52.041 ], [ 1.341, 52.042 ], [ 1.342, 52.042 ] ] ], [ [ [ 1.342, 52.04 ], [ 1.342, 52.039 ], [ 1.345, 52.038 ], [ 1.341, 52.038 ], [ 1.341, 52.041 ], [ 1.342, 52.04 ] ] ], [ [ [ 1.274, 51.88 ], [ 1.274, 51.881 ], [ 1.286, 51.876 ], [ 1.274, 51.88 ] ] ], [ [ [ 1.273, 51.881 ], [ 1.271, 51.881 ], [ 1.273, 51.88 ], [ 1.271, 51.88 ], [ 1.271, 51.878 ], [ 1.27, 51.878 ], [ 1.27, 51.881 ], [ 1.268, 51.881 ], [ 1.272, 51.882 ], [ 1.274, 51.881 ], [ 1.273, 51.881 ] ] ], [ [ [ 1.274, 51.88 ], [ 1.276, 51.878 ], [ 1.272, 51.877 ], [ 1.273, 51.88 ], [ 1.274, 51.88 ] ] ], [ [ [ 1.269, 51.878 ], [ 1.267, 51.881 ], [ 1.268, 51.881 ], [ 1.269, 51.878 ] ] ], [ [ [ 1.263, 51.883 ], [ 1.263, 51.885 ], [ 1.264, 51.886 ], [ 1.272, 51.882 ], [ 1.263, 51.883 ] ] ], [ [ [ 1.043, 51.776 ], [ 1.037, 51.779 ], [ 1.036, 51.784 ], [ 1.041, 51.78 ], [ 1.047, 51.783 ], [ 1.043, 51.776 ] ] ], [ [ [ 0.924, 51.794 ], [ 0.965, 51.809 ], [ 1.004, 51.797 ], [ 0.926, 51.773 ], [ 0.898, 51.778 ], [ 0.921, 51.792 ], [ 0.922, 51.795 ], [ 0.924, 51.794 ] ] ], [ [ [ 0.888, 51.77 ], [ 0.888, 51.769 ], [ 0.887, 51.769 ], [ 0.886, 51.77 ], [ 0.887, 51.77 ], [ 0.887, 51.771 ], [ 0.888, 51.77 ] ] ], [ [ [ 0.848, 51.764 ], [ 0.845, 51.765 ], [ 0.847, 51.766 ], [ 0.85, 51.766 ], [ 0.851, 51.764 ], [ 0.85, 51.764 ], [ 0.848, 51.763 ], [ 0.848, 51.764 ] ] ], [ [ [ 0.797, 51.74 ], [ 0.789, 51.737 ], [ 0.784, 51.738 ], [ 0.797, 51.74 ] ] ], [ [ [ 0.772, 51.74 ], [ 0.773, 51.74 ], [ 0.775, 51.739 ], [ 0.773, 51.739 ], [ 0.772, 51.739 ], [ 0.772, 51.74 ] ] ], [ [ [ 0.94, 51.677 ], [ 0.946, 51.677 ], [ 0.938, 51.676 ], [ 0.94, 51.677 ] ] ], [ [ [ 0.865, 51.615 ], [ 0.864, 51.609 ], [ 0.863, 51.609 ], [ 0.865, 51.615 ] ] ], [ [ [ 0.724, 51.418 ], [ 0.723, 51.419 ], [ 0.724, 51.419 ], [ 0.727, 51.417 ], [ 0.729, 51.416 ], [ 0.723, 51.417 ], [ 0.724, 51.418 ] ] ], [ [ [ -3.802, 51.569 ], [ -3.81, 51.571 ], [ -3.817, 51.574 ], [ -3.797, 51.569 ], [ -3.802, 51.569 ] ] ], [ [ [ -3.998, 52.528 ], [ -3.997, 52.529 ], [ -3.996, 52.528 ], [ -3.998, 52.528 ] ] ], [ [ [ -3.953, 52.553 ], [ -3.952, 52.556 ], [ -3.952, 52.555 ], [ -3.953, 52.553 ] ] ], [ [ [ -3.833, 53.197 ], [ -3.833, 53.198 ], [ -3.834, 53.199 ], [ -3.833, 53.199 ], [ -3.832, 53.198 ], [ -3.833, 53.197 ] ] ], [ [ [ -4.026, 53.321 ], [ -4.02, 53.321 ], [ -4.028, 53.317 ], [ -4.026, 53.321 ] ] ], [ [ [ -2.903, 53.722 ], [ -2.901, 53.722 ], [ -2.899, 53.722 ], [ -2.899, 53.72 ], [ -2.905, 53.721 ], [ -2.913, 53.727 ], [ -2.903, 53.722 ] ] ], [ [ [ -2.897, 53.723 ], [ -2.903, 53.723 ], [ -2.906, 53.726 ], [ -2.897, 53.723 ] ] ], [ [ [ -2.903, 53.729 ], [ -2.895, 53.73 ], [ -2.901, 53.726 ], [ -2.903, 53.729 ] ] ], [ [ [ -2.94, 53.854 ], [ -2.938, 53.854 ], [ -2.939, 53.852 ], [ -2.94, 53.854 ] ] ], [ [ [ -2.907, 53.94 ], [ -2.906, 53.94 ], [ -2.906, 53.939 ], [ -2.907, 53.94 ] ] ], [ [ [ -2.9, 53.94 ], [ -2.9, 53.941 ], [ -2.898, 53.94 ], [ -2.9, 53.94 ] ] ], [ [ [ -2.897, 53.942 ], [ -2.894, 53.942 ], [ -2.896, 53.941 ], [ -2.897, 53.942 ] ] ], [ [ [ -2.909, 53.945 ], [ -2.906, 53.945 ], [ -2.906, 53.944 ], [ -2.909, 53.945 ] ] ], [ [ [ -2.899, 53.991 ], [ -2.893, 53.99 ], [ -2.898, 53.988 ], [ -2.899, 53.991 ] ] ], [ [ [ -3.172, 54.064 ], [ -3.174, 54.062 ], [ -3.177, 54.064 ], [ -3.172, 54.064 ] ] ], [ [ [ -3.201, 54.064 ], [ -3.203, 54.065 ], [ -3.202, 54.066 ], [ -3.201, 54.064 ] ] ], [ [ [ -3.243, 54.1 ], [ -3.253, 54.1 ], [ -3.252, 54.096 ], [ -3.221, 54.08 ], [ -3.205, 54.052 ], [ -3.173, 54.047 ], [ -3.21, 54.048 ], [ -3.247, 54.082 ], [ -3.273, 54.118 ], [ -3.276, 54.144 ], [ -3.268, 54.149 ], [ -3.252, 54.151 ], [ -3.265, 54.145 ], [ -3.243, 54.1 ] ] ], [ [ [ -3.042, 54.173 ], [ -3.042, 54.176 ], [ -3.041, 54.174 ], [ -3.042, 54.173 ] ] ], [ [ [ -3.254, 54.218 ], [ -3.253, 54.22 ], [ -3.252, 54.219 ], [ -3.254, 54.218 ] ] ], [ [ [ -3.233, 54.26 ], [ -3.233, 54.262 ], [ -3.232, 54.262 ], [ -3.233, 54.26 ] ] ], [ [ [ -3.288, 54.879 ], [ -3.289, 54.881 ], [ -3.286, 54.88 ], [ -3.288, 54.879 ] ] ], [ [ [ -3.0, 54.936 ], [ -3.002, 54.935 ], [ -3.002, 54.936 ], [ -3.0, 54.936 ] ] ], [ [ [ -3.291, 55.99 ], [ -3.293, 55.993 ], [ -3.288, 55.995 ], [ -3.291, 55.99 ] ] ], [ [ [ -3.308, 56.027 ], [ -3.303, 56.031 ], [ -3.296, 56.029 ], [ -3.308, 56.027 ] ] ], [ [ [ -3.13, 56.027 ], [ -3.141, 56.035 ], [ -3.138, 56.037 ], [ -3.13, 56.027 ] ] ], [ [ [ -3.82, 56.109 ], [ -3.81, 56.109 ], [ -3.813, 56.104 ], [ -3.82, 56.109 ] ] ], [ [ [ -3.829, 56.109 ], [ -3.833, 56.109 ], [ -3.831, 56.114 ], [ -3.829, 56.109 ] ] ], [ [ [ -3.964, 56.141 ], [ -3.963, 56.141 ], [ -3.965, 56.14 ], [ -3.964, 56.141 ] ] ], [ [ [ -3.963, 56.141 ], [ -3.961, 56.142 ], [ -3.958, 56.142 ], [ -3.963, 56.141 ] ] ], [ [ [ -3.252, 56.358 ], [ -3.245, 56.358 ], [ -3.269, 56.355 ], [ -3.252, 56.358 ] ] ], [ [ [ -3.416, 56.38 ], [ -3.419, 56.378 ], [ -3.426, 56.379 ], [ -3.422, 56.391 ], [ -3.416, 56.38 ] ] ], [ [ [ -3.805, 57.618 ], [ -3.834, 57.603 ], [ -3.815, 57.617 ], [ -3.801, 57.622 ], [ -3.791, 57.623 ], [ -3.805, 57.618 ] ] ], [ [ [ -3.638, 57.641 ], [ -3.642, 57.642 ], [ -3.639, 57.643 ], [ -3.638, 57.641 ] ] ], [ [ [ -3.346, 57.73 ], [ -3.352, 57.729 ], [ -3.353, 57.729 ], [ -3.346, 57.73 ] ] ], [ [ [ -3.95, 57.813 ], [ -3.954, 57.814 ], [ -3.952, 57.814 ], [ -3.95, 57.813 ] ] ], [ [ [ -3.964, 57.852 ], [ -3.943, 57.853 ], [ -3.927, 57.842 ], [ -3.964, 57.852 ] ] ], [ [ [ -3.344, 58.65 ], [ -3.343, 58.649 ], [ -3.344, 58.649 ], [ -3.344, 58.65 ] ] ], [ [ [ -3.18, 58.653 ], [ -3.179, 58.654 ], [ -3.177, 58.652 ], [ -3.18, 58.653 ] ] ], [ [ [ -3.106, 58.672 ], [ -3.106, 58.671 ], [ -3.14, 58.668 ], [ -3.125, 58.682 ], [ -3.122, 58.695 ], [ -3.1, 58.683 ], [ -3.105, 58.679 ], [ -3.108, 58.672 ], [ -3.107, 58.672 ], [ -3.106, 58.672 ] ] ], [ [ [ -2.911, 58.674 ], [ -2.913, 58.674 ], [ -2.911, 58.675 ], [ -2.911, 58.674 ] ] ], [ [ [ -2.926, 58.686 ], [ -2.933, 58.689 ], [ -2.919, 58.692 ], [ -2.926, 58.686 ] ] ], [ [ [ -3.068, 58.735 ], [ -3.067, 58.735 ], [ -3.067, 58.734 ], [ -3.068, 58.734 ], [ -3.068, 58.735 ] ] ], [ [ [ -3.071, 58.736 ], [ -3.073, 58.736 ], [ -3.072, 58.737 ], [ -3.071, 58.736 ] ] ], [ [ [ -3.057, 58.737 ], [ -3.072, 58.737 ], [ -3.054, 58.752 ], [ -3.057, 58.737 ] ] ], [ [ [ -3.1, 58.797 ], [ -3.113, 58.798 ], [ -3.102, 58.803 ], [ -3.1, 58.797 ] ] ], [ [ [ -3.114, 58.837 ], [ -3.077, 58.832 ], [ -3.08, 58.814 ], [ -3.128, 58.813 ], [ -3.148, 58.828 ], [ -3.121, 58.843 ], [ -3.065, 58.846 ], [ -3.114, 58.837 ] ] ], [ [ [ -3.044, 58.845 ], [ -3.046, 58.844 ], [ -3.046, 58.845 ], [ -3.044, 58.845 ] ] ], [ [ [ -3.161, 58.855 ], [ -3.15, 58.838 ], [ -3.171, 58.833 ], [ -3.179, 58.85 ], [ -3.161, 58.855 ] ] ], [ [ [ -3.316, 58.907 ], [ -3.212, 58.878 ], [ -3.231, 58.87 ], [ -3.198, 58.853 ], [ -3.215, 58.84 ], [ -3.191, 58.836 ], [ -3.206, 58.827 ], [ -3.17, 58.821 ], [ -3.259, 58.787 ], [ -3.152, 58.807 ], [ -3.139, 58.802 ], [ -3.154, 58.787 ], [ -3.13, 58.788 ], [ -3.294, 58.776 ], [ -3.328, 58.817 ], [ -3.37, 58.837 ], [ -3.38, 58.868 ], [ -3.435, 58.872 ], [ -3.403, 58.922 ], [ -3.329, 58.929 ], [ -3.316, 58.907 ] ] ], [ [ [ -3.072, 58.855 ], [ -3.066, 58.855 ], [ -3.068, 58.853 ], [ -3.072, 58.855 ] ] ], [ [ [ -3.2, 58.859 ], [ -3.202, 58.868 ], [ -3.199, 58.863 ], [ -3.189, 58.859 ], [ -3.2, 58.859 ] ] ], [ [ [ -3.175, 58.884 ], [ -3.157, 58.876 ], [ -3.169, 58.872 ], [ -3.177, 58.879 ], [ -3.175, 58.884 ] ] ], [ [ [ -3.184, 58.91 ], [ -3.192, 58.909 ], [ -3.191, 58.913 ], [ -3.184, 58.91 ] ] ], [ [ [ -3.322, 58.926 ], [ -3.322, 58.927 ], [ -3.32, 58.926 ], [ -3.322, 58.926 ] ] ], [ [ [ -3.32, 58.929 ], [ -3.317, 58.927 ], [ -3.319, 58.926 ], [ -3.32, 58.929 ] ] ], [ [ [ -3.267, 58.924 ], [ -3.305, 58.924 ], [ -3.314, 58.939 ], [ -3.267, 58.924 ] ] ], [ [ [ -3.323, 58.931 ], [ -3.323, 58.932 ], [ -3.321, 58.932 ], [ -3.323, 58.931 ] ] ], [ [ [ -3.073, 59.124 ], [ -3.046, 59.105 ], [ -3.062, 59.096 ], [ -3.004, 59.072 ], [ -3.012, 59.039 ], [ -3.065, 59.05 ], [ -3.061, 59.023 ], [ -3.124, 59.01 ], [ -3.111, 59.004 ], [ -3.055, 58.993 ], [ -3.041, 59.009 ], [ -3.006, 59.01 ], [ -2.96, 58.985 ], [ -2.932, 59.015 ], [ -2.902, 59.01 ], [ -2.916, 58.993 ], [ -2.888, 58.991 ], [ -2.919, 58.983 ], [ -2.919, 58.965 ], [ -2.887, 58.96 ], [ -2.855, 58.986 ], [ -2.826, 58.981 ], [ -2.8, 58.992 ], [ -2.792, 58.965 ], [ -2.843, 58.956 ], [ -2.825, 58.934 ], [ -2.842, 58.925 ], [ -2.784, 58.916 ], [ -2.786, 58.94 ], [ -2.805, 58.948 ], [ -2.71, 58.973 ], [ -2.71, 58.922 ], [ -2.786, 58.915 ], [ -2.833, 58.872 ], [ -2.846, 58.889 ], [ -2.897, 58.896 ], [ -2.884, 58.89 ], [ -2.903, 58.882 ], [ -2.913, 58.869 ], [ -2.885, 58.874 ], [ -2.888, 58.855 ], [ -2.858, 58.853 ], [ -2.901, 58.842 ], [ -2.878, 58.819 ], [ -2.931, 58.794 ], [ -2.921, 58.783 ], [ -2.94, 58.767 ], [ -2.909, 58.755 ], [ -2.917, 58.735 ], [ -2.962, 58.73 ], [ -2.992, 58.754 ], [ -2.979, 58.786 ], [ -3.022, 58.805 ], [ -3.01, 58.813 ], [ -2.997, 58.8 ], [ -2.974, 58.818 ], [ -3.037, 58.819 ], [ -3.013, 58.833 ], [ -2.958, 58.826 ], [ -2.908, 58.839 ], [ -2.989, 58.854 ], [ -2.915, 58.855 ], [ -2.924, 58.877 ], [ -2.896, 58.89 ], [ -2.931, 58.891 ], [ -2.973, 58.94 ], [ -2.97, 58.96 ], [ -3.2, 58.912 ], [ -3.228, 58.932 ], [ -3.23, 58.965 ], [ -3.248, 58.982 ], [ -3.264, 58.962 ], [ -3.294, 58.968 ], [ -3.3, 58.95 ], [ -3.356, 58.965 ], [ -3.366, 59.015 ], [ -3.358, 59.017 ], [ -3.361, 59.03 ], [ -3.353, 59.03 ], [ -3.348, 59.038 ], [ -3.357, 59.048 ], [ -3.335, 59.054 ], [ -3.349, 59.062 ], [ -3.358, 59.104 ], [ -3.32, 59.123 ], [ -3.321, 59.124 ], [ -3.325, 59.136 ], [ -3.193, 59.15 ], [ -3.073, 59.124 ] ], [ [ -2.843, 58.96 ], [ -2.845, 58.96 ], [ -2.847, 58.96 ], [ -2.843, 58.956 ], [ -2.843, 58.96 ] ] ], [ [ [ -3.29, 58.959 ], [ -3.29, 58.96 ], [ -3.288, 58.959 ], [ -3.29, 58.959 ] ] ], [ [ [ -3.083, 59.002 ], [ -3.088, 59.004 ], [ -3.082, 59.006 ], [ -3.083, 59.002 ] ] ], [ [ [ -3.065, 59.005 ], [ -3.068, 59.008 ], [ -3.066, 59.011 ], [ -3.065, 59.005 ] ] ], [ [ [ -3.364, 59.021 ], [ -3.363, 59.02 ], [ -3.364, 59.02 ], [ -3.364, 59.021 ] ] ], [ [ [ -2.904, 59.02 ], [ -2.907, 59.025 ], [ -2.898, 59.027 ], [ -2.904, 59.02 ] ] ], [ [ [ -2.946, 59.061 ], [ -2.945, 59.062 ], [ -2.943, 59.061 ], [ -2.946, 59.061 ] ] ], [ [ [ -2.934, 59.06 ], [ -2.935, 59.06 ], [ -2.934, 59.062 ], [ -2.934, 59.06 ] ] ], [ [ [ -2.898, 59.078 ], [ -2.899, 59.081 ], [ -2.895, 59.079 ], [ -2.898, 59.078 ] ] ], [ [ [ -2.974, 59.072 ], [ -2.993, 59.086 ], [ -2.965, 59.092 ], [ -2.952, 59.074 ], [ -2.974, 59.072 ] ] ], [ [ [ -2.947, 59.091 ], [ -2.95, 59.087 ], [ -2.956, 59.089 ], [ -2.947, 59.091 ] ] ], [ [ [ -2.967, 59.111 ], [ -3.012, 59.113 ], [ -2.963, 59.128 ], [ -2.967, 59.111 ] ] ], [ [ [ -3.321, 59.124 ], [ -3.324, 59.125 ], [ -3.322, 59.125 ], [ -3.321, 59.124 ] ] ], [ [ [ -3.338, 59.134 ], [ -3.341, 59.137 ], [ -3.33, 59.138 ], [ -3.338, 59.134 ] ] ], [ [ [ -3.129, 59.142 ], [ -3.128, 59.147 ], [ -3.111, 59.146 ], [ -3.129, 59.142 ] ] ], [ [ [ -2.908, 59.161 ], [ -2.92, 59.125 ], [ -2.945, 59.155 ], [ -2.908, 59.161 ] ] ], [ [ [ -3.108, 59.15 ], [ -3.106, 59.148 ], [ -3.111, 59.149 ], [ -3.108, 59.15 ] ] ], [ [ [ -3.037, 59.179 ], [ -2.953, 59.18 ], [ -2.979, 59.163 ], [ -2.964, 59.136 ], [ -3.042, 59.127 ], [ -3.115, 59.162 ], [ -3.114, 59.165 ], [ -3.104, 59.186 ], [ -3.065, 59.195 ], [ -3.037, 59.179 ] ] ], [ [ [ -2.95, 59.169 ], [ -2.947, 59.166 ], [ -2.953, 59.163 ], [ -2.95, 59.169 ] ] ], [ [ [ -2.919, 59.178 ], [ -2.915, 59.177 ], [ -2.92, 59.174 ], [ -2.919, 59.178 ] ] ], [ [ [ -2.904, 59.227 ], [ -2.904, 59.225 ], [ -2.907, 59.226 ], [ -2.904, 59.227 ] ] ], [ [ [ -2.979, 59.245 ], [ -2.977, 59.244 ], [ -2.978, 59.243 ], [ -2.979, 59.245 ] ] ], [ [ [ -2.977, 59.257 ], [ -2.978, 59.258 ], [ -2.977, 59.259 ], [ -2.977, 59.257 ] ] ], [ [ [ -2.979, 59.259 ], [ -2.978, 59.259 ], [ -2.978, 59.258 ], [ -2.979, 59.259 ] ] ], [ [ [ -2.948, 59.278 ], [ -2.949, 59.28 ], [ -2.948, 59.279 ], [ -2.948, 59.278 ] ] ], [ [ [ -2.969, 59.341 ], [ -2.955, 59.328 ], [ -2.989, 59.317 ], [ -2.904, 59.304 ], [ -2.881, 59.266 ], [ -2.856, 59.269 ], [ -2.837, 59.247 ], [ -2.859, 59.251 ], [ -2.886, 59.229 ], [ -2.876, 59.256 ], [ -2.957, 59.29 ], [ -2.967, 59.287 ], [ -2.948, 59.273 ], [ -2.978, 59.268 ], [ -2.982, 59.266 ], [ -2.98, 59.26 ], [ -2.983, 59.259 ], [ -3.025, 59.278 ], [ -3.031, 59.312 ], [ -3.071, 59.33 ], [ -3.005, 59.327 ], [ -2.979, 59.336 ], [ -2.976, 59.354 ], [ -2.945, 59.351 ], [ -2.969, 59.341 ] ] ], [ [ [ -2.434, 50.571 ], [ -2.431, 50.572 ], [ -2.434, 50.57 ], [ -2.434, 50.571 ] ] ], [ [ [ -1.996, 50.681 ], [ -1.991, 50.681 ], [ -1.99, 50.678 ], [ -1.996, 50.681 ] ] ], [ [ [ -1.983, 50.682 ], [ -1.99, 50.683 ], [ -1.989, 50.684 ], [ -1.983, 50.682 ] ] ], [ [ [ -2.015, 50.691 ], [ -2.015, 50.685 ], [ -2.02, 50.688 ], [ -2.015, 50.691 ] ] ], [ [ [ -2.026, 50.692 ], [ -2.025, 50.692 ], [ -2.025, 50.69 ], [ -2.026, 50.692 ] ] ], [ [ [ -1.975, 50.697 ], [ -1.956, 50.691 ], [ -1.962, 50.686 ], [ -1.985, 50.688 ], [ -1.975, 50.697 ] ] ], [ [ [ -1.962, 50.712 ], [ -1.96, 50.71 ], [ -1.963, 50.711 ], [ -1.962, 50.712 ] ] ], [ [ [ -2.005, 50.721 ], [ -2.004, 50.72 ], [ -2.006, 50.72 ], [ -2.005, 50.721 ] ] ], [ [ [ -2.004, 50.723 ], [ -2.005, 50.723 ], [ -2.007, 50.724 ], [ -2.004, 50.723 ] ] ], [ [ [ -2.007, 50.724 ], [ -2.008, 50.724 ], [ -2.008, 50.725 ], [ -2.008, 50.726 ], [ -2.007, 50.726 ], [ -2.007, 50.724 ] ] ], [ [ [ -1.999, 50.726 ], [ -2.005, 50.73 ], [ -2.0, 50.73 ], [ -1.995, 50.73 ], [ -1.999, 50.726 ] ] ], [ [ [ -2.002, 50.734 ], [ -1.998, 50.734 ], [ -1.999, 50.732 ], [ -2.002, 50.734 ] ] ], [ [ [ -1.77, 50.733 ], [ -1.77, 50.731 ], [ -1.774, 50.735 ], [ -1.77, 50.733 ] ] ], [ [ [ -2.896, 53.725 ], [ -2.901, 53.726 ], [ -2.89, 53.73 ], [ -2.892, 53.728 ], [ -2.896, 53.725 ] ] ], [ [ [ -2.89, 53.727 ], [ -2.888, 53.727 ], [ -2.888, 53.726 ], [ -2.891, 53.725 ], [ -2.89, 53.727 ] ] ], [ [ [ -2.89, 53.73 ], [ -2.888, 53.73 ], [ -2.888, 53.728 ], [ -2.889, 53.728 ], [ -2.89, 53.727 ], [ -2.89, 53.73 ] ] ], [ [ [ -2.894, 53.942 ], [ -2.894, 53.943 ], [ -2.892, 53.942 ], [ -2.893, 53.941 ], [ -2.894, 53.942 ] ] ], [ [ [ -2.886, 53.943 ], [ -2.892, 53.944 ], [ -2.884, 53.947 ], [ -2.886, 53.943 ] ] ], [ [ [ -2.888, 53.946 ], [ -2.89, 53.948 ], [ -2.888, 53.949 ], [ -2.888, 53.946 ] ] ], [ [ [ -2.872, 54.003 ], [ -2.875, 54.005 ], [ -2.874, 54.005 ], [ -2.874, 54.006 ], [ -2.873, 54.006 ], [ -2.873, 54.005 ], [ -2.872, 54.005 ], [ -2.872, 54.003 ] ] ], [ [ [ -2.835, 54.018 ], [ -2.836, 54.017 ], [ -2.841, 54.022 ], [ -2.835, 54.018 ] ] ], [ [ [ -2.793, 54.06 ], [ -2.795, 54.061 ], [ -2.793, 54.062 ], [ -2.793, 54.06 ] ] ], [ [ [ -1.78, 55.686 ], [ -1.778, 55.668 ], [ -1.854, 55.68 ], [ -1.865, 55.697 ], [ -1.78, 55.686 ] ] ], [ [ [ -2.126, 55.739 ], [ -2.122, 55.738 ], [ -2.126, 55.738 ], [ -2.126, 55.739 ] ] ], [ [ [ -2.078, 55.762 ], [ -2.076, 55.761 ], [ -2.079, 55.761 ], [ -2.078, 55.762 ] ] ], [ [ [ -2.517, 56.007 ], [ -2.512, 56.006 ], [ -2.514, 56.006 ], [ -2.517, 56.007 ] ] ], [ [ [ -2.786, 56.074 ], [ -2.783, 56.074 ], [ -2.783, 56.072 ], [ -2.786, 56.074 ] ] ], [ [ [ -2.722, 56.074 ], [ -2.718, 56.075 ], [ -2.719, 56.072 ], [ -2.722, 56.074 ] ] ], [ [ [ -2.64, 56.076 ], [ -2.643, 56.077 ], [ -2.643, 56.078 ], [ -2.64, 56.076 ] ] ], [ [ [ -2.545, 56.181 ], [ -2.564, 56.189 ], [ -2.559, 56.189 ], [ -2.545, 56.181 ] ] ], [ [ [ -2.562, 56.192 ], [ -2.559, 56.19 ], [ -2.563, 56.19 ], [ -2.562, 56.192 ] ] ], [ [ [ -2.565, 56.192 ], [ -2.567, 56.192 ], [ -2.566, 56.193 ], [ -2.565, 56.192 ] ] ], [ [ [ -1.818, 57.425 ], [ -1.817, 57.424 ], [ -1.819, 57.424 ], [ -1.821, 57.426 ], [ -1.818, 57.425 ] ] ], [ [ [ -1.776, 57.472 ], [ -1.771, 57.47 ], [ -1.773, 57.469 ], [ -1.776, 57.472 ] ] ], [ [ [ -2.493, 57.674 ], [ -2.491, 57.674 ], [ -2.492, 57.673 ], [ -2.493, 57.674 ] ] ], [ [ [ -2.341, 57.676 ], [ -2.341, 57.677 ], [ -2.34, 57.677 ], [ -2.34, 57.676 ], [ -2.341, 57.676 ] ] ], [ [ [ -2.229, 57.68 ], [ -2.23, 57.681 ], [ -2.229, 57.681 ], [ -2.229, 57.68 ] ] ], [ [ [ -2.159, 57.684 ], [ -2.158, 57.684 ], [ -2.159, 57.683 ], [ -2.159, 57.684 ] ] ], [ [ [ -2.318, 57.691 ], [ -2.319, 57.691 ], [ -2.319, 57.692 ], [ -2.318, 57.691 ] ] ], [ [ [ -2.684, 58.899 ], [ -2.664, 58.902 ], [ -2.672, 58.896 ], [ -2.684, 58.899 ] ] ], [ [ [ -2.702, 58.898 ], [ -2.704, 58.897 ], [ -2.705, 58.898 ], [ -2.702, 58.898 ] ] ], [ [ [ -2.702, 58.903 ], [ -2.692, 58.901 ], [ -2.696, 58.901 ], [ -2.702, 58.903 ] ] ], [ [ [ -2.707, 58.903 ], [ -2.707, 58.904 ], [ -2.704, 58.904 ], [ -2.707, 58.903 ] ] ], [ [ [ -2.657, 58.911 ], [ -2.66, 58.91 ], [ -2.659, 58.911 ], [ -2.657, 58.911 ] ] ], [ [ [ -2.785, 58.913 ], [ -2.785, 58.912 ], [ -2.786, 58.912 ], [ -2.785, 58.913 ] ] ], [ [ [ -2.704, 58.942 ], [ -2.705, 58.943 ], [ -2.7, 58.944 ], [ -2.704, 58.942 ] ] ], [ [ [ -2.809, 58.944 ], [ -2.81, 58.945 ], [ -2.809, 58.945 ], [ -2.809, 58.944 ] ] ], [ [ [ -2.829, 58.95 ], [ -2.829, 58.951 ], [ -2.828, 58.951 ], [ -2.828, 58.95 ], [ -2.829, 58.95 ] ] ], [ [ [ -2.847, 58.986 ], [ -2.844, 58.987 ], [ -2.842, 58.986 ], [ -2.847, 58.986 ] ] ], [ [ [ -2.573, 59.025 ], [ -2.577, 59.036 ], [ -2.572, 59.038 ], [ -2.56, 59.032 ], [ -2.573, 59.025 ] ] ], [ [ [ -2.824, 59.047 ], [ -2.806, 59.029 ], [ -2.825, 59.019 ], [ -2.935, 59.032 ], [ -2.902, 59.077 ], [ -2.862, 59.052 ], [ -2.84, 59.077 ], [ -2.839, 59.077 ], [ -2.801, 59.085 ], [ -2.824, 59.047 ] ] ], [ [ [ -2.527, 59.092 ], [ -2.536, 59.077 ], [ -2.606, 59.072 ], [ -2.605, 59.097 ], [ -2.632, 59.108 ], [ -2.658, 59.1 ], [ -2.651, 59.076 ], [ -2.689, 59.078 ], [ -2.67, 59.109 ], [ -2.621, 59.118 ], [ -2.675, 59.153 ], [ -2.621, 59.157 ], [ -2.636, 59.155 ], [ -2.625, 59.143 ], [ -2.571, 59.141 ], [ -2.605, 59.137 ], [ -2.596, 59.116 ], [ -2.537, 59.122 ], [ -2.553, 59.111 ], [ -2.527, 59.093 ], [ -2.527, 59.092 ] ] ], [ [ [ -2.829, 59.119 ], [ -2.832, 59.119 ], [ -2.832, 59.121 ], [ -2.829, 59.119 ] ] ], [ [ [ -2.832, 59.132 ], [ -2.826, 59.133 ], [ -2.825, 59.127 ], [ -2.832, 59.132 ] ] ], [ [ [ -2.681, 59.135 ], [ -2.669, 59.134 ], [ -2.663, 59.139 ], [ -2.664, 59.128 ], [ -2.681, 59.135 ] ] ], [ [ [ -2.621, 59.151 ], [ -2.621, 59.15 ], [ -2.623, 59.15 ], [ -2.621, 59.151 ] ] ], [ [ [ -2.623, 59.15 ], [ -2.625, 59.151 ], [ -2.623, 59.151 ], [ -2.623, 59.15 ] ] ], [ [ [ -2.603, 59.152 ], [ -2.578, 59.149 ], [ -2.581, 59.147 ], [ -2.603, 59.152 ] ] ], [ [ [ -2.688, 59.159 ], [ -2.686, 59.156 ], [ -2.69, 59.157 ], [ -2.688, 59.159 ] ] ], [ [ [ -2.823, 59.169 ], [ -2.824, 59.164 ], [ -2.825, 59.164 ], [ -2.823, 59.169 ] ] ], [ [ [ -2.656, 59.165 ], [ -2.648, 59.171 ], [ -2.647, 59.166 ], [ -2.656, 59.165 ] ] ], [ [ [ -2.734, 59.223 ], [ -2.766, 59.192 ], [ -2.739, 59.148 ], [ -2.79, 59.138 ], [ -2.828, 59.188 ], [ -2.78, 59.19 ], [ -2.791, 59.235 ], [ -2.757, 59.25 ], [ -2.756, 59.251 ], [ -2.756, 59.25 ], [ -2.755, 59.25 ], [ -2.761, 59.231 ], [ -2.734, 59.223 ] ] ], [ [ [ -2.856, 59.206 ], [ -2.856, 59.21 ], [ -2.852, 59.209 ], [ -2.856, 59.206 ] ] ], [ [ [ -2.824, 59.203 ], [ -2.831, 59.225 ], [ -2.826, 59.227 ], [ -2.824, 59.203 ] ] ], [ [ [ -2.588, 59.222 ], [ -2.592, 59.221 ], [ -2.593, 59.222 ], [ -2.588, 59.222 ] ] ], [ [ [ -2.828, 59.236 ], [ -2.826, 59.23 ], [ -2.833, 59.231 ], [ -2.828, 59.236 ] ] ], [ [ [ -2.727, 59.237 ], [ -2.717, 59.231 ], [ -2.746, 59.234 ], [ -2.736, 59.247 ], [ -2.727, 59.237 ] ] ], [ [ [ -2.806, 59.241 ], [ -2.807, 59.243 ], [ -2.805, 59.242 ], [ -2.806, 59.241 ] ] ], [ [ [ -2.48, 59.276 ], [ -2.519, 59.241 ], [ -2.511, 59.253 ], [ -2.529, 59.257 ], [ -2.538, 59.251 ], [ -2.524, 59.239 ], [ -2.566, 59.236 ], [ -2.569, 59.221 ], [ -2.581, 59.226 ], [ -2.577, 59.237 ], [ -2.561, 59.238 ], [ -2.57, 59.245 ], [ -2.602, 59.229 ], [ -2.631, 59.237 ], [ -2.674, 59.191 ], [ -2.684, 59.204 ], [ -2.686, 59.186 ], [ -2.701, 59.195 ], [ -2.696, 59.221 ], [ -2.593, 59.269 ], [ -2.616, 59.295 ], [ -2.605, 59.29 ], [ -2.529, 59.303 ], [ -2.583, 59.264 ], [ -2.545, 59.26 ], [ -2.422, 59.313 ], [ -2.416, 59.288 ], [ -2.39, 59.278 ], [ -2.48, 59.276 ] ] ], [ [ [ -2.506, 59.223 ], [ -2.524, 59.234 ], [ -2.519, 59.241 ], [ -2.506, 59.223 ] ] ], [ [ [ -2.377, 59.281 ], [ -2.374, 59.277 ], [ -2.388, 59.279 ], [ -2.377, 59.281 ] ] ], [ [ [ -2.883, 59.291 ], [ -2.882, 59.291 ], [ -2.882, 59.29 ], [ -2.883, 59.291 ] ] ], [ [ [ -2.62, 59.301 ], [ -2.618, 59.301 ], [ -2.614, 59.298 ], [ -2.615, 59.296 ], [ -2.62, 59.301 ] ] ], [ [ [ -2.619, 59.303 ], [ -2.624, 59.304 ], [ -2.622, 59.306 ], [ -2.619, 59.303 ] ] ], [ [ [ -2.566, 59.306 ], [ -2.567, 59.306 ], [ -2.566, 59.307 ], [ -2.566, 59.306 ] ] ], [ [ [ -2.564, 59.308 ], [ -2.565, 59.309 ], [ -2.562, 59.308 ], [ -2.564, 59.308 ] ] ], [ [ [ -2.864, 59.35 ], [ -2.868, 59.346 ], [ -2.875, 59.354 ], [ -2.864, 59.35 ] ] ], [ [ [ -2.889, 59.354 ], [ -2.877, 59.334 ], [ -2.905, 59.323 ], [ -2.911, 59.35 ], [ -2.897, 59.362 ], [ -2.897, 59.371 ], [ -2.89, 59.376 ], [ -2.889, 59.384 ], [ -2.874, 59.382 ], [ -2.889, 59.354 ] ] ], [ [ [ -2.41, 59.376 ], [ -2.399, 59.355 ], [ -2.45, 59.358 ], [ -2.432, 59.386 ], [ -2.377, 59.389 ], [ -2.41, 59.376 ] ] ], [ [ [ -2.409, 59.39 ], [ -2.41, 59.39 ], [ -2.41, 59.391 ], [ -2.409, 59.39 ] ] ], [ [ [ -2.04, 60.14 ], [ -2.062, 60.11 ], [ -2.117, 60.134 ], [ -2.09, 60.155 ], [ -2.04, 60.14 ] ] ], [ [ [ -1.753, 60.336 ], [ -1.745, 60.335 ], [ -1.746, 60.334 ], [ -1.753, 60.336 ] ] ], [ [ [ -1.819, 60.37 ], [ -1.82, 60.371 ], [ -1.819, 60.371 ], [ -1.819, 60.37 ] ] ], [ [ [ -1.813, 60.372 ], [ -1.814, 60.373 ], [ -1.813, 60.374 ], [ -1.811, 60.372 ], [ -1.812, 60.372 ], [ -1.813, 60.372 ] ] ], [ [ [ -1.817, 60.378 ], [ -1.813, 60.376 ], [ -1.817, 60.375 ], [ -1.817, 60.378 ] ] ], [ [ [ -1.538, 55.333 ], [ -1.541, 55.335 ], [ -1.538, 55.337 ], [ -1.538, 55.333 ] ] ], [ [ [ -1.62, 55.387 ], [ -1.618, 55.385 ], [ -1.619, 55.385 ], [ -1.62, 55.387 ] ] ], [ [ [ -1.646, 55.582 ], [ -1.648, 55.584 ], [ -1.644, 55.583 ], [ -1.646, 55.582 ] ] ], [ [ [ -1.645, 55.616 ], [ -1.645, 55.617 ], [ -1.642, 55.616 ], [ -1.645, 55.616 ] ] ], [ [ [ -1.652, 55.616 ], [ -1.659, 55.617 ], [ -1.656, 55.618 ], [ -1.652, 55.616 ] ] ], [ [ [ -1.648, 55.616 ], [ -1.65, 55.617 ], [ -1.649, 55.618 ], [ -1.648, 55.616 ] ] ], [ [ [ -1.625, 55.629 ], [ -1.626, 55.632 ], [ -1.622, 55.631 ], [ -1.625, 55.629 ] ] ], [ [ [ -1.627, 55.634 ], [ -1.628, 55.635 ], [ -1.62, 55.633 ], [ -1.627, 55.634 ] ] ], [ [ [ -1.627, 55.637 ], [ -1.629, 55.637 ], [ -1.629, 55.638 ], [ -1.627, 55.637 ] ] ], [ [ [ -1.629, 55.64 ], [ -1.628, 55.639 ], [ -1.631, 55.639 ], [ -1.629, 55.64 ] ] ], [ [ [ -1.62, 55.639 ], [ -1.623, 55.639 ], [ -1.621, 55.64 ], [ -1.62, 55.639 ] ] ], [ [ [ -1.609, 55.641 ], [ -1.61, 55.642 ], [ -1.607, 55.641 ], [ -1.609, 55.641 ] ] ], [ [ [ -1.609, 55.644 ], [ -1.611, 55.643 ], [ -1.61, 55.644 ], [ -1.609, 55.644 ] ] ], [ [ [ -1.648, 59.509 ], [ -1.648, 59.51 ], [ -1.647, 59.51 ], [ -1.648, 59.509 ] ] ], [ [ [ -1.633, 59.514 ], [ -1.634, 59.514 ], [ -1.638, 59.512 ], [ -1.654, 59.513 ], [ -1.651, 59.515 ], [ -1.651, 59.517 ], [ -1.658, 59.523 ], [ -1.644, 59.525 ], [ -1.65, 59.531 ], [ -1.642, 59.536 ], [ -1.645, 59.538 ], [ -1.648, 59.541 ], [ -1.637, 59.543 ], [ -1.636, 59.545 ], [ -1.637, 59.545 ], [ -1.64, 59.547 ], [ -1.637, 59.548 ], [ -1.641, 59.549 ], [ -1.64, 59.552 ], [ -1.603, 59.55 ], [ -1.603, 59.549 ], [ -1.604, 59.548 ], [ -1.613, 59.541 ], [ -1.599, 59.541 ], [ -1.599, 59.533 ], [ -1.616, 59.533 ], [ -1.609, 59.523 ], [ -1.626, 59.527 ], [ -1.628, 59.522 ], [ -1.631, 59.518 ], [ -1.629, 59.514 ], [ -1.632, 59.514 ], [ -1.633, 59.514 ] ] ], [ [ [ -1.653, 59.516 ], [ -1.652, 59.516 ], [ -1.653, 59.515 ], [ -1.653, 59.516 ] ] ], [ [ [ -1.658, 59.524 ], [ -1.656, 59.524 ], [ -1.658, 59.523 ], [ -1.658, 59.524 ] ] ], [ [ [ -1.465, 60.148 ], [ -1.464, 60.149 ], [ -1.47, 60.16 ], [ -1.493, 60.167 ], [ -1.511, 60.165 ], [ -1.512, 60.183 ], [ -1.547, 60.187 ], [ -1.543, 60.204 ], [ -1.484, 60.204 ], [ -1.504, 60.209 ], [ -1.47, 60.221 ], [ -1.507, 60.215 ], [ -1.491, 60.231 ], [ -1.522, 60.237 ], [ -1.511, 60.242 ], [ -1.534, 60.247 ], [ -1.515, 60.229 ], [ -1.558, 60.199 ], [ -1.551, 60.221 ], [ -1.564, 60.229 ], [ -1.623, 60.207 ], [ -1.627, 60.213 ], [ -1.63, 60.213 ], [ -1.652, 60.22 ], [ -1.637, 60.229 ], [ -1.69, 60.234 ], [ -1.691, 60.247 ], [ -1.698, 60.247 ], [ -1.686, 60.254 ], [ -1.696, 60.254 ], [ -1.703, 60.255 ], [ -1.691, 60.26 ], [ -1.68, 60.277 ], [ -1.702, 60.29 ], [ -1.666, 60.306 ], [ -1.61, 60.307 ], [ -1.603, 60.307 ], [ -1.602, 60.307 ], [ -1.601, 60.307 ], [ -1.6, 60.305 ], [ -1.595, 60.296 ], [ -1.572, 60.287 ], [ -1.572, 60.289 ], [ -1.569, 60.293 ], [ -1.578, 60.302 ], [ -1.536, 60.292 ], [ -1.551, 60.306 ], [ -1.505, 60.32 ], [ -1.48, 60.274 ], [ -1.459, 60.289 ], [ -1.478, 60.289 ], [ -1.488, 60.307 ], [ -1.455, 60.295 ], [ -1.445, 60.297 ], [ -1.466, 60.305 ], [ -1.46, 60.305 ], [ -1.438, 60.309 ], [ -1.465, 60.311 ], [ -1.444, 60.319 ], [ -1.449, 60.322 ], [ -1.427, 60.329 ], [ -1.419, 60.315 ], [ -1.388, 60.314 ], [ -1.375, 60.284 ], [ -1.366, 60.299 ], [ -1.339, 60.301 ], [ -1.376, 60.323 ], [ -1.356, 60.345 ], [ -1.331, 60.337 ], [ -1.34, 60.36 ], [ -1.262, 60.351 ], [ -1.302, 60.37 ], [ -1.364, 60.369 ], [ -1.344, 60.383 ], [ -1.351, 60.385 ], [ -1.352, 60.392 ], [ -1.353, 60.395 ], [ -1.354, 60.395 ], [ -1.378, 60.377 ], [ -1.405, 60.384 ], [ -1.41, 60.396 ], [ -1.385, 60.398 ], [ -1.416, 60.404 ], [ -1.39, 60.408 ], [ -1.399, 60.419 ], [ -1.453, 60.416 ], [ -1.451, 60.42 ], [ -1.448, 60.424 ], [ -1.458, 60.431 ], [ -1.449, 60.444 ], [ -1.434, 60.448 ], [ -1.422, 60.451 ], [ -1.465, 60.452 ], [ -1.464, 60.465 ], [ -1.43, 60.471 ], [ -1.468, 60.469 ], [ -1.453, 60.49 ], [ -1.489, 60.476 ], [ -1.497, 60.453 ], [ -1.515, 60.466 ], [ -1.494, 60.476 ], [ -1.496, 60.484 ], [ -1.554, 60.491 ], [ -1.613, 60.473 ], [ -1.633, 60.487 ], [ -1.62, 60.491 ], [ -1.611, 60.509 ], [ -1.562, 60.504 ], [ -1.579, 60.509 ], [ -1.566, 60.538 ], [ -1.533, 60.556 ], [ -1.518, 60.532 ], [ -1.468, 60.51 ], [ -1.445, 60.504 ], [ -1.394, 60.512 ], [ -1.455, 60.511 ], [ -1.498, 60.541 ], [ -1.435, 60.574 ], [ -1.445, 60.588 ], [ -1.419, 60.602 ], [ -1.43, 60.603 ], [ -1.432, 60.602 ], [ -1.432, 60.603 ], [ -1.435, 60.603 ], [ -1.419, 60.611 ], [ -1.422, 60.614 ], [ -1.375, 60.606 ], [ -1.35, 60.61 ], [ -1.349, 60.605 ], [ -1.343, 60.607 ], [ -1.339, 60.599 ], [ -1.333, 60.6 ], [ -1.35, 60.62 ], [ -1.312, 60.631 ], [ -1.304, 60.595 ], [ -1.336, 60.583 ], [ -1.314, 60.571 ], [ -1.316, 60.541 ], [ -1.353, 60.542 ], [ -1.367, 60.526 ], [ -1.324, 60.525 ], [ -1.363, 60.517 ], [ -1.324, 60.511 ], [ -1.357, 60.479 ], [ -1.31, 60.496 ], [ -1.331, 60.478 ], [ -1.32, 60.452 ], [ -1.35, 60.456 ], [ -1.338, 60.452 ], [ -1.364, 60.429 ], [ -1.356, 60.413 ], [ -1.384, 60.397 ], [ -1.328, 60.411 ], [ -1.347, 60.414 ], [ -1.33, 60.437 ], [ -1.26, 60.444 ], [ -1.304, 60.468 ], [ -1.28, 60.488 ], [ -1.262, 60.476 ], [ -1.229, 60.495 ], [ -1.203, 60.478 ], [ -1.208, 60.456 ], [ -1.178, 60.461 ], [ -1.203, 60.445 ], [ -1.167, 60.442 ], [ -1.194, 60.432 ], [ -1.173, 60.434 ], [ -1.168, 60.42 ], [ -1.195, 60.432 ], [ -1.255, 60.405 ], [ -1.259, 60.398 ], [ -1.194, 60.42 ], [ -1.226, 60.402 ], [ -1.17, 60.414 ], [ -1.171, 60.399 ], [ -1.166, 60.397 ], [ -1.167, 60.381 ], [ -1.164, 60.377 ], [ -1.151, 60.404 ], [ -1.122, 60.404 ], [ -1.137, 60.412 ], [ -1.119, 60.429 ], [ -1.11, 60.415 ], [ -1.071, 60.446 ], [ -1.048, 60.44 ], [ -1.122, 60.402 ], [ -1.141, 60.383 ], [ -1.129, 60.369 ], [ -1.108, 60.394 ], [ -1.075, 60.388 ], [ -1.079, 60.38 ], [ -1.082, 60.375 ], [ -1.075, 60.357 ], [ -1.118, 60.345 ], [ -1.194, 60.353 ], [ -1.175, 60.347 ], [ -1.169, 60.322 ], [ -1.156, 60.338 ], [ -1.134, 60.32 ], [ -1.084, 60.325 ], [ -1.093, 60.31 ], [ -1.082, 60.304 ], [ -1.116, 60.303 ], [ -1.16, 60.281 ], [ -1.143, 60.28 ], [ -1.154, 60.273 ], [ -1.149, 60.265 ], [ -1.108, 60.276 ], [ -1.117, 60.271 ], [ -1.097, 60.27 ], [ -1.102, 60.259 ], [ -1.123, 60.264 ], [ -1.144, 60.259 ], [ -1.154, 60.247 ], [ -1.139, 60.25 ], [ -1.17, 60.238 ], [ -1.178, 60.253 ], [ -1.165, 60.26 ], [ -1.199, 60.27 ], [ -1.21, 60.266 ], [ -1.194, 60.245 ], [ -1.231, 60.23 ], [ -1.185, 60.232 ], [ -1.222, 60.199 ], [ -1.167, 60.223 ], [ -1.219, 60.171 ], [ -1.154, 60.204 ], [ -1.159, 60.189 ], [ -1.145, 60.189 ], [ -1.163, 60.166 ], [ -1.132, 60.149 ], [ -1.16, 60.148 ], [ -1.155, 60.129 ], [ -1.164, 60.141 ], [ -1.173, 60.141 ], [ -1.175, 60.119 ], [ -1.204, 60.131 ], [ -1.199, 60.106 ], [ -1.201, 60.107 ], [ -1.202, 60.107 ], [ -1.205, 60.108 ], [ -1.226, 60.1 ], [ -1.223, 60.099 ], [ -1.207, 60.09 ], [ -1.217, 60.073 ], [ -1.204, 60.048 ], [ -1.172, 60.041 ], [ -1.206, 60.035 ], [ -1.208, 60.035 ], [ -1.213, 60.04 ], [ -1.207, 60.042 ], [ -1.209, 60.047 ], [ -1.233, 60.033 ], [ -1.23, 60.03 ], [ -1.198, 59.991 ], [ -1.205, 59.972 ], [ -1.221, 59.995 ], [ -1.234, 59.981 ], [ -1.253, 59.997 ], [ -1.278, 59.99 ], [ -1.267, 59.977 ], [ -1.254, 59.976 ], [ -1.261, 59.971 ], [ -1.26, 59.969 ], [ -1.258, 59.967 ], [ -1.263, 59.965 ], [ -1.255, 59.954 ], [ -1.265, 59.951 ], [ -1.258, 59.936 ], [ -1.292, 59.922 ], [ -1.285, 59.916 ], [ -1.284, 59.914 ], [ -1.269, 59.908 ], [ -1.27, 59.889 ], [ -1.3, 59.884 ], [ -1.269, 59.876 ], [ -1.274, 59.873 ], [ -1.27, 59.859 ], [ -1.275, 59.855 ], [ -1.276, 59.856 ], [ -1.278, 59.859 ], [ -1.293, 59.869 ], [ -1.289, 59.873 ], [ -1.297, 59.876 ], [ -1.301, 59.875 ], [ -1.306, 59.862 ], [ -1.309, 59.862 ], [ -1.308, 59.858 ], [ -1.313, 59.855 ], [ -1.312, 59.859 ], [ -1.311, 59.862 ], [ -1.31, 59.863 ], [ -1.317, 59.869 ], [ -1.306, 59.882 ], [ -1.319, 59.898 ], [ -1.344, 59.897 ], [ -1.35, 59.883 ], [ -1.359, 59.893 ], [ -1.378, 59.888 ], [ -1.379, 59.888 ], [ -1.38, 59.889 ], [ -1.381, 59.889 ], [ -1.379, 59.894 ], [ -1.392, 59.913 ], [ -1.364, 59.921 ], [ -1.372, 59.925 ], [ -1.363, 59.931 ], [ -1.373, 59.934 ], [ -1.362, 59.935 ], [ -1.366, 59.937 ], [ -1.362, 59.94 ], [ -1.363, 59.941 ], [ -1.364, 59.946 ], [ -1.329, 59.948 ], [ -1.332, 59.969 ], [ -1.361, 59.969 ], [ -1.355, 59.981 ], [ -1.33, 59.972 ], [ -1.329, 59.977 ], [ -1.347, 59.999 ], [ -1.318, 60.013 ], [ -1.272, 60.098 ], [ -1.267, 60.137 ], [ -1.306, 60.133 ], [ -1.284, 60.196 ], [ -1.297, 60.193 ], [ -1.317, 60.159 ], [ -1.318, 60.172 ], [ -1.271, 60.222 ], [ -1.265, 60.24 ], [ -1.328, 60.164 ], [ -1.29, 60.255 ], [ -1.348, 60.201 ], [ -1.369, 60.235 ], [ -1.357, 60.246 ], [ -1.435, 60.255 ], [ -1.376, 60.237 ], [ -1.36, 60.195 ], [ -1.373, 60.19 ], [ -1.369, 60.21 ], [ -1.394, 60.2 ], [ -1.394, 60.216 ], [ -1.395, 60.217 ], [ -1.396, 60.218 ], [ -1.396, 60.219 ], [ -1.397, 60.219 ], [ -1.401, 60.179 ], [ -1.422, 60.165 ], [ -1.438, 60.189 ], [ -1.453, 60.176 ], [ -1.451, 60.153 ], [ -1.463, 60.146 ], [ -1.464, 60.148 ], [ -1.465, 60.148 ] ] ], [ [ [ -1.477, 60.154 ], [ -1.477, 60.155 ], [ -1.476, 60.154 ], [ -1.477, 60.154 ] ] ], [ [ [ -1.474, 60.157 ], [ -1.474, 60.156 ], [ -1.476, 60.156 ], [ -1.474, 60.157 ] ] ], [ [ [ -1.481, 60.159 ], [ -1.48, 60.16 ], [ -1.48, 60.159 ], [ -1.481, 60.159 ] ] ], [ [ [ -1.512, 60.161 ], [ -1.51, 60.163 ], [ -1.508, 60.163 ], [ -1.512, 60.161 ] ] ], [ [ [ -1.491, 60.163 ], [ -1.49, 60.163 ], [ -1.491, 60.162 ], [ -1.491, 60.163 ] ] ], [ [ [ -1.436, 60.167 ], [ -1.437, 60.168 ], [ -1.436, 60.168 ], [ -1.436, 60.167 ] ] ], [ [ [ -1.541, 60.18 ], [ -1.542, 60.18 ], [ -1.542, 60.181 ], [ -1.541, 60.181 ], [ -1.541, 60.18 ] ] ], [ [ [ -1.532, 60.18 ], [ -1.532, 60.181 ], [ -1.531, 60.18 ], [ -1.532, 60.18 ] ] ], [ [ [ -1.548, 60.191 ], [ -1.549, 60.192 ], [ -1.548, 60.192 ], [ -1.548, 60.191 ] ] ], [ [ [ -1.571, 60.191 ], [ -1.572, 60.192 ], [ -1.571, 60.192 ], [ -1.571, 60.191 ] ] ], [ [ [ -1.563, 60.195 ], [ -1.563, 60.196 ], [ -1.562, 60.195 ], [ -1.563, 60.195 ] ] ], [ [ [ -1.588, 60.191 ], [ -1.606, 60.201 ], [ -1.587, 60.21 ], [ -1.567, 60.202 ], [ -1.588, 60.191 ] ] ], [ [ [ -1.63, 60.213 ], [ -1.628, 60.211 ], [ -1.635, 60.212 ], [ -1.63, 60.213 ] ] ], [ [ [ -1.594, 60.215 ], [ -1.592, 60.215 ], [ -1.593, 60.214 ], [ -1.594, 60.215 ] ] ], [ [ [ -1.567, 60.218 ], [ -1.567, 60.212 ], [ -1.577, 60.215 ], [ -1.567, 60.218 ] ] ], [ [ [ -1.69, 60.272 ], [ -1.691, 60.273 ], [ -1.69, 60.273 ], [ -1.69, 60.272 ] ] ], [ [ [ -1.482, 60.29 ], [ -1.483, 60.289 ], [ -1.483, 60.29 ], [ -1.482, 60.29 ] ] ], [ [ [ -1.55, 60.309 ], [ -1.55, 60.308 ], [ -1.554, 60.309 ], [ -1.55, 60.309 ] ] ], [ [ [ -1.652, 60.311 ], [ -1.651, 60.309 ], [ -1.654, 60.309 ], [ -1.652, 60.311 ] ] ], [ [ [ -1.553, 60.311 ], [ -1.547, 60.315 ], [ -1.546, 60.315 ], [ -1.544, 60.313 ], [ -1.553, 60.311 ] ] ], [ [ [ -1.538, 60.313 ], [ -1.537, 60.313 ], [ -1.537, 60.312 ], [ -1.538, 60.312 ], [ -1.539, 60.312 ], [ -1.538, 60.313 ] ] ], [ [ [ -1.492, 60.313 ], [ -1.491, 60.314 ], [ -1.491, 60.313 ], [ -1.492, 60.313 ] ] ], [ [ [ -1.459, 60.317 ], [ -1.457, 60.317 ], [ -1.458, 60.316 ], [ -1.459, 60.317 ] ] ], [ [ [ -1.447, 60.32 ], [ -1.447, 60.319 ], [ -1.449, 60.319 ], [ -1.447, 60.32 ] ] ], [ [ [ -1.514, 60.32 ], [ -1.514, 60.319 ], [ -1.515, 60.319 ], [ -1.514, 60.32 ] ] ], [ [ [ -1.493, 60.323 ], [ -1.486, 60.322 ], [ -1.487, 60.321 ], [ -1.493, 60.323 ] ] ], [ [ [ -1.723, 60.323 ], [ -1.722, 60.323 ], [ -1.722, 60.322 ], [ -1.723, 60.322 ], [ -1.724, 60.323 ], [ -1.723, 60.323 ] ] ], [ [ [ -1.493, 60.323 ], [ -1.495, 60.323 ], [ -1.493, 60.324 ], [ -1.493, 60.323 ] ] ], [ [ [ -1.474, 60.331 ], [ -1.438, 60.327 ], [ -1.449, 60.322 ], [ -1.476, 60.311 ], [ -1.482, 60.322 ], [ -1.466, 60.327 ], [ -1.491, 60.327 ], [ -1.474, 60.331 ] ] ], [ [ [ -1.687, 60.331 ], [ -1.669, 60.343 ], [ -1.676, 60.329 ], [ -1.661, 60.324 ], [ -1.691, 60.315 ], [ -1.704, 60.315 ], [ -1.704, 60.316 ], [ -1.7, 60.316 ], [ -1.703, 60.317 ], [ -1.71, 60.318 ], [ -1.706, 60.323 ], [ -1.702, 60.328 ], [ -1.717, 60.319 ], [ -1.72, 60.326 ], [ -1.739, 60.337 ], [ -1.687, 60.331 ] ] ], [ [ [ -1.74, 60.336 ], [ -1.742, 60.335 ], [ -1.745, 60.336 ], [ -1.74, 60.336 ] ] ], [ [ [ -1.737, 60.338 ], [ -1.737, 60.339 ], [ -1.736, 60.339 ], [ -1.737, 60.338 ] ] ], [ [ [ -1.454, 60.349 ], [ -1.455, 60.349 ], [ -1.455, 60.35 ], [ -1.454, 60.349 ] ] ], [ [ [ -1.387, 60.377 ], [ -1.382, 60.376 ], [ -1.381, 60.358 ], [ -1.443, 60.346 ], [ -1.476, 60.374 ], [ -1.458, 60.374 ], [ -1.44, 60.39 ], [ -1.418, 60.385 ], [ -1.387, 60.377 ] ] ], [ [ [ -1.464, 60.377 ], [ -1.462, 60.377 ], [ -1.463, 60.376 ], [ -1.464, 60.377 ] ] ], [ [ [ -1.43, 60.409 ], [ -1.433, 60.41 ], [ -1.429, 60.411 ], [ -1.422, 60.412 ], [ -1.426, 60.409 ], [ -1.425, 60.407 ], [ -1.43, 60.409 ] ] ], [ [ [ -1.461, 60.437 ], [ -1.462, 60.439 ], [ -1.456, 60.442 ], [ -1.454, 60.443 ], [ -1.461, 60.437 ] ] ], [ [ [ -1.462, 60.44 ], [ -1.464, 60.441 ], [ -1.462, 60.442 ], [ -1.462, 60.44 ] ] ], [ [ [ -1.456, 60.442 ], [ -1.458, 60.443 ], [ -1.456, 60.444 ], [ -1.456, 60.442 ] ] ], [ [ [ -1.454, 60.447 ], [ -1.452, 60.447 ], [ -1.454, 60.445 ], [ -1.454, 60.447 ] ] ], [ [ [ -1.435, 60.449 ], [ -1.434, 60.448 ], [ -1.437, 60.448 ], [ -1.435, 60.449 ] ] ], [ [ [ -1.52, 60.465 ], [ -1.522, 60.466 ], [ -1.52, 60.467 ], [ -1.52, 60.465 ] ] ], [ [ [ -1.604, 60.469 ], [ -1.603, 60.47 ], [ -1.602, 60.469 ], [ -1.604, 60.469 ] ] ], [ [ [ -1.63, 60.474 ], [ -1.629, 60.474 ], [ -1.628, 60.471 ], [ -1.634, 60.472 ], [ -1.63, 60.474 ] ] ], [ [ [ -1.623, 60.471 ], [ -1.629, 60.474 ], [ -1.626, 60.476 ], [ -1.623, 60.471 ] ] ], [ [ [ -1.633, 60.482 ], [ -1.633, 60.481 ], [ -1.634, 60.481 ], [ -1.633, 60.482 ] ] ], [ [ [ -1.634, 60.483 ], [ -1.635, 60.484 ], [ -1.634, 60.484 ], [ -1.634, 60.483 ] ] ], [ [ [ -1.435, 60.603 ], [ -1.436, 60.603 ], [ -1.436, 60.605 ], [ -1.435, 60.605 ], [ -1.435, 60.603 ] ] ], [ [ [ -1.429, 60.616 ], [ -1.427, 60.616 ], [ -1.429, 60.615 ], [ -1.429, 60.616 ] ] ], [ [ [ -1.417, 60.617 ], [ -1.438, 60.616 ], [ -1.434, 60.621 ], [ -1.417, 60.617 ] ] ], [ [ [ -1.283, 50.73 ], [ -1.295, 50.702 ], [ -1.29, 50.697 ], [ -1.276, 50.732 ], [ -1.292, 50.765 ], [ -1.277, 50.766 ], [ -1.243, 50.739 ], [ -1.214, 50.738 ], [ -1.227, 50.727 ], [ -1.226, 50.725 ], [ -1.211, 50.735 ], [ -1.11, 50.722 ], [ -1.096, 50.694 ], [ -1.108, 50.694 ], [ -1.07, 50.684 ], [ -1.16, 50.649 ], [ -1.183, 50.598 ], [ -1.295, 50.575 ], [ -1.485, 50.667 ], [ -1.587, 50.663 ], [ -1.522, 50.707 ], [ -1.502, 50.707 ], [ -1.51, 50.706 ], [ -1.508, 50.683 ], [ -1.504, 50.705 ], [ -1.426, 50.727 ], [ -1.413, 50.719 ], [ -1.438, 50.702 ], [ -1.398, 50.71 ], [ -1.409, 50.715 ], [ -1.41, 50.717 ], [ -1.408, 50.719 ], [ -1.377, 50.71 ], [ -1.37, 50.72 ], [ -1.404, 50.727 ], [ -1.299, 50.766 ], [ -1.283, 50.73 ] ] ], [ [ [ -1.096, 50.814 ], [ -1.101, 50.814 ], [ -1.096, 50.821 ], [ -1.096, 50.814 ] ] ], [ [ [ -1.151, 54.635 ], [ -1.15, 54.635 ], [ -1.151, 54.632 ], [ -1.151, 54.635 ] ] ], [ [ [ -1.317, 59.852 ], [ -1.316, 59.852 ], [ -1.314, 59.851 ], [ -1.315, 59.85 ], [ -1.317, 59.852 ] ] ], [ [ [ -1.277, 59.855 ], [ -1.277, 59.856 ], [ -1.276, 59.856 ], [ -1.277, 59.855 ] ] ], [ [ [ -1.335, 59.867 ], [ -1.334, 59.868 ], [ -1.334, 59.867 ], [ -1.335, 59.867 ] ] ], [ [ [ -1.33, 59.868 ], [ -1.334, 59.868 ], [ -1.335, 59.869 ], [ -1.33, 59.873 ], [ -1.33, 59.868 ] ] ], [ [ [ -1.324, 59.871 ], [ -1.321, 59.871 ], [ -1.323, 59.869 ], [ -1.324, 59.871 ] ] ], [ [ [ -1.268, 59.875 ], [ -1.267, 59.876 ], [ -1.267, 59.875 ], [ -1.268, 59.875 ] ] ], [ [ [ -1.362, 59.951 ], [ -1.362, 59.95 ], [ -1.363, 59.95 ], [ -1.363, 59.951 ], [ -1.362, 59.951 ] ] ], [ [ [ -1.353, 59.949 ], [ -1.362, 59.951 ], [ -1.362, 59.952 ], [ -1.359, 59.955 ], [ -1.353, 59.949 ] ] ], [ [ [ -1.341, 59.965 ], [ -1.341, 59.964 ], [ -1.342, 59.964 ], [ -1.342, 59.966 ], [ -1.341, 59.965 ] ] ], [ [ [ -1.344, 59.965 ], [ -1.346, 59.965 ], [ -1.345, 59.966 ], [ -1.344, 59.965 ] ] ], [ [ [ -1.35, 59.966 ], [ -1.352, 59.966 ], [ -1.351, 59.967 ], [ -1.35, 59.966 ] ] ], [ [ [ -1.358, 59.967 ], [ -1.361, 59.967 ], [ -1.36, 59.968 ], [ -1.358, 59.967 ] ] ], [ [ [ -1.364, 59.972 ], [ -1.365, 59.973 ], [ -1.363, 59.974 ], [ -1.364, 59.972 ] ] ], [ [ [ -1.356, 59.98 ], [ -1.357, 59.98 ], [ -1.357, 59.981 ], [ -1.356, 59.98 ] ] ], [ [ [ -1.345, 59.99 ], [ -1.341, 59.99 ], [ -1.343, 59.989 ], [ -1.345, 59.99 ] ] ], [ [ [ -1.181, 60.003 ], [ -1.158, 59.994 ], [ -1.193, 60.005 ], [ -1.181, 60.003 ] ] ], [ [ [ -1.37, 60.025 ], [ -1.368, 60.025 ], [ -1.366, 60.02 ], [ -1.37, 60.025 ] ] ], [ [ [ -1.356, 60.027 ], [ -1.345, 60.027 ], [ -1.351, 60.019 ], [ -1.356, 60.027 ] ] ], [ [ [ -1.175, 60.035 ], [ -1.172, 60.034 ], [ -1.175, 60.034 ], [ -1.175, 60.035 ] ] ], [ [ [ -1.364, 60.053 ], [ -1.361, 60.053 ], [ -1.363, 60.052 ], [ -1.364, 60.053 ] ] ], [ [ [ -1.33, 60.062 ], [ -1.33, 60.061 ], [ -1.332, 60.061 ], [ -1.33, 60.062 ] ] ], [ [ [ -1.332, 60.068 ], [ -1.335, 60.068 ], [ -1.334, 60.069 ], [ -1.332, 60.068 ] ] ], [ [ [ -1.331, 60.043 ], [ -1.341, 60.043 ], [ -1.324, 60.061 ], [ -1.33, 60.082 ], [ -1.3, 60.097 ], [ -1.331, 60.043 ] ] ], [ [ [ -1.355, 60.074 ], [ -1.354, 60.075 ], [ -1.356, 60.079 ], [ -1.326, 60.095 ], [ -1.328, 60.101 ], [ -1.341, 60.098 ], [ -1.349, 60.107 ], [ -1.31, 60.105 ], [ -1.334, 60.081 ], [ -1.341, 60.058 ], [ -1.376, 60.043 ], [ -1.344, 60.059 ], [ -1.353, 60.075 ], [ -1.355, 60.074 ] ] ], [ [ [ -1.305, 60.099 ], [ -1.304, 60.099 ], [ -1.304, 60.098 ], [ -1.305, 60.099 ] ] ], [ [ [ -1.371, 60.108 ], [ -1.371, 60.107 ], [ -1.375, 60.107 ], [ -1.371, 60.108 ] ] ], [ [ [ -1.286, 60.107 ], [ -1.31, 60.099 ], [ -1.3, 60.126 ], [ -1.273, 60.131 ], [ -1.286, 60.107 ] ] ], [ [ [ -1.374, 60.112 ], [ -1.378, 60.119 ], [ -1.367, 60.123 ], [ -1.374, 60.112 ] ] ], [ [ [ -1.377, 60.122 ], [ -1.374, 60.123 ], [ -1.376, 60.121 ], [ -1.377, 60.122 ] ] ], [ [ [ -1.338, 60.119 ], [ -1.356, 60.122 ], [ -1.357, 60.122 ], [ -1.357, 60.127 ], [ -1.353, 60.123 ], [ -1.35, 60.125 ], [ -1.338, 60.119 ] ] ], [ [ [ -1.313, 60.125 ], [ -1.317, 60.123 ], [ -1.316, 60.125 ], [ -1.313, 60.125 ] ] ], [ [ [ -1.377, 60.128 ], [ -1.373, 60.127 ], [ -1.376, 60.125 ], [ -1.377, 60.128 ] ] ], [ [ [ -1.38, 60.129 ], [ -1.37, 60.13 ], [ -1.373, 60.128 ], [ -1.38, 60.129 ] ] ], [ [ [ -1.372, 60.133 ], [ -1.37, 60.132 ], [ -1.371, 60.131 ], [ -1.372, 60.133 ] ] ], [ [ [ -1.329, 60.142 ], [ -1.326, 60.136 ], [ -1.331, 60.134 ], [ -1.329, 60.142 ] ] ], [ [ [ -1.355, 60.138 ], [ -1.357, 60.138 ], [ -1.355, 60.139 ], [ -1.355, 60.138 ] ] ], [ [ [ -1.354, 60.141 ], [ -1.347, 60.14 ], [ -1.35, 60.138 ], [ -1.354, 60.141 ] ] ], [ [ [ -1.307, 60.145 ], [ -1.304, 60.145 ], [ -1.304, 60.144 ], [ -1.307, 60.145 ] ] ], [ [ [ -1.361, 60.139 ], [ -1.37, 60.143 ], [ -1.362, 60.153 ], [ -1.361, 60.139 ] ] ], [ [ [ -1.072, 60.158 ], [ -1.045, 60.166 ], [ -1.069, 60.13 ], [ -1.073, 60.103 ], [ -1.122, 60.12 ], [ -1.115, 60.158 ], [ -1.148, 60.173 ], [ -1.13, 60.184 ], [ -1.079, 60.171 ], [ -1.09, 60.186 ], [ -1.073, 60.185 ], [ -1.072, 60.158 ] ] ], [ [ [ -1.117, 60.151 ], [ -1.118, 60.151 ], [ -1.118, 60.152 ], [ -1.117, 60.151 ] ] ], [ [ [ -1.38, 60.158 ], [ -1.376, 60.159 ], [ -1.377, 60.156 ], [ -1.38, 60.158 ] ] ], [ [ [ -1.341, 60.164 ], [ -1.341, 60.167 ], [ -1.333, 60.166 ], [ -1.341, 60.164 ] ] ], [ [ [ -1.378, 60.175 ], [ -1.376, 60.175 ], [ -1.377, 60.174 ], [ -1.378, 60.175 ] ] ], [ [ [ -1.098, 60.183 ], [ -1.104, 60.182 ], [ -1.103, 60.183 ], [ -1.098, 60.183 ] ] ], [ [ [ -1.331, 60.187 ], [ -1.325, 60.189 ], [ -1.327, 60.184 ], [ -1.331, 60.187 ] ] ], [ [ [ -1.368, 60.187 ], [ -1.366, 60.188 ], [ -1.368, 60.185 ], [ -1.368, 60.187 ] ] ], [ [ [ -1.332, 60.189 ], [ -1.333, 60.19 ], [ -1.332, 60.19 ], [ -1.332, 60.189 ] ] ], [ [ [ -1.393, 60.196 ], [ -1.394, 60.196 ], [ -1.394, 60.198 ], [ -1.393, 60.196 ] ] ], [ [ [ -1.322, 60.199 ], [ -1.327, 60.196 ], [ -1.331, 60.196 ], [ -1.323, 60.202 ], [ -1.322, 60.199 ] ] ], [ [ [ -1.32, 60.205 ], [ -1.324, 60.204 ], [ -1.323, 60.206 ], [ -1.32, 60.205 ] ] ], [ [ [ -1.11, 60.207 ], [ -1.112, 60.207 ], [ -1.11, 60.209 ], [ -1.11, 60.207 ] ] ], [ [ [ -1.153, 60.235 ], [ -1.157, 60.234 ], [ -1.152, 60.24 ], [ -1.153, 60.235 ] ] ], [ [ [ -1.138, 60.242 ], [ -1.134, 60.243 ], [ -1.135, 60.242 ], [ -1.138, 60.242 ] ] ], [ [ [ -1.137, 60.244 ], [ -1.142, 60.242 ], [ -1.14, 60.244 ], [ -1.137, 60.244 ] ] ], [ [ [ -1.132, 60.274 ], [ -1.133, 60.275 ], [ -1.131, 60.276 ], [ -1.132, 60.274 ] ] ], [ [ [ -1.133, 60.329 ], [ -1.132, 60.328 ], [ -1.133, 60.328 ], [ -1.133, 60.329 ] ] ], [ [ [ -1.39, 60.322 ], [ -1.406, 60.327 ], [ -1.398, 60.342 ], [ -1.38, 60.334 ], [ -1.39, 60.322 ] ] ], [ [ [ -1.127, 60.334 ], [ -1.124, 60.333 ], [ -1.125, 60.332 ], [ -1.127, 60.334 ] ] ], [ [ [ -1.366, 60.361 ], [ -1.353, 60.359 ], [ -1.358, 60.353 ], [ -1.366, 60.361 ] ] ], [ [ [ -1.121, 60.4 ], [ -1.12, 60.4 ], [ -1.121, 60.399 ], [ -1.121, 60.4 ] ] ], [ [ [ -1.151, 60.428 ], [ -1.155, 60.43 ], [ -1.152, 60.43 ], [ -1.151, 60.428 ] ] ], [ [ [ -1.148, 60.439 ], [ -1.16, 60.439 ], [ -1.156, 60.446 ], [ -1.148, 60.439 ] ] ], [ [ [ -1.134, 60.452 ], [ -1.13, 60.452 ], [ -1.138, 60.446 ], [ -1.134, 60.452 ] ] ], [ [ [ -1.151, 60.463 ], [ -1.163, 60.467 ], [ -1.154, 60.475 ], [ -1.151, 60.463 ] ] ], [ [ [ -1.102, 60.478 ], [ -1.108, 60.477 ], [ -1.104, 60.482 ], [ -1.102, 60.478 ] ] ], [ [ [ -1.189, 60.486 ], [ -1.202, 60.499 ], [ -1.195, 60.502 ], [ -1.189, 60.486 ] ] ], [ [ [ -1.266, 60.495 ], [ -1.275, 60.5 ], [ -1.27, 60.501 ], [ -1.266, 60.495 ] ] ], [ [ [ -1.2, 60.51 ], [ -1.201, 60.514 ], [ -1.192, 60.509 ], [ -1.2, 60.51 ] ] ], [ [ [ -1.226, 60.511 ], [ -1.235, 60.517 ], [ -1.225, 60.519 ], [ -1.226, 60.511 ] ] ], [ [ [ -1.296, 60.511 ], [ -1.299, 60.513 ], [ -1.283, 60.52 ], [ -1.296, 60.511 ] ] ], [ [ [ -1.264, 60.556 ], [ -1.266, 60.557 ], [ -1.265, 60.558 ], [ -1.264, 60.556 ] ] ], [ [ [ -1.268, 60.58 ], [ -1.266, 60.584 ], [ -1.263, 60.581 ], [ -1.268, 60.58 ] ] ], [ [ [ -1.21, 60.585 ], [ -1.209, 60.586 ], [ -1.207, 60.584 ], [ -1.21, 60.585 ] ] ], [ [ [ -1.207, 60.608 ], [ -1.205, 60.606 ], [ -1.206, 60.606 ], [ -1.207, 60.608 ] ] ], [ [ [ -1.387, 60.611 ], [ -1.386, 60.611 ], [ -1.387, 60.61 ], [ -1.387, 60.611 ] ] ], [ [ [ -1.164, 60.651 ], [ -1.165, 60.651 ], [ -1.164, 60.652 ], [ -1.164, 60.651 ] ] ], [ [ [ -1.301, 60.654 ], [ -1.3, 60.651 ], [ -1.306, 60.652 ], [ -1.301, 60.654 ] ] ], [ [ [ -1.313, 60.662 ], [ -1.314, 60.662 ], [ -1.314, 60.663 ], [ -1.313, 60.662 ] ] ], [ [ [ -1.129, 60.725 ], [ -1.128, 60.726 ], [ -1.128, 60.725 ], [ -1.129, 60.725 ] ] ], [ [ [ -1.114, 60.734 ], [ -1.115, 60.737 ], [ -1.113, 60.739 ], [ -1.114, 60.734 ] ] ], [ [ [ -0.823, 50.75 ], [ -0.824, 50.75 ], [ -0.824, 50.751 ], [ -0.823, 50.751 ], [ -0.823, 50.75 ] ] ], [ [ [ -0.759, 50.756 ], [ -0.76, 50.756 ], [ -0.759, 50.757 ], [ -0.759, 50.756 ] ] ], [ [ [ -0.761, 50.76 ], [ -0.755, 50.758 ], [ -0.758, 50.758 ], [ -0.761, 50.76 ] ] ], [ [ [ -0.951, 50.824 ], [ -0.957, 50.808 ], [ -0.973, 50.809 ], [ -0.953, 50.801 ], [ -0.955, 50.794 ], [ -0.968, 50.79 ], [ -0.967, 50.787 ], [ -0.936, 50.778 ], [ -1.024, 50.788 ], [ -0.991, 50.802 ], [ -0.989, 50.828 ], [ -0.951, 50.824 ] ] ], [ [ [ -1.044, 50.791 ], [ -1.03, 50.787 ], [ -1.088, 50.778 ], [ -1.11, 50.792 ], [ -1.112, 50.807 ], [ -1.106, 50.804 ], [ -1.091, 50.812 ], [ -1.096, 50.821 ], [ -1.1, 50.827 ], [ -1.084, 50.825 ], [ -1.078, 50.836 ], [ -1.044, 50.832 ], [ -1.044, 50.791 ] ] ], [ [ [ -0.883, 50.812 ], [ -0.886, 50.811 ], [ -0.888, 50.811 ], [ -0.883, 50.812 ] ] ], [ [ [ -0.869, 50.823 ], [ -0.868, 50.824 ], [ -0.867, 50.823 ], [ -0.869, 50.823 ] ] ], [ [ [ -1.008, 50.822 ], [ -1.008, 50.824 ], [ -1.006, 50.824 ], [ -1.007, 50.822 ], [ -1.008, 50.822 ] ] ], [ [ [ -1.015, 50.826 ], [ -1.017, 50.828 ], [ -1.014, 50.829 ], [ -1.015, 50.826 ] ] ], [ [ [ -0.28, 50.83 ], [ -0.281, 50.83 ], [ -0.28, 50.831 ], [ -0.279, 50.831 ], [ -0.278, 50.83 ], [ -0.279, 50.83 ], [ -0.28, 50.83 ] ] ], [ [ [ -0.869, 50.831 ], [ -0.869, 50.832 ], [ -0.868, 50.832 ], [ -0.868, 50.831 ], [ -0.869, 50.831 ] ] ], [ [ [ -1.006, 50.833 ], [ -1.009, 50.834 ], [ -1.005, 50.835 ], [ -1.006, 50.833 ] ] ], [ [ [ -1.008, 50.836 ], [ -1.008, 50.835 ], [ -1.021, 50.835 ], [ -1.008, 50.836 ] ] ], [ [ [ -1.02, 50.84 ], [ -1.019, 50.84 ], [ -1.019, 50.839 ], [ -1.02, 50.84 ] ] ], [ [ [ -1.021, 50.84 ], [ -1.021, 50.841 ], [ -1.02, 50.84 ], [ -1.021, 50.84 ] ] ], [ [ [ -0.531, 50.864 ], [ -0.539, 50.866 ], [ -0.536, 50.868 ], [ -0.537, 50.874 ], [ -0.531, 50.864 ] ] ], [ [ [ -0.513, 50.954 ], [ -0.517, 50.956 ], [ -0.503, 50.954 ], [ -0.513, 50.954 ] ] ], [ [ [ -0.325, 51.445 ], [ -0.328, 51.444 ], [ -0.326, 51.446 ], [ -0.325, 51.445 ] ] ], [ [ [ -0.321, 51.47 ], [ -0.32, 51.471 ], [ -0.321, 51.466 ], [ -0.321, 51.47 ] ] ], [ [ [ -0.536, 53.681 ], [ -0.559, 53.689 ], [ -0.546, 53.69 ], [ -0.523, 53.685 ], [ -0.536, 53.681 ] ] ], [ [ [ -0.86, 53.724 ], [ -0.864, 53.724 ], [ -0.862, 53.726 ], [ -0.86, 53.724 ] ] ], [ [ [ -1.006, 60.151 ], [ -1.003, 60.139 ], [ -1.014, 60.131 ], [ -1.047, 60.149 ], [ -1.006, 60.151 ] ] ], [ [ [ -1.074, 60.191 ], [ -1.079, 60.189 ], [ -1.078, 60.191 ], [ -1.074, 60.191 ] ] ], [ [ [ -1.068, 60.19 ], [ -1.074, 60.191 ], [ -1.069, 60.193 ], [ -1.068, 60.19 ] ] ], [ [ [ -1.088, 60.249 ], [ -1.091, 60.249 ], [ -1.088, 60.25 ], [ -1.088, 60.249 ] ] ], [ [ [ -1.077, 60.302 ], [ -1.078, 60.302 ], [ -1.076, 60.304 ], [ -1.077, 60.302 ] ] ], [ [ [ -1.082, 60.304 ], [ -1.08, 60.305 ], [ -1.077, 60.305 ], [ -1.082, 60.304 ] ] ], [ [ [ -0.909, 60.326 ], [ -0.906, 60.327 ], [ -0.905, 60.326 ], [ -0.909, 60.326 ] ] ], [ [ [ -0.858, 60.342 ], [ -0.856, 60.342 ], [ -0.86, 60.339 ], [ -0.858, 60.342 ] ] ], [ [ [ -0.887, 60.343 ], [ -0.883, 60.343 ], [ -0.887, 60.338 ], [ -0.887, 60.343 ] ] ], [ [ [ -1.069, 60.351 ], [ -1.072, 60.351 ], [ -1.071, 60.353 ], [ -1.069, 60.351 ] ] ], [ [ [ -0.9, 60.382 ], [ -0.979, 60.331 ], [ -1.038, 60.335 ], [ -1.003, 60.369 ], [ -0.9, 60.382 ] ] ], [ [ [ -1.057, 60.358 ], [ -1.057, 60.356 ], [ -1.061, 60.356 ], [ -1.057, 60.358 ] ] ], [ [ [ -1.053, 60.359 ], [ -1.053, 60.357 ], [ -1.055, 60.358 ], [ -1.053, 60.359 ] ] ], [ [ [ -1.045, 60.363 ], [ -1.026, 60.37 ], [ -1.035, 60.359 ], [ -1.045, 60.363 ] ] ], [ [ [ -0.902, 60.365 ], [ -0.896, 60.365 ], [ -0.899, 60.363 ], [ -0.902, 60.365 ] ] ], [ [ [ -1.053, 60.365 ], [ -1.055, 60.366 ], [ -1.053, 60.369 ], [ -1.053, 60.365 ] ] ], [ [ [ -1.057, 60.369 ], [ -1.056, 60.368 ], [ -1.061, 60.367 ], [ -1.057, 60.369 ] ] ], [ [ [ -0.895, 60.367 ], [ -0.899, 60.367 ], [ -0.897, 60.369 ], [ -0.895, 60.367 ] ] ], [ [ [ -1.022, 60.372 ], [ -1.026, 60.372 ], [ -1.026, 60.373 ], [ -1.022, 60.372 ] ] ], [ [ [ -0.805, 60.396 ], [ -0.801, 60.396 ], [ -0.802, 60.395 ], [ -0.805, 60.396 ] ] ], [ [ [ -0.792, 60.403 ], [ -0.795, 60.402 ], [ -0.795, 60.404 ], [ -0.792, 60.403 ] ] ], [ [ [ -0.798, 60.406 ], [ -0.792, 60.405 ], [ -0.795, 60.404 ], [ -0.796, 60.404 ], [ -0.798, 60.406 ] ] ], [ [ [ -0.749, 60.419 ], [ -0.746, 60.42 ], [ -0.747, 60.419 ], [ -0.749, 60.419 ] ] ], [ [ [ -0.754, 60.419 ], [ -0.754, 60.42 ], [ -0.753, 60.42 ], [ -0.753, 60.419 ], [ -0.754, 60.419 ] ] ], [ [ [ -0.735, 60.42 ], [ -0.734, 60.421 ], [ -0.733, 60.42 ], [ -0.734, 60.42 ], [ -0.735, 60.42 ] ] ], [ [ [ -0.759, 60.425 ], [ -0.754, 60.42 ], [ -0.776, 60.42 ], [ -0.799, 60.41 ], [ -0.765, 60.427 ], [ -0.76, 60.425 ], [ -0.759, 60.425 ] ] ], [ [ [ -0.779, 60.425 ], [ -0.772, 60.43 ], [ -0.765, 60.427 ], [ -0.779, 60.425 ] ] ], [ [ [ -0.741, 60.419 ], [ -0.746, 60.42 ], [ -0.734, 60.425 ], [ -0.741, 60.419 ] ] ], [ [ [ -0.782, 60.423 ], [ -0.783, 60.423 ], [ -0.782, 60.424 ], [ -0.782, 60.423 ] ] ], [ [ [ -0.726, 60.426 ], [ -0.725, 60.425 ], [ -0.727, 60.424 ], [ -0.726, 60.426 ] ] ], [ [ [ -0.75, 60.422 ], [ -0.759, 60.425 ], [ -0.749, 60.431 ], [ -0.75, 60.422 ] ] ], [ [ [ -0.742, 60.429 ], [ -0.74, 60.43 ], [ -0.74, 60.429 ], [ -0.742, 60.429 ] ] ], [ [ [ -0.862, 60.439 ], [ -0.864, 60.439 ], [ -0.863, 60.44 ], [ -0.862, 60.439 ] ] ], [ [ [ -1.048, 60.452 ], [ -1.049, 60.452 ], [ -1.049, 60.453 ], [ -1.048, 60.453 ], [ -1.048, 60.452 ] ] ], [ [ [ -1.05, 60.454 ], [ -1.049, 60.454 ], [ -1.049, 60.453 ], [ -1.05, 60.454 ] ] ], [ [ [ -1.044, 60.452 ], [ -1.046, 60.453 ], [ -1.042, 60.456 ], [ -1.044, 60.452 ] ] ], [ [ [ -1.013, 60.55 ], [ -1.014, 60.55 ], [ -1.013, 60.551 ], [ -1.013, 60.55 ] ] ], [ [ [ -0.832, 60.628 ], [ -0.831, 60.628 ], [ -0.825, 60.607 ], [ -0.81, 60.599 ], [ -0.778, 60.616 ], [ -0.774, 60.605 ], [ -0.765, 60.604 ], [ -0.771, 60.592 ], [ -0.791, 60.583 ], [ -0.801, 60.568 ], [ -0.831, 60.588 ], [ -0.894, 60.592 ], [ -0.86, 60.569 ], [ -0.887, 60.562 ], [ -0.949, 60.612 ], [ -0.936, 60.631 ], [ -0.898, 60.62 ], [ -0.832, 60.628 ] ] ], [ [ [ -1.039, 60.603 ], [ -1.036, 60.603 ], [ -1.035, 60.601 ], [ -1.039, 60.603 ] ] ], [ [ [ -0.767, 60.607 ], [ -0.768, 60.606 ], [ -0.768, 60.607 ], [ -0.767, 60.607 ] ] ], [ [ [ -1.011, 60.723 ], [ -1.01, 60.724 ], [ -1.01, 60.723 ], [ -1.0, 60.721 ], [ -1.009, 60.713 ], [ -1.006, 60.709 ], [ -1.004, 60.706 ], [ -0.987, 60.7 ], [ -1.004, 60.704 ], [ -1.008, 60.701 ], [ -0.995, 60.698 ], [ -1.0, 60.649 ], [ -0.982, 60.637 ], [ -1.033, 60.643 ], [ -1.069, 60.672 ], [ -1.019, 60.617 ], [ -1.046, 60.6 ], [ -1.07, 60.611 ], [ -1.073, 60.609 ], [ -1.086, 60.606 ], [ -1.09, 60.605 ], [ -1.091, 60.604 ], [ -1.003, 60.581 ], [ -1.004, 60.566 ], [ -1.024, 60.561 ], [ -1.014, 60.55 ], [ -1.014, 60.549 ], [ -1.049, 60.55 ], [ -1.044, 60.534 ], [ -1.021, 60.532 ], [ -1.036, 60.511 ], [ -1.038, 60.502 ], [ -1.031, 60.498 ], [ -1.029, 60.497 ], [ -1.069, 60.49 ], [ -1.117, 60.51 ], [ -1.122, 60.498 ], [ -1.099, 60.486 ], [ -1.146, 60.484 ], [ -1.188, 60.522 ], [ -1.177, 60.526 ], [ -1.19, 60.546 ], [ -1.181, 60.572 ], [ -1.202, 60.567 ], [ -1.185, 60.582 ], [ -1.203, 60.607 ], [ -1.164, 60.651 ], [ -1.158, 60.658 ], [ -1.153, 60.621 ], [ -1.137, 60.622 ], [ -1.146, 60.628 ], [ -1.126, 60.692 ], [ -1.135, 60.705 ], [ -1.119, 60.719 ], [ -1.128, 60.726 ], [ -1.128, 60.727 ], [ -1.117, 60.726 ], [ -1.113, 60.729 ], [ -1.109, 60.731 ], [ -1.083, 60.726 ], [ -1.075, 60.707 ], [ -1.07, 60.731 ], [ -1.011, 60.723 ] ], [ [ -1.122, 60.606 ], [ -1.112, 60.606 ], [ -1.11, 60.605 ], [ -1.107, 60.604 ], [ -1.105, 60.604 ], [ -1.137, 60.622 ], [ -1.122, 60.606 ] ] ], [ [ [ -0.98, 60.603 ], [ -1.015, 60.602 ], [ -1.0, 60.619 ], [ -0.97, 60.615 ], [ -0.98, 60.603 ] ] ], [ [ [ -0.831, 60.628 ], [ -0.829, 60.629 ], [ -0.829, 60.628 ], [ -0.831, 60.628 ] ] ], [ [ [ -0.868, 60.633 ], [ -0.867, 60.634 ], [ -0.867, 60.633 ], [ -0.868, 60.633 ] ] ], [ [ [ -0.901, 60.632 ], [ -0.896, 60.636 ], [ -0.895, 60.632 ], [ -0.901, 60.632 ] ] ], [ [ [ -0.915, 60.637 ], [ -0.915, 60.642 ], [ -0.907, 60.641 ], [ -0.915, 60.637 ] ] ], [ [ [ -0.946, 60.646 ], [ -0.938, 60.645 ], [ -0.939, 60.643 ], [ -0.946, 60.646 ] ] ], [ [ [ -0.878, 60.657 ], [ -0.877, 60.655 ], [ -0.879, 60.655 ], [ -0.878, 60.657 ] ] ], [ [ [ -0.838, 60.659 ], [ -0.845, 60.663 ], [ -0.838, 60.665 ], [ -0.838, 60.659 ] ] ], [ [ [ -0.968, 60.661 ], [ -0.989, 60.671 ], [ -0.986, 60.673 ], [ -0.968, 60.661 ] ] ], [ [ [ -0.877, 60.67 ], [ -0.901, 60.661 ], [ -0.92, 60.676 ], [ -0.877, 60.67 ] ] ], [ [ [ -0.948, 60.672 ], [ -0.949, 60.67 ], [ -0.951, 60.671 ], [ -0.948, 60.672 ] ] ], [ [ [ -1.015, 60.728 ], [ -1.013, 60.727 ], [ -1.017, 60.727 ], [ -1.015, 60.728 ] ] ], [ [ [ -1.045, 60.732 ], [ -1.045, 60.734 ], [ -1.044, 60.734 ], [ -1.045, 60.732 ] ] ], [ [ [ -0.972, 60.733 ], [ -0.972, 60.734 ], [ -0.971, 60.734 ], [ -0.972, 60.733 ] ] ], [ [ [ -0.812, 60.732 ], [ -0.815, 60.733 ], [ -0.808, 60.739 ], [ -0.812, 60.732 ] ] ], [ [ [ -0.972, 60.736 ], [ -0.97, 60.736 ], [ -0.971, 60.735 ], [ -0.972, 60.736 ] ] ], [ [ [ -0.971, 60.738 ], [ -0.97, 60.737 ], [ -0.972, 60.736 ], [ -0.973, 60.738 ], [ -0.971, 60.738 ] ] ], [ [ [ -0.787, 60.749 ], [ -0.787, 60.748 ], [ -0.784, 60.747 ], [ -0.797, 60.74 ], [ -0.789, 60.748 ], [ -0.788, 60.748 ], [ -0.787, 60.749 ] ] ], [ [ [ -0.881, 60.805 ], [ -0.836, 60.844 ], [ -0.826, 60.831 ], [ -0.816, 60.833 ], [ -0.798, 60.835 ], [ -0.782, 60.82 ], [ -0.759, 60.816 ], [ -0.804, 60.81 ], [ -0.777, 60.797 ], [ -0.781, 60.78 ], [ -0.836, 60.787 ], [ -0.803, 60.758 ], [ -0.866, 60.757 ], [ -0.813, 60.749 ], [ -0.871, 60.702 ], [ -0.831, 60.685 ], [ -0.857, 60.674 ], [ -0.908, 60.69 ], [ -0.947, 60.673 ], [ -0.981, 60.684 ], [ -0.965, 60.696 ], [ -0.984, 60.72 ], [ -0.954, 60.716 ], [ -0.965, 60.737 ], [ -0.939, 60.751 ], [ -0.932, 60.782 ], [ -0.955, 60.791 ], [ -0.895, 60.83 ], [ -0.899, 60.837 ], [ -0.9, 60.841 ], [ -0.897, 60.84 ], [ -0.882, 60.846 ], [ -0.881, 60.805 ] ] ], [ [ [ -0.947, 60.77 ], [ -0.946, 60.77 ], [ -0.947, 60.769 ], [ -0.947, 60.77 ] ] ], [ [ [ -0.948, 60.77 ], [ -0.949, 60.77 ], [ -0.95, 60.771 ], [ -0.948, 60.77 ] ] ], [ [ [ -0.956, 60.783 ], [ -0.954, 60.782 ], [ -0.954, 60.781 ], [ -0.957, 60.781 ], [ -0.956, 60.783 ] ] ], [ [ [ -0.938, 60.813 ], [ -0.94, 60.813 ], [ -0.939, 60.814 ], [ -0.938, 60.813 ] ] ], [ [ [ -0.907, 60.827 ], [ -0.908, 60.827 ], [ -0.907, 60.828 ], [ -0.907, 60.827 ] ] ], [ [ [ -0.775, 60.832 ], [ -0.774, 60.832 ], [ -0.77, 60.833 ], [ -0.77, 60.832 ], [ -0.773, 60.829 ], [ -0.775, 60.832 ] ] ], [ [ [ -0.901, 60.839 ], [ -0.902, 60.839 ], [ -0.901, 60.84 ], [ -0.901, 60.839 ] ] ], [ [ [ -0.9, 60.841 ], [ -0.9, 60.842 ], [ -0.897, 60.842 ], [ -0.898, 60.841 ], [ -0.9, 60.841 ] ] ], [ [ [ -0.894, 60.85 ], [ -0.897, 60.849 ], [ -0.895, 60.851 ], [ -0.894, 60.85 ] ] ], [ [ [ -0.893, 60.849 ], [ -0.895, 60.849 ], [ -0.894, 60.85 ], [ -0.891, 60.853 ], [ -0.893, 60.849 ] ] ], [ [ [ -0.89, 60.851 ], [ -0.888, 60.855 ], [ -0.887, 60.855 ], [ -0.885, 60.854 ], [ -0.89, 60.851 ] ] ], [ [ [ 0.621, 51.388 ], [ 0.62, 51.388 ], [ 0.62, 51.389 ], [ 0.621, 51.389 ], [ 0.622, 51.389 ], [ 0.623, 51.389 ], [ 0.623, 51.388 ], [ 0.622, 51.388 ], [ 0.621, 51.388 ] ] ], [ [ [ 0.589, 51.394 ], [ 0.59, 51.392 ], [ 0.589, 51.392 ], [ 0.589, 51.394 ] ] ], [ [ [ 0.678, 51.397 ], [ 0.683, 51.396 ], [ 0.673, 51.39 ], [ 0.678, 51.397 ] ] ], [ [ [ 0.663, 51.394 ], [ 0.664, 51.395 ], [ 0.665, 51.395 ], [ 0.664, 51.394 ], [ 0.663, 51.394 ] ] ], [ [ [ 0.601, 51.394 ], [ 0.595, 51.4 ], [ 0.612, 51.401 ], [ 0.616, 51.396 ], [ 0.601, 51.394 ] ] ], [ [ [ 0.673, 51.398 ], [ 0.666, 51.407 ], [ 0.691, 51.412 ], [ 0.695, 51.398 ], [ 0.673, 51.398 ] ] ], [ [ [ 0.582, 51.403 ], [ 0.56, 51.403 ], [ 0.564, 51.408 ], [ 0.582, 51.403 ] ] ], [ [ [ 0.608, 51.407 ], [ 0.617, 51.407 ], [ 0.614, 51.406 ], [ 0.617, 51.406 ], [ 0.616, 51.405 ], [ 0.615, 51.405 ], [ 0.609, 51.405 ], [ 0.608, 51.407 ] ] ], [ [ [ 0.596, 51.408 ], [ 0.603, 51.407 ], [ 0.6, 51.406 ], [ 0.596, 51.408 ] ] ], [ [ [ 0.701, 51.41 ], [ 0.702, 51.409 ], [ 0.701, 51.409 ], [ 0.701, 51.41 ] ] ], [ [ [ 0.699, 51.41 ], [ 0.698, 51.411 ], [ 0.699, 51.411 ], [ 0.699, 51.41 ] ] ], [ [ [ 0.672, 51.413 ], [ 0.66, 51.419 ], [ 0.679, 51.424 ], [ 0.687, 51.417 ], [ 0.672, 51.413 ] ] ], [ [ [ 0.63, 51.421 ], [ 0.63, 51.424 ], [ 0.639, 51.421 ], [ 0.63, 51.421 ] ] ], [ [ [ 0.637, 51.429 ], [ 0.639, 51.427 ], [ 0.633, 51.427 ], [ 0.637, 51.429 ] ] ], [ [ [ 0.636, 51.433 ], [ 0.635, 51.434 ], [ 0.637, 51.434 ], [ 0.636, 51.433 ] ] ], [ [ [ 0.671, 51.438 ], [ 0.673, 51.438 ], [ 0.671, 51.437 ], [ 0.671, 51.438 ] ] ], [ [ [ 0.638, 51.437 ], [ 0.637, 51.437 ], [ 0.638, 51.438 ], [ 0.638, 51.437 ] ] ], [ [ [ 0.637, 51.44 ], [ 0.638, 51.439 ], [ 0.636, 51.438 ], [ 0.637, 51.44 ] ] ], [ [ [ 0.646, 51.437 ], [ 0.645, 51.439 ], [ 0.645, 51.442 ], [ 0.646, 51.437 ] ] ], [ [ [ 0.628, 51.441 ], [ 0.63, 51.44 ], [ 0.629, 51.438 ], [ 0.628, 51.441 ] ] ], [ [ [ 0.634, 51.44 ], [ 0.633, 51.439 ], [ 0.631, 51.44 ], [ 0.634, 51.44 ] ] ], [ [ [ 0.661, 51.44 ], [ 0.66, 51.441 ], [ 0.665, 51.441 ], [ 0.661, 51.44 ] ] ], [ [ [ 0.658, 51.44 ], [ 0.654, 51.439 ], [ 0.65, 51.439 ], [ 0.658, 51.44 ] ] ], [ [ [ 0.633, 51.441 ], [ 0.632, 51.442 ], [ 0.634, 51.442 ], [ 0.634, 51.441 ], [ 0.633, 51.441 ] ] ], [ [ [ 0.671, 51.442 ], [ 0.672, 51.44 ], [ 0.671, 51.44 ], [ 0.671, 51.442 ] ] ], [ [ [ 0.642, 51.443 ], [ 0.643, 51.444 ], [ 0.644, 51.444 ], [ 0.643, 51.443 ], [ 0.642, 51.443 ] ] ], [ [ [ 0.652, 51.442 ], [ 0.649, 51.44 ], [ 0.649, 51.441 ], [ 0.645, 51.442 ], [ 0.652, 51.442 ] ] ], [ [ [ 0.661, 51.442 ], [ 0.66, 51.442 ], [ 0.659, 51.443 ], [ 0.662, 51.443 ], [ 0.661, 51.442 ] ] ], [ [ [ 0.638, 51.441 ], [ 0.638, 51.445 ], [ 0.641, 51.445 ], [ 0.638, 51.441 ] ] ], [ [ [ 0.658, 51.448 ], [ 0.661, 51.447 ], [ 0.661, 51.444 ], [ 0.659, 51.444 ], [ 0.658, 51.448 ] ] ], [ [ [ 0.537, 51.516 ], [ 0.532, 51.516 ], [ 0.537, 51.519 ], [ 0.537, 51.516 ] ] ], [ [ [ 0.522, 51.519 ], [ 0.521, 51.521 ], [ 0.525, 51.518 ], [ 0.522, 51.519 ] ] ], [ [ [ 0.629, 51.52 ], [ 0.629, 51.521 ], [ 0.631, 51.521 ], [ 0.632, 51.52 ], [ 0.629, 51.52 ] ] ], [ [ [ 0.634, 51.523 ], [ 0.634, 51.522 ], [ 0.631, 51.523 ], [ 0.634, 51.523 ] ] ], [ [ [ 0.623, 51.525 ], [ 0.622, 51.525 ], [ 0.623, 51.526 ], [ 0.623, 51.527 ], [ 0.625, 51.527 ], [ 0.626, 51.527 ], [ 0.625, 51.526 ], [ 0.624, 51.525 ], [ 0.624, 51.524 ], [ 0.623, 51.525 ] ] ], [ [ [ 0.628, 51.525 ], [ 0.626, 51.525 ], [ 0.626, 51.527 ], [ 0.629, 51.526 ], [ 0.63, 51.525 ], [ 0.628, 51.525 ] ] ], [ [ [ 0.617, 51.527 ], [ 0.614, 51.527 ], [ 0.612, 51.529 ], [ 0.616, 51.53 ], [ 0.618, 51.53 ], [ 0.615, 51.528 ], [ 0.618, 51.529 ], [ 0.618, 51.528 ], [ 0.619, 51.528 ], [ 0.619, 51.527 ], [ 0.618, 51.527 ], [ 0.617, 51.527 ] ] ], [ [ [ 0.55, 51.542 ], [ 0.551, 51.542 ], [ 0.556, 51.542 ], [ 0.557, 51.541 ], [ 0.561, 51.54 ], [ 0.564, 51.541 ], [ 0.564, 51.54 ], [ 0.564, 51.539 ], [ 0.565, 51.541 ], [ 0.582, 51.538 ], [ 0.591, 51.537 ], [ 0.596, 51.536 ], [ 0.601, 51.535 ], [ 0.602, 51.535 ], [ 0.603, 51.533 ], [ 0.599, 51.531 ], [ 0.596, 51.531 ], [ 0.6, 51.53 ], [ 0.608, 51.528 ], [ 0.624, 51.523 ], [ 0.617, 51.522 ], [ 0.618, 51.52 ], [ 0.629, 51.521 ], [ 0.626, 51.52 ], [ 0.617, 51.514 ], [ 0.573, 51.508 ], [ 0.518, 51.53 ], [ 0.535, 51.531 ], [ 0.54, 51.532 ], [ 0.542, 51.534 ], [ 0.543, 51.535 ], [ 0.544, 51.535 ], [ 0.545, 51.547 ], [ 0.55, 51.542 ] ], [ [ 0.585, 51.537 ], [ 0.578, 51.537 ], [ 0.597, 51.534 ], [ 0.588, 51.537 ], [ 0.582, 51.538 ], [ 0.585, 51.537 ] ] ], [ [ [ 0.619, 51.528 ], [ 0.622, 51.529 ], [ 0.624, 51.528 ], [ 0.623, 51.528 ], [ 0.619, 51.528 ] ] ], [ [ [ 0.608, 51.528 ], [ 0.608, 51.529 ], [ 0.609, 51.529 ], [ 0.611, 51.528 ], [ 0.608, 51.528 ] ] ], [ [ [ 0.606, 51.529 ], [ 0.605, 51.53 ], [ 0.608, 51.529 ], [ 0.606, 51.529 ] ] ], [ [ [ 0.609, 51.531 ], [ 0.605, 51.534 ], [ 0.614, 51.531 ], [ 0.609, 51.531 ] ] ], [ [ [ 0.614, 51.532 ], [ 0.613, 51.533 ], [ 0.616, 51.532 ], [ 0.614, 51.532 ] ] ], [ [ [ 0.632, 51.531 ], [ 0.627, 51.533 ], [ 0.627, 51.532 ], [ 0.609, 51.535 ], [ 0.621, 51.536 ], [ 0.624, 51.537 ], [ 0.63, 51.538 ], [ 0.635, 51.538 ], [ 0.636, 51.538 ], [ 0.639, 51.537 ], [ 0.64, 51.538 ], [ 0.644, 51.539 ], [ 0.646, 51.539 ], [ 0.643, 51.538 ], [ 0.646, 51.538 ], [ 0.641, 51.537 ], [ 0.64, 51.536 ], [ 0.64, 51.533 ], [ 0.632, 51.531 ] ], [ [ 0.636, 51.534 ], [ 0.637, 51.535 ], [ 0.639, 51.535 ], [ 0.638, 51.536 ], [ 0.629, 51.534 ], [ 0.627, 51.533 ], [ 0.636, 51.534 ] ] ], [ [ [ 0.638, 51.539 ], [ 0.639, 51.539 ], [ 0.64, 51.539 ], [ 0.64, 51.538 ], [ 0.638, 51.538 ], [ 0.638, 51.539 ] ] ], [ [ [ 0.56, 51.543 ], [ 0.564, 51.542 ], [ 0.561, 51.541 ], [ 0.558, 51.542 ], [ 0.56, 51.543 ] ] ], [ [ [ 0.649, 51.625 ], [ 0.648, 51.625 ], [ 0.648, 51.626 ], [ 0.649, 51.628 ], [ 0.65, 51.626 ], [ 0.649, 51.626 ], [ 0.649, 51.625 ] ] ], [ [ [ 0.647, 51.626 ], [ 0.648, 51.625 ], [ 0.644, 51.625 ], [ 0.647, 51.626 ] ] ], [ [ [ 0.647, 51.626 ], [ 0.646, 51.628 ], [ 0.645, 51.629 ], [ 0.648, 51.63 ], [ 0.648, 51.628 ], [ 0.648, 51.626 ], [ 0.647, 51.626 ] ] ], [ [ [ 0.648, 51.631 ], [ 0.647, 51.631 ], [ 0.647, 51.632 ], [ 0.648, 51.632 ], [ 0.648, 51.631 ] ] ], [ [ [ 0.651, 51.633 ], [ 0.651, 51.631 ], [ 0.649, 51.631 ], [ 0.651, 51.633 ] ] ], [ [ [ 0.647, 51.634 ], [ 0.648, 51.634 ], [ 0.648, 51.633 ], [ 0.647, 51.633 ], [ 0.647, 51.634 ] ] ], [ [ [ 0.648, 51.635 ], [ 0.649, 51.635 ], [ 0.648, 51.634 ], [ 0.648, 51.635 ] ] ], [ [ [ 0.651, 51.636 ], [ 0.655, 51.635 ], [ 0.65, 51.635 ], [ 0.651, 51.636 ] ] ], [ [ [ 0.653, 51.634 ], [ 0.651, 51.633 ], [ 0.649, 51.633 ], [ 0.65, 51.635 ], [ 0.653, 51.634 ] ] ], [ [ [ 0.669, 51.637 ], [ 0.664, 51.637 ], [ 0.668, 51.639 ], [ 0.668, 51.641 ], [ 0.67, 51.639 ], [ 0.669, 51.638 ], [ 0.67, 51.637 ], [ 0.669, 51.637 ] ] ], [ [ [ 0.634, 51.638 ], [ 0.634, 51.639 ], [ 0.636, 51.638 ], [ 0.634, 51.638 ] ] ], [ [ [ 0.269, 52.815 ], [ 0.269, 52.816 ], [ 0.271, 52.813 ], [ 0.264, 52.816 ], [ 0.269, 52.815 ] ] ], [ [ [ 0.206, 52.825 ], [ 0.205, 52.826 ], [ 0.208, 52.827 ], [ 0.206, 52.825 ] ] ], [ [ [ 0.213, 52.827 ], [ 0.209, 52.827 ], [ 0.212, 52.828 ], [ 0.214, 52.828 ], [ 0.214, 52.827 ], [ 0.213, 52.827 ] ] ], [ [ [ 0.215, 52.826 ], [ 0.213, 52.826 ], [ 0.214, 52.827 ], [ 0.215, 52.826 ] ] ], [ [ [ 0.212, 52.828 ], [ 0.208, 52.828 ], [ 0.21, 52.829 ], [ 0.212, 52.828 ] ] ], [ [ [ 0.068, 52.908 ], [ 0.032, 52.898 ], [ 0.033, 52.9 ], [ 0.059, 52.916 ], [ 0.068, 52.908 ] ] ], [ [ [ 0.049, 52.914 ], [ 0.049, 52.913 ], [ 0.048, 52.913 ], [ 0.047, 52.914 ], [ 0.049, 52.914 ] ] ], [ [ [ 0.049, 52.914 ], [ 0.047, 52.915 ], [ 0.053, 52.916 ], [ 0.049, 52.914 ] ] ], [ [ [ 0.063, 52.917 ], [ 0.069, 52.918 ], [ 0.068, 52.916 ], [ 0.063, 52.917 ] ] ], [ [ [ 0.065, 52.924 ], [ 0.063, 52.923 ], [ 0.062, 52.923 ], [ 0.061, 52.924 ], [ 0.065, 52.924 ] ] ], [ [ [ 0.096, 52.962 ], [ 0.095, 52.961 ], [ 0.094, 52.961 ], [ 0.097, 52.964 ], [ 0.097, 52.962 ], [ 0.096, 52.962 ] ] ], [ [ [ 0.1, 52.966 ], [ 0.101, 52.966 ], [ 0.098, 52.962 ], [ 0.1, 52.966 ] ] ], [ [ [ 0.619, 52.967 ], [ 0.618, 52.968 ], [ 0.615, 52.967 ], [ 0.619, 52.97 ], [ 0.621, 52.97 ], [ 0.62, 52.968 ], [ 0.619, 52.967 ] ] ], [ [ [ 0.663, 52.969 ], [ 0.665, 52.968 ], [ 0.664, 52.967 ], [ 0.662, 52.969 ], [ 0.663, 52.969 ] ] ], [ [ [ 0.676, 52.969 ], [ 0.676, 52.97 ], [ 0.677, 52.97 ], [ 0.677, 52.969 ], [ 0.676, 52.969 ] ] ], [ [ [ 0.677, 52.97 ], [ 0.68, 52.969 ], [ 0.679, 52.968 ], [ 0.677, 52.97 ] ] ], [ [ [ 0.626, 52.968 ], [ 0.622, 52.968 ], [ 0.622, 52.97 ], [ 0.626, 52.968 ] ] ], [ [ [ 0.132, 52.992 ], [ 0.131, 52.994 ], [ 0.136, 52.993 ], [ 0.132, 52.992 ] ] ], [ [ [ 0.035, 53.519 ], [ 0.031, 53.517 ], [ 0.031, 53.519 ], [ 0.035, 53.519 ] ] ], [ [ [ 0.826, 51.358 ], [ 0.833, 51.356 ], [ 0.83, 51.356 ], [ 0.826, 51.358 ] ] ], [ [ [ 0.857, 51.363 ], [ 0.852, 51.365 ], [ 0.852, 51.367 ], [ 0.857, 51.363 ] ] ], [ [ [ 0.855, 51.367 ], [ 0.854, 51.369 ], [ 0.85, 51.371 ], [ 0.847, 51.371 ], [ 0.85, 51.364 ], [ 0.806, 51.372 ], [ 0.767, 51.37 ], [ 0.77, 51.379 ], [ 0.768, 51.379 ], [ 0.769, 51.381 ], [ 0.764, 51.388 ], [ 0.733, 51.4 ], [ 0.722, 51.414 ], [ 0.732, 51.409 ], [ 0.747, 51.415 ], [ 0.735, 51.424 ], [ 0.744, 51.448 ], [ 0.788, 51.44 ], [ 0.901, 51.417 ], [ 0.951, 51.373 ], [ 0.908, 51.355 ], [ 0.858, 51.37 ], [ 0.857, 51.365 ], [ 0.856, 51.366 ], [ 0.855, 51.366 ], [ 0.855, 51.367 ] ] ], [ [ [ 0.797, 51.369 ], [ 0.797, 51.37 ], [ 0.798, 51.369 ], [ 0.797, 51.369 ] ] ], [ [ [ 0.797, 51.37 ], [ 0.797, 51.371 ], [ 0.799, 51.37 ], [ 0.797, 51.37 ] ] ], [ [ [ 0.737, 51.395 ], [ 0.736, 51.396 ], [ 0.738, 51.396 ], [ 0.737, 51.395 ] ] ], [ [ [ 0.732, 51.415 ], [ 0.731, 51.415 ], [ 0.731, 51.416 ], [ 0.732, 51.415 ] ] ], [ [ [ 0.73, 51.418 ], [ 0.728, 51.418 ], [ 0.728, 51.419 ], [ 0.729, 51.419 ], [ 0.73, 51.418 ] ] ], [ [ [ 0.721, 51.418 ], [ 0.722, 51.419 ], [ 0.722, 51.418 ], [ 0.721, 51.418 ] ] ], [ [ [ 0.708, 51.42 ], [ 0.708, 51.419 ], [ 0.706, 51.42 ], [ 0.708, 51.42 ] ] ], [ [ [ 0.72, 51.42 ], [ 0.723, 51.42 ], [ 0.72, 51.419 ], [ 0.717, 51.42 ], [ 0.72, 51.42 ] ] ], [ [ [ 0.717, 51.42 ], [ 0.715, 51.42 ], [ 0.717, 51.421 ], [ 0.717, 51.42 ] ] ], [ [ [ 0.722, 51.421 ], [ 0.72, 51.42 ], [ 0.72, 51.422 ], [ 0.722, 51.421 ] ] ], [ [ [ 0.725, 51.421 ], [ 0.723, 51.422 ], [ 0.724, 51.422 ], [ 0.725, 51.421 ] ] ], [ [ [ 0.726, 51.421 ], [ 0.726, 51.422 ], [ 0.726, 51.423 ], [ 0.728, 51.424 ], [ 0.728, 51.421 ], [ 0.726, 51.421 ] ] ], [ [ [ 0.826, 51.564 ], [ 0.824, 51.568 ], [ 0.832, 51.574 ], [ 0.834, 51.567 ], [ 0.84, 51.561 ], [ 0.826, 51.564 ] ] ], [ [ [ 0.821, 51.565 ], [ 0.808, 51.586 ], [ 0.836, 51.595 ], [ 0.821, 51.565 ] ] ], [ [ [ 0.747, 51.581 ], [ 0.746, 51.581 ], [ 0.746, 51.582 ], [ 0.747, 51.581 ] ] ], [ [ [ 0.822, 51.619 ], [ 0.825, 51.618 ], [ 0.822, 51.617 ], [ 0.822, 51.619 ] ] ], [ [ [ 0.821, 51.618 ], [ 0.82, 51.619 ], [ 0.822, 51.619 ], [ 0.821, 51.618 ] ] ], [ [ [ 0.739, 51.634 ], [ 0.739, 51.635 ], [ 0.743, 51.635 ], [ 0.739, 51.634 ] ] ], [ [ [ 0.734, 51.635 ], [ 0.731, 51.636 ], [ 0.734, 51.637 ], [ 0.733, 51.636 ], [ 0.734, 51.636 ], [ 0.735, 51.636 ], [ 0.735, 51.635 ], [ 0.734, 51.635 ] ] ], [ [ [ 0.737, 51.636 ], [ 0.739, 51.635 ], [ 0.737, 51.635 ], [ 0.737, 51.636 ] ] ], [ [ [ 0.739, 51.637 ], [ 0.746, 51.639 ], [ 0.749, 51.636 ], [ 0.739, 51.637 ] ] ], [ [ [ 0.731, 51.638 ], [ 0.73, 51.637 ], [ 0.729, 51.637 ], [ 0.727, 51.638 ], [ 0.729, 51.638 ], [ 0.731, 51.638 ] ] ], [ [ [ 0.75, 51.638 ], [ 0.75, 51.639 ], [ 0.751, 51.638 ], [ 0.75, 51.638 ] ] ], [ [ [ 0.749, 51.637 ], [ 0.749, 51.638 ], [ 0.75, 51.638 ], [ 0.749, 51.637 ] ] ], [ [ [ 0.714, 51.637 ], [ 0.713, 51.637 ], [ 0.712, 51.637 ], [ 0.715, 51.64 ], [ 0.714, 51.638 ], [ 0.714, 51.637 ] ] ], [ [ [ 0.718, 51.639 ], [ 0.718, 51.64 ], [ 0.721, 51.64 ], [ 0.723, 51.64 ], [ 0.724, 51.64 ], [ 0.725, 51.64 ], [ 0.725, 51.639 ], [ 0.724, 51.639 ], [ 0.721, 51.639 ], [ 0.716, 51.638 ], [ 0.716, 51.639 ], [ 0.715, 51.64 ], [ 0.716, 51.641 ], [ 0.716, 51.64 ], [ 0.717, 51.64 ], [ 0.717, 51.639 ], [ 0.718, 51.639 ] ] ], [ [ [ 0.717, 51.642 ], [ 0.72, 51.642 ], [ 0.723, 51.641 ], [ 0.723, 51.64 ], [ 0.719, 51.641 ], [ 0.718, 51.641 ], [ 0.718, 51.64 ], [ 0.717, 51.64 ], [ 0.717, 51.641 ], [ 0.717, 51.642 ] ] ], [ [ [ 0.739, 51.639 ], [ 0.738, 51.637 ], [ 0.736, 51.638 ], [ 0.739, 51.639 ] ] ], [ [ [ 0.735, 51.639 ], [ 0.736, 51.638 ], [ 0.732, 51.638 ], [ 0.735, 51.639 ] ] ], [ [ [ 0.729, 51.639 ], [ 0.729, 51.64 ], [ 0.728, 51.64 ], [ 0.727, 51.64 ], [ 0.726, 51.64 ], [ 0.726, 51.641 ], [ 0.732, 51.642 ], [ 0.736, 51.641 ], [ 0.733, 51.64 ], [ 0.729, 51.638 ], [ 0.729, 51.639 ] ] ], [ [ [ 0.755, 51.639 ], [ 0.756, 51.639 ], [ 0.756, 51.64 ], [ 0.758, 51.641 ], [ 0.757, 51.64 ], [ 0.762, 51.64 ], [ 0.753, 51.638 ], [ 0.753, 51.639 ], [ 0.755, 51.639 ] ] ], [ [ [ 0.751, 51.638 ], [ 0.752, 51.638 ], [ 0.752, 51.637 ], [ 0.75, 51.636 ], [ 0.751, 51.638 ] ] ], [ [ [ 0.762, 51.641 ], [ 0.763, 51.64 ], [ 0.762, 51.64 ], [ 0.762, 51.641 ] ] ], [ [ [ 0.758, 51.641 ], [ 0.752, 51.641 ], [ 0.751, 51.641 ], [ 0.751, 51.642 ], [ 0.761, 51.642 ], [ 0.762, 51.641 ], [ 0.758, 51.641 ] ] ], [ [ [ 0.749, 51.638 ], [ 0.747, 51.639 ], [ 0.746, 51.639 ], [ 0.749, 51.64 ], [ 0.749, 51.638 ] ] ], [ [ [ 0.737, 51.64 ], [ 0.736, 51.64 ], [ 0.736, 51.641 ], [ 0.737, 51.64 ] ] ], [ [ [ 0.745, 51.641 ], [ 0.746, 51.641 ], [ 0.747, 51.642 ], [ 0.751, 51.642 ], [ 0.75, 51.641 ], [ 0.745, 51.64 ], [ 0.745, 51.641 ] ] ], [ [ [ 0.851, 51.716 ], [ 0.848, 51.716 ], [ 0.849, 51.717 ], [ 0.851, 51.716 ] ] ], [ [ [ 0.788, 51.722 ], [ 0.755, 51.725 ], [ 0.756, 51.727 ], [ 0.766, 51.727 ], [ 0.769, 51.725 ], [ 0.776, 51.725 ], [ 0.776, 51.726 ], [ 0.777, 51.726 ], [ 0.779, 51.726 ], [ 0.779, 51.725 ], [ 0.788, 51.722 ] ] ], [ [ [ 0.731, 51.722 ], [ 0.726, 51.717 ], [ 0.708, 51.72 ], [ 0.731, 51.722 ] ] ], [ [ [ 0.844, 51.74 ], [ 0.845, 51.739 ], [ 0.842, 51.738 ], [ 0.844, 51.74 ] ] ], [ [ [ 0.791, 51.742 ], [ 0.792, 51.743 ], [ 0.792, 51.742 ], [ 0.791, 51.742 ] ] ], [ [ [ 0.851, 51.746 ], [ 0.853, 51.745 ], [ 0.851, 51.744 ], [ 0.851, 51.746 ] ] ], [ [ [ 0.849, 51.761 ], [ 0.849, 51.762 ], [ 0.85, 51.762 ], [ 0.849, 51.761 ] ] ], [ [ [ 0.851, 51.762 ], [ 0.854, 51.764 ], [ 0.853, 51.765 ], [ 0.861, 51.764 ], [ 0.851, 51.762 ] ] ], [ [ [ 0.845, 51.768 ], [ 0.848, 51.767 ], [ 0.845, 51.766 ], [ 0.845, 51.768 ] ] ], [ [ [ 0.85, 51.773 ], [ 0.852, 51.772 ], [ 0.852, 51.773 ], [ 0.856, 51.773 ], [ 0.853, 51.771 ], [ 0.852, 51.771 ], [ 0.85, 51.773 ] ] ], [ [ [ 0.845, 51.772 ], [ 0.846, 51.773 ], [ 0.848, 51.772 ], [ 0.845, 51.772 ] ] ], [ [ [ 0.851, 51.783 ], [ 0.852, 51.784 ], [ 0.853, 51.784 ], [ 0.851, 51.783 ] ] ], [ [ [ 0.733, 52.965 ], [ 0.735, 52.966 ], [ 0.734, 52.966 ], [ 0.735, 52.967 ], [ 0.736, 52.967 ], [ 0.736, 52.966 ], [ 0.738, 52.965 ], [ 0.733, 52.965 ] ] ], [ [ [ 0.744, 52.966 ], [ 0.742, 52.968 ], [ 0.742, 52.969 ], [ 0.744, 52.969 ], [ 0.747, 52.97 ], [ 0.744, 52.966 ] ] ], [ [ [ 0.736, 52.967 ], [ 0.736, 52.969 ], [ 0.737, 52.968 ], [ 0.742, 52.968 ], [ 0.736, 52.967 ] ] ], [ [ [ 0.749, 52.972 ], [ 0.75, 52.972 ], [ 0.75, 52.971 ], [ 0.747, 52.972 ], [ 0.749, 52.972 ] ] ], [ [ [ 0.716, 52.973 ], [ 0.715, 52.973 ], [ 0.714, 52.974 ], [ 0.714, 52.975 ], [ 0.715, 52.975 ], [ 0.715, 52.976 ], [ 0.705, 52.976 ], [ 0.714, 52.977 ], [ 0.713, 52.977 ], [ 0.711, 52.978 ], [ 0.712, 52.978 ], [ 0.714, 52.978 ], [ 0.715, 52.978 ], [ 0.715, 52.979 ], [ 0.716, 52.979 ], [ 0.716, 52.978 ], [ 0.715, 52.977 ], [ 0.717, 52.977 ], [ 0.719, 52.977 ], [ 0.719, 52.978 ], [ 0.72, 52.978 ], [ 0.72, 52.977 ], [ 0.726, 52.977 ], [ 0.725, 52.978 ], [ 0.725, 52.979 ], [ 0.726, 52.979 ], [ 0.727, 52.979 ], [ 0.727, 52.978 ], [ 0.728, 52.978 ], [ 0.729, 52.977 ], [ 0.732, 52.976 ], [ 0.731, 52.975 ], [ 0.73, 52.976 ], [ 0.728, 52.976 ], [ 0.728, 52.974 ], [ 0.727, 52.975 ], [ 0.727, 52.976 ], [ 0.725, 52.976 ], [ 0.719, 52.975 ], [ 0.72, 52.974 ], [ 0.719, 52.974 ], [ 0.717, 52.974 ], [ 0.717, 52.973 ], [ 0.716, 52.973 ] ] ], [ [ [ 0.715, 52.973 ], [ 0.717, 52.972 ], [ 0.712, 52.973 ], [ 0.715, 52.973 ] ] ], [ [ [ 0.72, 52.974 ], [ 0.721, 52.975 ], [ 0.722, 52.975 ], [ 0.722, 52.974 ], [ 0.72, 52.974 ] ] ], [ [ [ 0.725, 52.974 ], [ 0.727, 52.974 ], [ 0.728, 52.974 ], [ 0.729, 52.973 ], [ 0.721, 52.973 ], [ 0.722, 52.974 ], [ 0.725, 52.974 ] ] ], [ [ [ 0.707, 52.973 ], [ 0.706, 52.974 ], [ 0.708, 52.974 ], [ 0.707, 52.973 ] ] ], [ [ [ 0.725, 52.975 ], [ 0.725, 52.974 ], [ 0.723, 52.975 ], [ 0.725, 52.975 ] ] ], [ [ [ 0.733, 52.975 ], [ 0.733, 52.976 ], [ 0.734, 52.976 ], [ 0.733, 52.975 ] ] ], [ [ [ 0.708, 52.977 ], [ 0.706, 52.977 ], [ 0.709, 52.978 ], [ 0.709, 52.977 ], [ 0.708, 52.977 ] ] ], [ [ [ 0.738, 52.978 ], [ 0.739, 52.977 ], [ 0.74, 52.977 ], [ 0.74, 52.976 ], [ 0.736, 52.976 ], [ 0.735, 52.976 ], [ 0.733, 52.977 ], [ 0.73, 52.978 ], [ 0.728, 52.979 ], [ 0.73, 52.979 ], [ 0.73, 52.98 ], [ 0.731, 52.98 ], [ 0.731, 52.979 ], [ 0.732, 52.979 ], [ 0.732, 52.98 ], [ 0.733, 52.98 ], [ 0.733, 52.979 ], [ 0.736, 52.979 ], [ 0.738, 52.978 ] ] ], [ [ [ 0.74, 52.977 ], [ 0.74, 52.978 ], [ 0.741, 52.978 ], [ 0.741, 52.977 ], [ 0.74, 52.977 ] ] ], [ [ [ 0.739, 52.978 ], [ 0.739, 52.979 ], [ 0.74, 52.979 ], [ 0.74, 52.978 ], [ 0.739, 52.978 ] ] ], [ [ [ 0.719, 52.978 ], [ 0.718, 52.978 ], [ 0.718, 52.979 ], [ 0.719, 52.979 ], [ 0.719, 52.978 ] ] ], [ [ [ 0.719, 52.979 ], [ 0.718, 52.98 ], [ 0.718, 52.979 ], [ 0.717, 52.979 ], [ 0.717, 52.98 ], [ 0.717, 52.981 ], [ 0.719, 52.983 ], [ 0.703, 52.984 ], [ 0.706, 52.98 ], [ 0.701, 52.979 ], [ 0.703, 52.985 ], [ 0.69, 52.987 ], [ 0.682, 52.977 ], [ 0.686, 52.987 ], [ 0.689, 52.988 ], [ 0.751, 52.979 ], [ 0.739, 52.98 ], [ 0.738, 52.98 ], [ 0.738, 52.978 ], [ 0.737, 52.98 ], [ 0.726, 52.982 ], [ 0.721, 52.979 ], [ 0.72, 52.979 ], [ 0.719, 52.979 ] ], [ [ 0.72, 52.98 ], [ 0.72, 52.981 ], [ 0.718, 52.981 ], [ 0.718, 52.98 ], [ 0.72, 52.98 ] ], [ [ 0.721, 52.981 ], [ 0.722, 52.982 ], [ 0.72, 52.981 ], [ 0.721, 52.981 ] ] ], [ [ [ 0.723, 52.979 ], [ 0.724, 52.979 ], [ 0.724, 52.978 ], [ 0.723, 52.978 ], [ 0.723, 52.979 ] ] ], [ [ [ 0.875, 51.362 ], [ 0.876, 51.363 ], [ 0.88, 51.361 ], [ 0.875, 51.362 ] ] ], [ [ [ 0.863, 51.365 ], [ 0.865, 51.364 ], [ 0.863, 51.364 ], [ 0.863, 51.365 ] ] ], [ [ [ 0.861, 51.364 ], [ 0.86, 51.364 ], [ 0.859, 51.367 ], [ 0.861, 51.366 ], [ 0.863, 51.364 ], [ 0.861, 51.364 ] ] ], [ [ [ 0.858, 51.368 ], [ 0.858, 51.37 ], [ 0.859, 51.369 ], [ 0.858, 51.368 ] ] ], [ [ [ 0.958, 51.62 ], [ 0.954, 51.613 ], [ 0.929, 51.593 ], [ 0.864, 51.558 ], [ 0.836, 51.567 ], [ 0.844, 51.582 ], [ 0.848, 51.578 ], [ 0.863, 51.572 ], [ 0.838, 51.593 ], [ 0.867, 51.595 ], [ 0.874, 51.614 ], [ 0.958, 51.62 ] ] ], [ [ [ 0.866, 51.601 ], [ 0.863, 51.596 ], [ 0.856, 51.596 ], [ 0.866, 51.601 ] ] ], [ [ [ 0.864, 51.608 ], [ 0.866, 51.602 ], [ 0.862, 51.603 ], [ 0.864, 51.608 ] ] ], [ [ [ 0.94, 51.678 ], [ 0.941, 51.678 ], [ 0.94, 51.677 ], [ 0.94, 51.678 ] ] ], [ [ [ 0.887, 51.737 ], [ 0.878, 51.731 ], [ 0.881, 51.734 ], [ 0.887, 51.737 ] ] ], [ [ [ 0.88, 51.761 ], [ 0.878, 51.762 ], [ 0.884, 51.761 ], [ 0.881, 51.761 ], [ 0.88, 51.761 ] ] ], [ [ [ 0.889, 51.766 ], [ 0.89, 51.765 ], [ 0.888, 51.765 ], [ 0.889, 51.766 ] ] ], [ [ [ 0.89, 51.768 ], [ 0.894, 51.766 ], [ 0.889, 51.766 ], [ 0.89, 51.768 ] ] ], [ [ [ 0.864, 51.768 ], [ 0.869, 51.768 ], [ 0.872, 51.767 ], [ 0.864, 51.768 ] ] ], [ [ [ 0.889, 51.769 ], [ 0.889, 51.768 ], [ 0.888, 51.769 ], [ 0.889, 51.769 ] ] ], [ [ [ 0.903, 51.771 ], [ 0.897, 51.771 ], [ 0.899, 51.774 ], [ 0.903, 51.771 ] ] ], [ [ [ 0.892, 51.772 ], [ 0.884, 51.779 ], [ 0.888, 51.778 ], [ 0.892, 51.772 ] ] ], [ [ [ 0.881, 51.777 ], [ 0.88, 51.777 ], [ 0.88, 51.778 ], [ 0.881, 51.778 ], [ 0.881, 51.777 ] ] ], [ [ [ 0.893, 51.774 ], [ 0.888, 51.778 ], [ 0.885, 51.781 ], [ 0.892, 51.779 ], [ 0.893, 51.779 ], [ 0.893, 51.774 ] ] ], [ [ [ 1.036, 51.776 ], [ 1.035, 51.776 ], [ 1.033, 51.778 ], [ 1.03, 51.79 ], [ 1.036, 51.776 ] ] ], [ [ [ 1.04, 51.773 ], [ 1.044, 51.771 ], [ 1.042, 51.771 ], [ 1.041, 51.771 ], [ 1.036, 51.776 ], [ 1.04, 51.773 ] ] ], [ [ [ 0.878, 51.784 ], [ 0.881, 51.783 ], [ 0.876, 51.784 ], [ 0.878, 51.784 ] ] ], [ [ [ 1.036, 51.785 ], [ 1.038, 51.784 ], [ 1.036, 51.784 ], [ 1.036, 51.785 ] ] ], [ [ [ 0.873, 51.787 ], [ 0.876, 51.786 ], [ 0.871, 51.784 ], [ 0.873, 51.787 ] ] ], [ [ [ 1.039, 51.785 ], [ 1.037, 51.786 ], [ 1.038, 51.788 ], [ 1.042, 51.788 ], [ 1.039, 51.785 ] ] ], [ [ [ 0.903, 51.791 ], [ 0.896, 51.783 ], [ 0.904, 51.795 ], [ 0.903, 51.791 ] ] ], [ [ [ 0.916, 51.797 ], [ 0.915, 51.797 ], [ 0.915, 51.796 ], [ 0.911, 51.795 ], [ 0.914, 51.8 ], [ 0.918, 51.798 ], [ 0.916, 51.797 ] ] ], [ [ [ 0.923, 51.797 ], [ 0.92, 51.798 ], [ 0.921, 51.799 ], [ 0.923, 51.797 ] ] ], [ [ [ 0.909, 51.798 ], [ 0.911, 51.802 ], [ 0.914, 51.8 ], [ 0.909, 51.798 ] ] ], [ [ [ 0.926, 51.802 ], [ 0.927, 51.801 ], [ 0.93, 51.8 ], [ 0.927, 51.8 ], [ 0.926, 51.799 ], [ 0.926, 51.802 ] ] ], [ [ [ 1.029, 51.804 ], [ 1.04, 51.804 ], [ 1.031, 51.802 ], [ 1.029, 51.804 ] ] ], [ [ [ 1.044, 51.807 ], [ 1.042, 51.809 ], [ 1.043, 51.809 ], [ 1.049, 51.808 ], [ 1.044, 51.807 ] ] ], [ [ [ 0.977, 51.808 ], [ 0.969, 51.811 ], [ 0.972, 51.811 ], [ 0.977, 51.808 ] ] ], [ [ [ 1.052, 51.811 ], [ 1.053, 51.811 ], [ 1.054, 51.81 ], [ 1.052, 51.811 ] ] ], [ [ [ 0.985, 51.813 ], [ 0.975, 51.818 ], [ 0.98, 51.817 ], [ 0.985, 51.813 ] ] ], [ [ [ 0.96, 51.831 ], [ 0.964, 51.822 ], [ 0.952, 51.825 ], [ 0.96, 51.831 ] ] ], [ [ [ 1.235, 51.859 ], [ 1.235, 51.858 ], [ 1.233, 51.858 ], [ 1.235, 51.859 ] ] ], [ [ [ 1.235, 51.86 ], [ 1.233, 51.86 ], [ 1.235, 51.862 ], [ 1.235, 51.86 ] ] ], [ [ [ 1.263, 51.864 ], [ 1.257, 51.867 ], [ 1.257, 51.868 ], [ 1.264, 51.865 ], [ 1.263, 51.864 ] ] ], [ [ [ 1.25, 51.871 ], [ 1.252, 51.87 ], [ 1.246, 51.868 ], [ 1.25, 51.871 ] ] ], [ [ [ 1.265, 51.866 ], [ 1.252, 51.871 ], [ 1.252, 51.872 ], [ 1.255, 51.874 ], [ 1.265, 51.866 ] ] ], [ [ [ 1.253, 51.87 ], [ 1.252, 51.869 ], [ 1.252, 51.87 ], [ 1.253, 51.87 ] ] ], [ [ [ 1.229, 51.873 ], [ 1.233, 51.87 ], [ 1.23, 51.87 ], [ 1.229, 51.873 ] ] ], [ [ [ 1.228, 51.871 ], [ 1.226, 51.872 ], [ 1.228, 51.873 ], [ 1.228, 51.871 ] ] ], [ [ [ 1.205, 51.873 ], [ 1.203, 51.874 ], [ 1.209, 51.874 ], [ 1.205, 51.873 ] ] ], [ [ [ 1.208, 51.87 ], [ 1.206, 51.871 ], [ 1.225, 51.88 ], [ 1.208, 51.87 ] ] ], [ [ [ 1.258, 51.876 ], [ 1.253, 51.877 ], [ 1.246, 51.875 ], [ 1.245, 51.869 ], [ 1.226, 51.875 ], [ 1.259, 51.879 ], [ 1.258, 51.876 ] ] ], [ [ [ 1.283, 51.876 ], [ 1.282, 51.876 ], [ 1.281, 51.876 ], [ 1.281, 51.877 ], [ 1.283, 51.876 ] ] ], [ [ [ 1.264, 51.873 ], [ 1.255, 51.874 ], [ 1.255, 51.875 ], [ 1.26, 51.876 ], [ 1.262, 51.881 ], [ 1.264, 51.873 ] ] ], [ [ [ 1.2, 51.876 ], [ 1.213, 51.879 ], [ 1.203, 51.876 ], [ 1.2, 51.876 ] ] ], [ [ [ 1.277, 51.877 ], [ 1.275, 51.877 ], [ 1.276, 51.878 ], [ 1.277, 51.878 ], [ 1.277, 51.877 ] ] ], [ [ [ 1.206, 51.884 ], [ 1.208, 51.882 ], [ 1.205, 51.883 ], [ 1.206, 51.884 ] ] ], [ [ [ 1.219, 51.882 ], [ 1.215, 51.882 ], [ 1.216, 51.881 ], [ 1.214, 51.881 ], [ 1.212, 51.881 ], [ 1.213, 51.882 ], [ 1.221, 51.888 ], [ 1.23, 51.885 ], [ 1.219, 51.882 ] ] ], [ [ [ 1.231, 51.89 ], [ 1.234, 51.893 ], [ 1.243, 51.887 ], [ 1.231, 51.89 ] ] ], [ [ [ 1.245, 51.888 ], [ 1.228, 51.9 ], [ 1.231, 51.902 ], [ 1.238, 51.896 ], [ 1.245, 51.888 ] ] ], [ [ [ 1.226, 51.899 ], [ 1.229, 51.897 ], [ 1.229, 51.896 ], [ 1.226, 51.899 ] ] ], [ [ [ 1.244, 51.897 ], [ 1.239, 51.897 ], [ 1.239, 51.899 ], [ 1.238, 51.899 ], [ 1.234, 51.902 ], [ 1.239, 51.902 ], [ 1.244, 51.897 ] ] ], [ [ [ 1.231, 51.902 ], [ 1.229, 51.903 ], [ 1.234, 51.902 ], [ 1.231, 51.902 ] ] ], [ [ [ 1.257, 51.917 ], [ 1.259, 51.915 ], [ 1.255, 51.912 ], [ 1.257, 51.917 ] ] ], [ [ [ 1.233, 51.957 ], [ 1.233, 51.958 ], [ 1.239, 51.96 ], [ 1.233, 51.957 ] ] ], [ [ [ 1.395, 51.996 ], [ 1.392, 51.996 ], [ 1.394, 51.998 ], [ 1.395, 51.996 ] ] ], [ [ [ 1.339, 52.035 ], [ 1.341, 52.035 ], [ 1.34, 52.034 ], [ 1.339, 52.035 ] ] ], [ [ [ 1.347, 52.042 ], [ 1.346, 52.039 ], [ 1.341, 52.044 ], [ 1.347, 52.042 ] ] ], [ [ [ 1.452, 52.043 ], [ 1.451, 52.044 ], [ 1.453, 52.044 ], [ 1.452, 52.043 ] ] ], [ [ [ 1.344, 52.05 ], [ 1.343, 52.051 ], [ 1.344, 52.052 ], [ 1.344, 52.05 ] ] ], [ [ [ 1.474, 52.055 ], [ 1.485, 52.061 ], [ 1.484, 52.059 ], [ 1.474, 52.055 ] ] ], [ [ [ 1.499, 52.066 ], [ 1.514, 52.069 ], [ 1.526, 52.08 ], [ 1.538, 52.079 ], [ 1.515, 52.068 ], [ 1.499, 52.066 ] ] ], [ [ [ 1.573, 52.153 ], [ 1.569, 52.152 ], [ 1.569, 52.155 ], [ 1.573, 52.153 ] ] ], [ [ [ 1.504, 52.163 ], [ 1.507, 52.163 ], [ 1.509, 52.154 ], [ 1.504, 52.163 ] ] ], [ [ [ 1.611, 52.319 ], [ 1.618, 52.32 ], [ 1.611, 52.318 ], [ 1.611, 52.319 ] ] ], [ [ [ 1.516, 52.463 ], [ 1.515, 52.463 ], [ 1.516, 52.464 ], [ 1.516, 52.463 ] ] ], [ [ [ 1.682, 52.477 ], [ 1.689, 52.474 ], [ 1.688, 52.473 ], [ 1.682, 52.477 ] ] ], [ [ [ 1.541, 52.704 ], [ 1.54, 52.705 ], [ 1.541, 52.705 ], [ 1.541, 52.704 ] ] ], [ [ [ 0.87, 52.956 ], [ 0.869, 52.957 ], [ 0.879, 52.96 ], [ 0.87, 52.956 ] ] ], [ [ [ 0.988, 52.959 ], [ 0.986, 52.959 ], [ 0.983, 52.961 ], [ 0.988, 52.962 ], [ 0.989, 52.961 ], [ 0.989, 52.96 ], [ 0.99, 52.96 ], [ 0.994, 52.959 ], [ 0.989, 52.959 ], [ 0.988, 52.959 ] ] ], [ [ [ 0.868, 52.958 ], [ 0.866, 52.959 ], [ 0.862, 52.958 ], [ 0.863, 52.96 ], [ 0.864, 52.961 ], [ 0.865, 52.96 ], [ 0.867, 52.959 ], [ 0.868, 52.959 ], [ 0.868, 52.958 ] ] ], [ [ [ 0.861, 52.958 ], [ 0.856, 52.958 ], [ 0.857, 52.959 ], [ 0.858, 52.959 ], [ 0.861, 52.958 ] ] ], [ [ [ 0.959, 52.958 ], [ 0.958, 52.957 ], [ 0.957, 52.959 ], [ 0.955, 52.958 ], [ 0.955, 52.96 ], [ 0.954, 52.96 ], [ 0.946, 52.959 ], [ 0.946, 52.962 ], [ 0.954, 52.961 ], [ 0.963, 52.96 ], [ 0.96, 52.958 ], [ 0.959, 52.958 ] ], [ [ 0.959, 52.959 ], [ 0.958, 52.959 ], [ 0.959, 52.958 ], [ 0.959, 52.959 ] ] ], [ [ [ 0.893, 52.957 ], [ 0.888, 52.959 ], [ 0.892, 52.962 ], [ 0.893, 52.957 ] ] ], [ [ [ 0.867, 52.961 ], [ 0.871, 52.96 ], [ 0.871, 52.959 ], [ 0.867, 52.961 ] ] ], [ [ [ 0.995, 52.959 ], [ 0.994, 52.959 ], [ 0.995, 52.96 ], [ 0.995, 52.959 ] ] ], [ [ [ 0.968, 52.962 ], [ 0.968, 52.959 ], [ 0.965, 52.96 ], [ 0.967, 52.961 ], [ 0.968, 52.962 ] ] ], [ [ [ 0.857, 52.959 ], [ 0.857, 52.961 ], [ 0.86, 52.961 ], [ 0.857, 52.959 ] ] ], [ [ [ 0.855, 52.961 ], [ 0.855, 52.962 ], [ 0.856, 52.962 ], [ 0.856, 52.961 ], [ 0.855, 52.961 ] ] ], [ [ [ 0.855, 52.961 ], [ 0.853, 52.959 ], [ 0.852, 52.959 ], [ 0.854, 52.966 ], [ 0.855, 52.962 ], [ 0.854, 52.962 ], [ 0.854, 52.961 ], [ 0.855, 52.961 ] ] ], [ [ [ 1.017, 52.957 ], [ 0.986, 52.964 ], [ 1.006, 52.964 ], [ 1.017, 52.957 ] ] ], [ [ [ 1.005, 52.966 ], [ 1.006, 52.965 ], [ 1.006, 52.964 ], [ 1.005, 52.966 ] ] ], [ [ [ 0.965, 52.961 ], [ 0.966, 52.962 ], [ 0.965, 52.96 ], [ 0.965, 52.961 ] ] ], [ [ [ 0.879, 52.96 ], [ 0.875, 52.96 ], [ 0.875, 52.964 ], [ 0.874, 52.964 ], [ 0.873, 52.964 ], [ 0.873, 52.961 ], [ 0.869, 52.967 ], [ 0.875, 52.967 ], [ 0.875, 52.966 ], [ 0.875, 52.965 ], [ 0.886, 52.964 ], [ 0.894, 52.968 ], [ 0.891, 52.964 ], [ 0.887, 52.959 ], [ 0.879, 52.963 ], [ 0.879, 52.96 ] ], [ [ 0.876, 52.963 ], [ 0.877, 52.964 ], [ 0.875, 52.964 ], [ 0.876, 52.963 ] ] ], [ [ [ 0.929, 52.961 ], [ 0.936, 52.963 ], [ 0.937, 52.96 ], [ 0.929, 52.957 ], [ 0.914, 52.964 ], [ 0.929, 52.961 ] ] ], [ [ [ 0.862, 52.963 ], [ 0.86, 52.964 ], [ 0.861, 52.964 ], [ 0.862, 52.963 ] ] ], [ [ [ 0.864, 52.962 ], [ 0.86, 52.961 ], [ 0.861, 52.962 ], [ 0.862, 52.963 ], [ 0.864, 52.962 ] ] ], [ [ [ 0.979, 52.96 ], [ 0.968, 52.962 ], [ 0.985, 52.965 ], [ 0.979, 52.96 ] ] ], [ [ [ 0.912, 52.964 ], [ 0.897, 52.96 ], [ 0.891, 52.964 ], [ 0.894, 52.963 ], [ 0.9, 52.967 ], [ 0.912, 52.964 ] ] ], [ [ [ 0.857, 52.964 ], [ 0.858, 52.965 ], [ 0.859, 52.964 ], [ 0.857, 52.964 ] ] ], [ [ [ 1.009, 52.965 ], [ 1.009, 52.964 ], [ 1.008, 52.965 ], [ 1.008, 52.966 ], [ 1.01, 52.966 ], [ 1.01, 52.965 ], [ 1.009, 52.965 ] ] ], [ [ [ 0.905, 52.968 ], [ 0.894, 52.968 ], [ 0.897, 52.969 ], [ 0.893, 52.969 ], [ 0.894, 52.971 ], [ 0.905, 52.968 ] ] ], [ [ [ 1.044, 52.963 ], [ 1.031, 52.967 ], [ 1.034, 52.967 ], [ 1.044, 52.963 ] ] ], [ [ [ 0.865, 52.966 ], [ 0.865, 52.967 ], [ 0.867, 52.967 ], [ 0.867, 52.966 ], [ 0.866, 52.966 ], [ 0.865, 52.966 ] ] ], [ [ [ 0.865, 52.965 ], [ 0.864, 52.965 ], [ 0.864, 52.966 ], [ 0.865, 52.966 ], [ 0.865, 52.965 ] ] ], [ [ [ 0.861, 52.967 ], [ 0.86, 52.967 ], [ 0.859, 52.967 ], [ 0.859, 52.968 ], [ 0.86, 52.968 ], [ 0.861, 52.968 ], [ 0.862, 52.968 ], [ 0.863, 52.968 ], [ 0.861, 52.965 ], [ 0.861, 52.967 ] ] ], [ [ [ 0.913, 52.966 ], [ 0.905, 52.967 ], [ 0.906, 52.968 ], [ 0.906, 52.969 ], [ 0.907, 52.969 ], [ 0.911, 52.968 ], [ 0.907, 52.968 ], [ 0.913, 52.966 ] ] ], [ [ [ 0.905, 52.968 ], [ 0.905, 52.967 ], [ 0.904, 52.967 ], [ 0.905, 52.968 ] ] ], [ [ [ 0.865, 52.968 ], [ 0.864, 52.967 ], [ 0.863, 52.968 ], [ 0.865, 52.968 ] ] ], [ [ [ 1.017, 52.968 ], [ 1.016, 52.969 ], [ 1.018, 52.969 ], [ 1.023, 52.967 ], [ 1.017, 52.968 ] ] ], [ [ [ 0.893, 52.969 ], [ 0.887, 52.967 ], [ 0.889, 52.971 ], [ 0.889, 52.972 ], [ 0.893, 52.969 ] ] ], [ [ [ 0.876, 52.972 ], [ 0.889, 52.971 ], [ 0.882, 52.965 ], [ 0.868, 52.976 ], [ 0.872, 52.969 ], [ 0.867, 52.973 ], [ 0.855, 52.967 ], [ 0.868, 52.979 ], [ 0.876, 52.972 ] ] ] ] } }
]
}
