link_id,within_group_rank,within_group_percentile,group_name,group_type,global_risk_rank,ranking_source,risk_percentile,predicted_xgb,predicted_glm,collision_count,fatal_count,serious_count,estimated_aadt,link_length_km,road_classification,road_function,family,road_archetype,form_of_way,road_number,is_motorway,is_trunk,is_primary,is_dual,is_slip_road,is_roundabout,ruc_urban_rural,ruc_class,low_exposure_flag,sparse_collision_history_flag,calibration_caveat,centroid_longitude,centroid_latitude,output_created_at_utc,source_risk_scores_file,model_output_version,deprivation_area_code,deprivation_area_type,deprivation_country,deprivation_source,deprivation_assignment_method,deprivation_assignment_distance_m,overall_decile_within_country,income_decile_within_country,employment_decile_within_country,deprivation_country_england,deprivation_country_wales,deprivation_country_scotland,degree_mean,dist_to_major_km,pop_density_per_km2,betweenness_relative
A57DAB69-A505-453A-86E9-6B5D8D6AF484,1,100.0,motorway,road_archetype,1,risk_percentile,100.0,17.601787567138672,5.626795244216919,137,1,19,39171.8,10.633,Motorway,Motorway,motorway,motorway,Collapsed Dual Carriageway,M6,True,True,True,True,False,False,Rural,Smaller rural: Nearer to a major town or city,False,False,motorway calibration caveat,-2.3969353092045442,53.25159995937812,2026-07-04T12:45:06+00:00,data/models/risk_scores.parquet,0.1.0,E01018722,LSOA2021,England,IoD 2025,within,0.0,7,9,8,1,0,0,3.0,0.0,54.531685501838304,1.8479321499134826
77BE17EE-137D-4878-9924-01726CD60C0A,2,99.98604521350823,motorway,road_archetype,2,risk_percentile,99.99997462765448,17.405050563812257,4.856356573104859,90,5,24,31557.0,16.221,Motorway,Motorway,motorway,motorway,Collapsed Dual Carriageway,M1,True,True,True,True,False,False,Rural,Smaller rural: Nearer to a major town or city,False,False,motorway calibration caveat,-1.1882066786403442,52.52632421965726,2026-07-04T12:45:06+00:00,data/models/risk_scores.parquet,0.1.0,E01025777,LSOA2021,England,IoD 2025,within,0.0,8,9,10,1,0,0,3.0,0.0,88.56780222242678,0.677051903346245
C88EE264-D645-4EEB-B759-332F064347E4,3,99.97209042701647,motorway,road_archetype,3,risk_percentile,99.99994925530898,17.056262969970703,5.774023962020874,69,1,9,45836.7,8.959,Motorway,Motorway,motorway,motorway,Collapsed Dual Carriageway,M6,True,True,True,True,False,False,Rural,Smaller rural: Nearer to a major town or city,False,False,motorway calibration caveat,-2.209118021054218,52.934584153123865,2026-07-04T12:45:06+00:00,data/models/risk_scores.parquet,0.1.0,E01029749,LSOA2021,England,IoD 2025,within,0.0,7,8,8,1,0,0,3.0,0.0,101.63594513500824,2.0140573105945583
BBB307EC-410E-4741-B22C-9DE761845549,4,99.9581356405247,motorway,road_archetype,4,risk_percentile,99.99992388296346,15.489150714874267,5.745337963104248,57,6,16,31522.6,16.045,Motorway,Motorway,motorway,motorway,Collapsed Dual Carriageway,M40,True,True,True,True,False,False,Rural,Smaller rural: Further from a major town or city,False,False,motorway calibration caveat,-1.3896787197875236,52.130076149952664,2026-07-04T12:45:06+00:00,data/models/risk_scores.parquet,0.1.0,E01031194,LSOA2021,England,IoD 2025,within,0.0,6,8,9,1,0,0,3.0,0.0,45.6810695579001,1.1890286595600599
CD5E5752-A199-46E0-A8E6-BF680BE4D1E3,5,99.94418085403294,motorway,road_archetype,5,risk_percentile,99.99989851061795,14.47223777770996,4.197769546508789,85,2,5,49892.4,4.846,Motorway,Motorway,motorway,motorway,Collapsed Dual Carriageway,M6,True,True,True,True,False,False,Urban,Urban: Nearer to a major town or city,False,False,motorway calibration caveat,-2.0276499360523177,52.61196056560659,2026-07-04T12:45:06+00:00,data/models/risk_scores.parquet,0.1.0,E01010400,LSOA2021,England,IoD 2025,within,0.0,1,1,1,1,0,0,2.5,0.0,5465.061505396535,1.4085961565736769
6BD1F007-9650-4D84-88D9-40BADED164DB,6,99.93022606754116,motorway,road_archetype,6,risk_percentile,99.99987313827243,14.002048206329345,7.388808012008667,104,0,18,61859.4,7.765,Motorway,Motorway,motorway,motorway,Collapsed Dual Carriageway,M56,True,True,True,True,False,False,Rural,Larger rural: Nearer to a major town or city,False,False,motorway calibration caveat,-2.7515178622154326,53.288541034010024,2026-07-04T12:45:06+00:00,data/models/risk_scores.parquet,0.1.0,E01018689,LSOA2021,England,IoD 2025,within,0.0,6,7,6,1,0,0,3.0,0.0,20.071392002035388,0.4513671340865998
C58A74B8-5ACF-4AE3-A415-F1C3EC186D70,7,99.91627128104939,motorway,road_archetype,7,risk_percentile,99.99984776592692,13.732717800140382,4.398197484016419,110,5,16,33596.5,11.595,Motorway,Motorway,motorway,motorway,Collapsed Dual Carriageway,M6,True,True,True,True,False,False,Rural,Smaller rural: Nearer to a major town or city,False,False,motorway calibration caveat,-1.3333160728664475,52.427221681645236,2026-07-04T12:45:06+00:00,data/models/risk_scores.parquet,0.1.0,E01031160,LSOA2021,England,IoD 2025,within,0.0,7,8,8,1,0,0,3.0,0.0,45.36725725106929,0.4751992281605303
16B613FC-2995-42B1-83E0-AC7F83065EEC,8,99.90231649455762,motorway,road_archetype,8,risk_percentile,99.99982239358141,13.165591144561768,6.832633686065674,85,5,15,35733.3,13.866,Motorway,Motorway,motorway,motorway,Collapsed Dual Carriageway,M40,True,True,True,True,False,False,Rural,Smaller rural: Nearer to a major town or city,False,False,motorway calibration caveat,-1.6976121469849033,52.302227530665945,2026-07-04T12:45:06+00:00,data/models/risk_scores.parquet,0.1.0,E01031281,LSOA2021,England,IoD 2025,within,0.0,7,10,10,1,0,0,3.0,0.0,40.77890677219508,0.673649751000049
151C3468-CD42-4DC9-9DB4-0B03FE374503,9,99.88836170806586,motorway,road_archetype,9,risk_percentile,99.99979702123589,13.093913459777832,6.566560411453247,59,2,14,61454.5,6.82,Motorway,Motorway,motorway,motorway,Collapsed Dual Carriageway,M6,True,True,True,True,False,False,Urban,Urban: Nearer to a major town or city,False,False,motorway calibration caveat,-2.687490039003932,53.6637440491756,2026-07-04T12:45:06+00:00,data/models/risk_scores.parquet,0.1.0,E01024971,LSOA2021,England,IoD 2025,within,0.0,8,8,7,1,0,0,3.0,0.0,738.176776124484,2.359635774613247
F454DAB1-296B-4FDB-8F67-2FA30FF33EBD,10,99.87440692157409,motorway,road_archetype,10,risk_percentile,99.99977164889037,13.071753406524659,6.496121835708618,77,4,11,50646.3,6.419,Motorway,Motorway,motorway,motorway,Collapsed Dual Carriageway,M6,True,True,True,True,False,False,Rural,Smaller rural: Nearer to a major town or city,False,False,motorway calibration caveat,-2.461895685396129,53.328903146261695,2026-07-04T12:45:06+00:00,data/models/risk_scores.parquet,0.1.0,E01018598,LSOA2021,England,IoD 2025,within,0.0,8,10,10,1,0,0,3.0,0.0,35.33595707716308,1.8059511141692943
0E4A9C14-C13E-4F70-9A16-6306AE5D3296,11,99.86045213508234,motorway,road_archetype,11,risk_percentile,99.99974627654487,12.63068447113037,5.444727087020874,46,2,9,39512.4,10.689,Motorway,Motorway,motorway,motorway,Collapsed Dual Carriageway,M42,True,True,True,True,False,False,Rural,Larger rural: Nearer to a major town or city,False,False,motorway calibration caveat,-1.5949373409992722,52.646467319188396,2026-07-04T12:45:06+00:00,data/models/risk_scores.parquet,0.1.0,E01031035,LSOA2021,England,IoD 2025,within,0.0,4,5,5,1,0,0,3.0,0.0,58.350097533754756,0.4304892958347144
BF145B8F-DF6F-4D8F-88E4-3943C5A72A44,12,99.84649734859057,motorway,road_archetype,12,risk_percentile,99.99972090419935,12.443841552734375,4.699515914916992,73,0,17,44387.6,7.469,Motorway,Motorway,motorway,motorway,Collapsed Dual Carriageway,M6,True,True,True,True,False,False,Rural,Larger rural: Nearer to a major town or city,False,False,motorway calibration caveat,-2.101018545861634,52.72829905596578,2026-07-04T12:45:06+00:00,data/models/risk_scores.parquet,0.1.0,E01029655,LSOA2021,England,IoD 2025,within,0.0,6,6,5,1,0,0,3.0,0.0,1079.2082724702639,1.7089805456383207
22CC6D97-4AD1-412F-A51D-5851D2B3FBD9,13,99.83254256209881,motorway,road_archetype,13,risk_percentile,99.99969553185383,12.42685489654541,6.135186052322387,107,3,18,42921.3,8.304,Motorway,Motorway,motorway,motorway,Collapsed Dual Carriageway,M18,True,True,True,True,False,False,Rural,Smaller rural: Nearer to a major town or city,False,False,motorway calibration caveat,-1.2048623258907105,53.45618190599068,2026-07-04T12:45:06+00:00,data/models/risk_scores.parquet,0.1.0,E01007613,LSOA2021,England,IoD 2025,within,0.0,6,8,8,1,0,0,3.0,0.0,144.8248920029617,0.38162021232243154
AAEFE2E4-F785-4CFB-B265-0424D640F2F2,14,99.81858777560704,motorway,road_archetype,14,risk_percentile,99.99967015950833,12.170173072814942,4.043887948989868,78,3,14,31437.5,10.957,Motorway,Motorway,motorway,motorway,Collapsed Dual Carriageway,M1,True,True,True,True,False,False,Rural,Smaller rural: Nearer to a major town or city,False,False,motorway calibration caveat,-1.0763613253828428,52.26192380740351,2026-07-04T12:45:06+00:00,data/models/risk_scores.parquet,0.1.0,E01027011,LSOA2021,England,IoD 2025,within,0.0,8,9,9,1,0,0,3.0,0.0,27.28039885522824,0.5098245274296359
0D020305-A2B7-49D2-B614-B4C44316D9AB,15,99.80463298911528,motorway,road_archetype,15,risk_percentile,99.99964478716281,11.831523132324218,4.700717830657959,93,6,9,50210.9,5.266,Motorway,Motorway,motorway,motorway,Collapsed Dual Carriageway,M6,True,True,True,True,False,False,Rural,Smaller rural: Nearer to a major town or city,False,False,motorway calibration caveat,-2.366078204936325,53.17704300243236,2026-07-04T12:45:06+00:00,data/models/risk_scores.parquet,0.1.0,E01034668,LSOA2021,England,IoD 2025,within,0.0,7,6,9,1,0,0,3.0,0.0,24.21636603521781,1.8471673913606237
756626D6-5192-44E6-90B9-292B3A15D742,16,99.7906782026235,motorway,road_archetype,16,risk_percentile,99.9996194148173,11.501904964447021,5.22787880897522,32,2,6,47041.7,8.115,Motorway,Motorway,motorway,motorway,Collapsed Dual Carriageway,M1,True,True,True,True,False,False,Rural,Larger rural: Nearer to a major town or city,False,False,motorway calibration caveat,-1.2591925401087853,52.66208051005336,2026-07-04T12:45:06+00:00,data/models/risk_scores.parquet,0.1.0,E01025848,LSOA2021,England,IoD 2025,within,0.0,6,6,6,1,0,0,3.0,0.0,98.13761759312264,0.6783953579746596
A0E0E728-BB7C-4FAD-93A3-30DDA7DE2974,17,99.77672341613173,motorway,road_archetype,17,risk_percentile,99.99959404247178,11.405715179443359,4.738526964187622,72,2,10,47681.4,8.214,Motorway,Motorway,motorway,motorway,Collapsed Dual Carriageway,M5,True,True,True,True,False,False,Urban,Urban: Nearer to a major town or city,False,False,motorway calibration caveat,-2.134860816314929,52.25063488019267,2026-07-04T12:45:06+00:00,data/models/risk_scores.parquet,0.1.0,E01034328,LSOA2021,England,IoD 2025,within,0.0,8,6,9,1,0,0,3.0,0.0,2082.3122343964187,1.2069163854764695
41A19ED6-5441-400A-8F13-095A42A69E0B,18,99.76276862963996,motorway,road_archetype,18,risk_percentile,99.99956867012627,11.357196044921874,6.528564071655273,49,4,13,54950.2,7.485,Motorway,Motorway,motorway,motorway,Collapsed Dual Carriageway,M62,True,True,True,True,False,False,Urban,Urban: Nearer to a major town or city,False,False,motorway calibration caveat,-2.430058405954017,53.45459298778324,2026-07-04T12:45:06+00:00,data/models/risk_scores.parquet,0.1.0,E01005643,LSOA2021,England,IoD 2025,within,0.0,5,6,5,1,0,0,3.0,0.0,63.410237483402696,0.3746472752441759
218B87AC-FEC7-46FA-8088-37A0CE992738,19,99.7488138431482,motorway,road_archetype,19,risk_percentile,99.99954329778076,10.866410541534425,4.529985070228577,59,2,10,26219.2,12.371,Motorway,Motorway,motorway,motorway,Collapsed Dual Carriageway,M62,True,True,True,True,False,False,Rural,Smaller rural: Further from a major town or city,False,False,motorway calibration caveat,-0.7748031428974264,53.75467198290163,2026-07-04T12:45:06+00:00,data/models/risk_scores.parquet,0.1.0,E01013020,LSOA2021,England,IoD 2025,within,0.0,7,10,9,1,0,0,3.0,0.0,31.905349666235676,0.3300537349841516
BAB55927-2103-4F9F-8EB8-5E16536ABC13,20,99.73485905665643,motorway,road_archetype,20,risk_percentile,99.99951792543524,10.766004753112792,5.792991876602173,42,4,3,29161.9,12.147,Motorway,Motorway,motorway,motorway,Collapsed Dual Carriageway,M6,True,True,True,True,False,False,Rural,Smaller rural: Nearer to a major town or city,False,False,motorway calibration caveat,-2.8235234949956127,54.7494486584635,2026-07-04T12:45:06+00:00,data/models/risk_scores.parquet,0.1.0,E01019316,LSOA2021,England,IoD 2025,within,0.0,6,9,9,1,0,0,3.0,0.0,21.898339690295455,2.2241594110728924
2551CDE5-7DB7-4CEE-B9D6-249EAEA45841,21,99.72090427016467,motorway,road_archetype,21,risk_percentile,99.99949255308974,10.63648338317871,6.199451446533203,9,0,3,58560.2,5.808,Motorway,Motorway,motorway,motorway,Collapsed Dual Carriageway,M6,True,True,True,True,False,False,Urban,Urban: Nearer to a major town or city,False,False,motorway calibration caveat,-2.6984092432478928,53.56072663129682,2026-07-04T12:45:06+00:00,data/models/risk_scores.parquet,0.1.0,E01006396,LSOA2021,England,IoD 2025,within,0.0,8,9,7,1,0,0,3.0,0.0,188.77585772169715,2.3507983298301887
D4178A17-E84A-4B2E-8904-3052B12EBCED,22,99.7069494836729,motorway,road_archetype,22,risk_percentile,99.99946718074422,10.287041568756104,5.628584480285644,94,3,12,44484.3,8.182,Motorway,Motorway,motorway,motorway,Collapsed Dual Carriageway,M42,True,True,True,True,False,False,Rural,Larger rural: Nearer to a major town or city,False,False,motorway calibration caveat,-1.6848634207315185,52.57311035365341,2026-07-04T12:45:06+00:00,data/models/risk_scores.parquet,0.1.0,E01031034,LSOA2021,England,IoD 2025,within,0.0,8,9,8,1,0,0,3.0,0.0,2763.5197780047147,0.49926457061842655
F8DAA031-5405-495A-BF94-995E345CDC1A,23,99.69299469718113,motorway,road_archetype,23,risk_percentile,99.9994418083987,9.9338303565979,6.051137113571167,92,3,16,49770.7,7.817,Motorway,Motorway,motorway,motorway,Collapsed Dual Carriageway,M61,True,True,True,True,False,False,Rural,Larger rural: Nearer to a major town or city,False,False,motorway calibration caveat,-2.5968297982814925,53.63642863403531,2026-07-04T12:45:06+00:00,data/models/risk_scores.parquet,0.1.0,E01024973,LSOA2021,England,IoD 2025,within,0.0,8,9,8,1,0,0,3.0,0.0,103.43578241165808,0.2647130848531547
991E831D-1D21-4EA0-8341-982287A13656,24,99.67903991068937,motorway,road_archetype,24,risk_percentile,99.9994164360532,9.641866111755371,4.090467381477356,48,5,6,39593.7,9.264,Motorway,Motorway,motorway,motorway,Collapsed Dual Carriageway,M69,True,True,True,True,False,False,Urban,Urban: Nearer to a major town or city,False,False,motorway calibration caveat,-1.264436390442768,52.57328345249034,2026-07-04T12:45:06+00:00,data/models/risk_scores.parquet,0.1.0,E01025621,LSOA2021,England,IoD 2025,within,0.0,8,9,9,1,0,0,2.5,0.0,59.813708112636704,0.36851354833096983
6D5519F9-1BB1-4FF0-8C3C-08D8428420A8,25,99.66508512419759,motorway,road_archetype,25,risk_percentile,99.99939106370768,9.462113952636718,6.1529981136322025,123,0,18,57216.1,5.066,Motorway,Motorway,motorway,motorway,Collapsed Dual Carriageway,M6,True,True,True,True,False,False,Urban,Urban: Nearer to a major town or city,False,False,motorway calibration caveat,-1.8259045993382381,52.507113348169604,2026-07-04T12:45:06+00:00,data/models/risk_scores.parquet,0.1.0,E01009102,LSOA2021,England,IoD 2025,within,0.0,1,1,1,1,0,0,3.0,0.0,190.53959918680695,0.021309042457779488
FF57F9AF-338D-4728-BCDE-AABF26089A84,26,99.65113033770582,motorway,road_archetype,26,risk_percentile,99.99936569136216,9.284569692611694,4.22643461227417,59,1,5,60484.3,1.663,Motorway,Motorway,motorway,motorway,Collapsed Dual Carriageway,M6,True,True,True,True,False,False,Urban,Urban: Nearer to a major town or city,False,False,motorway calibration caveat,-1.9881582130758613,52.56258172714298,2026-07-04T12:45:06+00:00,data/models/risk_scores.parquet,0.1.0,E01010336,LSOA2021,England,IoD 2025,within,0.0,2,1,3,1,0,0,3.0,0.0,1631.0260930088768,1.294368536176001
41907D38-3A53-4D70-98FA-035837CB8F24,27,99.63717555121406,motorway,road_archetype,27,risk_percentile,99.99934031901665,9.217169141769409,3.219002842903137,125,0,14,36186.1,4.91,Motorway,Motorway,motorway,motorway,Collapsed Dual Carriageway,M62,True,True,True,True,False,False,Urban,Urban: Nearer to a major town or city,False,False,motorway calibration caveat,-1.6859824308105917,53.74360334844809,2026-07-04T12:45:06+00:00,data/models/risk_scores.parquet,0.1.0,E01011051,LSOA2021,England,IoD 2025,within,0.0,9,8,9,1,0,0,3.0,0.0,1233.8058984573697,0.000690279595798661
07E13017-66B1-462C-8A91-6171375AF51C,28,99.6232207647223,motorway,road_archetype,28,risk_percentile,99.99931494667113,9.113903284072876,3.548578715324402,50,2,3,36406.4,7.704,Motorway,Motorway,motorway,motorway,Collapsed Dual Carriageway,M1,True,True,True,True,False,False,Urban,Urban: Nearer to a major town or city,False,False,motorway calibration caveat,-1.2464020212679003,53.02672688422761,2026-07-04T12:45:06+00:00,data/models/risk_scores.parquet,0.1.0,E01028123,LSOA2021,England,IoD 2025,within,0.0,9,9,8,1,0,0,3.0,0.0,60.10811611035441,0.5649669478187442
CE4B5E8C-87EF-48BE-927C-F2E6721831F2,29,99.60926597823054,motorway,road_archetype,29,risk_percentile,99.99928957432562,8.912602376937866,7.170274925231934,28,0,5,51739.3,6.956,Motorway,Motorway,motorway,motorway,Collapsed Dual Carriageway,M56,True,True,True,True,False,False,Rural,Smaller rural: Nearer to a major town or city,False,False,motorway calibration caveat,-2.4423919514986174,53.36205287305713,2026-07-04T12:45:06+00:00,data/models/risk_scores.parquet,0.1.0,E01018598,LSOA2021,England,IoD 2025,within,0.0,8,10,10,1,0,0,3.0,0.0,35.33595707716308,0.47652941203220844
434328CF-D36E-494E-9A70-DE06436F07A6,30,99.59531119173877,motorway,road_archetype,30,risk_percentile,99.99926420198011,8.780403423309327,6.475227880477905,39,2,8,71132.1,3.95,Motorway,Motorway,motorway,motorway,Collapsed Dual Carriageway,M6,True,True,True,True,False,False,Urban,Urban: Nearer to a major town or city,False,False,motorway calibration caveat,-1.4636306635143361,52.44958576773615,2026-07-04T12:45:06+00:00,data/models/risk_scores.parquet,0.1.0,E01009584,LSOA2021,England,IoD 2025,within,0.0,3,3,3,1,0,0,3.0,0.0,694.2171521612637,0.39402008396646454
EEDCD4A3-3046-4C4E-8DAE-2DF46525E19F,31,99.581356405247,motorway,road_archetype,31,risk_percentile,99.99923882963459,8.655248880386353,6.968814039230347,106,1,15,45926.1,7.339,Motorway,Motorway,motorway,motorway,Collapsed Dual Carriageway,M6,True,True,True,True,False,False,Rural,Smaller rural: Nearer to a major town or city,False,False,motorway calibration caveat,-2.338800691430463,53.10378968600815,2026-07-04T12:45:06+00:00,data/models/risk_scores.parquet,0.1.0,E01018418,LSOA2021,England,IoD 2025,within,0.0,5,8,5,1,0,0,3.0,0.0,58.834036093883334,0.13895607113932354
2A1D9459-B462-4DB0-BF41-86804EB9C5CF,32,99.56740161875524,motorway,road_archetype,32,risk_percentile,99.99921345728909,8.519312191009522,5.194326734542846,68,0,15,29954.8,8.821,Motorway,Motorway,motorway,motorway,Collapsed Dual Carriageway,M6,True,True,True,True,False,False,Rural,Smaller rural: Nearer to a major town or city,False,False,motorway calibration caveat,-2.7760268379627053,54.02702922365367,2026-07-04T12:45:06+00:00,data/models/risk_scores.parquet,0.1.0,E01025107,LSOA2021,England,IoD 2025,within,0.0,6,9,8,1,0,0,3.0,0.0,49.10318702118013,2.4445946643431897
F5E342B6-EE33-4F30-92BD-1A5670B41BE4,33,99.55344683226348,motorway,road_archetype,33,risk_percentile,99.99918808494357,8.431634998321533,6.775865840911865,30,1,5,62007.5,6.021,Motorway,Motorway,motorway,motorway,Collapsed Dual Carriageway,M1,True,True,True,True,False,False,Urban,Urban: Nearer to a major town or city,False,False,motorway calibration caveat,-1.3042981216472755,52.88449648286393,2026-07-04T12:45:06+00:00,data/models/risk_scores.parquet,0.1.0,E01019699,LSOA2021,England,IoD 2025,within,0.0,2,2,1,1,0,0,3.0,0.0,5608.640723748117,0.8402035386132034
E78C89BB-6620-4E02-ACF0-32A0DB3FD4E7,34,99.53949204577171,motorway,road_archetype,34,risk_percentile,99.99916271259805,8.27525281906128,6.615055894851684,24,0,3,49359.2,6.939,Motorway,Motorway,motorway,motorway,Collapsed Dual Carriageway,M54,True,True,True,True,False,False,Rural,Smaller rural: Nearer to a major town or city,False,False,motorway calibration caveat,-2.3515952846366512,52.6722492381523,2026-07-04T12:45:06+00:00,data/models/risk_scores.parquet,0.1.0,E01035069,LSOA2021,England,IoD 2025,within,0.0,7,8,10,1,0,0,3.0,0.0,1823.5701722144386,0.03861170075250839
7D0A97CD-91D8-4539-B67A-9DB02A915549,35,99.52553725927993,motorway,road_archetype,35,risk_percentile,99.99913734025255,8.126928281784057,11.057842350006103,44,0,7,67001.1,4.705,Motorway,Motorway,motorway,motorway,Collapsed Dual Carriageway,M56,True,True,True,True,False,False,Rural,Smaller rural: Nearer to a major town or city,False,False,motorway calibration caveat,-2.3351855066052822,53.35782877100891,2026-07-04T12:45:06+00:00,data/models/risk_scores.parquet,0.1.0,E01018648,LSOA2021,England,IoD 2025,within,0.0,5,8,10,1,0,0,3.0,0.0,39.20608278527422,0.3783649332186867
4B818A59-CDB7-4D6E-890A-784A15A382F8,36,99.51158247278816,motorway,road_archetype,36,risk_percentile,99.99911196790703,8.089555501937866,5.150580310821534,60,2,13,53781.3,4.354,Motorway,Motorway,motorway,motorway,Collapsed Dual Carriageway,M1,True,True,True,True,False,False,Rural,Larger rural: Nearer to a major town or city,False,False,motorway calibration caveat,-1.2859627232673883,53.33808336146625,2026-07-04T12:45:06+00:00,data/models/risk_scores.parquet,0.1.0,E01007751,LSOA2021,England,IoD 2025,within,0.0,5,5,5,1,0,0,3.0,0.0,638.0748048097299,1.2442142664718407
6BAD7912-5476-4960-A9B3-1813DA27F57D,37,99.4976276862964,motorway,road_archetype,37,risk_percentile,99.99908659556152,8.067043685913086,7.680968475341797,41,1,9,78402.8,3.858,Motorway,Motorway,motorway,motorway,Collapsed Dual Carriageway,M56,True,True,True,True,False,False,Urban,Urban: Nearer to a major town or city,False,False,motorway calibration caveat,-2.6722997301327402,53.315043165525005,2026-07-04T12:45:06+00:00,data/models/risk_scores.parquet,0.1.0,E01012440,LSOA2021,England,IoD 2025,within,0.0,6,7,5,1,0,0,3.0,0.0,689.3476143986093,0.4450804265353287
FF77B84F-94AB-4C44-9046-8A8DDEB159E7,38,99.48367289980463,motorway,road_archetype,38,risk_percentile,99.999061223216,7.931652212142945,4.038642263412475,42,0,15,35684.0,8.571,Motorway,Motorway,motorway,motorway,Collapsed Dual Carriageway,M18,True,True,True,True,False,False,Rural,Smaller rural: Nearer to a major town or city,False,False,motorway calibration caveat,-1.063811839251141,53.50345014683207,2026-07-04T12:45:06+00:00,data/models/risk_scores.parquet,0.1.0,E01007603,LSOA2021,England,IoD 2025,within,0.0,8,8,8,1,0,0,3.0,0.0,3741.7578719781623,0.3707186857067358
0FABB328-D2DC-46A5-905A-B7CA3EE7B6E3,39,99.46971811331287,motorway,road_archetype,39,risk_percentile,99.99903585087048,7.928603410720825,6.3265305519104,29,0,5,57834.6,4.205,Motorway,Motorway,motorway,motorway,Collapsed Dual Carriageway,M6,True,True,True,True,False,False,Rural,Larger rural: Nearer to a major town or city,False,False,motorway calibration caveat,-2.6889384624882435,53.6112605861536,2026-07-04T12:45:06+00:00,data/models/risk_scores.parquet,0.1.0,E01024922,LSOA2021,England,IoD 2025,within,0.0,6,7,6,1,0,0,3.0,0.0,126.22147793662946,2.359629695179825
A9B8EF1C-FC42-4E4B-9DFB-8C218F5D2FDB,40,99.4557633268211,motorway,road_archetype,40,risk_percentile,99.99901047852498,7.9006531715393065,2.798164415359497,32,1,6,22939.1,10.771,Motorway,Motorway,motorway,motorway,Collapsed Dual Carriageway,A1(M),True,True,True,True,False,False,Rural,Larger rural: Nearer to a major town or city,False,False,motorway calibration caveat,-1.103760045316302,53.4360792535648,2026-07-04T12:45:06+00:00,data/models/risk_scores.parquet,0.1.0,E01007614,LSOA2021,England,IoD 2025,within,0.0,7,7,6,1,0,0,3.0,0.0,2019.006154659156,2.4693129264193967
8CC05F29-A196-4BCB-B4DF-A6CCB3B97367,41,99.44180854032933,motorway,road_archetype,41,risk_percentile,99.99898510617946,7.83594446182251,3.2393349409103394,47,5,10,37387.3,5.363,Motorway,Motorway,motorway,motorway,Collapsed Dual Carriageway,M1,True,True,True,True,False,False,Rural,Smaller rural: Nearer to a major town or city,False,False,motorway calibration caveat,-0.8641347860428513,52.16665589374084,2026-07-04T12:45:06+00:00,data/models/risk_scores.parquet,0.1.0,E01027274,LSOA2021,England,IoD 2025,within,0.0,8,7,9,1,0,0,3.0,0.0,46.909530106814024,1.2465652420760889
24AF1E1C-0DB6-4D30-B224-27D1B0EABB9A,42,99.42785375383757,motorway,road_archetype,42,risk_percentile,99.99895973383394,7.593416833877564,3.817905402183533,0,0,0,34634.7,6.561,Motorway,Motorway,motorway,motorway,Collapsed Dual Carriageway,M1,True,True,True,True,False,False,Rural,Smaller rural: Nearer to a major town or city,False,True,motorway calibration caveat; sparse collision history,-0.6539929908543289,52.042208822592684,2026-07-04T12:45:06+00:00,data/models/risk_scores.parquet,0.1.0,E01033814,LSOA2021,England,IoD 2025,within,0.0,9,10,10,1,0,0,3.0,0.0,26.341847402756542,1.0063262373167865
37AB5FAC-FF77-422B-9403-425E4D656BEA,43,99.4138989673458,motorway,road_archetype,43,risk_percentile,99.99893436148844,7.538807809352875,4.867569077014923,53,2,9,42597.4,7.63,Motorway,Motorway,motorway,motorway,Collapsed Dual Carriageway,M6,True,True,True,True,False,False,Rural,Smaller rural: Nearer to a major town or city,False,False,motorway calibration caveat,-2.7271151408127885,53.84276496343804,2026-07-04T12:45:06+00:00,data/models/risk_scores.parquet,0.1.0,E01025281,LSOA2021,England,IoD 2025,within,0.0,9,10,10,1,0,0,3.0,0.0,159.93697778691222,0.8260615888806534
85BCEDAB-65D1-488B-8047-BCD694C1635A,44,99.39994418085402,motorway,road_archetype,44,risk_percentile,99.99890898914292,7.4127710342407225,4.311361336708069,31,1,6,47855.6,4.015,Motorway,Motorway,motorway,motorway,Collapsed Dual Carriageway,M1,True,True,True,True,False,False,Rural,Smaller rural: Nearer to a major town or city,False,False,motorway calibration caveat,-1.3279238655187702,53.22104500845296,2026-07-04T12:45:06+00:00,data/models/risk_scores.parquet,0.1.0,E01019822,LSOA2021,England,IoD 2025,within,0.0,4,4,4,1,0,0,3.0,0.0,35.50498550301509,1.322876804856213
090F3992-DAA5-4C05-92CD-370E6D81B928,45,99.38598939436226,motorway,road_archetype,45,risk_percentile,99.9988836167974,7.382628977298737,4.4192809700965885,59,2,13,38559.6,6.397,Motorway,Motorway,motorway,motorway,Collapsed Dual Carriageway,M62,True,True,True,True,False,False,Urban,Urban: Nearer to a major town or city,False,False,motorway calibration caveat,-2.066461988652033,53.6212865041498,2026-07-04T12:45:06+00:00,data/models/risk_scores.parquet,0.1.0,E01005561,LSOA2021,England,IoD 2025,within,0.0,4,5,6,1,0,0,3.0,0.0,22.329128262084115,0.39382007362242205
94335A1E-00A6-4E4F-8FD4-63CCAED8C1D8,46,99.37203460787049,motorway,road_archetype,46,risk_percentile,99.9988582444519,7.3054969787597654,4.904954195022583,47,1,8,45367.1,5.884,Motorway,Motorway,motorway,motorway,Collapsed Dual Carriageway,M1,True,True,True,True,False,False,Urban,Urban: Nearer to a major town or city,False,False,motorway calibration caveat,-1.5374491460687143,53.575699652874654,2026-07-04T12:45:06+00:00,data/models/risk_scores.parquet,0.1.0,E01007386,LSOA2021,England,IoD 2025,within,0.0,8,9,8,1,0,0,3.0,0.0,834.8536739905365,0.600122665130354
660269A5-A6E7-4843-95B8-AC767E2F2D19,47,99.35807982137874,motorway,road_archetype,47,risk_percentile,99.99883287210638,7.252322483062744,8.217477178573608,21,1,5,81521.3,4.043,Motorway,Motorway,motorway,motorway,Collapsed Dual Carriageway,M66,True,True,True,True,False,False,Urban,Urban: Nearer to a major town or city,False,False,motorway calibration caveat,-2.2805365416039143,53.61347042246348,2026-07-04T12:45:06+00:00,data/models/risk_scores.parquet,0.1.0,E01004956,LSOA2021,England,IoD 2025,within,0.0,2,2,2,1,0,0,3.0,0.0,263.22654969951304,0.24439785405492537
F10F8702-FE12-445C-92AF-A056C06755F0,48,99.34412503488697,motorway,road_archetype,48,risk_percentile,99.99880749976087,7.232211446762085,3.6472431421279907,26,2,5,34956.9,8.354,Motorway,Motorway,motorway,motorway,Collapsed Dual Carriageway,A1(M),True,True,True,True,False,False,Rural,Larger rural: Nearer to a major town or city,False,False,motorway calibration caveat,-1.5324133077058046,54.83570952924744,2026-07-04T12:45:06+00:00,data/models/risk_scores.parquet,0.1.0,E01020610,LSOA2021,England,IoD 2025,within,0.0,8,8,7,1,0,0,3.0,0.0,96.92790753482473,0.1123104647897768
E7A1EA53-2BEE-4100-9E7D-FEFFF35EB2E5,49,99.3301702483952,motorway,road_archetype,49,risk_percentile,99.99878212741535,7.196603870391845,6.370699119567871,29,1,9,47689.9,6.006,Motorway,Motorway,motorway,motorway,Collapsed Dual Carriageway,M5,True,True,True,True,False,False,Rural,Smaller rural: Nearer to a major town or city,False,False,motorway calibration caveat,-2.0386335161464157,52.40433300222763,2026-07-04T12:45:06+00:00,data/models/risk_scores.parquet,0.1.0,E01032169,LSOA2021,England,IoD 2025,within,0.0,6,8,7,1,0,0,3.0,0.0,78.3525789170592,0.13770044333126996
76058281-58AF-4A71-8267-F81E867C4907,50,99.31621546190344,motorway,road_archetype,50,risk_percentile,99.99875675506983,7.131827020645142,3.9366995811462404,49,1,9,27252.5,7.212,Motorway,Motorway,motorway,motorway,Collapsed Dual Carriageway,A1(M),True,True,True,True,False,False,Rural,Smaller rural: Nearer to a major town or city,False,False,motorway calibration caveat,-1.38746565874277,54.046313151689155,2026-07-04T12:45:06+00:00,data/models/risk_scores.parquet,0.1.0,E01027647,LSOA2021,England,IoD 2025,within,0.0,7,9,9,1,0,0,3.0,0.0,31.626629959672115,2.535090853142287
99069138-304C-420F-A7E4-4A2DAF9B17A8,51,99.30226067541167,motorway,road_archetype,51,risk_percentile,99.99873138272433,7.129487991333008,3.5244738817214967,12,2,4,44438.2,4.208,Motorway,Motorway,motorway,motorway,Collapsed Dual Carriageway,M6,True,True,True,True,False,False,Urban,Urban: Nearer to a major town or city,False,False,motorway calibration caveat,-2.7780105523028653,54.67194015606252,2026-07-04T12:45:06+00:00,data/models/risk_scores.parquet,0.1.0,E01019335,LSOA2021,England,IoD 2025,within,0.0,6,5,5,1,0,0,3.0,0.0,152.22340882866158,2.2269861561182434
903E7BF6-5AC1-4971-BA87-18FD9C2CAFB3,52,99.28830588891991,motorway,road_archetype,52,risk_percentile,99.99870601037881,7.089200115203857,5.460244083404541,6,1,0,54596.6,4.046,Motorway,Motorway,motorway,motorway,Collapsed Dual Carriageway,M6,True,True,True,True,False,False,Urban,Urban: Nearer to a major town or city,False,False,motorway calibration caveat,-2.6833363050483716,53.51425316509652,2026-07-04T12:45:06+00:00,data/models/risk_scores.parquet,0.1.0,E01006401,LSOA2021,England,IoD 2025,within,0.0,8,9,8,1,0,0,3.0,0.0,164.51082708609528,2.355303645872351
5E8C13D6-200A-40A9-951A-64013835DBEA,53,99.27435110242814,motorway,road_archetype,53,risk_percentile,99.9986806380333,7.088480043411255,2.4587688207626344,25,0,5,20878.7,10.194,Motorway,Motorway,motorway,motorway,Collapsed Dual Carriageway,M180,True,True,True,True,False,False,Rural,Smaller rural: Nearer to a major town or city,False,False,motorway calibration caveat,-0.8968430774995098,53.575316721451905,2026-07-04T12:45:06+00:00,data/models/risk_scores.parquet,0.1.0,E01013242,LSOA2021,England,IoD 2025,within,0.0,8,9,8,1,0,0,3.0,0.0,17.715772974648058,0.07978198348568113
406F96D0-C992-4459-A2AB-AD315B153BB5,54,99.26039631593636,motorway,road_archetype,54,risk_percentile,99.99865526568779,7.055081176757812,4.2367347240447994,49,1,5,45481.0,5.175,Motorway,Motorway,motorway,motorway,Collapsed Dual Carriageway,M6,True,True,True,True,False,False,Rural,Smaller rural: Nearer to a major town or city,False,False,motorway calibration caveat,-2.157385519323958,52.84997489662531,2026-07-04T12:45:06+00:00,data/models/risk_scores.parquet,0.1.0,E01029743,LSOA2021,England,IoD 2025,within,0.0,9,8,10,1,0,0,3.0,0.0,39.36502239565664,2.014063182955849
CFF22889-760B-43FC-9EAE-5B60F7E6B4C5,55,99.2464415294446,motorway,road_archetype,55,risk_percentile,99.99862989334227,7.047100019454956,4.491351795196533,44,1,12,23305.6,9.546,Motorway,Motorway,motorway,motorway,Collapsed Dual Carriageway,M6,True,True,True,True,False,False,Rural,Smaller rural: Further from a major town or city,False,False,motorway calibration caveat,-2.676253118428448,54.2727204195736,2026-07-04T12:45:06+00:00,data/models/risk_scores.parquet,0.1.0,E01019394,LSOA2021,England,IoD 2025,within,0.0,6,10,10,1,0,0,3.0,0.0,24.462125908947144,0.48432616129235084
3D1AA056-8532-4D96-854B-EA7F821AAE07,56,99.23248674295283,motorway,road_archetype,56,risk_percentile,99.99860452099676,7.022886323928833,3.9320064306259157,26,1,7,41605.2,5.856,Motorway,Motorway,motorway,motorway,Collapsed Dual Carriageway,M1,True,True,True,True,False,False,Rural,Smaller rural: Nearer to a major town or city,False,False,motorway calibration caveat,-1.2892515209843975,52.788766257678,2026-07-04T12:45:06+00:00,data/models/risk_scores.parquet,0.1.0,E01025944,LSOA2021,England,IoD 2025,within,0.0,9,9,9,1,0,0,3.0,0.0,59.19016013770838,0.7597767990414686
81F2674A-8504-4517-88B9-AB79D20BE50D,57,99.21853195646106,motorway,road_archetype,57,risk_percentile,99.99857914865125,7.02100019454956,4.264020037651062,47,0,7,42602.2,3.589,Motorway,Motorway,motorway,motorway,Collapsed Dual Carriageway,A1(M),True,True,True,True,False,False,Urban,Urban: Nearer to a major town or city,False,False,motorway calibration caveat,-1.215457813896418,53.55957333394769,2026-07-04T12:45:06+00:00,data/models/risk_scores.parquet,0.1.0,E01007587,LSOA2021,England,IoD 2025,within,0.0,3,3,4,1,0,0,3.0,0.0,91.01123441624313,2.5583434782577945
6D651E0A-7046-4439-9CA0-C36E79EAB08D,58,99.2045771699693,motorway,road_archetype,58,risk_percentile,99.99855377630573,6.764426136016846,2.7806705713272093,67,0,7,44737.3,1.299,Motorway,Motorway,motorway,motorway,Collapsed Dual Carriageway,M6,True,True,True,True,False,False,Urban,Urban: Nearer to a major town or city,False,False,motorway calibration caveat,-2.0123411556444704,52.57369048891783,2026-07-04T12:45:06+00:00,data/models/risk_scores.parquet,0.1.0,E01010367,LSOA2021,England,IoD 2025,within,0.0,2,1,2,1,0,0,3.0,0.0,1017.5933679075968,1.4054528794174985
51B77212-CDD7-4457-8504-6BA687512DAD,59,99.19062238347753,motorway,road_archetype,59,risk_percentile,99.99852840396022,6.755918836593628,3.921787905693054,56,3,12,17166.6,13.13,Motorway,Motorway,motorway,motorway,Collapsed Dual Carriageway,M6,True,True,True,True,False,False,Rural,Smaller rural: Further from a major town or city,False,False,motorway calibration caveat,-2.6008655143961397,54.38106810343357,2026-07-04T12:45:06+00:00,data/models/risk_scores.parquet,0.1.0,E01019394,LSOA2021,England,IoD 2025,within,0.0,6,10,10,1,0,0,3.0,0.0,11.02449955841059,0.48241208345155795
67A3AC19-C318-4965-93DC-C0601F5ADF64,60,99.17666759698577,motorway,road_archetype,60,risk_percentile,99.9985030316147,6.63876428604126,5.349585103988647,119,5,15,52955.6,8.245,Motorway,Motorway,motorway,motorway,Collapsed Dual Carriageway,M6,True,True,True,True,False,False,Rural,Smaller rural: Nearer to a major town or city,False,False,motorway calibration caveat,-1.611426948969529,52.46919931140856,2026-07-04T12:45:06+00:00,data/models/risk_scores.parquet,0.1.0,E01031028,LSOA2021,England,IoD 2025,within,0.0,5,7,7,1,0,0,3.0,0.0,40.76572036645406,0.4003239481571178
2DD7E56D-D0E9-428E-AEA0-5016D38C627F,61,99.162712810494,motorway,road_archetype,61,risk_percentile,99.99847765926918,6.637514877319336,7.1773693561553955,39,2,10,59836.4,5.527,Motorway,Motorway,motorway,motorway,Collapsed Dual Carriageway,M62,True,True,True,True,False,False,Urban,Urban: Nearer to a major town or city,False,False,motorway calibration caveat,-2.6935598165246732,53.41108450007367,2026-07-04T12:45:06+00:00,data/models/risk_scores.parquet,0.1.0,E01006898,LSOA2021,England,IoD 2025,within,0.0,2,3,2,1,0,0,3.0,0.0,38.493706503351994,0.10169437478606608
8FCCFCCE-1BE2-4075-83AA-FD5506003FF0,62,99.14875802400223,motorway,road_archetype,62,risk_percentile,99.99845228692368,6.599260044097901,6.722584342956543,11,0,2,59246.2,4.367,Motorway,Motorway,motorway,motorway,Collapsed Dual Carriageway,M56,True,True,True,True,False,False,Rural,Smaller rural: Nearer to a major town or city,False,False,motorway calibration caveat,-2.9004751430289124,53.24901161167124,2026-07-04T12:45:06+00:00,data/models/risk_scores.parquet,0.1.0,E01018360,LSOA2021,England,IoD 2025,within,0.0,8,9,10,1,0,0,3.0,0.0,32.24099667017143,0.43795490663664133
AEBB0B1A-07D9-46BE-870F-C2D0C5326F1C,63,99.13480323751047,motorway,road_archetype,63,risk_percentile,99.99842691457816,6.582594156265259,5.39945273399353,72,1,4,64151.8,3.208,Motorway,Motorway,motorway,motorway,Collapsed Dual Carriageway,M6,True,True,True,True,False,False,Urban,Urban: Nearer to a major town or city,False,False,motorway calibration caveat,-2.506744992768371,53.38084669188398,2026-07-04T12:45:06+00:00,data/models/risk_scores.parquet,0.1.0,E01012515,LSOA2021,England,IoD 2025,within,0.0,7,7,6,1,0,0,3.0,0.0,79.06627039323018,1.7712902752445947
39CF90FF-E52B-4C69-A1CB-B27EB41F23F8,64,99.1208484510187,motorway,road_archetype,64,risk_percentile,99.99840154223266,6.545556735992432,4.070239067077637,52,0,7,43475.9,6.139,Motorway,Motorway,motorway,motorway,Collapsed Dual Carriageway,M42,True,True,True,True,False,False,Urban,Urban: Nearer to a major town or city,False,False,motorway calibration caveat,-1.9979242146471383,52.356027142298494,2026-07-04T12:45:06+00:00,data/models/risk_scores.parquet,0.1.0,E01032144,LSOA2021,England,IoD 2025,within,0.0,10,10,9,1,0,0,3.0,0.0,513.1702712461667,0.019006925262316694
13B5A690-3803-4959-8DC5-F86D0946D4B7,65,99.10689366452694,motorway,road_archetype,65,risk_percentile,99.99837616988714,6.54165210723877,3.1251471996307374,35,1,7,30558.6,7.055,Motorway,Motorway,motorway,motorway,Collapsed Dual Carriageway,A1(M),True,True,True,True,False,False,Rural,Smaller rural: Nearer to a major town or city,False,False,motorway calibration caveat,-1.4146973179055067,54.11455795196271,2026-07-04T12:45:06+00:00,data/models/risk_scores.parquet,0.1.0,E01027687,LSOA2021,England,IoD 2025,within,0.0,8,7,8,1,0,0,3.0,0.0,107.39833826382781,2.584125720629724
3FA6EAAB-8BD7-4800-B27B-A19322B45AE3,66,99.09293887803517,motorway,road_archetype,66,risk_percentile,99.99835079754162,6.534225368499756,5.282262468338013,50,1,5,48685.6,6.229,Motorway,Motorway,motorway,motorway,Collapsed Dual Carriageway,M6,True,True,True,True,False,False,Urban,Urban: Nearer to a major town or city,False,False,motorway calibration caveat,-2.1351460813131156,52.787280627715575,2026-07-04T12:45:06+00:00,data/models/risk_scores.parquet,0.1.0,E01029715,LSOA2021,England,IoD 2025,within,0.0,3,3,2,1,0,0,3.0,0.0,1601.5948450674123,0.0012100387088666625
1B58983D-8886-4391-87F7-B516D1358F6B,67,99.0789840915434,motorway,road_archetype,67,risk_percentile,99.99832542519611,6.439687347412109,5.540032815933228,44,0,8,64693.6,2.552,Motorway,Motorway,motorway,motorway,Collapsed Dual Carriageway,M6,True,True,True,True,False,False,Urban,Urban: Nearer to a major town or city,False,False,motorway calibration caveat,-2.647291258524944,53.779529051572894,2026-07-04T12:45:06+00:00,data/models/risk_scores.parquet,0.1.0,E01025286,LSOA2021,England,IoD 2025,within,0.0,1,1,1,1,0,0,3.0,0.0,98.45331027519833,0.8747802031166687
7D11F9A8-C24C-4098-9D52-9C37B61053FB,68,99.06502930505164,motorway,road_archetype,68,risk_percentile,99.9983000528506,6.433695363998413,2.2962090611457824,22,2,2,16157.7,9.927,Motorway,Motorway,motorway,motorway,Collapsed Dual Carriageway,M180,True,True,True,True,False,False,Rural,Larger rural: Nearer to a major town or city,False,False,motorway calibration caveat,-0.6367465608749603,53.54663669726025,2026-07-04T12:45:06+00:00,data/models/risk_scores.parquet,0.1.0,E01013324,LSOA2021,England,IoD 2025,within,0.0,6,9,6,1,0,0,3.0,0.0,8.931226230931648,0.0844277142991792
85BDA202-BE9B-4117-A4DC-6564DC7FE24C,69,99.05107451855987,motorway,road_archetype,69,risk_percentile,99.99827468050509,6.417928695678711,3.5854238748550413,7,3,2,22356.7,9.696,Motorway,Motorway,motorway,motorway,Collapsed Dual Carriageway,M45,True,True,True,True,False,False,Rural,Smaller rural: Nearer to a major town or city,False,False,motorway calibration caveat,-1.2175574301166043,52.333717283917714,2026-07-04T12:45:06+00:00,data/models/risk_scores.parquet,0.1.0,E01035400,LSOA2021,England,IoD 2025,within,0.0,6,10,10,1,0,0,2.5,0.0,76.85660564158133,0.5986968583970796
781B41A8-2D3E-4304-BD4E-20A334272872,70,99.0371197320681,motorway,road_archetype,70,risk_percentile,99.99824930815957,6.379531955718994,5.543824100494385,87,0,14,58097.1,3.124,Motorway,Motorway,motorway,motorway,Collapsed Dual Carriageway,M6,True,True,True,True,False,False,Urban,Urban: Nearer to a major town or city,False,False,motorway calibration caveat,-1.8843229138663269,52.523929110454795,2026-07-04T12:45:06+00:00,data/models/risk_scores.parquet,0.1.0,E01009239,LSOA2021,England,IoD 2025,within,0.0,1,1,1,1,0,0,3.0,0.0,413.68262668448256,0.0617357152673807
652842B4-E310-4661-AE3C-EB781ED08090,71,99.02316494557634,motorway,road_archetype,71,risk_percentile,99.99822393581405,6.367299127578735,3.547770619392395,17,1,4,33800.4,7.567,Motorway,Motorway,motorway,motorway,Collapsed Dual Carriageway,A1(M),True,True,True,True,False,False,Urban,Urban: Nearer to a major town or city,False,False,motorway calibration caveat,-1.5328563312250776,54.61578457379727,2026-07-04T12:45:06+00:00,data/models/risk_scores.parquet,0.1.0,E01020833,LSOA2021,England,IoD 2025,within,0.0,4,4,3,1,0,0,3.0,0.0,55.970267746225744,0.6895652908369364
8D135F48-79A9-4244-B95E-01CC3A5CC046,72,99.00921015908457,motorway,road_archetype,72,risk_percentile,99.99819856346855,6.359113073348999,3.9813206672668455,12,1,0,57014.9,4.185,Motorway,Motorway,motorway,motorway,Collapsed Dual Carriageway,M69,True,True,True,True,False,False,Urban,Urban: Nearer to a major town or city,False,False,motorway calibration caveat,-1.3328408216958063,52.52788351548914,2026-07-04T12:45:06+00:00,data/models/risk_scores.parquet,0.1.0,E01025833,LSOA2021,England,IoD 2025,within,0.0,9,7,8,1,0,0,3.0,0.0,140.52849695622223,0.3657594356753041
B57D7988-AAE4-4708-A1F2-872888B46973,73,98.9952553725928,motorway,road_archetype,73,risk_percentile,99.99817319112303,6.338864469528199,3.5199571371078493,36,2,8,59055.2,3.28,Motorway,Motorway,motorway,motorway,Collapsed Dual Carriageway,M6,True,True,True,True,False,False,Urban,Urban: Nearer to a major town or city,False,False,motorway calibration caveat,-1.215431685495991,52.40628905254504,2026-07-04T12:45:06+00:00,data/models/risk_scores.parquet,0.1.0,E01035028,LSOA2021,England,IoD 2025,within,0.0,7,4,7,1,0,0,3.0,0.0,209.57359526822455,0.4745477863868216
D785434E-FF36-4F19-9FFD-905732F3EE71,74,98.98130058610103,motorway,road_archetype,74,risk_percentile,99.99814781877751,6.291442060470581,3.682357120513916,60,0,9,31229.0,7.221,Motorway,Motorway,motorway,motorway,Collapsed Dual Carriageway,M5,True,True,True,True,False,False,Rural,Smaller rural: Nearer to a major town or city,False,False,motorway calibration caveat,-2.0972966260478483,52.31910446854541,2026-07-04T12:45:06+00:00,data/models/risk_scores.parquet,0.1.0,E01032176,LSOA2021,England,IoD 2025,within,0.0,8,9,9,1,0,0,3.0,0.0,25.638600527523053,0.17203758366636762
33187CCA-D057-4D85-B49D-32659F07E667,75,98.96734579960926,motorway,road_archetype,75,risk_percentile,99.998122446432,6.271337652206421,3.73337607383728,41,0,8,34136.3,6.252,Motorway,Motorway,motorway,motorway,Collapsed Dual Carriageway,M5,True,True,True,True,False,False,Rural,Larger rural: Nearer to a major town or city,False,False,motorway calibration caveat,-2.1952388271759977,52.136408372097996,2026-07-04T12:45:06+00:00,data/models/risk_scores.parquet,0.1.0,E01032191,LSOA2021,England,IoD 2025,within,0.0,7,7,8,1,0,0,3.0,0.0,71.05792133686745,1.2262074348052245
7DF260FC-718C-44EE-9978-BDFF0576CE14,76,98.9533910131175,motorway,road_archetype,76,risk_percentile,99.99809707408649,6.219992733001709,5.314117956161499,31,0,3,47471.7,4.056,Motorway,Motorway,motorway,motorway,Collapsed Dual Carriageway,M1,True,True,True,True,False,False,Urban,Urban: Nearer to a major town or city,False,False,motorway calibration caveat,-1.3109025964627183,53.26494221729463,2026-07-04T12:45:06+00:00,data/models/risk_scores.parquet,0.1.0,E01019564,LSOA2021,England,IoD 2025,within,0.0,6,8,6,1,0,0,3.0,0.0,132.93578831910904,1.2486818411095113
F06B8D66-F3DA-4960-A54C-7DEF6134079E,77,98.93943622662573,motorway,road_archetype,77,risk_percentile,99.99807170174097,6.196783399581909,2.8624248027801515,37,1,7,34458.9,5.368,Motorway,Motorway,motorway,motorway,Collapsed Dual Carriageway,M18,True,True,True,True,False,False,Urban,Urban: Nearer to a major town or city,False,False,motorway calibration caveat,-0.9995317481653657,53.56486103723489,2026-07-04T12:45:06+00:00,data/models/risk_scores.parquet,0.1.0,E01007560,LSOA2021,England,IoD 2025,within,0.0,6,5,5,1,0,0,3.0,0.0,510.27463802212685,0.3731728003826262
1F613B25-A517-4BE8-AE2E-03EFE2EB342D,78,98.92548144013396,motorway,road_archetype,78,risk_percentile,99.99804632939546,6.162687635421753,5.078228187561035,47,1,11,63668.0,3.594,Motorway,Motorway,motorway,motorway,Collapsed Dual Carriageway,M56,True,True,True,True,False,False,Rural,Smaller rural: Nearer to a major town or city,False,False,motorway calibration caveat,-2.541038455398096,53.342965094796526,2026-07-04T12:45:06+00:00,data/models/risk_scores.parquet,0.1.0,E01012448,LSOA2021,England,IoD 2025,within,0.0,9,8,10,1,0,0,3.0,0.0,52.19289932858046,0.3945503820470846
6AD32E2E-0045-4C18-9BC4-D8EAD6616287,79,98.9115266536422,motorway,road_archetype,79,risk_percentile,99.99802095704995,6.1361839294433596,5.735863256454468,37,0,3,57940.5,4.023,Motorway,Motorway,motorway,motorway,Collapsed Dual Carriageway,M56,True,True,True,True,False,False,Urban,Urban: Nearer to a major town or city,False,False,motorway calibration caveat,-2.6080718669374785,53.33135338983728,2026-07-04T12:45:06+00:00,data/models/risk_scores.parquet,0.1.0,E01012503,LSOA2021,England,IoD 2025,within,0.0,9,10,10,1,0,0,3.0,0.0,73.11674437409516,0.37525516445502793
8A1C9DB4-C939-4526-8B20-18397C65509A,80,98.89757186715043,motorway,road_archetype,80,risk_percentile,99.99799558470444,6.061094474792481,8.187655210494995,33,0,5,62482.3,3.444,Motorway,Motorway,motorway,motorway,Collapsed Dual Carriageway,M56,True,True,True,True,False,False,Urban,Urban: Nearer to a major town or city,False,False,motorway calibration caveat,-2.8304326392054633,53.256697441016236,2026-07-04T12:45:06+00:00,data/models/risk_scores.parquet,0.1.0,E01018337,LSOA2021,England,IoD 2025,within,0.0,3,6,5,1,0,0,3.0,0.0,68.24581613650045,0.4380289542330051
4A89A4D9-70BB-4904-B437-9CF31E34FAC4,81,98.88361708065867,motorway,road_archetype,81,risk_percentile,99.99797021235892,5.977915287017822,3.2534483909606933,31,1,4,32078.3,6.64,Motorway,Motorway,motorway,motorway,Collapsed Dual Carriageway,M11,True,True,True,True,False,False,Urban,Urban: Nearer to a major town or city,False,False,motorway calibration caveat,0.11961265491598008,52.12860696131416,2026-07-04T12:45:06+00:00,data/models/risk_scores.parquet,0.1.0,E01018291,LSOA2021,England,IoD 2025,within,0.0,8,8,8,1,0,0,3.0,0.0,71.71120076826647,0.03867481136214113
66913C4F-8B1B-4DEC-9C95-5431056DD058,82,98.8696622941669,motorway,road_archetype,82,risk_percentile,99.9979448400134,5.946094560623169,3.6714870929718018,16,1,6,21353.1,11.206,Motorway,Motorway,motorway,motorway,Collapsed Dual Carriageway,M50,True,True,True,True,False,False,Rural,Smaller rural: Nearer to a major town or city,False,False,motorway calibration caveat,-2.2815100892647724,52.00263519524679,2026-07-04T12:45:06+00:00,data/models/risk_scores.parquet,0.1.0,E01032198,LSOA2021,England,IoD 2025,within,0.0,5,9,8,1,0,0,2.5,0.0,66.93338595197713,0.15502279635837335
30AD26CC-D79B-4450-BF87-9D58F4596332,83,98.85570750767513,motorway,road_archetype,83,risk_percentile,99.9979194676679,5.931120681762695,2.9979941844940186,30,2,4,33845.8,6.454,Motorway,Motorway,motorway,motorway,Collapsed Dual Carriageway,A1(M),True,True,True,True,False,False,Rural,Larger rural: Nearer to a major town or city,False,False,motorway calibration caveat,-1.5259464367893223,54.76209553817216,2026-07-04T12:45:06+00:00,data/models/risk_scores.parquet,0.1.0,E01020732,LSOA2021,England,IoD 2025,within,0.0,10,9,9,1,0,0,3.0,0.0,32.51645324185583,0.700092259937299
981AEB74-1BC1-41F3-B11A-10657C1B899E,84,98.84175272118337,motorway,road_archetype,84,risk_percentile,99.99789409532238,5.914994478225708,4.6128258228302,52,0,9,46148.3,5.125,Motorway,Motorway,motorway,motorway,Collapsed Dual Carriageway,M1,True,True,True,True,False,False,Urban,Urban: Nearer to a major town or city,False,False,motorway calibration caveat,-1.492773649509682,53.52021422132535,2026-07-04T12:45:06+00:00,data/models/risk_scores.parquet,0.1.0,E01007459,LSOA2021,England,IoD 2025,within,0.0,5,6,3,1,0,0,3.0,0.0,89.5766202176811,0.6128437062422765
281D6267-2D78-4FE4-9F33-010E381BCB61,85,98.8277979346916,motorway,road_archetype,85,risk_percentile,99.99786872297688,5.90435528755188,5.358040809631348,24,1,4,50705.2,4.019,Motorway,Motorway,motorway,motorway,Collapsed Dual Carriageway,M62,True,True,True,True,False,False,Urban,Urban: Nearer to a major town or city,False,False,motorway calibration caveat,-1.2284456675541309,53.693729580237985,2026-07-04T12:45:06+00:00,data/models/risk_scores.parquet,0.1.0,E01011803,LSOA2021,England,IoD 2025,within,0.0,2,3,3,1,0,0,3.0,0.0,104.69354963282011,0.12538933545830827
4F5611CC-2518-4C89-964F-27E486332C97,86,98.81384314819984,motorway,road_archetype,86,risk_percentile,99.99784335063136,5.888072538375854,3.9376532077789306,36,0,7,49556.1,3.519,Motorway,Motorway,motorway,motorway,Collapsed Dual Carriageway,M62,True,True,True,True,False,False,Urban,Urban: Nearer to a major town or city,False,False,motorway calibration caveat,-1.3621628124317455,53.706257419282565,2026-07-04T12:45:06+00:00,data/models/risk_scores.parquet,0.1.0,E01034267,LSOA2021,England,IoD 2025,within,0.0,8,7,9,1,0,0,3.0,0.0,1158.0406292133366,0.08532990043937032
B82A1801-A804-45B6-905C-C12BE0A4EA2E,87,98.79988836170807,motorway,road_archetype,87,risk_percentile,99.99781797828584,5.881350708007813,5.5470301628112795,20,1,0,49695.6,5.12,Motorway,Motorway,motorway,motorway,Collapsed Dual Carriageway,M53,True,True,True,True,False,False,Rural,Smaller rural: Nearer to a major town or city,False,False,motorway calibration caveat,-2.999986954689108,53.31468005861705,2026-07-04T12:45:06+00:00,data/models/risk_scores.parquet,0.1.0,E01007144,LSOA2021,England,IoD 2025,within,0.0,6,9,7,1,0,0,2.5,0.0,31.36952986418391,0.03379127706976967
7D825471-D96C-4088-8944-D911334AF54B,88,98.7859335752163,motorway,road_archetype,88,risk_percentile,99.99779260594033,5.739881181716919,4.538234734535218,32,0,3,47792.2,4.314,Motorway,Motorway,motorway,motorway,Collapsed Dual Carriageway,M1,True,True,True,True,False,False,Urban,Urban: Nearer to a major town or city,False,False,motorway calibration caveat,-1.2953379123638387,53.08210670890653,2026-07-04T12:45:06+00:00,data/models/risk_scores.parquet,0.1.0,E01027947,LSOA2021,England,IoD 2025,within,0.0,5,5,5,1,0,0,3.0,0.0,88.88586718284091,0.5076668338166939
1B7D8DB3-EC61-47BD-8B3C-70D434E0CAE9,89,98.77197878872454,motorway,road_archetype,89,risk_percentile,99.99776723359481,5.704476690292358,3.4693976402282716,20,1,2,35653.9,4.533,Motorway,Motorway,motorway,motorway,Collapsed Dual Carriageway,A1(M),True,True,True,True,False,False,Rural,Larger rural: Nearer to a major town or city,False,False,motorway calibration caveat,-0.26393171081896594,52.40570664699457,2026-07-04T12:45:06+00:00,data/models/risk_scores.parquet,0.1.0,E01018192,LSOA2021,England,IoD 2025,within,0.0,6,6,6,1,0,0,3.0,0.0,25.049205653560332,2.236105035657665
B7D25184-7C64-4565-9B2D-159816BF385C,90,98.75802400223277,motorway,road_archetype,90,risk_percentile,99.9977418612493,5.676410055160522,4.0299440145492555,64,1,11,46204.8,3.469,Motorway,Motorway,motorway,motorway,Collapsed Dual Carriageway,M62,True,True,True,True,False,False,Urban,Urban: Nearer to a major town or city,False,False,motorway calibration caveat,-1.8893196133043226,53.64910577383826,2026-07-04T12:45:06+00:00,data/models/risk_scores.parquet,0.1.0,E01011205,LSOA2021,England,IoD 2025,within,0.0,7,7,8,1,0,0,3.0,0.0,313.48818968480305,0.2727104040532073
5F413324-A2FB-4DAC-87C8-3C2E62AC28F5,91,98.744069215741,motorway,road_archetype,91,risk_percentile,99.99771648890379,5.675620126724243,3.257839488983154,20,0,7,27541.4,6.553,Motorway,Motorway,motorway,motorway,Collapsed Dual Carriageway,A1(M),True,True,True,True,False,False,Rural,Smaller rural: Nearer to a major town or city,False,False,motorway calibration caveat,-1.6145151817084589,54.52646778497937,2026-07-04T12:45:06+00:00,data/models/risk_scores.parquet,0.1.0,E01012334,LSOA2021,England,IoD 2025,within,0.0,7,8,7,1,0,0,3.0,0.0,124.71647073919681,1.8386840903900195
BDE150E0-A286-456E-B793-A0B66316EA33,92,98.73011442924923,motorway,road_archetype,92,risk_percentile,99.99769111655827,5.668053674697876,3.7056870222091676,48,0,11,38353.6,5.182,Motorway,Motorway,motorway,motorway,Collapsed Dual Carriageway,M6,True,True,True,True,False,False,Rural,Smaller rural: Further from a major town or city,False,False,motorway calibration caveat,-2.7633066786852836,54.104555605822526,2026-07-04T12:45:06+00:00,data/models/risk_scores.parquet,0.1.0,E01025130,LSOA2021,England,IoD 2025,within,0.0,8,9,8,1,0,0,3.0,0.0,155.64381044151165,2.4703766621103447
24DEA564-8D4E-41A2-965D-21760BCB2095,93,98.71615964275746,motorway,road_archetype,93,risk_percentile,99.99766574421275,5.652529764175415,4.37882821559906,60,1,8,49483.6,4.616,Motorway,Motorway,motorway,motorway,Collapsed Dual Carriageway,M65,True,True,True,True,False,False,Urban,Urban: Nearer to a major town or city,False,False,motorway calibration caveat,-2.521480078850999,53.71415396334922,2026-07-04T12:45:06+00:00,data/models/risk_scores.parquet,0.1.0,E01012609,LSOA2021,England,IoD 2025,within,0.0,9,9,8,1,0,0,3.0,0.0,205.84381510486085,0.03928661949978305
211671D5-0D9E-4119-AC90-8AB5BDFC89C4,94,98.7022048562657,motorway,road_archetype,94,risk_percentile,99.99764037186725,5.644902658462525,5.6945549011230465,29,2,6,41923.3,5.018,Motorway,Motorway,motorway,motorway,Collapsed Dual Carriageway,M1,True,True,True,True,False,False,Urban,Urban: Nearer to a major town or city,False,False,motorway calibration caveat,-1.2866963414552133,52.94058587543347,2026-07-04T12:45:06+00:00,data/models/risk_scores.parquet,0.1.0,E01019656,LSOA2021,England,IoD 2025,within,0.0,7,10,8,1,0,0,3.0,0.0,79.55793775244997,0.5505472305320098
56A5F964-AF60-437F-81DF-2BD9A89CAF1E,95,98.68825006977393,motorway,road_archetype,95,risk_percentile,99.99761499952173,5.593322658538819,2.5973739862442016,45,1,10,23100.2,9.775,Motorway,Motorway,motorway,motorway,Collapsed Dual Carriageway,M180,True,True,True,True,False,False,Rural,Smaller rural: Nearer to a major town or city,False,False,motorway calibration caveat,-0.4863383402919241,53.56465196761913,2026-07-04T12:45:06+00:00,data/models/risk_scores.parquet,0.1.0,E01013269,LSOA2021,England,IoD 2025,within,0.0,8,8,7,1,0,0,3.0,0.0,54.215497671425155,0.05149824769501526
1C2CFBA6-441D-4A61-A277-DA84E8F445FF,96,98.67429528328216,motorway,road_archetype,96,risk_percentile,99.99758962717623,5.547057390213013,4.033129620552063,87,0,10,40566.5,5.393,Motorway,Motorway,motorway,motorway,Collapsed Dual Carriageway,M62,True,True,True,True,False,False,Urban,Urban: Nearer to a major town or city,False,False,motorway calibration caveat,-1.7920647847063875,53.6813098171379,2026-07-04T12:45:06+00:00,data/models/risk_scores.parquet,0.1.0,E01011046,LSOA2021,England,IoD 2025,within,0.0,9,9,9,1,0,0,3.0,0.0,786.2617003478108,0.1673970028975644
125399AD-1A16-48E7-8074-6A0E88E1CB7A,97,98.6603404967904,motorway,road_archetype,97,risk_percentile,99.9975642548307,5.444676351547241,5.005192565917969,29,0,9,50218.3,3.316,Motorway,Motorway,motorway,motorway,Collapsed Dual Carriageway,M5,True,True,True,True,False,False,Urban,Urban: Nearer to a major town or city,False,False,motorway calibration caveat,-1.997612898789057,52.50404442194527,2026-07-04T12:45:06+00:00,data/models/risk_scores.parquet,0.1.0,E01010019,LSOA2021,England,IoD 2025,within,0.0,1,1,2,1,0,0,3.0,0.0,2734.5816502297803,0.0021261495343082443
F2CA43A9-273C-45A1-AB08-5E441F3CFAFA,98,98.64638571029863,motorway,road_archetype,98,risk_percentile,99.99753888248519,5.432147789001465,4.429518485069275,19,0,3,30863.1,5.359,Motorway,Motorway,motorway,motorway,Collapsed Dual Carriageway,M6,True,True,True,True,False,False,Rural,Smaller rural: Nearer to a major town or city,False,False,motorway calibration caveat,-3.0133104933273143,54.97451212678367,2026-07-04T12:45:06+00:00,data/models/risk_scores.parquet,0.1.0,E01019228,LSOA2021,England,IoD 2025,within,0.0,4,6,7,1,0,0,3.0,0.0,10.461379734336308,2.6542071673184497
BCAC0015-7097-4FB4-AB03-B927F5449F47,99,98.63243092380687,motorway,road_archetype,99,risk_percentile,99.99751351013968,5.429545521736145,3.3916160345077513,9,0,2,27145.5,6.555,Motorway,Motorway,motorway,motorway,Collapsed Dual Carriageway,M62,True,True,True,True,False,False,Rural,Smaller rural: Nearer to a major town or city,False,False,motorway calibration caveat,-1.1030096535109468,53.68879516607651,2026-07-04T12:45:06+00:00,data/models/risk_scores.parquet,0.1.0,E01027924,LSOA2021,England,IoD 2025,within,0.0,7,9,8,1,0,0,3.0,0.0,36.86532320649852,0.13986361062666564
09DF6292-6E2B-4BF9-ACD5-C40CD88B09E7,100,98.6184761373151,motorway,road_archetype,100,risk_percentile,99.99748813779416,5.4278545618057255,3.38906786441803,23,1,4,35217.7,5.351,Motorway,Motorway,motorway,motorway,Collapsed Dual Carriageway,M6,True,True,True,True,False,False,Rural,Smaller rural: Nearer to a major town or city,False,False,motorway calibration caveat,-2.9109263719806098,54.919762617709694,2026-07-04T12:45:06+00:00,data/models/risk_scores.parquet,0.1.0,E01019240,LSOA2021,England,IoD 2025,within,0.0,8,8,8,1,0,0,3.0,0.0,43.14030822335985,0.020423804345613146
07DE5B08-8356-4B4C-AFC4-5D54ED87B47D,1,100.0,other_unknown,road_archetype,257,risk_percentile,99.99350467954854,2.659070074558258,2.9258620262146,38,1,8,10811.6,3.374,A Road,A Road,other_unknown,other_unknown,Collapsed Dual Carriageway,A15,False,False,True,True,False,False,,,False,False,,-0.4502692903738323,53.702877097482634,2026-07-04T12:45:06+00:00,data/models/risk_scores.parquet,0.1.0,,,,,unmatched,,,,,0,0,0,3.0,0.0,,2.0038912804277764
C51DA9F7-73F7-4E79-B42E-EC481E872721,2,85.71428571428571,other_unknown,road_archetype,1118,risk_percentile,99.97165909006142,0.9301081985235214,3.303599786758423,18,0,2,13058.6,2.411,A Road,A Road,other_unknown,other_unknown,Collapsed Dual Carriageway,A533,False,False,True,True,False,False,,,False,False,,-2.7139343060243197,53.35268291848344,2026-07-04T12:45:06+00:00,data/models/risk_scores.parquet,0.1.0,,,,,unmatched,,,,,0,0,0,3.0,0.0,,0.2559466586952309
3ABAEE19-657F-4356-BC1E-8C1DBEFA65F3,3,71.42857142857143,other_unknown,road_archetype,63271,risk_percentile,98.39469169936105,0.18885105550289155,3.868764615058899,3,1,1,15966.1,2.774,A Road,A Road,other_unknown,other_unknown,Single Carriageway,A41,False,False,False,False,False,False,,,False,False,,-3.0053168630790226,53.39979799294014,2026-07-04T12:45:06+00:00,data/models/risk_scores.parquet,0.1.0,,,,,unmatched,,,,,0,0,0,2.5,0.0,,1.9645474508598912
D0ED5E45-1727-4FDB-B864-47B42571BE7D,4,57.14285714285714,other_unknown,road_archetype,793140,risk_percentile,79.87620325177055,0.012918404210358858,0.5342846095561982,0,0,0,1010.8,5.189,Classified Unnumbered,Minor Road,other_unknown,other_unknown,Single Carriageway,,False,False,False,False,False,False,,,False,True,sparse collision history,-5.320452802431149,58.05713528949076,2026-07-04T12:45:06+00:00,data/models/risk_scores.parquet,0.1.0,,,,,unmatched,,,,,0,0,0,3.0,13.383,,0.0740772184397159
1F6B2F40-EB73-4319-8B20-B6A84CC06929,5,42.857142857142854,other_unknown,road_archetype,1911073,risk_percentile,51.51162091483037,0.0016910774284042418,0.08913934379816055,0,0,0,278.0,3.267,Classified Unnumbered,Minor Road,other_unknown,other_unknown,Single Carriageway,,False,False,False,False,False,False,,,True,True,low exposure; sparse collision history,-7.441600350144516,57.02298040070565,2026-07-04T12:45:06+00:00,data/models/risk_scores.parquet,0.1.0,,,,,unmatched,,,,,0,0,0,3.0,1.639,,0.0
C3DC224D-8786-425D-BB99-94542BBAFB26,6,28.57142857142857,other_unknown,road_archetype,2343910,risk_percentile,40.529530999804884,0.000720336427912116,0.0755164708942175,0,0,0,607.4,0.635,Not Classified,Local Access Road,other_unknown,other_unknown,Single Carriageway,,False,False,False,False,False,False,,,False,True,sparse collision history,-1.1607318645651026,50.73594223380263,2026-07-04T12:45:06+00:00,data/models/risk_scores.parquet,0.1.0,,,,,unmatched,,,,,0,0,0,1.5,0.057999999999999996,,0.0
D807EEF4-29A7-405E-8656-9B8EEDA9CE7B,7,14.285714285714285,other_unknown,road_archetype,3288251,risk_percentile,16.569384865243666,1.021720936478232e-05,0.0002647807457833551,0,0,0,300.5,0.873,Unknown,Restricted Local Access Road,other_unknown,other_unknown,Single Carriageway,,False,False,False,False,False,False,,,True,True,low exposure; sparse collision history,-5.061849743969325,51.70417762776361,2026-07-04T12:45:06+00:00,data/models/risk_scores.parquet,0.1.0,W01000591,LSOA2011,Wales,WIMD 2019,within,0.0,4,5,6,0,1,0,1.5,2.1969999999999996,,0.0007833165641527169
59FFE4B6-01EB-478C-A8DE-17370D48427D,1,100.0,rural_a_road,road_archetype,284,risk_percentile,99.99281962621967,2.4440665006637574,1.63923579454422,11,0,2,7200.8,6.596,A Road,A Road,other_rural,rural_a_road,Single Carriageway,A16,False,False,True,False,False,False,Rural,Larger rural: Nearer to a major town or city,False,False,,-0.12609686234743123,52.71576673500668,2026-07-04T12:45:06+00:00,data/models/risk_scores.parquet,0.1.0,E01026239,LSOA2021,England,IoD 2025,within,0.0,5,6,7,1,0,0,2.5,0.0,5.53733747260864,0.5708644369048586
E56501E8-3ACB-46DD-B6B1-397BF24F3499,2,99.99884044526902,rural_a_road,road_archetype,304,risk_percentile,99.99231217930941,2.298280680179596,3.7184925079345703,16,3,6,15008.1,4.878,A Road,A Road,other_rural,rural_a_road,Single Carriageway,A45,False,False,True,False,False,False,Rural,Smaller rural: Nearer to a major town or city,False,False,,-1.0517066501526897,52.23928309997866,2026-07-04T12:45:06+00:00,data/models/risk_scores.parquet,0.1.0,E01027011,LSOA2021,England,IoD 2025,within,0.0,8,9,9,1,0,0,3.0,0.0,619.6159664032726,2.4659194664065103
89D775E5-B175-45FA-9009-D353F84D302F,3,99.99768089053804,rural_a_road,road_archetype,308,risk_percentile,99.99221068992735,2.267302307486534,2.2131142258644103,8,0,3,10842.0,5.057,A Road,A Road,other_rural,rural_a_road,Collapsed Dual Carriageway,A6,False,False,True,True,False,False,Rural,Smaller rural: Further from a major town or city,False,False,,-1.9447057035186306,53.33376082735503,2026-07-04T12:45:06+00:00,data/models/risk_scores.parquet,0.1.0,E01019713,LSOA2021,England,IoD 2025,within,0.0,8,9,9,1,0,0,3.0,0.0,1222.426874463216,1.592665678792287
7E90F309-C9E6-4DF8-B923-884C83F21BA8,4,99.99652133580706,rural_a_road,road_archetype,312,risk_percentile,99.9921092005453,2.236323672533035,1.5615366697311401,7,1,1,7935.8,5.875,A Road,A Road,other_rural,rural_a_road,Collapsed Dual Carriageway,A43,False,False,True,True,False,False,Rural,Larger rural: Further from a major town or city,False,False,,-0.7029474677470667,52.46053762714224,2026-07-04T12:45:06+00:00,data/models/risk_scores.parquet,0.1.0,E01027103,LSOA2021,England,IoD 2025,within,0.0,7,8,7,1,0,0,3.0,0.0,11.342775802361794,0.04696099348445615
8620C2C5-CC9B-465D-BEE2-A8C0131E7D12,5,99.99536178107607,rural_a_road,road_archetype,390,risk_percentile,99.99013015759525,1.9038290500640869,2.683267831802368,11,1,1,14590.8,3.807,A Road,A Road,other_rural,rural_a_road,Single Carriageway,A59,False,False,True,False,False,False,Rural,Smaller rural: Nearer to a major town or city,False,False,,-2.422266188155279,53.8215578301887,2026-07-04T12:45:06+00:00,data/models/risk_scores.parquet,0.1.0,E01025319,LSOA2021,England,IoD 2025,within,0.0,9,10,10,1,0,0,2.5,0.0,128.5471962452079,0.3367271616701936
D45E8FA7-81BC-44A3-A28C-A9B7E9E179CB,6,99.99420222634508,rural_a_road,road_archetype,425,risk_percentile,99.98924212550227,1.8161503791809082,1.4615267753601073,3,1,0,13495.9,2.95,A Road,A Road,other_rural,rural_a_road,Single Carriageway,A19,False,False,True,False,False,False,Rural,Larger rural: Nearer to a major town or city,False,False,,-1.214831767676706,54.11830970173253,2026-07-04T12:45:06+00:00,data/models/risk_scores.parquet,0.1.0,E01027595,LSOA2021,England,IoD 2025,within,0.0,9,7,6,1,0,0,2.5,0.0,16.803382115149446,0.8761085478709771
4F7AA121-68AC-4F36-A483-DB2CC1A64202,7,99.99304267161409,rural_a_road,road_archetype,458,risk_percentile,99.98840483810034,1.6809161067008973,1.8026186108589173,22,5,7,8509.3,4.065,A Road,A Road,other_rural,rural_a_road,Single Carriageway,A16,False,False,True,False,False,False,Rural,Smaller rural: Nearer to a major town or city,False,False,,-0.2077832402299973,52.62074978608219,2026-07-04T12:45:06+00:00,data/models/risk_scores.parquet,0.1.0,E01015630,LSOA2021,England,IoD 2025,within,0.0,4,4,4,1,0,0,3.0,0.0,18.1148290961147,0.19594162068876228
C3E9EA94-5905-4E01-AA00-7C0FEE6B2FCA,8,99.99188311688312,rural_a_road,road_archetype,476,risk_percentile,99.98794813588108,1.6200348734855652,4.060335278511047,0,0,0,18835.5,2.391,A Road,A Road,other_rural,rural_a_road,Single Carriageway,A509,False,False,True,False,False,False,Rural,Smaller rural: Nearer to a major town or city,False,True,sparse collision history,-0.6942023631754252,52.11260236246279,2026-07-04T12:45:06+00:00,data/models/risk_scores.parquet,0.1.0,E01016801,LSOA2021,England,IoD 2025,within,0.0,7,8,9,1,0,0,3.0,0.0,707.529661502854,1.7931618946228256
A8C191DC-224B-41B3-B35B-B64BACF8EFA7,9,99.99072356215213,rural_a_road,road_archetype,487,risk_percentile,99.98766904008043,1.5978225588798523,3.744144892692566,12,0,1,16932.8,3.468,A Road,A Road,other_rural,rural_a_road,Single Carriageway,A168,False,False,False,False,False,False,Rural,Smaller rural: Further from a major town or city,False,False,,-1.4251148299844651,54.13974579127736,2026-07-04T12:45:06+00:00,data/models/risk_scores.parquet,0.1.0,E01027737,LSOA2021,England,IoD 2025,within,0.0,7,8,10,1,0,0,3.0,0.0,137.63427990745114,0.23167919491639224
F044802C-D97E-4681-B63D-9E424120BF63,10,99.98956400742115,rural_a_road,road_archetype,507,risk_percentile,99.98716159317017,1.5523576021194458,2.210192346572876,4,0,0,10842.1,3.456,A Road,A Road,other_rural,rural_a_road,Collapsed Dual Carriageway,A140,False,False,True,True,False,False,Rural,Smaller rural: Further from a major town or city,False,False,,1.168191800222447,52.37709946206073,2026-07-04T12:45:06+00:00,data/models/risk_scores.parquet,0.1.0,E01026935,LSOA2021,England,IoD 2025,within,0.0,6,8,7,1,0,0,3.0,0.0,25.568766239239462,0.3491728876922119
9988AD46-23EE-4DA1-888B-306B76792414,11,99.98840445269018,rural_a_road,road_archetype,531,risk_percentile,99.98655265687785,1.487268090248108,2.150852084159851,15,2,1,14388.2,3.558,A Road,A Road,other_rural,rural_a_road,Collapsed Dual Carriageway,A1307,False,False,False,True,False,False,Rural,Smaller rural: Nearer to a major town or city,False,False,,-0.22753233868464004,52.35453362419193,2026-07-04T12:45:06+00:00,data/models/risk_scores.parquet,0.1.0,E01034436,LSOA2021,England,IoD 2025,within,0.0,8,8,9,1,0,0,3.0,0.0,171.6575641184094,0.006224694419555523
66566E18-27B4-433C-A925-B8BABF8BC1E5,12,99.98724489795919,rural_a_road,road_archetype,539,risk_percentile,99.98634967811374,1.4686010241508485,2.248623847961426,13,0,2,13801.7,2.687,A Road,A Road,other_rural,rural_a_road,Collapsed Dual Carriageway,A629,False,False,True,True,False,False,Rural,Larger rural: Further from a major town or city,False,False,,-1.964401418255445,53.903658848224644,2026-07-04T12:45:06+00:00,data/models/risk_scores.parquet,0.1.0,E01027555,LSOA2021,England,IoD 2025,within,0.0,9,10,10,1,0,0,3.0,0.0,61.89039173426115,1.9167485853605672
7A06EA4B-468A-45AA-9100-7F7F27A00F6E,13,99.9860853432282,rural_a_road,road_archetype,541,risk_percentile,99.98629893342272,1.4668879747390746,2.833244967460632,1,0,0,23401.1,0.818,A Road,A Road,other_rural,rural_a_road,Single Carriageway,A167,False,False,True,False,False,False,Rural,Larger rural: Nearer to a major town or city,False,True,sparse collision history,-1.5587727796869582,54.68796209900486,2026-07-04T12:45:06+00:00,data/models/risk_scores.parquet,0.1.0,E01020807,LSOA2021,England,IoD 2025,within,0.0,1,1,1,1,0,0,2.5,0.0,3933.6562469734354,2.37692396002121
6F3F22B5-28FF-451B-9D9E-DD8BBFB787A2,14,99.98492578849721,rural_a_road,road_archetype,550,risk_percentile,99.98607058231309,1.4402014017105103,2.5175910234451293,10,1,1,14825.2,2.818,A Road,A Road,other_rural,rural_a_road,Single Carriageway,A1079,False,False,True,False,False,False,Rural,Smaller rural: Nearer to a major town or city,False,False,,-0.467003637180152,53.831208603514725,2026-07-04T12:45:06+00:00,data/models/risk_scores.parquet,0.1.0,E01012919,LSOA2021,England,IoD 2025,within,0.0,9,10,10,1,0,0,2.5,0.0,366.46613443693155,0.15634497021711327
01256BCE-1A5E-412A-BAC9-5950B04056F2,15,99.98376623376623,rural_a_road,road_archetype,555,risk_percentile,99.98594372058552,1.4255508303642273,3.3051983594894407,15,0,2,12113.6,2.832,A Road,A Road,other_rural,rural_a_road,Single Carriageway,A635,False,False,True,False,False,False,Rural,Smaller rural: Nearer to a major town or city,False,False,,-1.2499421066452214,53.541428678215816,2026-07-04T12:45:06+00:00,data/models/risk_scores.parquet,0.1.0,E01007583,LSOA2021,England,IoD 2025,within,0.0,5,8,7,1,0,0,3.0,0.0,23.09796437871627,0.5030942771837097
F76FC464-9A3B-4313-A49C-A32859E4A773,16,99.98260667903524,rural_a_road,road_archetype,569,risk_percentile,99.98558850774833,1.3945407271385193,1.766668927669525,6,0,1,11860.9,2.824,A Road,A Road,other_rural,rural_a_road,Collapsed Dual Carriageway,A12,False,False,True,True,False,False,Rural,Smaller rural: Nearer to a major town or city,False,False,,1.3709784589740937,52.14558753814262,2026-07-04T12:45:06+00:00,data/models/risk_scores.parquet,0.1.0,E01030193,LSOA2021,England,IoD 2025,within,0.0,8,8,8,1,0,0,3.0,0.0,22.633858513512052,0.6460914774007409
C4FE33C6-BA05-4838-92EA-4BACAC756662,17,99.98144712430427,rural_a_road,road_archetype,574,risk_percentile,99.98546164602077,1.3871038913726808,2.7648332834243776,8,1,3,11063.7,2.826,A Road,A Road,other_rural,rural_a_road,Single Carriageway,A605,False,False,True,False,False,False,Rural,Smaller rural: Nearer to a major town or city,False,False,,-0.45923495646395873,52.46915972932041,2026-07-04T12:45:06+00:00,data/models/risk_scores.parquet,0.1.0,E01027031,LSOA2021,England,IoD 2025,within,0.0,7,9,9,1,0,0,3.0,0.0,27.825654036732264,0.7168178937916297
28C5D541-43E1-4BA9-943B-E799030CCBD5,18,99.98028756957328,rural_a_road,road_archetype,588,risk_percentile,99.98510643318357,1.3596861839294434,2.2947044730186463,9,1,2,14914.4,2.375,A Road,A Road,other_rural,rural_a_road,Collapsed Dual Carriageway,A45,False,False,True,True,False,False,Rural,Smaller rural: Nearer to a major town or city,False,False,,-1.631213492974564,52.44083141649242,2026-07-04T12:45:06+00:00,data/models/risk_scores.parquet,0.1.0,E01010164,LSOA2021,England,IoD 2025,within,0.0,7,8,7,1,0,0,3.0,0.0,48.87129422721616,1.5339628851946028
CB8CB752-F747-41C1-9787-28955654ECA2,19,99.9791280148423,rural_a_road,road_archetype,589,risk_percentile,99.98508106083807,1.355956482887268,3.6131955862045286,8,2,1,13014.7,2.231,A Road,A Road,other_rural,rural_a_road,Single Carriageway,A511,False,False,True,False,False,False,Rural,Smaller rural: Nearer to a major town or city,False,False,,-1.430062185587264,52.73680078094688,2026-07-04T12:45:06+00:00,data/models/risk_scores.parquet,0.1.0,E01025964,LSOA2021,England,IoD 2025,within,0.0,7,9,9,1,0,0,3.5,0.0,77.92483256088288,0.8764497864127814
7B08C374-98E5-4C60-A295-60CC6BADB85F,20,99.97796846011133,rural_a_road,road_archetype,591,risk_percentile,99.98503031614703,1.354892635345459,2.76224102973938,7,1,1,14617.0,3.124,A Road,A Road,other_rural,rural_a_road,Collapsed Dual Carriageway,A441,False,False,False,True,False,False,Rural,Smaller rural: Nearer to a major town or city,False,False,,-1.9503579940997067,52.34660310344006,2026-07-04T12:45:06+00:00,data/models/risk_scores.parquet,0.1.0,E01032123,LSOA2021,England,IoD 2025,within,0.0,7,9,9,1,0,0,3.0,0.0,103.82972549239066,0.6183565187238675
7A471B23-5768-46D2-89AC-3A82DCBC086D,21,99.97680890538034,rural_a_road,road_archetype,594,risk_percentile,99.9849541991105,1.3521913051605225,3.640293836593628,2,0,0,12032.9,2.833,A Road,A Road,other_rural,rural_a_road,Single Carriageway,A53,False,False,True,False,False,False,Rural,Smaller rural: Nearer to a major town or city,False,False,,-2.554059679293865,52.868909319002455,2026-07-04T12:45:06+00:00,data/models/risk_scores.parquet,0.1.0,E01035057,LSOA2021,England,IoD 2025,within,0.0,5,8,9,1,0,0,3.0,0.0,140.13114081533686,0.058021683409613986
B56D5D23-8E9D-49D4-A0F8-0D8AF7ABF70B,22,99.97564935064935,rural_a_road,road_archetype,614,risk_percentile,99.98444675220023,1.3244361519813537,1.789241111278534,9,0,1,11754.4,2.831,A Road,A Road,other_rural,rural_a_road,Collapsed Dual Carriageway,A1270,False,False,True,True,False,False,Rural,Larger rural: Nearer to a major town or city,False,False,,1.3097617480921253,52.68012823327359,2026-07-04T12:45:06+00:00,data/models/risk_scores.parquet,0.1.0,E01026550,LSOA2021,England,IoD 2025,within,0.0,8,8,8,1,0,0,3.0,0.0,21.44200310654896,0.005352234471300121
76482C86-28EA-4221-9B09-5DFA08315303,23,99.97448979591836,rural_a_road,road_archetype,628,risk_percentile,99.98409153936304,1.3008081316947937,3.0544207096099854,25,1,6,15376.5,2.068,A Road,A Road,other_rural,rural_a_road,Single Carriageway,A6195,False,False,True,False,False,False,Rural,Smaller rural: Nearer to a major town or city,False,False,,-1.3608235870300531,53.52470823164325,2026-07-04T12:45:06+00:00,data/models/risk_scores.parquet,0.1.0,E01007349,LSOA2021,England,IoD 2025,within,0.0,2,3,2,1,0,0,3.0,0.0,54.8618005480729,1.5577453131883585
9F068480-CE0B-4CCA-AA7C-DB455776A7FF,24,99.97333024118738,rural_a_road,road_archetype,634,risk_percentile,99.98393930528997,1.2913241505622863,3.6007685899734496,0,0,0,20647.1,2.435,A Road,A Road,other_rural,rural_a_road,Collapsed Dual Carriageway,A189,False,False,True,True,False,False,Rural,Smaller rural: Nearer to a major town or city,False,True,sparse collision history,-1.5402810119082093,55.15988707703972,2026-07-04T12:45:06+00:00,data/models/risk_scores.parquet,0.1.0,E01027552,LSOA2021,England,IoD 2025,within,0.0,2,3,2,1,0,0,3.0,0.0,93.69432807254273,0.1459680968657151
7BF88232-B992-4162-8A4F-691D46F186E7,25,99.9721706864564,rural_a_road,road_archetype,658,risk_percentile,99.98333036899764,1.2629221260547638,1.3473511040210724,25,3,6,10029.7,4.288,A Road,A Road,other_rural,rural_a_road,Single Carriageway,A605,False,False,True,False,False,False,Rural,Smaller rural: Nearer to a major town or city,False,False,,-0.35991346388513795,52.52513907705885,2026-07-04T12:45:06+00:00,data/models/risk_scores.parquet,0.1.0,E01018128,LSOA2021,England,IoD 2025,within,0.0,6,7,9,1,0,0,3.0,0.0,24.206832567901714,0.7559506558153354
1A38E1CA-428C-4B15-8799-BDD892BA26A2,26,99.97101113172542,rural_a_road,road_archetype,669,risk_percentile,99.98305127319699,1.2487769365310668,2.6721373558044434,11,1,4,13486.9,3.048,A Road,A Road,other_rural,rural_a_road,Single Carriageway,A6201,False,False,False,False,False,False,Rural,Larger rural: Nearer to a major town or city,False,False,,-1.3091836249060005,53.60949869955839,2026-07-04T12:45:06+00:00,data/models/risk_scores.parquet,0.1.0,E01011858,LSOA2021,England,IoD 2025,within,0.0,4,5,4,1,0,0,3.0,0.0,36.84130686238799,0.3113199567597844
695203B7-B9A6-4843-A325-6B31111BE8F1,27,99.96985157699444,rural_a_road,road_archetype,678,risk_percentile,99.98282292208737,1.240711510181427,2.1425112009048464,7,0,1,17231.3,2.11,A Road,A Road,other_rural,rural_a_road,Collapsed Dual Carriageway,A6,False,False,True,True,False,False,Rural,Larger rural: Nearer to a major town or city,False,False,,-1.0265971360877326,52.563800577992595,2026-07-04T12:45:06+00:00,data/models/risk_scores.parquet,0.1.0,E01025783,LSOA2021,England,IoD 2025,within,0.0,8,7,8,1,0,0,3.0,0.0,105.91374610171457,1.3251112901063493
F2732AD7-CF49-434E-A5C7-8AB1984C7212,28,99.96869202226345,rural_a_road,road_archetype,680,risk_percentile,99.98277217739634,1.239331555366516,3.0158090114593508,5,0,2,15865.3,2.034,A Road,A Road,other_rural,rural_a_road,Single Carriageway,A59,False,False,True,False,False,False,Rural,Larger rural: Nearer to a major town or city,False,False,,-2.348107515797775,53.89207222783488,2026-07-04T12:45:06+00:00,data/models/risk_scores.parquet,0.1.0,E01025321,LSOA2021,England,IoD 2025,within,0.0,7,8,7,1,0,0,3.0,0.0,270.3681378328813,0.8218895998822353
D47EC248-2F53-46CD-BF84-A5C2B7F3EB2E,29,99.96753246753246,rural_a_road,road_archetype,683,risk_percentile,99.9826960603598,1.2348752617835999,2.016002666950226,8,0,6,9788.4,3.008,A Road,A Road,other_rural,rural_a_road,Single Carriageway,A619,False,False,True,False,False,False,Rural,Smaller rural: Nearer to a major town or city,False,False,,-1.643814315035322,53.23858615612702,2026-07-04T12:45:06+00:00,data/models/risk_scores.parquet,0.1.0,E01019606,LSOA2021,England,IoD 2025,within,0.0,9,10,9,1,0,0,3.0,0.0,75.52631000092146,0.19832998006357727
E46AF38D-9250-4703-B9AF-3053E175B0A8,30,99.96637291280149,rural_a_road,road_archetype,689,risk_percentile,99.98254382628672,1.2291051983833312,1.253856748342514,13,0,2,9734.1,2.359,A Road,A Road,other_rural,rural_a_road,Collapsed Dual Carriageway,A17,False,False,True,True,False,False,Rural,Smaller rural: Further from a major town or city,False,False,,-0.3786883977593813,53.004590000495824,2026-07-04T12:45:06+00:00,data/models/risk_scores.parquet,0.1.0,E01026208,LSOA2021,England,IoD 2025,within,0.0,7,7,6,1,0,0,3.0,0.0,17.196371094170615,2.0869795233552897
179495DC-5C0D-4F87-A0AD-FC4896079E85,31,99.9652133580705,rural_a_road,road_archetype,693,risk_percentile,99.98244233690467,1.2231159687042237,1.305417239665985,5,0,1,11074.8,2.738,A Road,A Road,other_rural,rural_a_road,Single Carriageway,A1079,False,False,True,False,False,False,Rural,Smaller rural: Nearer to a major town or city,False,False,,-0.41198635528475824,53.80717258208174,2026-07-04T12:45:06+00:00,data/models/risk_scores.parquet,0.1.0,E01013039,LSOA2021,England,IoD 2025,within,0.0,8,6,7,1,0,0,2.5,0.0,41.29273424430484,0.1714112871673228
31917B7A-64A1-4F37-B7A9-0BBE3B21DAEE,32,99.96405380333951,rural_a_road,road_archetype,718,risk_percentile,99.98180802826683,1.2004110097885132,2.0909192681312563,0,0,0,12409.8,2.271,A Road,A Road,other_rural,rural_a_road,Collapsed Dual Carriageway,A509,False,False,True,True,False,False,Rural,Smaller rural: Nearer to a major town or city,False,True,sparse collision history,-0.6972417703553211,52.08503244752874,2026-07-04T12:45:06+00:00,data/models/risk_scores.parquet,0.1.0,E01016801,LSOA2021,England,IoD 2025,within,0.0,7,8,9,1,0,0,3.0,0.0,26.901535888874104,1.8016163407202257
E3649341-7B50-4FD3-99BB-35AD94F5249F,33,99.96289424860854,rural_a_road,road_archetype,757,risk_percentile,99.98081850679179,1.1596853494644166,3.1172706842422486,2,0,2,16973.6,1.791,A Road,A Road,other_rural,rural_a_road,Single Carriageway,A628,False,False,True,False,False,False,Rural,Larger rural: Nearer to a major town or city,False,False,,-1.336218633157537,53.61328647439496,2026-07-04T12:45:06+00:00,data/models/risk_scores.parquet,0.1.0,E01011788,LSOA2021,England,IoD 2025,within,0.0,6,7,5,1,0,0,3.0,0.0,1719.1880781649577,0.007968270158887882
A77B3954-80BC-4ED5-A9D0-970F9E26186E,34,99.96173469387755,rural_a_road,road_archetype,773,risk_percentile,99.98041254926358,1.1485628485679626,2.9749077558517456,5,1,3,15002.4,2.139,A Road,A Road,other_rural,rural_a_road,Single Carriageway,A523,False,False,True,False,False,False,Rural,Smaller rural: Nearer to a major town or city,False,False,,-2.1436312664270747,53.3414421096703,2026-07-04T12:45:06+00:00,data/models/risk_scores.parquet,0.1.0,E01018668,LSOA2021,England,IoD 2025,within,0.0,9,10,10,1,0,0,3.0,0.0,83.0672198793343,0.04742580927663556
7C63D886-147E-44F0-BE1C-9FF3EBD78997,35,99.96057513914657,rural_a_road,road_archetype,783,risk_percentile,99.98015882580845,1.14240505695343,1.825798785686493,1,0,0,9481.6,2.362,A Road,A Road,other_rural,rural_a_road,Single Carriageway,A1173,False,False,True,False,False,False,Rural,Larger rural: Nearer to a major town or city,False,True,sparse collision history,-0.28660095200978625,53.51331299741404,2026-07-04T12:45:06+00:00,data/models/risk_scores.parquet,0.1.0,E01026367,LSOA2021,England,IoD 2025,within,0.0,3,4,3,1,0,0,3.0,0.0,9.281954387787325,0.8500440596903971
864237C8-BAF6-4447-91F1-3AC0DB42B2B0,36,99.9594155844156,rural_a_road,road_archetype,802,risk_percentile,99.97967675124369,1.126174259185791,2.476217472553253,3,0,1,16210.8,2.703,A Road,A Road,other_rural,rural_a_road,Single Carriageway,A168,False,False,False,False,False,False,Rural,Smaller rural: Nearer to a major town or city,False,False,,-1.4114459239521544,54.10296384189585,2026-07-04T12:45:06+00:00,data/models/risk_scores.parquet,0.1.0,E01027687,LSOA2021,England,IoD 2025,within,0.0,8,7,8,1,0,0,3.0,0.0,107.39833826382781,0.22176345527516733
F1EBF52E-8BF8-4479-8191-56A0FB9D563B,37,99.9582560296846,rural_a_road,road_archetype,834,risk_percentile,99.97886483618726,1.1028011322021485,3.3630852937698363,4,0,1,22583.5,0.869,A Road,A Road,other_rural,rural_a_road,Single Carriageway,A61,False,False,True,False,False,False,Rural,Smaller rural: Nearer to a major town or city,False,False,,-1.4184913027959505,53.13602218427366,2026-07-04T12:45:06+00:00,data/models/risk_scores.parquet,0.1.0,E01019818,LSOA2021,England,IoD 2025,within,0.0,2,2,2,1,0,0,3.0,0.0,3736.7024243950686,2.0164094797187038
B303D610-A520-4619-81E3-3AA9ED7BDDA9,38,99.95709647495362,rural_a_road,road_archetype,862,risk_percentile,99.97815441051287,1.0752183735370635,1.1205401510000228,20,5,2,7876.6,3.422,A Road,A Road,other_rural,rural_a_road,Single Carriageway,A16,False,False,True,False,False,False,Rural,Smaller rural: Nearer to a major town or city,False,False,,-0.18615294716037425,52.65289971252701,2026-07-04T12:45:06+00:00,data/models/risk_scores.parquet,0.1.0,E01015630,LSOA2021,England,IoD 2025,within,0.0,4,4,4,1,0,0,3.0,0.0,10.594322097806591,0.009809727549038772
E997C98A-8910-4A9A-A070-0701F379C461,39,99.95593692022263,rural_a_road,road_archetype,864,risk_percentile,99.97810366582185,1.0736197412014008,1.3565318405628204,16,0,4,9404.0,2.723,A Road,A Road,other_rural,rural_a_road,Single Carriageway,A17,False,False,True,False,False,False,Rural,Smaller rural: Further from a major town or city,False,False,,-0.02136065547809058,52.839771897347646,2026-07-04T12:45:06+00:00,data/models/risk_scores.parquet,0.1.0,E01026283,LSOA2021,England,IoD 2025,within,0.0,6,8,6,1,0,0,3.0,0.0,16.506421898414935,2.4300805588893133
E598C1C7-40F7-4896-BCFC-10AAEC3A192E,40,99.95477736549165,rural_a_road,road_archetype,865,risk_percentile,99.97807829347633,1.0729712843894958,1.5088877916336059,6,1,2,8940.7,2.311,A Road,A Road,other_rural,rural_a_road,Single Carriageway,A16,False,False,True,False,False,False,Rural,Larger rural: Nearer to a major town or city,False,False,,-0.14053121269510738,52.75552301997886,2026-07-04T12:45:06+00:00,data/models/risk_scores.parquet,0.1.0,E01026284,LSOA2021,England,IoD 2025,within,0.0,6,6,6,1,0,0,3.0,0.0,19.414117212221914,0.34967935326284366
80B0AD9D-C133-42A5-B7B4-A096DFBDC21C,41,99.95361781076066,rural_a_road,road_archetype,875,risk_percentile,99.9778245700212,1.067838090658188,2.591436576843262,2,0,1,14643.2,2.133,A Road,A Road,other_rural,rural_a_road,Collapsed Dual Carriageway,A491,False,False,True,True,False,False,Rural,Smaller rural: Nearer to a major town or city,False,False,,-2.1159946457276253,52.41211566725946,2026-07-04T12:45:06+00:00,data/models/risk_scores.parquet,0.1.0,E01032136,LSOA2021,England,IoD 2025,within,0.0,8,10,9,1,0,0,3.0,0.0,570.224600508693,0.0031531693244081184
7768B36A-DCCC-4387-B4C8-1247F0012845,42,99.95245825602969,rural_a_road,road_archetype,890,risk_percentile,99.9774439848385,1.0581087827682496,2.955380892753601,4,0,2,9478.1,2.037,A Road,A Road,other_rural,rural_a_road,Single Carriageway,A515,False,False,True,False,False,False,Rural,Smaller rural: Nearer to a major town or city,False,False,,-1.7789206129004134,52.83561847505751,2026-07-04T12:45:06+00:00,data/models/risk_scores.parquet,0.1.0,E01029424,LSOA2021,England,IoD 2025,within,0.0,6,9,8,1,0,0,3.5,0.0,27.60271701638905,0.5026687546912768
546F87F2-1AF0-482C-9884-BB1FB6FC9655,43,99.9512987012987,rural_a_road,road_archetype,891,risk_percentile,99.97741861249298,1.057415133714676,2.3337122321128847,7,1,0,12883.1,2.203,A Road,A Road,other_rural,rural_a_road,Single Carriageway,A15,False,False,True,False,False,False,Rural,Smaller rural: Further from a major town or city,False,False,,-0.3810676871970031,52.82546456230443,2026-07-04T12:45:06+00:00,data/models/risk_scores.parquet,0.1.0,E01026290,LSOA2021,England,IoD 2025,within,0.0,5,7,5,1,0,0,3.5,0.0,88.57584834630948,1.266121505675666
558687C0-1B38-43FC-8F23-90FCE23F2D17,44,99.95013914656772,rural_a_road,road_archetype,905,risk_percentile,99.97706339965579,1.0468731701374054,2.3648039579391478,6,0,4,8392.0,2.084,A Road,A Road,other_rural,rural_a_road,Single Carriageway,A57,False,False,False,False,False,False,Rural,Smaller rural: Further from a major town or city,False,False,,-1.6758441007664,53.38262425446388,2026-07-04T12:45:06+00:00,data/models/risk_scores.parquet,0.1.0,E01019736,LSOA2021,England,IoD 2025,within,0.0,6,10,10,1,0,0,3.0,0.0,1.5010129175407232,0.4781366094826186
496D2E34-ED6F-402C-A584-0337313A01A9,45,99.94897959183675,rural_a_road,road_archetype,916,risk_percentile,99.97678430385515,1.040762084722519,2.6619109392166136,2,0,1,14345.7,2.023,A Road,A Road,other_rural,rural_a_road,Single Carriageway,A427,False,False,True,False,False,False,Rural,Smaller rural: Further from a major town or city,False,False,,-0.7501805471248219,52.49439859113118,2026-07-04T12:45:06+00:00,data/models/risk_scores.parquet,0.1.0,E01026980,LSOA2021,England,IoD 2025,within,0.0,8,9,8,1,0,0,3.0,0.0,82.7912605334587,0.7027401922897185
4D37EAAA-9408-4785-9602-23AC36B73AAA,46,99.94782003710576,rural_a_road,road_archetype,919,risk_percentile,99.97670818681861,1.0387439370155334,1.8268730759620666,2,0,0,13251.7,1.824,A Road,A Road,other_rural,rural_a_road,Single Carriageway,A41,False,False,True,False,False,False,Rural,Larger rural: Further from a major town or city,False,False,,-2.6923933142806677,52.95849571212301,2026-07-04T12:45:06+00:00,data/models/risk_scores.parquet,0.1.0,E01028896,LSOA2021,England,IoD 2025,within,0.0,6,5,5,1,0,0,3.0,0.0,80.79901822124897,1.9508198446873108
7D9E625C-E9C2-414B-BF64-42C107A6FEBA,47,99.94666048237477,rural_a_road,road_archetype,923,risk_percentile,99.97660669743655,1.0366137735545635,2.395950973033905,5,0,2,17382.6,2.201,A Road,A Road,other_rural,rural_a_road,Collapsed Dual Carriageway,A54,False,False,True,True,False,False,Rural,Larger rural: Nearer to a major town or city,False,False,,-2.7143125031829887,53.21345244145526,2026-07-04T12:45:06+00:00,data/models/risk_scores.parquet,0.1.0,E01018350,LSOA2021,England,IoD 2025,within,0.0,10,10,10,1,0,0,3.0,0.0,253.90902334780355,0.28783731896464293
32652C0A-F2FF-48CB-9D4F-F83A01318183,48,99.94550092764378,rural_a_road,road_archetype,924,risk_percentile,99.97658132509105,1.036165913939476,1.9027399361133575,8,1,2,11078.2,2.625,A Road,A Road,other_rural,rural_a_road,Single Carriageway,A34,False,False,True,False,False,False,Rural,Smaller rural: Nearer to a major town or city,False,False,,-2.248695732908591,53.2842737385222,2026-07-04T12:45:06+00:00,data/models/risk_scores.parquet,0.1.0,E01018580,LSOA2021,England,IoD 2025,within,0.0,9,10,9,1,0,0,3.0,0.0,65.47264904596973,0.00016581957144376014
398672F4-2711-47E7-93EA-56A6A08352EC,49,99.9443413729128,rural_a_road,road_archetype,925,risk_percentile,99.97655595274553,1.034031516313553,1.6295367658138276,5,0,2,9656.6,3.003,A Road,A Road,other_rural,rural_a_road,Single Carriageway,A170,False,False,True,False,False,False,Rural,Smaller rural: Further from a major town or city,False,False,,-1.0832406946262998,54.227238816515495,2026-07-04T12:45:06+00:00,data/models/risk_scores.parquet,0.1.0,E01027780,LSOA2021,England,IoD 2025,within,0.0,6,8,8,1,0,0,3.0,0.0,5.772871278181518,0.0991321450628648
A92454AB-F38F-40AE-A4DF-D78D65BD1004,50,99.94318181818181,rural_a_road,road_archetype,931,risk_percentile,99.97640371867244,1.0311494708061217,3.2742259025573732,1,1,0,14712.9,1.714,A Road,A Road,other_rural,rural_a_road,Single Carriageway,A444,False,False,True,False,False,False,Rural,Smaller rural: Nearer to a major town or city,False,True,sparse collision history,-1.4929122128482348,52.63386387710114,2026-07-04T12:45:06+00:00,data/models/risk_scores.parquet,0.1.0,E01025882,LSOA2021,England,IoD 2025,within,0.0,6,9,7,1,0,0,3.0,0.0,23.79183977813855,2.270973464897448
04048D57-417D-4203-9350-47769926038E,51,99.94202226345084,rural_a_road,road_archetype,932,risk_percentile,99.97637834632694,1.0303008496761321,1.8169241547584534,10,0,1,9285.9,2.95,A Road,A Road,other_rural,rural_a_road,Single Carriageway,A672,False,False,False,False,False,False,Rural,Smaller rural: Nearer to a major town or city,False,False,,-1.994137701721313,53.63855803518799,2026-07-04T12:45:06+00:00,data/models/risk_scores.parquet,0.1.0,E01010955,LSOA2021,England,IoD 2025,within,0.0,6,8,9,1,0,0,2.5,0.0,20.495658127054636,0.8294913377375898
721C8FAB-D2CF-4D94-B743-1BC3D7ECB714,52,99.94086270871985,rural_a_road,road_archetype,942,risk_percentile,99.9761246228718,1.0243482649326325,2.8694979190826415,4,0,1,19496.7,1.587,A Road,A Road,other_rural,rural_a_road,Single Carriageway,A167,False,False,True,False,False,False,Rural,Smaller rural: Nearer to a major town or city,False,False,,-1.5776476803037032,54.72082557567026,2026-07-04T12:45:06+00:00,data/models/risk_scores.parquet,0.1.0,E01020696,LSOA2021,England,IoD 2025,within,0.0,3,4,3,1,0,0,2.5,0.0,254.60756334975187,2.375092954191567
851D208F-C046-4543-828B-6957D28CE0D6,53,99.93970315398887,rural_a_road,road_archetype,943,risk_percentile,99.97609925052629,1.024056899547577,3.1490844011306764,12,3,2,10927.9,1.447,A Road,A Road,other_rural,rural_a_road,Single Carriageway,A41,False,False,True,False,False,False,Rural,Smaller rural: Nearer to a major town or city,False,False,,-2.4799553348769243,52.85218251950777,2026-07-04T12:45:06+00:00,data/models/risk_scores.parquet,0.1.0,E01028869,LSOA2021,England,IoD 2025,within,0.0,6,8,7,1,0,0,4.0,0.0,107.23660973885846,1.0768941254269597
77C2101B-5C4B-4097-9859-005CC87E2DDE,54,99.93854359925788,rural_a_road,road_archetype,951,risk_percentile,99.97589627176218,1.0200009882450103,2.3306550860404966,9,1,1,15549.3,2.021,A Road,A Road,other_rural,rural_a_road,Single Carriageway,A1198,False,False,False,False,False,False,Rural,Smaller rural: Nearer to a major town or city,False,False,,-0.1309845815092963,52.26703554264438,2026-07-04T12:45:06+00:00,data/models/risk_scores.parquet,0.1.0,E01018204,LSOA2021,England,IoD 2025,within,0.0,9,9,9,1,0,0,3.0,0.0,83.49166288531839,2.57853911609451
72564C23-6F48-497F-93F4-E4D49C963E6D,55,99.9373840445269,rural_a_road,road_archetype,954,risk_percentile,99.97582015472564,1.018073183298111,1.9562483310699463,7,0,2,18035.3,1.707,A Road,A Road,other_rural,rural_a_road,Single Carriageway,A49,False,False,True,False,False,False,Rural,Larger rural: Nearer to a major town or city,False,False,,-2.6731843805762403,53.155121111301284,2026-07-04T12:45:06+00:00,data/models/risk_scores.parquet,0.1.0,E01018723,LSOA2021,England,IoD 2025,within,0.0,9,8,8,1,0,0,2.5,0.0,1085.1602021150968,0.9446086631259489
29673D86-6501-4625-9926-1395762AB66D,56,99.93622448979592,rural_a_road,road_archetype,955,risk_percentile,99.97579478238012,1.01782568693161,1.1382730901241302,7,0,1,6577.8,2.745,A Road,A Road,other_rural,rural_a_road,Single Carriageway,A159,False,False,True,False,False,False,Rural,Smaller rural: Nearer to a major town or city,False,False,,-0.7521667070206414,53.4254704662355,2026-07-04T12:45:06+00:00,data/models/risk_scores.parquet,0.1.0,E01026407,LSOA2021,England,IoD 2025,within,0.0,4,5,4,1,0,0,2.5,0.0,8.330614415151862,0.5809367473996574
AF4EE144-7E44-4CC4-9B54-610176A9B9B2,57,99.93506493506493,rural_a_road,road_archetype,956,risk_percentile,99.97576941003462,1.0164985179901123,1.87026047706604,6,0,1,13549.7,2.006,A Road,A Road,other_rural,rural_a_road,Collapsed Dual Carriageway,A1270,False,False,True,True,False,False,Rural,Larger rural: Nearer to a major town or city,False,False,,1.344728508847754,52.67810261491389,2026-07-04T12:45:06+00:00,data/models/risk_scores.parquet,0.1.0,E01026550,LSOA2021,England,IoD 2025,within,0.0,8,8,8,1,0,0,3.0,0.0,21.44200310654896,0.036561367369181086
C0CD2DED-3854-44C6-A6B8-6F6D4DB93EE2,58,99.93390538033395,rural_a_road,road_archetype,973,risk_percentile,99.97533808016088,1.0062300622463227,2.9260511875152586,3,0,0,14301.0,1.898,A Road,A Road,other_rural,rural_a_road,Single Carriageway,A658,False,False,True,False,False,False,Rural,Smaller rural: Nearer to a major town or city,False,False,,-1.480636978399842,53.97268536947291,2026-07-04T12:45:06+00:00,data/models/risk_scores.parquet,0.1.0,E01027704,LSOA2021,England,IoD 2025,within,0.0,8,9,10,1,0,0,3.0,0.0,71.48889873082231,0.053047363268743465
DD7D4CB3-327A-46FF-8499-ACE4934AFA78,59,99.93274582560296,rural_a_road,road_archetype,977,risk_percentile,99.97523659077882,1.003596729040146,4.460353231430053,4,0,0,23772.1,1.466,A Road,A Road,other_rural,rural_a_road,Single Carriageway,A628,False,False,True,False,False,False,Rural,Larger rural: Nearer to a major town or city,False,False,,-1.3641166618321074,53.60191431110694,2026-07-04T12:45:06+00:00,data/models/risk_scores.parquet,0.1.0,E01011865,LSOA2021,England,IoD 2025,within,0.0,1,2,1,1,0,0,3.0,0.0,356.01821496096375,0.3537187233086076
7966BD1B-619E-442A-9DEA-8A281061A979,60,99.93158627087199,rural_a_road,road_archetype,979,risk_percentile,99.9751858460878,1.0035090744495392,3.0445016860961913,10,1,4,12979.8,2.024,A Road,A Road,other_rural,rural_a_road,Single Carriageway,A143,False,False,True,False,False,False,Rural,Smaller rural: Further from a major town or city,False,False,,1.6109875915145955,52.523970987794186,2026-07-04T12:45:06+00:00,data/models/risk_scores.parquet,0.1.0,E01026943,LSOA2021,England,IoD 2025,within,0.0,5,7,7,1,0,0,3.0,0.0,22.679553349325765,0.24770249626798801
039F4696-111A-4929-8A52-D61C92D8536D,61,99.930426716141,rural_a_road,road_archetype,980,risk_percentile,99.97516047374229,1.0030811429023743,1.6994077444076539,5,1,0,10722.5,2.239,A Road,A Road,other_rural,rural_a_road,Single Carriageway,A15,False,False,True,False,False,False,Rural,Larger rural: Nearer to a major town or city,False,False,,-0.5124673721771627,53.194675892573485,2026-07-04T12:45:06+00:00,data/models/risk_scores.parquet,0.1.0,E01026203,LSOA2021,England,IoD 2025,within,0.0,8,7,8,1,0,0,3.0,0.0,50.29329424457134,0.3490921954332975
CE450F0C-FA6C-4816-9586-FCA0245DE702,62,99.92926716141002,rural_a_road,road_archetype,983,risk_percentile,99.97508435670575,1.0013203918933868,2.3381240606307983,12,2,0,11432.5,1.96,A Road,A Road,other_rural,rural_a_road,Single Carriageway,A54,False,False,True,False,False,False,Rural,Smaller rural: Nearer to a major town or city,False,False,,-2.416885408921899,53.19813491245178,2026-07-04T12:45:06+00:00,data/models/risk_scores.parquet,0.1.0,E01018722,LSOA2021,England,IoD 2025,within,0.0,7,9,8,1,0,0,3.0,0.0,26.97347091764342,0.2453837370732236
4AE4C0FF-8637-4A5C-BC59-43EB37BE5A13,63,99.92810760667903,rural_a_road,road_archetype,994,risk_percentile,99.9748052609051,0.9953513324260712,1.6817178070545196,11,0,3,12453.9,2.511,A Road,A Road,other_rural,rural_a_road,Single Carriageway,A15,False,False,True,False,False,False,Rural,Smaller rural: Nearer to a major town or city,False,False,,-0.3092182836693352,52.649007439069415,2026-07-04T12:45:06+00:00,data/models/risk_scores.parquet,0.1.0,E01015636,LSOA2021,England,IoD 2025,within,0.0,8,9,9,1,0,0,3.0,0.0,25.800230402914153,1.2728656142663597
9275911D-F530-4D2D-866D-CF10AEFF16BD,64,99.92694805194805,rural_a_road,road_archetype,998,risk_percentile,99.97470377152304,0.9942989885807038,2.504450237751007,4,1,0,11019.8,1.785,A Road,A Road,other_rural,rural_a_road,Single Carriageway,A47,False,False,True,False,False,False,Rural,Smaller rural: Nearer to a major town or city,False,False,,-0.6158026753786157,52.5957448825547,2026-07-04T12:45:06+00:00,data/models/risk_scores.parquet,0.1.0,E01013792,LSOA2021,England,IoD 2025,within,0.0,8,9,9,1,0,0,3.5,0.0,64.97300498661596,0.6223665573936367
98F4DCF9-EDB7-4A34-9367-F6B2FA90D2AB,65,99.92578849721707,rural_a_road,road_archetype,999,risk_percentile,99.97467839917753,0.9931544363498688,2.4042638897895814,1,0,1,7183.0,2.255,A Road,A Road,other_rural,rural_a_road,Single Carriageway,A458,False,False,True,False,False,False,Rural,Smaller rural: Nearer to a major town or city,False,True,sparse collision history,-2.709347586126845,52.67835715320753,2026-07-04T12:45:06+00:00,data/models/risk_scores.parquet,0.1.0,E01035067,LSOA2021,England,IoD 2025,within,0.0,6,9,9,1,0,0,3.5,0.0,20.51395652390542,0.5737659827413443
07A3FD00-E44D-4A39-A7F9-2BCBBA68E869,66,99.92462894248608,rural_a_road,road_archetype,1001,risk_percentile,99.9746276544865,0.9916603088378906,1.649552047252655,9,0,5,9740.9,1.952,A Road,A Road,other_rural,rural_a_road,Single Carriageway,A17,False,False,True,False,False,False,Rural,Larger rural: Further from a major town or city,False,False,,0.20946361162921137,52.76201719750575,2026-07-04T12:45:06+00:00,data/models/risk_scores.parquet,0.1.0,E01026278,LSOA2021,England,IoD 2025,within,0.0,4,6,5,1,0,0,2.5,0.0,35.449606763821606,2.210896208359239
3EE70EC5-DB91-41A7-A7C1-9194F7798412,67,99.9234693877551,rural_a_road,road_archetype,1005,risk_percentile,99.97452616510445,0.9902045130729675,3.1530144214630127,2,0,0,18135.7,1.099,A Road,A Road,other_rural,rural_a_road,Single Carriageway,A583,False,False,True,False,False,False,Rural,Smaller rural: Nearer to a major town or city,False,False,,-2.8130684869195286,53.76403485859597,2026-07-04T12:45:06+00:00,data/models/risk_scores.parquet,0.1.0,E01025014,LSOA2021,England,IoD 2025,within,0.0,7,7,6,1,0,0,3.5,0.0,2593.9542211572416,1.6632225820287154
A044C078-F050-4EF6-AD59-1E1E802DEBC9,68,99.92230983302412,rural_a_road,road_archetype,1006,risk_percentile,99.97450079275893,0.989714938402176,2.271356964111328,4,1,1,17529.3,1.664,A Road,A Road,other_rural,rural_a_road,Single Carriageway,A52,False,False,True,False,False,False,Rural,Larger rural: Nearer to a major town or city,False,False,,-1.727173553556917,53.00464339976605,2026-07-04T12:45:06+00:00,data/models/risk_scores.parquet,0.1.0,E01019596,LSOA2021,England,IoD 2025,within,0.0,9,8,7,1,0,0,3.0,0.0,1561.8323761185484,1.2678704457941725
664D2C84-0D87-49BA-9428-DFB55D834F3E,69,99.92115027829314,rural_a_road,road_archetype,1011,risk_percentile,99.97437393103137,0.986118221282959,2.4236361145973206,4,2,1,14927.5,1.746,A Road,A Road,other_rural,rural_a_road,Collapsed Dual Carriageway,A500,False,False,True,True,False,False,Rural,Smaller rural: Nearer to a major town or city,False,False,,-2.3964617904167427,53.070588351342515,2026-07-04T12:45:06+00:00,data/models/risk_scores.parquet,0.1.0,E01034672,LSOA2021,England,IoD 2025,within,0.0,5,7,5,1,0,0,3.0,0.0,116.88370577523624,0.07046080919223692
F043B6B8-D1E5-4B8B-BBE2-757D67B75A72,70,99.91999072356215,rural_a_road,road_archetype,1030,risk_percentile,99.97389185646661,0.9743340611457825,2.023202288150787,3,0,0,15040.4,2.061,A Road,A Road,other_rural,rural_a_road,Collapsed Dual Carriageway,A1270,False,False,True,True,False,False,Rural,Smaller rural: Nearer to a major town or city,False,False,,1.3821395168831545,52.64119980070503,2026-07-04T12:45:06+00:00,data/models/risk_scores.parquet,0.1.0,E01026546,LSOA2021,England,IoD 2025,within,0.0,10,10,10,1,0,0,3.0,0.0,59.55217658618551,0.0011380114467768132
3BEB655B-B0A8-41A9-8970-0E9585B56BA8,71,99.91883116883116,rural_a_road,road_archetype,1034,risk_percentile,99.97379036708456,0.9737854897975922,3.307812285423279,6,0,2,17669.6,1.994,A Road,A Road,other_rural,rural_a_road,Single Carriageway,A6195,False,False,False,False,False,False,Rural,Larger rural: Nearer to a major town or city,False,False,,-1.3788244406581516,53.56150788813422,2026-07-04T12:45:06+00:00,data/models/risk_scores.parquet,0.1.0,E01007332,LSOA2021,England,IoD 2025,within,0.0,1,2,1,1,0,0,3.0,0.0,83.8080212827744,0.04617150428090443
407250BF-11AC-4FCB-B91C-60633371B248,72,99.91767161410019,rural_a_road,road_archetype,1038,risk_percentile,99.9736888777025,0.9713940680027008,2.0840580224990846,11,0,0,12252.2,1.888,A Road,A Road,other_rural,rural_a_road,Collapsed Dual Carriageway,A500,False,False,True,True,False,False,Rural,Smaller rural: Nearer to a major town or city,False,False,,-2.4239756731756747,53.07042183006283,2026-07-04T12:45:06+00:00,data/models/risk_scores.parquet,0.1.0,E01034672,LSOA2021,England,IoD 2025,within,0.0,5,7,5,1,0,0,3.0,0.0,78.04681541247837,0.0698212967570653
AB716A81-7752-41AD-8AF8-E85F90AC4624,73,99.9165120593692,rural_a_road,road_archetype,1049,risk_percentile,99.97340978190185,0.9657987952232361,1.7915284395217896,4,1,0,16317.0,1.836,A Road,A Road,other_rural,rural_a_road,Collapsed Dual Carriageway,A683,False,False,True,True,False,False,Rural,Larger rural: Nearer to a major town or city,False,False,,-2.790045918926764,54.0747488084634,2026-07-04T12:45:06+00:00,data/models/risk_scores.parquet,0.1.0,E01025108,LSOA2021,England,IoD 2025,within,0.0,8,7,6,1,0,0,3.0,0.0,163.35111934298558,0.13101036661207952
205BD5AC-FF5C-4619-BFAA-27891C117EE4,74,99.91535250463822,rural_a_road,road_archetype,1060,risk_percentile,99.97313068610121,0.960182535648346,1.908951961994171,15,0,1,10218.8,2.088,A Road,A Road,other_rural,rural_a_road,Single Carriageway,A149,False,False,True,False,False,False,Rural,Smaller rural: Further from a major town or city,False,False,,0.4560614986983748,52.763294807668004,2026-07-04T12:45:06+00:00,data/models/risk_scores.parquet,0.1.0,E01026674,LSOA2021,England,IoD 2025,within,0.0,5,7,7,1,0,0,2.5,0.0,39.39724911236276,0.5820910644084252
46BB1CB5-AD16-4E7E-8065-CD3FA1197301,75,99.91419294990723,rural_a_road,road_archetype,1061,risk_percentile,99.9731053137557,0.9596598863601684,1.6889009833335877,1,0,0,6788.0,2.251,A Road,A Road,other_rural,rural_a_road,Single Carriageway,A68,False,False,True,False,False,False,Rural,Larger rural: Further from a major town or city,False,True,sparse collision history,-1.8499377014243992,54.76818721190498,2026-07-04T12:45:06+00:00,data/models/risk_scores.parquet,0.1.0,E01020646,LSOA2021,England,IoD 2025,within,0.0,3,4,3,1,0,0,3.5,0.0,14.06294425695891,2.5584708110665138
F01544C9-8ADA-4C4F-A26F-43BCC723665F,76,99.91303339517626,rural_a_road,road_archetype,1064,risk_percentile,99.97302919671915,0.9575888872146606,2.1906209349632264,6,1,2,16756.6,1.725,A Road,A Road,other_rural,rural_a_road,Collapsed Dual Carriageway,A1270,False,False,True,True,False,False,Rural,Smaller rural: Nearer to a major town or city,False,False,,1.279424219105105,52.6813907868468,2026-07-04T12:45:06+00:00,data/models/risk_scores.parquet,0.1.0,E01026549,LSOA2021,England,IoD 2025,within,0.0,6,6,5,1,0,0,3.0,0.0,146.28354167295177,0.011869745861298504
E3CBCF61-5368-4E06-A8B8-FB85152DF370,77,99.91187384044527,rural_a_road,road_archetype,1065,risk_percentile,99.97300382437363,0.9573599696159363,2.7527469873428343,3,1,1,16885.9,1.573,A Road,A Road,other_rural,rural_a_road,Collapsed Dual Carriageway,A689,False,False,True,True,False,False,Rural,Smaller rural: Nearer to a major town or city,False,False,,-1.363860908832129,54.64544193641842,2026-07-04T12:45:06+00:00,data/models/risk_scores.parquet,0.1.0,E01011959,LSOA2021,England,IoD 2025,within,0.0,8,8,9,1,0,0,3.5,0.0,370.4030469559978,0.24825052139439788
94B8BB7C-9879-4D68-902F-F0F578827C7D,78,99.91071428571429,rural_a_road,road_archetype,1071,risk_percentile,99.97285159030056,0.9545120596885681,2.2754759669303892,7,1,2,7529.5,2.134,A Road,A Road,other_rural,rural_a_road,Single Carriageway,A1066,False,False,True,False,False,False,Rural,Smaller rural: Further from a major town or city,False,False,,0.9236448888221587,52.39660031635877,2026-07-04T12:45:06+00:00,data/models/risk_scores.parquet,0.1.0,E01026441,LSOA2021,England,IoD 2025,within,0.0,4,7,5,1,0,0,3.5,0.0,13.098875560053306,0.2793573073612911
7D15541A-8E03-4551-80C4-C2110EFCE091,79,99.9095547309833,rural_a_road,road_archetype,1072,risk_percentile,99.97282621795505,0.9541152238845825,2.7959691762924193,1,0,0,17882.3,2.069,A Road,A Road,other_rural,rural_a_road,Single Carriageway,A508,False,False,True,False,False,False,Rural,Larger rural: Nearer to a major town or city,False,True,sparse collision history,-0.8974859004595326,52.324122276472096,2026-07-04T12:45:06+00:00,data/models/risk_scores.parquet,0.1.0,E01027001,LSOA2021,England,IoD 2025,within,0.0,10,9,10,1,0,0,3.0,0.0,4062.988726243346,0.4053295139494477
A3DC3DF9-582C-4870-87D3-6FF011EBBE33,80,99.90839517625231,rural_a_road,road_archetype,1075,risk_percentile,99.9727501009185,0.9524588882923126,3.525071310997009,4,1,0,19031.7,1.78,A Road,A Road,other_rural,rural_a_road,Single Carriageway,A1237,False,False,True,False,False,False,Rural,Smaller rural: Nearer to a major town or city,False,False,,-1.1461151313038804,53.927733523193105,2026-07-04T12:45:06+00:00,data/models/risk_scores.parquet,0.1.0,E01013421,LSOA2021,England,IoD 2025,within,0.0,9,10,10,1,0,0,3.0,0.0,89.52563339754876,0.13788641267767776
DBCFC05E-F550-465D-9035-F0149972B714,81,99.90723562152134,rural_a_road,road_archetype,1076,risk_percentile,99.972724728573,0.951663362979889,1.8671217799186706,4,0,1,10933.0,2.119,A Road,A Road,other_rural,rural_a_road,Single Carriageway,A689,False,False,True,False,False,False,Rural,Smaller rural: Nearer to a major town or city,False,False,,-2.9745458813534644,54.906558551017326,2026-07-04T12:45:06+00:00,data/models/risk_scores.parquet,0.1.0,E01019240,LSOA2021,England,IoD 2025,within,0.0,8,8,8,1,0,0,3.0,0.0,28.20868574599288,0.09324405540025692
EA2533F7-A397-445D-A35F-D1DDDBC16C23,82,99.90607606679035,rural_a_road,road_archetype,1086,risk_percentile,99.97247100511785,0.945130717754364,2.203542721271515,0,0,0,15142.4,1.845,A Road,A Road,other_rural,rural_a_road,Single Carriageway,A422,False,False,True,False,False,False,Rural,Larger rural: Further from a major town or city,False,True,sparse collision history,-1.2750838977968142,52.06938182087127,2026-07-04T12:45:06+00:00,data/models/risk_scores.parquet,0.1.0,E01027291,LSOA2021,England,IoD 2025,within,0.0,10,9,10,1,0,0,3.0,0.0,69.44037037588258,1.0543106072627046
CE7B4229-472D-448F-A7E3-EAB9A556C535,83,99.90491651205937,rural_a_road,road_archetype,1101,risk_percentile,99.97209041993516,0.9401297688484191,3.6189870119094847,5,0,1,21619.3,1.089,A Road,A Road,other_rural,rural_a_road,Single Carriageway,A167,False,False,True,False,False,False,Rural,Larger rural: Nearer to a major town or city,False,False,,-1.559514830480081,54.66941634204395,2026-07-04T12:45:06+00:00,data/models/risk_scores.parquet,0.1.0,E01034507,LSOA2021,England,IoD 2025,within,0.0,3,4,3,1,0,0,3.0,0.0,135.3617368134994,2.3791085411673487
F4E73F3A-0D66-474C-B969-B0412FF9DC99,84,99.90375695732838,rural_a_road,road_archetype,1114,risk_percentile,99.97176057944348,0.9330265402793885,2.276600456237793,11,1,3,13445.0,1.853,A Road,A Road,other_rural,rural_a_road,Single Carriageway,A63,False,False,True,False,False,False,Rural,Larger rural: Nearer to a major town or city,False,False,,-1.3290615451478573,53.77899224670213,2026-07-04T12:45:06+00:00,data/models/risk_scores.parquet,0.1.0,E01011299,LSOA2021,England,IoD 2025,within,0.0,6,6,6,1,0,0,3.0,0.0,44.162893248247705,0.0841704413879723
1A6BD765-C254-4BCA-90D8-EEBCBD444D5C,85,99.90259740259741,rural_a_road,road_archetype,1120,risk_percentile,99.9716083453704,0.9290057182312011,2.0720797300338747,4,0,1,15213.1,1.839,A Road,A Road,other_rural,rural_a_road,Collapsed Dual Carriageway,A683,False,False,True,True,False,False,Rural,Larger rural: Further from a major town or city,False,False,,-2.8183213433337553,54.067350075999755,2026-07-04T12:45:06+00:00,data/models/risk_scores.parquet,0.1.0,E01025159,LSOA2021,England,IoD 2025,within,0.0,6,6,6,1,0,0,3.0,0.0,96.66957506556754,0.29601059406740304
B10D0CAF-4CD8-48B7-AB42-B0D3BA3E7ACE,86,99.90143784786642,rural_a_road,road_archetype,1125,risk_percentile,99.97148148364283,0.924966549873352,2.7107483625411986,8,1,1,13469.1,1.717,A Road,A Road,other_rural,rural_a_road,Single Carriageway,A511,False,False,True,False,False,False,Rural,Smaller rural: Nearer to a major town or city,False,False,,-1.4900875246648162,52.76372344923916,2026-07-04T12:45:06+00:00,data/models/risk_scores.parquet,0.1.0,E01019843,LSOA2021,England,IoD 2025,within,0.0,7,9,8,1,0,0,3.0,0.0,42.420444596496324,1.4623271208092
ED852A67-0BA2-4BCF-A0A9-AFA538ACB1BA,87,99.90027829313544,rural_a_road,road_archetype,1128,risk_percentile,99.97140536660629,0.9238942861557007,2.8151063680648805,0,0,0,17100.6,1.351,A Road,A Road,other_rural,rural_a_road,Single Carriageway,A51,False,False,True,False,False,False,Rural,Larger rural: Further from a major town or city,False,True,sparse collision history,-1.9887991185953333,52.79734490925225,2026-07-04T12:45:06+00:00,data/models/risk_scores.parquet,0.1.0,E01029710,LSOA2021,England,IoD 2025,within,0.0,9,10,9,1,0,0,3.0,0.0,1397.089707204013,2.29724808988395
BBD6AA01-4996-4022-AB51-004C0222D537,88,99.89911873840445,rural_a_road,road_archetype,1135,risk_percentile,99.9712277601877,0.9218246698379516,3.523221325874329,7,0,1,21434.5,0.908,A Road,A Road,other_rural,rural_a_road,Single Carriageway,A509,False,False,True,False,False,False,Rural,Larger rural: Nearer to a major town or city,False,False,,-0.6767908789098968,52.27786433968833,2026-07-04T12:45:06+00:00,data/models/risk_scores.parquet,0.1.0,E01027336,LSOA2021,England,IoD 2025,within,0.0,3,4,4,1,0,0,3.0,0.0,256.19380861122124,1.8451450924940884
30DFEF48-A8ED-499F-B72D-AF1CD9DFE18C,89,99.89795918367346,rural_a_road,road_archetype,1136,risk_percentile,99.97120238784218,0.920967310667038,1.6875045418739318,12,0,2,8230.4,2.458,A Road,A Road,other_rural,rural_a_road,Single Carriageway,A1065,False,False,True,False,False,False,Rural,Larger rural: Further from a major town or city,False,False,,0.5672556616855251,52.39845830836797,2026-07-04T12:45:06+00:00,data/models/risk_scores.parquet,0.1.0,E01034561,LSOA2021,England,IoD 2025,within,0.0,5,7,8,1,0,0,2.5,0.0,6.973069209634113,0.27255451231991323
22ABD004-C7BD-46D2-B666-49675548E6FC,90,99.89679962894249,rural_a_road,road_archetype,1137,risk_percentile,99.97117701549666,0.9208195328712463,1.5599033951759338,6,1,2,10265.5,2.109,A Road,A Road,other_rural,rural_a_road,Collapsed Dual Carriageway,A165,False,False,True,True,False,False,Rural,Smaller rural: Nearer to a major town or city,False,False,,-0.2965572349047213,53.902462453686795,2026-07-04T12:45:06+00:00,data/models/risk_scores.parquet,0.1.0,E01013034,LSOA2021,England,IoD 2025,within,0.0,7,8,7,1,0,0,3.0,0.0,31.425365541367977,0.47431665699718195
85B73242-ABA9-4FCF-BDBA-0FCE63D682B9,91,99.8956400742115,rural_a_road,road_archetype,1140,risk_percentile,99.97110089846014,0.9199300348758698,2.813052248954773,6,1,1,16113.9,1.467,A Road,A Road,other_rural,rural_a_road,Single Carriageway,A10,False,False,True,False,False,False,Rural,Smaller rural: Nearer to a major town or city,False,False,,0.026162260161352653,52.09741311168717,2026-07-04T12:45:06+00:00,data/models/risk_scores.parquet,0.1.0,E01018271,LSOA2021,England,IoD 2025,within,0.0,6,5,5,1,0,0,3.5,0.0,296.5313442853851,0.3585357593642191
5CC5AD5F-6BE1-4F7F-A395-86195881BDB9,92,99.89448051948052,rural_a_road,road_archetype,1167,risk_percentile,99.97041584513127,0.9061967670917511,1.748384600877762,14,3,2,9394.5,2.66,A Road,A Road,other_rural,rural_a_road,Single Carriageway,A1121,False,False,True,False,False,False,Rural,Smaller rural: Further from a major town or city,False,False,,-0.08702496054869381,52.97409311311622,2026-07-04T12:45:06+00:00,data/models/risk_scores.parquet,0.1.0,E01026018,LSOA2021,England,IoD 2025,within,0.0,5,7,6,1,0,0,3.0,0.0,45.56372122343711,0.3662481339618092
D98C3D9A-C954-4A9D-AE6C-1B7A54D8495F,93,99.89332096474953,rural_a_road,road_archetype,1168,risk_percentile,99.97039047278575,0.9058140754699707,1.3335223913192749,20,0,11,6609.2,2.503,A Road,A Road,other_rural,rural_a_road,Single Carriageway,A16,False,False,True,False,False,False,Rural,Smaller rural: Further from a major town or city,False,False,,0.02106522623132365,53.30620104287266,2026-07-04T12:45:06+00:00,data/models/risk_scores.parquet,0.1.0,E01026070,LSOA2021,England,IoD 2025,within,0.0,6,7,6,1,0,0,3.0,0.0,5.111253274964832,0.06890904211782531
33FCC8F1-3675-47C6-A2CD-04A0FF0EABB0,94,99.89216141001856,rural_a_road,road_archetype,1169,risk_percentile,99.97036510044023,0.9058120906352997,1.895532739162445,6,1,0,11371.2,1.894,A Road,A Road,other_rural,rural_a_road,Single Carriageway,A134,False,False,True,False,False,False,Rural,Larger rural: Further from a major town or city,False,False,,0.7347041083444691,52.08807860610074,2026-07-04T12:45:06+00:00,data/models/risk_scores.parquet,0.1.0,E01029900,LSOA2021,England,IoD 2025,within,0.0,5,5,4,1,0,0,3.0,0.0,52.80197153642031,0.2649680613776503
D7FB9CCC-BF83-42C4-93B3-2AD1C5F4ADC6,95,99.89100185528757,rural_a_road,road_archetype,1170,risk_percentile,99.97033972809473,0.9047112882137298,2.4872499465942384,6,0,5,15449.0,1.58,A Road,A Road,other_rural,rural_a_road,Single Carriageway,A52,False,False,True,False,False,False,Rural,Smaller rural: Nearer to a major town or city,False,False,,-1.558988593146185,52.943221410986496,2026-07-04T12:45:06+00:00,data/models/risk_scores.parquet,0.1.0,E01034254,LSOA2021,England,IoD 2025,within,0.0,8,8,9,1,0,0,3.0,0.0,44.470802185678984,1.5917094295117207
4A823D74-A64A-4856-933F-8CE3807E1E38,96,99.88984230055658,rural_a_road,road_archetype,1176,risk_percentile,99.97018749402164,0.901901513338089,2.618953061103821,2,1,1,13137.7,1.258,A Road,A Road,other_rural,rural_a_road,Single Carriageway,A444,False,False,True,False,False,False,Rural,Smaller rural: Nearer to a major town or city,False,False,,-1.4789584979821366,52.57610398779506,2026-07-04T12:45:06+00:00,data/models/risk_scores.parquet,0.1.0,E01025881,LSOA2021,England,IoD 2025,within,0.0,8,9,8,1,0,0,3.5,0.0,37.85654203654225,1.973551172297309
CA255C82-BDB1-48CE-A46B-E8C30EB69DA9,97,99.8886827458256,rural_a_road,road_archetype,1181,risk_percentile,99.97006063229408,0.9003577053546905,2.2346518993377686,7,0,4,18477.2,1.289,A Road,A Road,other_rural,rural_a_road,Single Carriageway,A43,False,False,True,False,False,False,Rural,Larger rural: Nearer to a major town or city,False,False,,-0.7589829976067868,52.38470889955404,2026-07-04T12:45:06+00:00,data/models/risk_scores.parquet,0.1.0,E01027119,LSOA2021,England,IoD 2025,within,0.0,5,5,4,1,0,0,2.5,0.0,86.38475704373988,0.6878263467285702
ADA08E47-9900-420D-A1AA-E749112564D0,98,99.88752319109462,rural_a_road,road_archetype,1187,risk_percentile,99.969908398221,0.8979193687438964,2.2841334342956543,0,0,0,13061.5,1.765,A Road,A Road,other_rural,rural_a_road,Single Carriageway,A6,False,False,True,False,False,False,Rural,Larger rural: Nearer to a major town or city,False,True,sparse collision history,-0.45563608749941964,52.080295833752174,2026-07-04T12:45:06+00:00,data/models/risk_scores.parquet,0.1.0,E01034430,LSOA2021,England,IoD 2025,within,0.0,6,6,7,1,0,0,3.0,0.0,24.085879824367392,0.5207155339331818
236C5BF4-1579-4D22-BFE5-8B345193664D,99,99.88636363636364,rural_a_road,road_archetype,1193,risk_percentile,99.96975616414791,0.8969008684158325,2.1567066073417664,0,0,0,9864.3,1.923,A Road,A Road,other_rural,rural_a_road,Single Carriageway,A422,False,False,False,False,False,False,Rural,Smaller rural: Nearer to a major town or city,False,True,sparse collision history,-1.0057424522657323,52.004053194195826,2026-07-04T12:45:06+00:00,data/models/risk_scores.parquet,0.1.0,E01017718,LSOA2021,England,IoD 2025,within,0.0,8,9,9,1,0,0,3.5,0.0,62.455854047387774,1.2021853197550039
DBAA789E-B715-4595-A5F4-B98E437B9584,100,99.88520408163265,rural_a_road,road_archetype,1196,risk_percentile,99.96968004711138,0.8955256342887878,3.275185775756836,3,0,1,19565.6,1.356,A Road,A Road,other_rural,rural_a_road,Single Carriageway,A146,False,False,True,False,False,False,Rural,Smaller rural: Nearer to a major town or city,False,False,,1.3871572182972864,52.57877501105089,2026-07-04T12:45:06+00:00,data/models/risk_scores.parquet,0.1.0,E01026929,LSOA2021,England,IoD 2025,within,0.0,8,9,8,1,0,0,3.0,0.0,85.24171133824876,0.7143485619018514
FC2665C5-0AD2-4683-9A2F-CA9B985B9951,1,100.0,rural_b_road,road_archetype,1207,risk_percentile,99.96940095131073,0.8939333260059357,5.540185880661011,4,0,2,11219.9,1.822,B Road,B Road,other_rural,rural_b_road,Single Carriageway,B6179,False,False,False,False,False,False,Rural,Smaller rural: Nearer to a major town or city,False,False,,-1.4516596039043757,52.980208356451726,2026-07-04T12:45:06+00:00,data/models/risk_scores.parquet,0.1.0,E01019670,LSOA2021,England,IoD 2025,within,0.0,8,9,8,1,0,0,3.5,0.7689999999999999,1740.1420022179786,0.3313314284129725
F10D4083-55D5-4094-94CB-CACA05C2D7DF,2,99.99874799679486,rural_b_road,road_archetype,1298,risk_percentile,99.96709206786899,0.8638019740581513,4.37230875492096,12,0,5,10937.1,1.626,B Road,B Road,other_rural,rural_b_road,Single Carriageway,B6273,False,False,False,False,False,False,Rural,Larger rural: Nearer to a major town or city,False,False,,-1.355520976625189,53.596242925944374,2026-07-04T12:45:06+00:00,data/models/risk_scores.parquet,0.1.0,E01011865,LSOA2021,England,IoD 2025,within,0.0,1,2,1,1,0,0,3.0,0.0,356.01821496096375,2.2750202623030282
7350A90C-A59A-4E33-9CB6-2C8DC36278FD,3,99.99749599358975,rural_b_road,road_archetype,1358,risk_percentile,99.96556972713819,0.8444076180458069,2.398443174362183,3,0,1,4812.1,2.547,B Road,B Road,other_rural,rural_b_road,Single Carriageway,B1211,False,False,False,False,False,False,Rural,Larger rural: Nearer to a major town or city,False,False,,-0.29434841892976993,53.59829862264621,2026-07-04T12:45:06+00:00,data/models/risk_scores.parquet,0.1.0,E01032683,LSOA2021,England,IoD 2025,within,0.0,7,7,7,1,0,0,3.5,1.9120000000000001,20.465074771047114,0.46928977514408576
13D3D399-A12C-4CDD-8D44-A0F24E325EF3,4,99.99624399038461,rural_b_road,road_archetype,1448,risk_percentile,99.96328621604196,0.8196008861064911,2.652765488624573,2,0,0,6137.7,2.75,B Road,B Road,other_rural,rural_b_road,Single Carriageway,B6001,False,False,False,False,False,False,Rural,Smaller rural: Nearer to a major town or city,False,False,,-1.6418583891619394,53.308338064992455,2026-07-04T12:45:06+00:00,data/models/risk_scores.parquet,0.1.0,E01019615,LSOA2021,England,IoD 2025,within,0.0,7,7,7,1,0,0,3.0,1.358,71.75560331190472,0.04974507399952837
2554C670-2549-4A03-BDD9-BAEEA68CC19B,5,99.99499198717949,rural_b_road,road_archetype,2005,risk_percentile,99.94915381959095,0.7250188112258911,2.094439423084259,2,0,0,5574.9,2.844,B Road,B Road,other_rural,rural_b_road,Single Carriageway,B1368,False,False,False,False,False,False,Rural,Smaller rural: Nearer to a major town or city,False,False,,0.04468319677440335,52.04551517064619,2026-07-04T12:45:06+00:00,data/models/risk_scores.parquet,0.1.0,E01018268,LSOA2021,England,IoD 2025,within,0.0,8,9,9,1,0,0,2.5,0.813,31.254999281196483,0.8116630886414826
A3A1FDD9-0B7A-4279-8803-79EF7817031F,6,99.99373998397436,rural_b_road,road_archetype,2162,risk_percentile,99.94517036134533,0.7057408094406128,1.148693209886551,2,0,0,3156.0,3.565,B Road,B Road,other_rural,rural_b_road,Single Carriageway,B1381,False,False,False,False,False,False,Rural,Larger rural: Further from a major town or city,False,False,,0.06265436427281518,52.366456153492365,2026-07-04T12:45:06+00:00,data/models/risk_scores.parquet,0.1.0,E01018056,LSOA2021,England,IoD 2025,within,0.0,5,5,6,1,0,0,2.5,0.138,6.000866964964023,1.0084694387743458
20AB2E37-034B-4B3D-BC28-EECB1559AAE6,7,99.99248798076923,rural_b_road,road_archetype,2371,risk_percentile,99.93986754113301,0.6860359996557236,1.6580384850502015,6,0,1,3961.5,3.823,B Road,B Road,other_rural,rural_b_road,Single Carriageway,B1397,False,False,False,False,False,False,Rural,Smaller rural: Further from a major town or city,False,False,,-0.32312611289135734,52.85050935409239,2026-07-04T12:45:06+00:00,data/models/risk_scores.parquet,0.1.0,E01026290,LSOA2021,England,IoD 2025,within,0.0,5,7,5,1,0,0,3.0,3.495,25.240091212867757,0.10741286041572562
3C6D6D98-6B54-4770-9B71-5D7089B0B9FB,8,99.9912359775641,rural_b_road,road_archetype,2551,risk_percentile,99.93530051894058,0.6699978590011597,2.322811508178711,9,0,4,5147.6,3.021,B Road,B Road,other_rural,rural_b_road,Single Carriageway,B1249,False,False,False,False,False,False,Rural,Smaller rural: Further from a major town or city,False,False,,-0.45392438102978183,54.122304448335164,2026-07-04T12:45:06+00:00,data/models/risk_scores.parquet,0.1.0,E01012990,LSOA2021,England,IoD 2025,within,0.0,4,6,6,1,0,0,3.0,6.587,12.800890630040909,1.1334345573307552
531F3B6B-1918-4F51-9A82-E2424951C767,9,99.98998397435898,rural_b_road,road_archetype,2589,risk_percentile,99.93433636981108,0.6676612317562103,3.741641902923584,1,0,1,6988.9,1.617,B Road,B Road,other_rural,rural_b_road,Single Carriageway,B4455,False,False,False,False,False,False,Rural,Smaller rural: Nearer to a major town or city,False,True,sparse collision history,-1.3445902427077918,52.432069535137224,2026-07-04T12:45:06+00:00,data/models/risk_scores.parquet,0.1.0,E01031160,LSOA2021,England,IoD 2025,within,0.0,7,8,8,1,0,0,3.5,4.532,45.36725725106929,1.7827792179441329
EA7F0705-5592-41E6-A409-A82AE504823B,10,99.98873197115384,rural_b_road,road_archetype,2798,risk_percentile,99.92903354959874,0.6486111551523208,2.127295035123825,7,0,5,7120.7,2.537,B Road,B Road,other_rural,rural_b_road,Single Carriageway,B1222,False,False,False,False,False,False,Rural,Smaller rural: Nearer to a major town or city,False,False,,-1.1129714007784455,53.85230480741576,2026-07-04T12:45:06+00:00,data/models/risk_scores.parquet,0.1.0,E01027902,LSOA2021,England,IoD 2025,within,0.0,7,7,7,1,0,0,3.0,3.9459999999999997,56.88078424418832,0.26237638456299334
A73F5D72-09B5-4573-9421-FC0A0F82982E,11,99.98747996794873,rural_b_road,road_archetype,3552,risk_percentile,99.90990280108157,0.5971326351165771,3.0987399101257322,3,0,0,7231.6,1.528,B Road,B Road,other_rural,rural_b_road,Single Carriageway,B6265,False,False,False,False,False,False,Rural,Larger rural: Nearer to a major town or city,False,False,,-1.375903038364007,54.08411106492662,2026-07-04T12:45:06+00:00,data/models/risk_scores.parquet,0.1.0,E01027644,LSOA2021,England,IoD 2025,within,0.0,6,5,7,1,0,0,3.5,1.065,40.15070023993846,0.49536084834688887
1A491874-E4B9-4203-8CCF-1FA496E05E39,12,99.98622796474359,rural_b_road,road_archetype,3630,risk_percentile,99.90792375813152,0.5930056035518646,3.184758019447327,10,0,0,10346.4,1.2,B Road,B Road,other_rural,rural_b_road,Single Carriageway,B5008,False,False,False,False,False,False,Rural,Larger rural: Nearer to a major town or city,False,False,,-1.5560238911034718,52.843185935966666,2026-07-04T12:45:06+00:00,data/models/risk_scores.parquet,0.1.0,E01019869,LSOA2021,England,IoD 2025,within,0.0,10,10,10,1,0,0,3.0,0.7080000000000001,330.27976428591245,3.403387446740837
F7990F6A-E769-45FD-973E-84B766ED33B9,13,99.98497596153845,rural_b_road,road_archetype,3766,risk_percentile,99.90447311914168,0.585220468044281,1.2403958976268767,11,0,3,2848.1,2.871,B Road,B Road,other_rural,rural_b_road,Single Carriageway,B6054,False,False,False,False,False,False,Rural,Smaller rural: Nearer to a major town or city,False,False,,-1.5809688238281407,53.29953165678392,2026-07-04T12:45:06+00:00,data/models/risk_scores.parquet,0.1.0,E01019770,LSOA2021,England,IoD 2025,within,0.0,7,7,8,1,0,0,3.0,0.0,13.825084168772074,0.2951900988770876
D0F3923E-65A2-4367-A54B-278229CA8647,14,99.98372395833334,rural_b_road,road_archetype,3894,risk_percentile,99.90122545891596,0.5789964526891709,2.3810351967811583,10,0,4,6127.8,1.768,B Road,B Road,other_rural,rural_b_road,Single Carriageway,B5476,False,False,False,False,False,False,Rural,Smaller rural: Further from a major town or city,False,False,,-2.680711498628903,52.94509026607687,2026-07-04T12:45:06+00:00,data/models/risk_scores.parquet,0.1.0,E01028893,LSOA2021,England,IoD 2025,within,0.0,5,6,6,1,0,0,3.0,0.376,91.02691204059954,3.320007827331383
BD72A851-9AB8-452E-B141-9C1489BCA92C,15,99.9824719551282,rural_b_road,road_archetype,4272,risk_percentile,99.89163471231186,0.5610209941864014,0.7257418930530548,4,0,0,3736.9,2.73,B Road,B Road,other_rural,rural_b_road,Single Carriageway,B660,False,False,False,False,False,False,Rural,Larger rural: Nearer to a major town or city,False,False,,-0.3780627835104571,52.40211337053628,2026-07-04T12:45:06+00:00,data/models/risk_scores.parquet,0.1.0,E01018192,LSOA2021,England,IoD 2025,within,0.0,6,6,6,1,0,0,3.5,4.742,12.377058078827492,0.010462937828453452
0A6B6AC4-B7B6-4766-9675-6A8F83072304,16,99.98121995192307,rural_b_road,road_archetype,4649,risk_percentile,99.88206933805327,0.5455228567123414,2.7408681154251098,1,0,0,7158.6,1.566,B Road,B Road,other_rural,rural_b_road,Single Carriageway,B1400,False,False,False,False,False,False,Rural,Smaller rural: Nearer to a major town or city,False,True,sparse collision history,-0.5700351069449867,53.46460230609868,2026-07-04T12:45:06+00:00,data/models/risk_scores.parquet,0.1.0,E01013323,LSOA2021,England,IoD 2025,within,0.0,5,6,5,1,0,0,3.0,0.808,69.90608426232087,0.7693473825308226
3890F0AF-5941-41CF-97B6-7DFA8BFC4DB5,17,99.97996794871796,rural_b_road,road_archetype,5004,risk_percentile,99.87306215539597,0.5319493860006332,3.8551001071929933,1,0,0,7973.9,1.222,B Road,B Road,other_rural,rural_b_road,Single Carriageway,B4115,False,False,False,False,False,False,Rural,Smaller rural: Nearer to a major town or city,False,True,sparse collision history,-1.5676875201463865,52.3115387181173,2026-07-04T12:45:06+00:00,data/models/risk_scores.parquet,0.1.0,E01031284,LSOA2021,England,IoD 2025,within,0.0,8,9,10,1,0,0,3.5,0.042,83.5468278971777,0.4352461922540885
491FB337-4491-4372-9A82-DA97734F0DD2,18,99.97871594551282,rural_b_road,road_archetype,5636,risk_percentile,99.85702683303145,0.5114979535341263,2.7233282327651978,1,0,0,4832.2,2.134,B Road,B Road,other_rural,rural_b_road,Single Carriageway,B1249,False,False,False,False,False,False,Rural,Smaller rural: Further from a major town or city,False,True,sparse collision history,-0.4481706301722602,54.159834504433995,2026-07-04T12:45:06+00:00,data/models/risk_scores.parquet,0.1.0,E01027798,LSOA2021,England,IoD 2025,within,0.0,4,6,6,1,0,0,3.0,3.3249999999999993,13.36900297872203,1.1284665852579543
A43415DF-2DBB-4458-840B-252C4B00C542,19,99.9774639423077,rural_b_road,road_archetype,5727,risk_percentile,99.85471794958973,0.5089982032775879,0.9218963265419007,2,0,0,5477.4,2.657,B Road,B Road,other_rural,rural_b_road,Single Carriageway,B1202,False,False,False,False,False,False,Rural,Larger rural: Nearer to a major town or city,False,False,,-0.30681667466942486,53.24148704119292,2026-07-04T12:45:06+00:00,data/models/risk_scores.parquet,0.1.0,E01026366,LSOA2021,England,IoD 2025,within,0.0,4,5,4,1,0,0,3.0,3.598,34.48995599571181,0.11170673138909047
DB64E74A-5579-4176-96FA-9B8D637ABEBB,20,99.97621193910257,rural_b_road,road_archetype,5796,risk_percentile,99.85296725774928,0.5073937624692917,2.961046051979065,8,0,2,6687.8,1.114,B Road,B Road,other_rural,rural_b_road,Single Carriageway,B6045,False,False,False,False,False,False,Rural,Larger rural: Nearer to a major town or city,False,False,,-1.0703842509352803,53.357240617775,2026-07-04T12:45:06+00:00,data/models/risk_scores.parquet,0.1.0,E01028029,LSOA2021,England,IoD 2025,within,0.0,2,3,2,1,0,0,3.5,1.4180000000000001,25.39660160814914,0.7656040955452532
41213831-BA66-4C17-A1DD-3E158FD08A0B,21,99.97495993589743,rural_b_road,road_archetype,5850,risk_percentile,99.85159715109155,0.5055753499269485,1.8181033968925475,8,0,0,7418.1,1.081,B Road,B Road,other_rural,rural_b_road,Single Carriageway,B4087,False,False,False,False,False,False,Rural,Larger rural: Nearer to a major town or city,False,False,,-1.5476437995407837,52.23933007216164,2026-07-04T12:45:06+00:00,data/models/risk_scores.parquet,0.1.0,E01031260,LSOA2021,England,IoD 2025,within,0.0,7,5,6,1,0,0,3.0,0.5,11.701864405249564,1.981995055153263
75F6CB66-C3A4-47E9-950B-CB277560B6CC,22,99.9737079326923,rural_b_road,road_archetype,5917,risk_percentile,99.84989720394215,0.5038753479719162,0.8072309970855713,0,0,0,4383.8,2.998,B Road,B Road,other_rural,rural_b_road,Single Carriageway,B4026,False,False,False,False,False,False,Rural,Smaller rural: Further from a major town or city,False,True,sparse collision history,-1.4918537432336234,51.90753791427096,2026-07-04T12:45:06+00:00,data/models/risk_scores.parquet,0.1.0,E01028776,LSOA2021,England,IoD 2025,within,0.0,5,7,6,1,0,0,3.0,2.129,16.038163786441928,0.8912227291322928
F3138A41-91BD-4A16-8F8F-E13CE5C3E62E,23,99.97245592948718,rural_b_road,road_archetype,6011,risk_percentile,99.84751220346388,0.5012765526771545,3.073547124862671,0,0,0,11004.8,0.192,B Road,B Road,other_rural,rural_b_road,Single Carriageway,B6273,False,False,False,False,False,False,Rural,Larger rural: Nearer to a major town or city,False,True,sparse collision history,-1.3524182689485602,53.606147247970924,2026-07-04T12:45:06+00:00,data/models/risk_scores.parquet,0.1.0,E01011790,LSOA2021,England,IoD 2025,within,0.0,1,2,1,1,0,0,3.5,0.216,2182.037715509933,2.271742192505091
BF9A339B-C109-4C53-BEBF-8AC057B14913,24,99.97120392628204,rural_b_road,road_archetype,6146,risk_percentile,99.84408693681956,0.49749026000499724,3.5314244270324706,0,0,0,7927.6,1.253,B Road,B Road,other_rural,rural_b_road,Single Carriageway,B5493,False,False,False,False,False,False,Rural,Smaller rural: Nearer to a major town or city,False,True,sparse collision history,-1.583266441193422,52.67515949500865,2026-07-04T12:45:06+00:00,data/models/risk_scores.parquet,0.1.0,E01031036,LSOA2021,England,IoD 2025,within,0.0,7,7,8,1,0,0,3.5,2.2739999999999996,107.78701455040583,0.4360518600544488
B549361E-A3BD-4560-A7CF-87F9954FD9E7,25,99.96995192307693,rural_b_road,road_archetype,6222,risk_percentile,99.84215863856053,0.4953058332204819,1.5062147200107574,0,0,0,3952.5,2.471,B Road,B Road,other_rural,rural_b_road,Single Carriageway,B1155,False,False,False,False,False,False,Rural,Smaller rural: Further from a major town or city,False,True,sparse collision history,0.7071753780534744,52.929917740362036,2026-07-04T12:45:06+00:00,data/models/risk_scores.parquet,0.1.0,E01026646,LSOA2021,England,IoD 2025,within,0.0,3,5,4,1,0,0,3.0,2.159,14.658302596308912,0.041136189343155105
3219650F-63E0-452C-8102-4B9DAF303340,26,99.9686999198718,rural_b_road,road_archetype,6224,risk_percentile,99.84210789386951,0.49527654647827146,3.6111099243164064,1,0,0,8781.3,1.28,B Road,B Road,other_rural,rural_b_road,Single Carriageway,B1283,False,False,False,False,False,False,Rural,Larger rural: Nearer to a major town or city,False,True,sparse collision history,-1.396735995161613,54.7725162907944,2026-07-04T12:45:06+00:00,data/models/risk_scores.parquet,0.1.0,E01020763,LSOA2021,England,IoD 2025,within,0.0,2,3,2,1,0,0,3.0,1.8949999999999998,97.79344941837668,0.7160338941035533
6CD393B0-080A-4A3D-AB99-F92B794B5E13,27,99.96744791666666,rural_b_road,road_archetype,6253,risk_percentile,99.84137209584961,0.49430001676082613,2.8777701377868654,1,0,0,8230.6,1.456,B Road,B Road,other_rural,rural_b_road,Single Carriageway,B5269,False,False,False,False,False,False,Rural,Smaller rural: Nearer to a major town or city,False,True,sparse collision history,-2.896787493699432,53.837941387484456,2026-07-04T12:45:06+00:00,data/models/risk_scores.parquet,0.1.0,E01024993,LSOA2021,England,IoD 2025,within,0.0,7,7,7,1,0,0,3.0,0.576,119.78793577412746,0.04700902358699491
D9232976-C846-4D66-897B-5EAD35FCF0B5,28,99.96619591346155,rural_b_road,road_archetype,6412,risk_percentile,99.83733789291297,0.490258127450943,1.9996358394622802,3,0,0,6033.9,1.594,B Road,B Road,other_rural,rural_b_road,Single Carriageway,B4084,False,False,False,False,False,False,Rural,Larger rural: Nearer to a major town or city,False,False,,-2.098923103661665,52.11970987615249,2026-07-04T12:45:06+00:00,data/models/risk_scores.parquet,0.1.0,E01032409,LSOA2021,England,IoD 2025,within,0.0,4,3,4,1,0,0,3.0,0.529,60.26097791794471,1.0376117291144265
CF8157CD-858B-4893-AD2E-727BD3FE8DC5,29,99.96494391025641,rural_b_road,road_archetype,6566,risk_percentile,99.8334305517039,0.48656093776226045,2.2861695647239686,2,0,2,4597.8,2.148,B Road,B Road,other_rural,rural_b_road,Single Carriageway,B672,False,False,False,False,False,False,Rural,Smaller rural: Further from a major town or city,False,False,,-0.7096778012086099,52.54245020105216,2026-07-04T12:45:06+00:00,data/models/risk_scores.parquet,0.1.0,E01013794,LSOA2021,England,IoD 2025,within,0.0,8,10,10,1,0,0,3.0,0.08,32.728284329468806,0.06067774085224666
DC125845-5814-4046-B548-BE8D238D0E5F,30,99.96369190705127,rural_b_road,road_archetype,6568,risk_percentile,99.83337980701286,0.4865028351545334,3.22223904132843,8,0,3,11847.0,0.203,B Road,B Road,other_rural,rural_b_road,Single Carriageway,B6060,False,False,False,False,False,False,Rural,Larger rural: Nearer to a major town or city,False,False,,-1.257515024676625,53.394052690368454,2026-07-04T12:45:06+00:00,data/models/risk_scores.parquet,0.1.0,E01007815,LSOA2021,England,IoD 2025,within,0.0,2,2,2,1,0,0,3.5,3.643,3588.546965022818,2.1392548595193475
9F29AE89-F4FF-4D77-B57F-9E4D4E05904C,31,99.96243990384616,rural_b_road,road_archetype,6573,risk_percentile,99.8332529452853,0.48641770482063296,4.593620753288269,7,0,1,14619.8,0.664,B Road,B Road,other_rural,rural_b_road,Single Carriageway,B6535,False,False,False,False,False,False,Rural,Larger rural: Nearer to a major town or city,False,False,,-2.419368892943426,53.7759406677164,2026-07-04T12:45:06+00:00,data/models/risk_scores.parquet,0.1.0,E01025070,LSOA2021,England,IoD 2025,within,0.0,1,1,1,1,0,0,3.0,0.875,1133.3224750050722,0.03485690412789944
EFB87D30-5866-4A62-9B63-2A9136B41FB6,32,99.96118790064102,rural_b_road,road_archetype,6606,risk_percentile,99.83241565788336,0.4856250762939453,2.3888814091682433,1,0,1,7259.1,1.34,B Road,B Road,other_rural,rural_b_road,Single Carriageway,B6013,False,False,False,False,False,False,Rural,Smaller rural: Nearer to a major town or city,False,True,sparse collision history,-1.4166370962346486,53.113887402509654,2026-07-04T12:45:06+00:00,data/models/risk_scores.parquet,0.1.0,E01019819,LSOA2021,England,IoD 2025,within,0.0,6,6,6,1,0,0,3.0,0.588,57.139032064665216,2.7781446479445306
7A22B35B-D099-48FE-AABA-BC70BEBB851B,33,99.9599358974359,rural_b_road,road_archetype,6611,risk_percentile,99.8322887961558,0.4854473501443863,3.3337267637252808,6,0,4,7978.1,1.306,B Road,B Road,other_rural,rural_b_road,Single Carriageway,B5082,False,False,False,False,False,False,Rural,Smaller rural: Nearer to a major town or city,False,False,,-2.4246377460837,53.24214732567905,2026-07-04T12:45:06+00:00,data/models/risk_scores.parquet,0.1.0,E01018722,LSOA2021,England,IoD 2025,within,0.0,7,9,8,1,0,0,3.0,2.473,39.404817327112674,1.5195494966201335
89EE5B81-9E1D-4F24-9BF8-E35255E02865,34,99.95868389423077,rural_b_road,road_archetype,6827,risk_percentile,99.82680836952487,0.48017207682132723,2.349937230348587,14,1,0,5684.8,1.581,B Road,B Road,other_rural,rural_b_road,Single Carriageway,B5066,False,False,False,False,False,False,Rural,Smaller rural: Nearer to a major town or city,False,False,,-2.093184461622217,52.938629854809996,2026-07-04T12:45:06+00:00,data/models/risk_scores.parquet,0.1.0,E01029703,LSOA2021,England,IoD 2025,within,0.0,8,9,9,1,0,0,4.0,1.5500000000000003,84.15024381945796,2.2090303090365655
E90680C4-3FF7-4E59-8236-736212D63F6A,35,99.95743189102564,rural_b_road,road_archetype,6958,risk_percentile,99.8234845922626,0.47702926993370054,0.8144832730293274,0,0,0,3329.5,3.544,B Road,B Road,other_rural,rural_b_road,Single Carriageway,B3078,False,False,False,False,False,False,Rural,Smaller rural: Nearer to a major town or city,False,True,sparse collision history,-1.7022466436325847,50.949333540213374,2026-07-04T12:45:06+00:00,data/models/risk_scores.parquet,0.1.0,E01023025,LSOA2021,England,IoD 2025,within,0.0,7,10,9,1,0,0,3.0,5.544,16.297792974280437,0.2439181949201605
F9E8ED1E-676A-4305-90B4-848F46DB76D9,36,99.95617988782051,rural_b_road,road_archetype,6988,risk_percentile,99.8227234218972,0.4764824151992798,2.644330048561096,2,0,1,8981.8,1.276,B Road,B Road,other_rural,rural_b_road,Single Carriageway,B5243,False,False,False,False,False,False,Rural,Smaller rural: Nearer to a major town or city,False,False,,-2.9795882535053506,53.62109434332952,2026-07-04T12:45:06+00:00,data/models/risk_scores.parquet,0.1.0,E01025495,LSOA2021,England,IoD 2025,within,0.0,7,8,6,1,0,0,2.5,1.45,299.0573533751694,0.06298317423450024
94B83872-4A81-4B4B-80DF-E20047164650,37,99.95492788461539,rural_b_road,road_archetype,7105,risk_percentile,99.81975485747212,0.47375281155109406,3.792431449890137,5,1,2,6083.9,1.358,B Road,B Road,other_rural,rural_b_road,Single Carriageway,B4100,False,False,False,False,False,False,Rural,Smaller rural: Further from a major town or city,False,False,,-1.4066538873591077,52.133565096598176,2026-07-04T12:45:06+00:00,data/models/risk_scores.parquet,0.1.0,E01031194,LSOA2021,England,IoD 2025,within,0.0,6,8,9,1,0,0,3.5,3.904,45.6810695579001,1.125976576664938
3A41FC4A-A7D4-4897-BDED-C34F48EFBAD1,38,99.95367588141025,rural_b_road,road_archetype,7121,risk_percentile,99.8193488999439,0.47345679998397827,2.8789586305618284,1,0,0,9380.6,1.096,B Road,B Road,other_rural,rural_b_road,Single Carriageway,B4210,False,False,False,False,False,False,Rural,Smaller rural: Nearer to a major town or city,False,True,sparse collision history,-2.03084758833351,52.633244804706955,2026-07-04T12:45:06+00:00,data/models/risk_scores.parquet,0.1.0,E01029632,LSOA2021,England,IoD 2025,within,0.0,7,7,7,1,0,0,3.0,0.5640000000000001,151.92378638024888,2.33530735742714
453C0B62-1010-4F33-A17B-B51F197FE21A,39,99.95242387820514,rural_b_road,road_archetype,7220,risk_percentile,99.81683703773807,0.4709296613931656,6.2683518409729,11,2,1,11894.4,0.765,B Road,B Road,other_rural,rural_b_road,Single Carriageway,B1112,False,False,False,False,False,False,Rural,Larger rural: Further from a major town or city,False,False,,0.5270827104415873,52.38432577663821,2026-07-04T12:45:06+00:00,data/models/risk_scores.parquet,0.1.0,E01034563,LSOA2021,England,IoD 2025,within,0.0,6,10,10,1,0,0,3.0,1.4680000000000004,3795.1717730028495,0.9473507422467263
FF786039-AC4C-45B5-B1F6-BFF72D1B81CF,40,99.951171875,rural_b_road,road_archetype,7252,risk_percentile,99.81602512268162,0.4703080803155899,1.5565553247928618,7,0,2,4208.9,1.929,B Road,B Road,other_rural,rural_b_road,Single Carriageway,B1098,False,False,False,False,False,False,Rural,Larger rural: Further from a major town or city,False,False,,0.12115760398908021,52.49213076444472,2026-07-04T12:45:06+00:00,data/models/risk_scores.parquet,0.1.0,E01018111,LSOA2021,England,IoD 2025,within,0.0,5,6,5,1,0,0,3.5,3.0889999999999995,21.278181262593645,0.19460741913830215
3FFA4738-DF17-4734-BD84-C34D8579EB2A,41,99.94991987179486,rural_b_road,road_archetype,7309,risk_percentile,99.81457889898736,0.4691525548696518,3.407620000839233,2,0,0,12694.6,0.391,B Road,B Road,other_rural,rural_b_road,Single Carriageway,B1281,False,False,False,False,False,False,Rural,Larger rural: Nearer to a major town or city,False,False,,-1.2886343466749777,54.744948363367065,2026-07-04T12:45:06+00:00,data/models/risk_scores.parquet,0.1.0,E01020739,LSOA2021,England,IoD 2025,within,0.0,1,1,1,1,0,0,3.0,0.0,2803.2746504833785,0.09151993288785393
3ED3C2E2-4A1A-4CB0-8A4B-2FDD56124A98,42,99.94866786858975,rural_b_road,road_archetype,7343,risk_percentile,99.81371623923991,0.46840567588806153,2.4721792578697204,7,1,4,3883.4,2.191,B Road,B Road,other_rural,rural_b_road,Single Carriageway,B4194,False,False,False,False,False,False,Rural,Larger rural: Further from a major town or city,False,False,,-2.3085842739386466,52.3480578147356,2026-07-04T12:45:06+00:00,data/models/risk_scores.parquet,0.1.0,E01032428,LSOA2021,England,IoD 2025,within,0.0,4,7,7,1,0,0,3.0,1.1190000000000002,51.071243885848176,0.07904512879262039
997B292D-8686-470E-BB41-EB86415BB9E2,43,99.94741586538461,rural_b_road,road_archetype,7602,risk_percentile,99.80714480175192,0.4631036579608917,0.8296495616436005,0,0,0,3737.2,3.629,B Road,B Road,other_rural,rural_b_road,Single Carriageway,B4001,False,False,False,False,False,False,Rural,Larger rural: Nearer to a major town or city,False,True,sparse collision history,-1.517676094668524,51.54372104415439,2026-07-04T12:45:06+00:00,data/models/risk_scores.parquet,0.1.0,E01016305,LSOA2021,England,IoD 2025,within,0.0,6,7,9,1,0,0,3.0,6.137999999999999,16.968160383697217,0.13358375759613172
B04A8A98-ACEA-4D9C-AEF0-535B7A18720E,44,99.94616386217949,rural_b_road,road_archetype,7623,risk_percentile,99.80661198249614,0.462779113650322,2.2596317887306214,1,0,0,6754.9,1.318,B Road,B Road,other_rural,rural_b_road,Single Carriageway,B6034,False,False,False,False,False,False,Rural,Larger rural: Further from a major town or city,False,True,sparse collision history,-1.0616968118110586,53.20767179353565,2026-07-04T12:45:06+00:00,data/models/risk_scores.parquet,0.1.0,E01028321,LSOA2021,England,IoD 2025,within,0.0,7,8,6,1,0,0,3.0,0.0,256.15958283338887,2.0834152835597584
4952D9C9-70C1-470B-8E21-7144E62833BC,45,99.94491185897436,rural_b_road,road_archetype,7688,risk_percentile,99.80496278003776,0.46140637397766116,4.584356570243836,7,0,1,14279.7,0.779,B Road,B Road,other_rural,rural_b_road,Single Carriageway,B5251,False,False,False,False,False,False,Rural,Larger rural: Nearer to a major town or city,False,False,,-2.6555718724945723,53.63064328433293,2026-07-04T12:45:06+00:00,data/models/risk_scores.parquet,0.1.0,E01024962,LSOA2021,England,IoD 2025,within,0.0,7,8,6,1,0,0,3.0,1.6079999999999999,1715.2030726719297,0.5460136068140371
A7839C1B-CA1F-4C94-905A-A364618FDC8D,46,99.94365985576923,rural_b_road,road_archetype,7706,risk_percentile,99.80450607781852,0.46091610193252563,4.014132738113403,0,0,0,8791.6,1.055,B Road,B Road,other_rural,rural_b_road,Single Carriageway,B4115,False,False,False,False,False,False,Rural,Smaller rural: Nearer to a major town or city,False,True,sparse collision history,-1.5616503640030839,52.32134612354952,2026-07-04T12:45:06+00:00,data/models/risk_scores.parquet,0.1.0,E01031284,LSOA2021,England,IoD 2025,within,0.0,8,9,10,1,0,0,3.5,0.164,83.5468278971777,0.43550451828843667
4D867859-1D95-4B4A-96C1-DBE0E5046585,47,99.9424078525641,rural_b_road,road_archetype,7782,risk_percentile,99.80257777955947,0.4596156030893326,3.254103970527649,3,0,0,6568.6,1.595,B Road,B Road,other_rural,rural_b_road,Single Carriageway,B526,False,False,False,False,False,False,Rural,Smaller rural: Nearer to a major town or city,False,False,,-0.8399813679111218,52.19601462340702,2026-07-04T12:45:06+00:00,data/models/risk_scores.parquet,0.1.0,E01027273,LSOA2021,England,IoD 2025,within,0.0,7,7,7,1,0,0,3.5,3.409,64.56503706522518,0.03225679486706204
BDEF49B0-651D-4D1F-A447-FC07DC43957E,48,99.94115584935898,rural_b_road,road_archetype,7806,risk_percentile,99.80196884326715,0.4591060757637024,0.4352902710437775,3,2,0,2383.1,3.071,B Road,B Road,other_rural,rural_b_road,Single Carriageway,B1145,False,False,False,False,False,False,Rural,Larger rural: Further from a major town or city,False,False,,0.6244490680907427,52.7499139896908,2026-07-04T12:45:06+00:00,data/models/risk_scores.parquet,0.1.0,E01026665,LSOA2021,England,IoD 2025,within,0.0,4,5,4,1,0,0,3.0,5.336,6.917601401834905,0.5885753182167254
C8D34297-0500-438C-8D00-A982146F6F5A,49,99.93990384615384,rural_b_road,road_archetype,7814,risk_percentile,99.80176586450304,0.45886450707912446,1.1543890684843063,8,3,2,3659.7,1.81,B Road,B Road,other_rural,rural_b_road,Single Carriageway,B5012,False,False,False,False,False,False,Rural,Larger rural: Nearer to a major town or city,False,False,,-2.073164351563668,52.71287439662754,2026-07-04T12:45:06+00:00,data/models/risk_scores.parquet,0.1.0,E01029655,LSOA2021,England,IoD 2025,within,0.0,6,6,5,1,0,0,3.5,2.5500000000000003,20.31732888479708,0.07382045279487176
36E58D92-F33E-42D7-AD01-3427D5A771B2,50,99.93865184294873,rural_b_road,road_archetype,7858,risk_percentile,99.80064948130045,0.4580026715993881,3.5771570205688477,8,0,3,12635.5,0.883,B Road,B Road,other_rural,rural_b_road,Single Carriageway,B6428,False,False,False,False,False,False,Rural,Larger rural: Nearer to a major town or city,False,False,,-1.37701650152647,53.641067733389285,2026-07-04T12:45:06+00:00,data/models/risk_scores.parquet,0.1.0,E01011785,LSOA2021,England,IoD 2025,within,0.0,3,4,3,1,0,0,2.5,0.329,699.0468947914113,0.25796014207381734
6581F20D-4F5A-4312-A460-BE2CC0215D2C,51,99.93739983974359,rural_b_road,road_archetype,7923,risk_percentile,99.79900027884207,0.4567449063062668,1.8891424894332887,2,0,1,4889.6,1.863,B Road,B Road,other_rural,rural_b_road,Single Carriageway,B1043,False,False,False,False,False,False,Rural,Larger rural: Nearer to a major town or city,False,False,,-0.26333943202821525,52.40623637054648,2026-07-04T12:45:06+00:00,data/models/risk_scores.parquet,0.1.0,E01018192,LSOA2021,England,IoD 2025,within,0.0,6,6,6,1,0,0,3.0,1.8890000000000002,25.049205653560332,0.033090821915140005
A4E5D0BD-FA54-4C00-AC2A-9140B73CF1BC,52,99.93614783653845,rural_b_road,road_archetype,7934,risk_percentile,99.79872118304142,0.45642279386520385,4.031964516639709,13,0,4,7988.0,0.971,B Road,B Road,other_rural,rural_b_road,Single Carriageway,B6428,False,False,False,False,False,False,Rural,Larger rural: Nearer to a major town or city,False,False,,-1.4308935103303115,53.61029984626664,2026-07-04T12:45:06+00:00,data/models/risk_scores.parquet,0.1.0,E01011786,LSOA2021,England,IoD 2025,within,0.0,2,3,2,1,0,0,3.5,3.4359999999999995,131.40085751226778,0.25078499312533203
9E90DC89-B411-4919-B1C8-6A34C107F589,53,99.93489583333334,rural_b_road,road_archetype,8299,risk_percentile,99.78946027692899,0.44959777891635894,2.6468663454055785,5,2,1,5759.4,1.551,B Road,B Road,other_rural,rural_b_road,Single Carriageway,B6161,False,False,False,False,False,False,Rural,Smaller rural: Nearer to a major town or city,False,False,,-1.6406533954472287,53.90973226581565,2026-07-04T12:45:06+00:00,data/models/risk_scores.parquet,0.1.0,E01027734,LSOA2021,England,IoD 2025,within,0.0,7,9,10,1,0,0,3.0,0.0,28.78787093100805,2.287400027942641
AECF96B5-0E5D-4932-A94D-DFCC23B2FD26,54,99.9336438301282,rural_b_road,road_archetype,8334,risk_percentile,99.78857224483603,0.4487962335348129,3.5518394470214845,1,0,0,7742.4,1.34,B Road,B Road,other_rural,rural_b_road,Single Carriageway,B4065,False,False,False,False,False,False,Rural,Smaller rural: Nearer to a major town or city,False,True,sparse collision history,-1.3983829062150621,52.462797623524196,2026-07-04T12:45:06+00:00,data/models/risk_scores.parquet,0.1.0,E01031159,LSOA2021,England,IoD 2025,within,0.0,4,6,4,1,0,0,3.0,2.6120000000000005,99.9250578391817,0.23442842355018775
F251E878-7CAD-458F-8C4D-EA0F1AE6167C,55,99.93239182692307,rural_b_road,road_archetype,8607,risk_percentile,99.78164559451085,0.4441842198371887,2.043428826332092,2,0,1,5419.7,1.321,B Road,B Road,other_rural,rural_b_road,Single Carriageway,B6386,False,False,False,False,False,False,Rural,Larger rural: Nearer to a major town or city,False,False,,-1.0951061044187798,53.04770033967696,2026-07-04T12:45:06+00:00,data/models/risk_scores.parquet,0.1.0,E01028152,LSOA2021,England,IoD 2025,within,0.0,7,6,6,1,0,0,3.5,1.182,22.846818217740562,0.03976329263829861
FF5DBF8D-0455-4AFD-8685-920B56B3B692,56,99.93113982371796,rural_b_road,road_archetype,8691,risk_percentile,99.77951431748771,0.4425350368022919,1.9925718784332276,5,0,1,6650.0,1.186,B Road,B Road,other_rural,rural_b_road,Single Carriageway,B6013,False,False,False,False,False,False,Rural,Smaller rural: Nearer to a major town or city,False,False,,-1.4362194203246628,53.068486692995464,2026-07-04T12:45:06+00:00,data/models/risk_scores.parquet,0.1.0,E01019477,LSOA2021,England,IoD 2025,within,0.0,7,7,6,1,0,0,3.0,0.245,42.1519359441006,2.4347388141695983
EF14548A-CB64-40A0-B1CB-B660EB0BA91D,57,99.92988782051282,rural_b_road,road_archetype,8887,risk_percentile,99.77454133776706,0.4387576997280121,2.272481733560562,3,0,0,8350.0,1.184,B Road,B Road,other_rural,rural_b_road,Single Carriageway,B1280,False,False,False,False,False,False,Rural,Larger rural: Nearer to a major town or city,False,False,,-1.4117958269521815,54.77576863806493,2026-07-04T12:45:06+00:00,data/models/risk_scores.parquet,0.1.0,E01020763,LSOA2021,England,IoD 2025,within,0.0,2,3,2,1,0,0,3.0,2.63,97.79344941837668,1.1205825528692896
F7DC98C2-3DA3-4544-8D4E-EF8DDB9C8857,58,99.9286358173077,rural_b_road,road_archetype,8926,risk_percentile,99.77355181629204,0.4381603479385376,2.4345814108848574,2,0,1,4386.3,1.968,B Road,B Road,other_rural,rural_b_road,Single Carriageway,B6391,False,False,False,False,False,False,Rural,Smaller rural: Nearer to a major town or city,False,False,,-2.440316218423716,53.65155762756982,2026-07-04T12:45:06+00:00,data/models/risk_scores.parquet,0.1.0,E01032485,LSOA2021,England,IoD 2025,within,0.0,7,10,10,1,0,0,3.0,0.0,34.86068154211431,0.6874676408761385
9B26264C-EB34-44BE-A95F-A7A4B764910D,59,99.92738381410257,rural_b_road,road_archetype,9251,risk_percentile,99.76530580400015,0.43343082070350647,2.189345395565033,1,0,1,5518.1,1.601,B Road,B Road,other_rural,rural_b_road,Single Carriageway,B5013,False,False,False,False,False,False,Rural,Smaller rural: Nearer to a major town or city,False,True,sparse collision history,-1.9345717300400567,52.77549634195801,2026-07-04T12:45:06+00:00,data/models/risk_scores.parquet,0.1.0,E01029498,LSOA2021,England,IoD 2025,within,0.0,8,9,9,1,0,0,3.0,0.448,47.59336748558587,0.8602445037010569
1E7CF005-BB1D-48C8-B20B-3CD98FF0C5FD,60,99.92613181089743,rural_b_road,road_archetype,9375,risk_percentile,99.76215963315647,0.43143196403980255,0.9675059497356415,0,0,0,3113.4,3.681,B Road,B Road,other_rural,rural_b_road,Single Carriageway,B3081,False,False,False,False,False,False,Rural,Smaller rural: Further from a major town or city,False,True,sparse collision history,-2.140319814865861,50.98395029117949,2026-07-04T12:45:06+00:00,data/models/risk_scores.parquet,0.1.0,E01031991,LSOA2021,England,IoD 2025,within,0.0,5,8,9,1,0,0,3.5,2.287,46.28220020944215,0.4666984643269967
5F628E8D-FE8D-4951-A033-3965E332A055,61,99.9248798076923,rural_b_road,road_archetype,9448,risk_percentile,99.760307451934,0.4305389761924744,2.880409359931946,0,0,0,7959.1,1.285,B Road,B Road,other_rural,rural_b_road,Single Carriageway,B560,False,False,False,False,False,False,Rural,Smaller rural: Nearer to a major town or city,False,True,sparse collision history,-0.5318373949118612,52.122422137278264,2026-07-04T12:45:06+00:00,data/models/risk_scores.parquet,0.1.0,E01017547,LSOA2021,England,IoD 2025,within,0.0,8,9,8,1,0,0,3.0,0.5609999999999999,66.4529213503464,0.12246020165352924
EEBE35F8-F4C1-41E8-8AC0-73161049E416,62,99.92362780448718,rural_b_road,road_archetype,9703,risk_percentile,99.75383750382805,0.4267949998378754,2.4863807201385497,0,0,0,12150.1,0.763,B Road,B Road,other_rural,rural_b_road,Single Carriageway,B6273,False,False,False,False,False,False,Rural,Larger rural: Nearer to a major town or city,False,True,sparse collision history,-1.3542441693996146,53.58278421417783,2026-07-04T12:45:06+00:00,data/models/risk_scores.parquet,0.1.0,E01007328,LSOA2021,England,IoD 2025,within,0.0,2,2,2,1,0,0,3.0,1.9989999999999999,139.29401950943395,2.302045939813275
95B071CC-C285-49FE-81F7-79111F239832,63,99.92237580128204,rural_b_road,road_archetype,9760,risk_percentile,99.75239128013378,0.4260596066713333,1.2894005477428436,1,0,0,3582.1,2.433,B Road,B Road,other_rural,rural_b_road,Single Carriageway,B1176,False,False,False,False,False,False,Rural,Smaller rural: Further from a major town or city,False,True,sparse collision history,-0.5404855667719456,52.85642512522497,2026-07-04T12:45:06+00:00,data/models/risk_scores.parquet,0.1.0,E01026316,LSOA2021,England,IoD 2025,within,0.0,6,7,8,1,0,0,3.0,4.174,12.561894574324747,0.3513812723821062
EDE7DA6D-218D-4D4E-BC69-FE4AFE0CC3A8,64,99.92112379807693,rural_b_road,road_archetype,9785,risk_percentile,99.75175697149594,0.4257966548204422,3.3299137353897095,1,0,0,11514.7,0.318,B Road,B Road,other_rural,rural_b_road,Single Carriageway,B5395,False,False,False,False,False,False,Rural,Larger rural: Further from a major town or city,False,True,sparse collision history,-2.6846074393632207,52.97199761452988,2026-07-04T12:45:06+00:00,data/models/risk_scores.parquet,0.1.0,E01028891,LSOA2021,England,IoD 2025,within,0.0,3,3,3,1,0,0,3.5,1.312,3371.432745701365,2.916464873855127
D24B87A4-81C2-46BD-9DFB-746F48D441D4,65,99.9198717948718,rural_b_road,road_archetype,9918,risk_percentile,99.74838244954265,0.4236793011426926,1.5373461723327637,1,0,1,3066.8,2.387,B Road,B Road,other_rural,rural_b_road,Single Carriageway,B660,False,False,False,False,False,False,Rural,Smaller rural: Further from a major town or city,False,True,sparse collision history,-0.3983301265292771,52.37036978434924,2026-07-04T12:45:06+00:00,data/models/risk_scores.parquet,0.1.0,E01018126,LSOA2021,England,IoD 2025,within,0.0,7,9,9,1,0,0,3.0,0.0,36.356193546516465,0.016254812023653607
12BABEEF-B99C-4F11-AA92-BBC2C8499624,66,99.91861979166666,rural_b_road,road_archetype,10139,risk_percentile,99.74277516118417,0.4204171299934387,3.495157527923584,6,1,1,6810.5,1.438,B Road,B Road,other_rural,rural_b_road,Single Carriageway,B4100,False,False,False,False,False,False,Rural,Smaller rural: Further from a major town or city,False,False,,-1.3987381347815613,52.11497046448289,2026-07-04T12:45:06+00:00,data/models/risk_scores.parquet,0.1.0,E01031194,LSOA2021,England,IoD 2025,within,0.0,6,8,9,1,0,0,3.0,4.453000000000001,43.19625888207947,1.1215997419689616
2E5EA005-7DC1-4B9A-A03B-D33C7C0DB58D,67,99.91736778846155,rural_b_road,road_archetype,10324,risk_percentile,99.73808127726417,0.4179752469062805,2.414216923713684,4,0,1,7545.1,1.154,B Road,B Road,other_rural,rural_b_road,Single Carriageway,B1524,False,False,False,False,False,False,Rural,Smaller rural: Nearer to a major town or city,False,False,,-0.30937805409152513,52.66613272408275,2026-07-04T12:45:06+00:00,data/models/risk_scores.parquet,0.1.0,E01015635,LSOA2021,England,IoD 2025,within,0.0,9,10,9,1,0,0,3.0,0.0,196.73536349159977,1.9845473035822394
3470EF1D-5403-48EA-9E3C-381E3843B5B1,68,99.91611578525641,rural_b_road,road_archetype,10345,risk_percentile,99.73754845800839,0.4178314179182053,1.0387379050254821,5,0,1,3177.0,1.42,B Road,B Road,other_rural,rural_b_road,Single Carriageway,B1225,False,False,False,False,False,False,Rural,Smaller rural: Nearer to a major town or city,False,False,,-0.23334562112713078,53.40617814373678,2026-07-04T12:45:06+00:00,data/models/risk_scores.parquet,0.1.0,E01026415,LSOA2021,England,IoD 2025,within,0.0,3,4,3,1,0,0,3.5,2.044,6.224312203742887,1.985227981344375
7623AC20-D2A2-4C12-B586-BC372AA17BF3,69,99.91486378205127,rural_b_road,road_archetype,10371,risk_percentile,99.73688877702503,0.417308309674263,1.915714055299759,1,0,0,11277.3,0.952,B Road,B Road,other_rural,rural_b_road,Single Carriageway,B1278,False,False,False,False,False,False,Rural,Larger rural: Nearer to a major town or city,False,True,sparse collision history,-1.4288008982864784,54.72401007012817,2026-07-04T12:45:06+00:00,data/models/risk_scores.parquet,0.1.0,E01020792,LSOA2021,England,IoD 2025,within,0.0,1,2,1,1,0,0,2.5,1.557,246.20846181117753,0.1826252664332313
275D73CD-DDB0-4E54-8361-550A9F9BD2F1,70,99.91361177884616,rural_b_road,road_archetype,10407,risk_percentile,99.73597537258655,0.41666839718818666,0.8086614847183228,3,0,1,3339.3,2.026,B Road,B Road,other_rural,rural_b_road,Single Carriageway,B1396,False,False,False,False,False,False,Rural,Smaller rural: Nearer to a major town or city,False,False,,-0.9217963573868782,53.486991951387104,2026-07-04T12:45:06+00:00,data/models/risk_scores.parquet,0.1.0,E01028023,LSOA2021,England,IoD 2025,within,0.0,6,7,7,1,0,0,4.0,3.5550000000000006,18.824348250563492,0.5062715306136143
42D39786-782A-4DEF-9584-9C94FDB1FCD4,71,99.91235977564102,rural_b_road,road_archetype,10501,risk_percentile,99.73359037210828,0.41556353569030763,2.0559001743793486,7,1,3,6036.1,1.554,B Road,B Road,other_rural,rural_b_road,Single Carriageway,B1150,False,False,False,False,False,False,Rural,Smaller rural: Nearer to a major town or city,False,False,,1.371009215831239,52.74060717053901,2026-07-04T12:45:06+00:00,data/models/risk_scores.parquet,0.1.0,E01026516,LSOA2021,England,IoD 2025,within,0.0,5,5,5,1,0,0,3.5,4.955000000000001,31.70529618762058,0.12320167283548855
2EAD9EA4-213C-4B24-AE1C-09B78ED6F5A0,72,99.9111077724359,rural_b_road,road_archetype,10553,risk_percentile,99.73227101014159,0.4148231714963913,2.609251022338867,1,0,0,9449.3,0.942,B Road,B Road,other_rural,rural_b_road,Single Carriageway,B6291,False,False,False,False,False,False,Rural,Larger rural: Nearer to a major town or city,False,True,sparse collision history,-1.4884965464909734,54.72395741010924,2026-07-04T12:45:06+00:00,data/models/risk_scores.parquet,0.1.0,E01020699,LSOA2021,England,IoD 2025,within,0.0,3,3,2,1,0,0,3.5,1.917,330.57527632452906,0.04157664830253288
FB9790A9-638A-44B5-9D05-70E8FAE3E451,73,99.90985576923077,rural_b_road,road_archetype,10575,risk_percentile,99.73171281854029,0.4145496755838394,2.093918025493622,8,1,4,4617.2,1.372,B Road,B Road,other_rural,rural_b_road,Single Carriageway,B1506,False,False,False,False,False,False,Rural,Smaller rural: Nearer to a major town or city,False,False,,0.4619651094436403,52.265550858662465,2026-07-04T12:45:06+00:00,data/models/risk_scores.parquet,0.1.0,E01029957,LSOA2021,England,IoD 2025,within,0.0,8,9,9,1,0,0,3.5,1.53,32.637229984984806,1.9314532889298675
A211FAF3-F2AD-414D-9DB8-31368F0E11CD,74,99.90860376602564,rural_b_road,road_archetype,10746,risk_percentile,99.72737414745747,0.41202110052108765,0.9126895844936371,1,0,0,4973.5,1.468,B Road,B Road,other_rural,rural_b_road,Single Carriageway,B1187,False,False,False,False,False,False,Rural,Smaller rural: Nearer to a major town or city,False,True,sparse collision history,0.025263948348023285,52.65005284096918,2026-07-04T12:45:06+00:00,data/models/risk_scores.parquet,0.1.0,E01018090,LSOA2021,England,IoD 2025,within,0.0,3,4,3,1,0,0,3.5,4.7139999999999995,31.197584260843367,0.5855497721041082
155111FC-B6F9-4D1A-8696-11FF22D4F886,75,99.90735176282051,rural_b_road,road_archetype,11105,risk_percentile,99.71826547541814,0.4070012211799622,3.894466733932495,16,0,3,6228.1,1.104,B Road,B Road,other_rural,rural_b_road,Single Carriageway,B4102,False,False,False,False,False,False,Rural,Smaller rural: Nearer to a major town or city,False,False,,-1.5482683998916553,52.496086838339316,2026-07-04T12:45:06+00:00,data/models/risk_scores.parquet,0.1.0,E01031027,LSOA2021,England,IoD 2025,within,0.0,6,8,9,1,0,0,3.5,3.915,27.51367638196322,0.454881986244452
FE79C73A-5B1D-49E8-9530-A638C99BEF25,76,99.90609975961539,rural_b_road,road_archetype,11143,risk_percentile,99.71730132628862,0.4066073536872864,2.619580340385437,2,0,1,7939.5,1.204,B Road,B Road,other_rural,rural_b_road,Single Carriageway,B1202,False,False,False,False,False,False,Rural,Larger rural: Nearer to a major town or city,False,False,,-0.3339578199404315,53.37609762866339,2026-07-04T12:45:06+00:00,data/models/risk_scores.parquet,0.1.0,E01026390,LSOA2021,England,IoD 2025,within,0.0,3,3,2,1,0,0,3.0,0.6350000000000001,414.28625059328454,0.2928526547056127
A68E41D6-E1F7-4226-B184-26B7B12C77FE,77,99.90484775641025,rural_b_road,road_archetype,11155,risk_percentile,99.71699685814247,0.40649738609790803,1.866206407546997,6,0,3,4329.5,1.573,B Road,B Road,other_rural,rural_b_road,Single Carriageway,B1108,False,False,False,False,False,False,Rural,Smaller rural: Nearer to a major town or city,False,False,,1.1387992414316204,52.622986455134885,2026-07-04T12:45:06+00:00,data/models/risk_scores.parquet,0.1.0,E01026896,LSOA2021,England,IoD 2025,within,0.0,7,10,7,1,0,0,3.5,3.222,14.234771717198011,0.028979002514048363
A69EB07D-9488-4D29-B237-B2CEA29B39AA,78,99.90359575320514,rural_b_road,road_archetype,11202,risk_percentile,99.71580435790332,0.4058955103158951,3.071950650215149,1,0,0,10239.4,0.878,B Road,B Road,other_rural,rural_b_road,Single Carriageway,B591,False,False,False,False,False,False,Rural,Smaller rural: Nearer to a major town or city,False,True,sparse collision history,-1.2926739694242062,52.70891571524631,2026-07-04T12:45:06+00:00,data/models/risk_scores.parquet,0.1.0,E01025871,LSOA2021,England,IoD 2025,within,0.0,6,6,7,1,0,0,3.0,0.788,76.27380648541319,0.8504606612180594
B0CFA360-542B-439A-9F0D-BB813426FCFA,79,99.90234375,rural_b_road,road_archetype,11273,risk_percentile,99.71400292137186,0.4050276428461075,4.416352581977844,3,0,0,12061.1,0.779,B Road,B Road,other_rural,rural_b_road,Single Carriageway,B6133,False,False,False,False,False,False,Rural,Larger rural: Nearer to a major town or city,False,False,,-1.3813258205293213,53.683620956432385,2026-07-04T12:45:06+00:00,data/models/risk_scores.parquet,0.1.0,E01011776,LSOA2021,England,IoD 2025,within,0.0,2,3,3,1,0,0,3.0,0.637,243.45513025904376,0.07451516635437483
1D0562E4-BEB5-4C5C-A801-C851765B79C5,80,99.90109174679486,rural_b_road,road_archetype,11292,risk_percentile,99.7135208468071,0.40468845069408416,3.4451283693313597,1,0,0,9182.9,1.044,B Road,B Road,other_rural,rural_b_road,Single Carriageway,B5324,False,False,False,False,False,False,Rural,Smaller rural: Nearer to a major town or city,False,True,sparse collision history,-1.3967446686004346,52.764378830622654,2026-07-04T12:45:06+00:00,data/models/risk_scores.parquet,0.1.0,E01025963,LSOA2021,England,IoD 2025,within,0.0,6,7,7,1,0,0,3.0,1.3559999999999999,190.94137774964975,0.6414819592495158
BFB369FF-B721-4968-811F-00B46C27945C,81,99.89983974358975,rural_b_road,road_archetype,11461,risk_percentile,99.70923292041533,0.4025605022907257,2.8781566619873047,2,0,0,6349.6,1.087,B Road,B Road,other_rural,rural_b_road,Single Carriageway,B4428,False,False,False,False,False,False,Rural,Smaller rural: Nearer to a major town or city,False,False,,-1.271512252020246,52.4398421060401,2026-07-04T12:45:06+00:00,data/models/risk_scores.parquet,0.1.0,E01031160,LSOA2021,England,IoD 2025,within,0.0,7,8,8,1,0,0,3.5,1.364,47.58897776020133,0.3151430405980316
038C1B0A-4312-4BA5-BB51-40D98B9A3890,82,99.89858774038461,rural_b_road,road_archetype,11503,risk_percentile,99.70816728190375,0.40215301513671875,3.086838173866272,1,0,0,12812.2,0.195,B Road,B Road,other_rural,rural_b_road,Single Carriageway,B6273,False,False,False,False,False,False,Rural,Larger rural: Nearer to a major town or city,False,True,sparse collision history,-1.3515727463843463,53.60958694515795,2026-07-04T12:45:06+00:00,data/models/risk_scores.parquet,0.1.0,E01011790,LSOA2021,England,IoD 2025,within,0.0,1,2,1,1,0,0,3.0,0.6040000000000001,5897.797398470061,2.2739568400150953
914BA6C5-B785-4828-B701-53EBD81467CC,83,99.89733573717949,rural_b_road,road_archetype,11520,risk_percentile,99.70773595203003,0.40194423496723175,0.7156194448471069,0,0,0,3943.7,2.183,B Road,B Road,other_rural,rural_b_road,Single Carriageway,B6341,False,False,False,False,False,False,Rural,Larger rural: Further from a major town or city,False,True,sparse collision history,-1.7684231408766453,55.3956886173175,2026-07-04T12:45:06+00:00,data/models/risk_scores.parquet,0.1.0,E01027358,LSOA2021,England,IoD 2025,within,0.0,5,5,5,1,0,0,3.5,4.167,15.965020206527084,0.039253583224898046
55098676-480A-4940-90EE-DD9ECA44B83A,84,99.89608373397436,rural_b_road,road_archetype,11551,risk_percentile,99.70694940931911,0.4015559732913971,3.4794830322265624,0,0,0,5652.8,1.161,B Road,B Road,other_rural,rural_b_road,Single Carriageway,B1040,False,False,False,False,False,False,Rural,Smaller rural: Nearer to a major town or city,False,True,sparse collision history,-0.22303146963167209,52.11829295233156,2026-07-04T12:45:06+00:00,data/models/risk_scores.parquet,0.1.0,E01017425,LSOA2021,England,IoD 2025,within,0.0,6,8,8,1,0,0,3.5,4.165,27.94940569079158,0.2063188349958231
7F14CADD-D1B7-4846-8127-1F92275CC7DA,85,99.89483173076923,rural_b_road,road_archetype,11654,risk_percentile,99.70433605773123,0.40013465881347654,3.005227041244507,2,0,1,8862.6,1.057,B Road,B Road,other_rural,rural_b_road,Single Carriageway,B6135,False,False,False,False,False,False,Rural,Larger rural: Nearer to a major town or city,False,False,,-1.512855753386311,53.7324179147843,2026-07-04T12:45:06+00:00,data/models/risk_scores.parquet,0.1.0,E01035053,LSOA2021,England,IoD 2025,within,0.0,7,7,8,1,0,0,3.0,0.428,738.207213125737,0.0135294030375244
F39A956E-D089-4FF3-97E8-1BCC0AF7BE6D,86,99.8935797275641,rural_b_road,road_archetype,11715,risk_percentile,99.70278834465489,0.39955144226551054,2.306415855884552,7,1,1,5516.9,1.017,B Road,B Road,other_rural,rural_b_road,Single Carriageway,B1217,False,False,False,False,False,False,Rural,Smaller rural: Nearer to a major town or city,False,False,,-1.3501923466776617,53.811944039607695,2026-07-04T12:45:06+00:00,data/models/risk_scores.parquet,0.1.0,E01011297,LSOA2021,England,IoD 2025,within,0.0,8,9,9,1,0,0,3.5,0.448,28.85910561458164,3.547142390605204
34B5AA28-0462-4EAE-86CC-518FA4EAF964,87,99.89232772435898,rural_b_road,road_archetype,11728,risk_percentile,99.70245850416322,0.3993621379137039,2.5693058729171754,0,0,0,3954.8,1.928,B Road,B Road,other_rural,rural_b_road,Single Carriageway,B1258,False,False,False,False,False,False,Rural,Smaller rural: Further from a major town or city,False,True,sparse collision history,-0.6285667428703696,54.216195039053126,2026-07-04T12:45:06+00:00,data/models/risk_scores.parquet,0.1.0,E01027802,LSOA2021,England,IoD 2025,within,0.0,5,9,8,1,0,0,3.0,1.415,18.74491728612391,0.6877494154373098
3F5D6425-2959-4872-B9DA-1E7785EB7E89,88,99.89107572115384,rural_b_road,road_archetype,11737,risk_percentile,99.70223015305359,0.399225315451622,2.3603819847106933,8,0,4,6724.7,1.26,B Road,B Road,other_rural,rural_b_road,Single Carriageway,B6428,False,False,False,False,False,False,Rural,Larger rural: Nearer to a major town or city,False,False,,-1.3557873551524122,53.66267758505061,2026-07-04T12:45:06+00:00,data/models/risk_scores.parquet,0.1.0,E01034269,LSOA2021,England,IoD 2025,within,0.0,8,8,9,1,0,0,3.0,0.8260000000000001,27.081988558045634,0.3005876539479465
70B4BD4D-BFB3-4393-A848-0EBB5A2FF7BE,89,99.88982371794873,rural_b_road,road_archetype,11763,risk_percentile,99.70157047207024,0.39896746873855593,2.028234398365021,3,0,2,4585.5,1.414,B Road,B Road,other_rural,rural_b_road,Single Carriageway,B1206,False,False,False,False,False,False,Rural,Larger rural: Nearer to a major town or city,False,False,,-0.3891299624626863,53.66446287677746,2026-07-04T12:45:06+00:00,data/models/risk_scores.parquet,0.1.0,E01013305,LSOA2021,England,IoD 2025,within,0.0,8,9,8,1,0,0,3.5,0.426,61.73263453069614,1.4957282862759078
72B04FF9-29B6-40CF-9A37-DB5D73F9245D,90,99.88857171474359,rural_b_road,road_archetype,11880,risk_percentile,99.69860190764517,0.3976311296224594,1.3824556708335876,0,0,0,3197.4,1.774,B Road,B Road,other_rural,rural_b_road,Single Carriageway,B6318,False,False,False,False,False,False,Rural,Larger rural: Nearer to a major town or city,False,True,sparse collision history,-1.8530204359123408,55.0052095410951,2026-07-04T12:45:06+00:00,data/models/risk_scores.parquet,0.1.0,E01027449,LSOA2021,England,IoD 2025,within,0.0,9,9,8,1,0,0,3.5,1.269,14.499401026566385,0.44100924131163927
71C71AD6-A034-4C46-A226-6159B3FA7DC3,91,99.88731971153845,rural_b_road,road_archetype,11928,risk_percentile,99.69738403506052,0.3971323102712631,2.0686922430992127,6,0,3,7130.9,0.99,B Road,B Road,other_rural,rural_b_road,Single Carriageway,B6013,False,False,False,False,False,False,Rural,Smaller rural: Nearer to a major town or city,False,False,,-1.4240934435242796,53.08605626807853,2026-07-04T12:45:06+00:00,data/models/risk_scores.parquet,0.1.0,E01019477,LSOA2021,England,IoD 2025,within,0.0,7,7,6,1,0,0,3.0,0.935,43.58509327858414,2.418517779409484
663D9E9E-E96F-4A51-BE51-FA4F57BB4EB9,92,99.88606770833334,rural_b_road,road_archetype,11938,risk_percentile,99.69713031160539,0.39695470333099364,1.813619565963745,5,0,2,4610.0,1.544,B Road,B Road,other_rural,rural_b_road,Single Carriageway,B1228,False,False,False,False,False,False,Rural,Larger rural: Nearer to a major town or city,False,False,,-1.0014504651981113,53.95184582563011,2026-07-04T12:45:06+00:00,data/models/risk_scores.parquet,0.1.0,E01013351,LSOA2021,England,IoD 2025,within,0.0,9,10,10,1,0,0,3.0,0.051,37.830801776258696,0.05652410024939545
EC7F8818-6278-4A86-A30C-CBFD9F967E4D,93,99.8848157051282,rural_b_road,road_archetype,11942,risk_percentile,99.69702882222333,0.39686674177646636,1.574664330482483,2,0,0,4047.2,1.721,B Road,B Road,other_rural,rural_b_road,Single Carriageway,B1145,False,False,False,False,False,False,Rural,Larger rural: Nearer to a major town or city,False,False,,1.0670386266011842,52.75857174739302,2026-07-04T12:45:06+00:00,data/models/risk_scores.parquet,0.1.0,E01026547,LSOA2021,England,IoD 2025,within,0.0,5,6,7,1,0,0,3.5,2.4629999999999996,20.819728751470315,0.4096470092132965
AB3AF281-33FD-4BAC-BC5C-1CDDB19BBF12,94,99.88356370192307,rural_b_road,road_archetype,12000,risk_percentile,99.69555722618355,0.3961192309856415,1.37783362865448,2,0,0,4839.1,1.717,B Road,B Road,other_rural,rural_b_road,Single Carriageway,B1225,False,False,False,False,False,False,Rural,Smaller rural: Nearer to a major town or city,False,False,,-0.24962266180121206,53.421439677181205,2026-07-04T12:45:06+00:00,data/models/risk_scores.parquet,0.1.0,E01026391,LSOA2021,England,IoD 2025,within,0.0,6,7,6,1,0,0,3.0,4.04,20.875097868373054,1.9884986251160166
42037235-17CA-4C4F-99B4-3576306C1FB5,95,99.88231169871796,rural_b_road,road_archetype,12055,risk_percentile,99.69416174718032,0.39555741399526595,2.12361301779747,0,0,0,5933.5,2.134,B Road,B Road,other_rural,rural_b_road,Single Carriageway,B1368,False,False,False,False,False,False,Rural,Smaller rural: Nearer to a major town or city,False,True,sparse collision history,0.08668560642124826,52.10542950981851,2026-07-04T12:45:06+00:00,data/models/risk_scores.parquet,0.1.0,E01018302,LSOA2021,England,IoD 2025,within,0.0,8,10,10,1,0,0,3.0,2.8280000000000003,117.51962359614986,0.4838415807363538
A29794F3-9F6E-4C39-AE92-CBA3D9CE8C6F,96,99.88105969551282,rural_b_road,road_archetype,12127,risk_percentile,99.69233493830333,0.3946818321943283,1.9857035398483276,0,0,0,3765.4,2.005,B Road,B Road,other_rural,rural_b_road,Single Carriageway,B1117,False,False,False,False,False,False,Rural,Smaller rural: Further from a major town or city,False,True,sparse collision history,1.347625794065056,52.30567223531543,2026-07-04T12:45:06+00:00,data/models/risk_scores.parquet,0.1.0,E01034571,LSOA2021,England,IoD 2025,within,0.0,6,7,7,1,0,0,3.0,6.071999999999997,19.644801341101683,0.1371533912642895
E0195809-06BF-4336-A7F1-199DC09F0073,97,99.8798076923077,rural_b_road,road_archetype,12166,risk_percentile,99.69134541682831,0.3941915243864059,3.462401032447815,1,0,0,11432.8,0.27,B Road,B Road,other_rural,rural_b_road,Single Carriageway,B6112,False,False,False,False,False,False,Rural,Larger rural: Nearer to a major town or city,False,True,sparse collision history,-1.8640281998919424,53.682233952844406,2026-07-04T12:45:06+00:00,data/models/risk_scores.parquet,0.1.0,E01010902,LSOA2021,England,IoD 2025,within,0.0,3,3,3,1,0,0,3.5,1.625,2086.988198152375,0.06168708895128905
1687661C-7C34-4E8E-82C4-67BC1055EA7B,98,99.87855568910257,rural_b_road,road_archetype,12264,risk_percentile,99.68885892696798,0.39315607845783235,2.3734295845031737,3,0,1,9465.3,0.905,B Road,B Road,other_rural,rural_b_road,Single Carriageway,B587,False,False,False,False,False,False,Rural,Larger rural: Nearer to a major town or city,False,False,,-1.4431702768382606,52.83587807487009,2026-07-04T12:45:06+00:00,data/models/risk_scores.parquet,0.1.0,E01019853,LSOA2021,England,IoD 2025,within,0.0,9,8,8,1,0,0,3.0,0.02,154.4937500435767,0.9954169695487243
E72881EB-FEFA-4C74-82F7-FBBF1A112D1F,99,99.87730368589743,rural_b_road,road_archetype,12266,risk_percentile,99.68880818227696,0.393145826458931,4.8189595460891725,7,0,4,13286.5,0.755,B Road,B Road,other_rural,rural_b_road,Single Carriageway,B6273,False,False,False,False,False,False,Rural,Larger rural: Nearer to a major town or city,False,False,,-1.3606706259687384,53.6200520512669,2026-07-04T12:45:06+00:00,data/models/risk_scores.parquet,0.1.0,E01011789,LSOA2021,England,IoD 2025,within,0.0,1,2,1,1,0,0,3.0,1.7580000000000002,563.6927895820198,0.21364469429871216
BA6B6631-4744-4EF7-A6C6-84F208DD14C7,100,99.8760516826923,rural_b_road,road_archetype,12356,risk_percentile,99.68652467118075,0.3922037214040756,2.7962867617607117,1,0,0,11577.0,0.794,B Road,B Road,other_rural,rural_b_road,Single Carriageway,B6428,False,False,False,False,False,False,Rural,Larger rural: Nearer to a major town or city,False,True,sparse collision history,-1.3925607565521776,53.63024191869369,2026-07-04T12:45:06+00:00,data/models/risk_scores.parquet,0.1.0,E01011791,LSOA2021,England,IoD 2025,within,0.0,1,2,1,1,0,0,3.0,1.996,120.02897123810978,0.1872540606081866
A840D400-FB6D-4004-8716-855F2C873B6A,1,100.0,rural_minor,road_archetype,2081,risk_percentile,99.94722552133193,0.7167031049728394,0.8536900281906128,0,0,0,1950.3,2.716,Classified Unnumbered,Minor Road,other_rural,rural_minor,Single Carriageway,,False,False,False,False,False,False,Rural,Larger rural: Nearer to a major town or city,False,True,sparse collision history,-1.3703865166241824,53.89622012980624,2026-07-04T12:45:06+00:00,data/models/risk_scores.parquet,0.1.0,E01011707,LSOA2021,England,IoD 2025,within,0.0,7,6,6,1,0,0,3.0,0.047,221.86069579639977,0.04681063519754958
16E51577-B697-43EE-AFDF-1FA670370425,2,99.99992342463415,rural_minor,road_archetype,2193,risk_percentile,99.94438381863442,0.7029122948646546,0.4549745827913284,4,0,2,1015.0,3.227,Classified Unnumbered,Minor Road,other_rural,rural_minor,Single Carriageway,,False,False,False,False,False,False,Rural,Smaller rural: Further from a major town or city,False,False,,-0.7710940438272696,52.70551356507747,2026-07-04T12:45:06+00:00,data/models/risk_scores.parquet,0.1.0,E01013809,LSOA2021,England,IoD 2025,within,0.0,8,7,7,1,0,0,3.0,0.019,56.624853418635865,0.04441298894059231
E261BCBD-8D2B-4238-AE08-F358ED79FC4E,3,99.99984684926828,rural_minor,road_archetype,3933,risk_percentile,99.90023593744093,0.5771280705928803,1.0162850379943849,1,0,0,2722.5,0.796,Classified Unnumbered,Minor Road,other_rural,rural_minor,Single Carriageway,,False,False,False,False,False,False,Rural,Larger rural: Nearer to a major town or city,False,True,sparse collision history,-1.4203019216286388,53.67162285574599,2026-07-04T12:45:06+00:00,data/models/risk_scores.parquet,0.1.0,E01011817,LSOA2021,England,IoD 2025,within,0.0,3,3,2,1,0,0,3.0,0.192,2460.0874302039106,0.49854135990268855
E67DF9F4-E91F-4586-B7F2-67D7EE48806D,4,99.99977027390243,rural_minor,road_archetype,4620,risk_percentile,99.88280513607316,0.5467708885669709,3.2751862049102782,0,0,0,4114.4,1.093,Unclassified,Minor Road,other_rural,rural_minor,Single Carriageway,,False,False,False,False,False,False,Rural,Larger rural: Nearer to a major town or city,False,True,sparse collision history,-1.2635983864384248,53.388104836673655,2026-07-04T12:45:06+00:00,data/models/risk_scores.parquet,0.1.0,E01007809,LSOA2021,England,IoD 2025,within,0.0,1,1,1,1,0,0,3.5,3.686,1367.7645103099615,3.305547666475658
D21C78BB-43E4-4A55-89CE-B2A80D7D0B65,5,99.99969369853657,rural_minor,road_archetype,4797,risk_percentile,99.87831423091727,0.5394790858030319,1.8267045736312866,2,0,1,3838.6,1.23,Classified Unnumbered,Minor Road,other_rural,rural_minor,Single Carriageway,,False,False,False,False,False,False,Rural,Larger rural: Nearer to a major town or city,False,False,,-1.720462772592866,54.82957492418495,2026-07-04T12:45:06+00:00,data/models/risk_scores.parquet,0.1.0,E01020633,LSOA2021,England,IoD 2025,within,0.0,2,3,2,1,0,0,3.0,0.9810000000000001,248.1857204330984,1.7278352838614501
C14B8C32-E135-4D81-B317-D29B96B628CC,6,99.99961712317071,rural_minor,road_archetype,5217,risk_percentile,99.8676578458016,0.5246788948774338,0.6586592495441437,1,0,0,1516.6,0.71,Classified Unnumbered,Minor Road,other_rural,rural_minor,Single Carriageway,,False,False,False,False,False,False,Rural,Larger rural: Nearer to a major town or city,False,True,sparse collision history,-1.2415483957278064,53.278855102187734,2026-07-04T12:45:06+00:00,data/models/risk_scores.parquet,0.1.0,E01019492,LSOA2021,England,IoD 2025,within,0.0,3,3,2,1,0,0,3.5,0.0,1549.5367451585612,0.985830257448157
1BCD5F92-C653-4616-8CBE-6F60EF75DBE3,7,99.99954054780486,rural_minor,road_archetype,5309,risk_percentile,99.86532359001436,0.5217110991477967,0.6774186551570892,3,0,1,1513.0,1.973,Classified Unnumbered,Minor Road,other_rural,rural_minor,Single Carriageway,,False,False,False,False,False,False,Rural,Smaller rural: Nearer to a major town or city,False,False,,-1.103395214451596,53.57125570278228,2026-07-04T12:45:06+00:00,data/models/risk_scores.parquet,0.1.0,E01007511,LSOA2021,England,IoD 2025,within,0.0,1,1,1,1,0,0,3.5,3.1879999999999997,57.08469601890774,0.11898677286261103
66DAE859-1882-4D29-A38B-D1B242D827B6,8,99.999463972439,rural_minor,road_archetype,5350,risk_percentile,99.8642833238483,0.5202611893415451,0.9096423923969269,2,0,1,1918.9,1.743,Classified Unnumbered,Minor Road,other_rural,rural_minor,Single Carriageway,,False,False,False,False,False,False,Rural,Larger rural: Nearer to a major town or city,False,False,,-1.4046501592672684,53.75903804280456,2026-07-04T12:45:06+00:00,data/models/risk_scores.parquet,0.1.0,E01011392,LSOA2021,England,IoD 2025,within,0.0,6,6,6,1,0,0,3.0,0.819,257.0629745387692,0.07384704577282626
629CFABF-2ADB-4E2A-87CF-B609A44125F8,9,99.99938739707314,rural_minor,road_archetype,5564,risk_percentile,99.85885364190842,0.5138020545244217,0.5655064135789871,0,0,0,1899.4,0.189,Classified Unnumbered,Minor Road,other_rural,rural_minor,Single Carriageway,,False,False,False,False,False,False,Rural,Larger rural: Nearer to a major town or city,False,True,sparse collision history,-1.356523716409454,53.74701443473327,2026-07-04T12:45:06+00:00,data/models/risk_scores.parquet,0.1.0,E01011299,LSOA2021,England,IoD 2025,within,0.0,6,6,6,1,0,0,3.5,0.0,4714.357769802774,2.315593492913652
96D41AD4-5A39-4883-8E14-9AB7D7F9361C,10,99.99931082170728,rural_minor,road_archetype,6072,risk_percentile,99.84596449038756,0.49939790964126585,0.8723690032958984,2,0,0,1584.6,2.111,Classified Unnumbered,Minor Road,other_rural,rural_minor,Single Carriageway,,False,False,False,False,False,False,Rural,Larger rural: Nearer to a major town or city,False,False,,-1.3487889221784453,52.399758517548044,2026-07-04T12:45:06+00:00,data/models/risk_scores.parquet,0.1.0,E01031165,LSOA2021,England,IoD 2025,within,0.0,3,4,3,1,0,0,3.0,1.7839999999999998,34.04576160152984,2.0767524779156306
10391DF9-E4A0-41AC-8859-058626C1D134,11,99.99923424634142,rural_minor,road_archetype,6268,risk_percentile,99.84099151066691,0.4938824653625488,0.7172911822795868,3,0,0,1460.7,2.359,Classified Unnumbered,Minor Road,other_rural,rural_minor,Single Carriageway,,False,False,False,False,False,False,Rural,Larger rural: Nearer to a major town or city,False,False,,-0.8010391562607257,53.5314763606575,2026-07-04T12:45:06+00:00,data/models/risk_scores.parquet,0.1.0,E01013244,LSOA2021,England,IoD 2025,within,0.0,4,4,3,1,0,0,3.0,0.817,113.28628010873481,1.0645251767923125
9F346345-D2F0-4376-8473-95B716AE4401,12,99.99915767097556,rural_minor,road_archetype,6360,risk_percentile,99.83865725487966,0.4913677990436554,0.32208299934864043,1,0,1,810.7,2.616,Classified Unnumbered,Minor Road,other_rural,rural_minor,Single Carriageway,,False,False,False,False,False,False,Rural,Larger rural: Nearer to a major town or city,False,True,sparse collision history,-0.5003405695555757,53.11513953318121,2026-07-04T12:45:06+00:00,data/models/risk_scores.parquet,0.1.0,E01026194,LSOA2021,England,IoD 2025,within,0.0,7,6,5,1,0,0,3.0,0.0,112.13993056492733,1.9132277900309838
65411F14-D3AF-4EF4-84EC-71CE1D835FDE,13,99.99908109560971,rural_minor,road_archetype,6631,risk_percentile,99.83178134924552,0.4850462466478348,0.8049709081649781,1,0,0,2170.8,0.945,Classified Unnumbered,Minor Road,other_rural,rural_minor,Single Carriageway,,False,False,False,False,False,False,Rural,Smaller rural: Nearer to a major town or city,False,True,sparse collision history,-1.4868913728001092,52.967145936855594,2026-07-04T12:45:06+00:00,data/models/risk_scores.parquet,0.1.0,E01034254,LSOA2021,England,IoD 2025,within,0.0,8,8,9,1,0,0,3.0,0.0,920.3443874916171,2.4255558005599007
9A737643-E742-4A1F-B340-D85C45419757,14,99.99900452024384,rural_minor,road_archetype,6954,risk_percentile,99.82358608164465,0.4771679699420929,0.615886214375496,0,0,0,1947.2,0.25,Classified Unnumbered,Minor Road,other_rural,rural_minor,Single Carriageway,,False,False,False,False,False,False,Rural,Larger rural: Nearer to a major town or city,False,True,sparse collision history,-1.836487608439944,52.64151705494005,2026-07-04T12:45:06+00:00,data/models/risk_scores.parquet,0.1.0,E01029522,LSOA2021,England,IoD 2025,within,0.0,6,6,6,1,0,0,3.5,0.0,2992.2619961873725,2.8175699104685408
9E3007BF-0CF1-40AB-A2BB-8D0F29382EFE,15,99.99892794487799,rural_minor,road_archetype,7097,risk_percentile,99.81995783623623,0.4738392919301987,0.9028674125671386,8,0,1,2073.7,1.844,Classified Unnumbered,Minor Road,other_rural,rural_minor,Single Carriageway,,False,False,False,False,False,False,Rural,Larger rural: Further from a major town or city,False,False,,0.11177882443106345,53.17913004175999,2026-07-04T12:45:06+00:00,data/models/risk_scores.parquet,0.1.0,E01026100,LSOA2021,England,IoD 2025,within,0.0,4,3,4,1,0,0,3.0,0.9600000000000001,230.28210659455937,0.22006994933229293
6FA92983-3CA3-480E-B5E7-BDB20E5DD0F3,16,99.99885136951214,rural_minor,road_archetype,7143,risk_percentile,99.8187907083426,0.472717747092247,1.1400246739387512,1,0,1,2666.3,0.794,Classified Unnumbered,Minor Road,other_rural,rural_minor,Single Carriageway,,False,False,False,False,False,False,Rural,Larger rural: Further from a major town or city,False,True,sparse collision history,0.5865601440792464,52.676470224955715,2026-07-04T12:45:06+00:00,data/models/risk_scores.parquet,0.1.0,E01026445,LSOA2021,England,IoD 2025,within,0.0,4,5,4,1,0,0,3.0,1.3420000000000003,2834.2007835655145,0.11272619787557057
8838A12D-C63A-49C9-BFD4-9678359A63F6,17,99.99877479414627,rural_minor,road_archetype,7196,risk_percentile,99.81744597403039,0.4715858608484268,0.855814516544342,1,0,0,1908.2,1.949,Classified Unnumbered,Minor Road,other_rural,rural_minor,Single Carriageway,,False,False,False,False,False,False,Rural,Larger rural: Nearer to a major town or city,False,True,sparse collision history,-1.1578719350442173,53.91307167093795,2026-07-04T12:45:06+00:00,data/models/risk_scores.parquet,0.1.0,E01013424,LSOA2021,England,IoD 2025,within,0.0,10,10,10,1,0,0,3.0,0.558,214.57766167814202,0.049398264628852856
5369CE3A-664E-41CD-91E1-B29B37979B2D,18,99.99869821878042,rural_minor,road_archetype,7512,risk_percentile,99.80942831284813,0.46482937335968016,1.8707134246826171,3,0,1,3562.3,0.825,Classified Unnumbered,Minor Road,other_rural,rural_minor,Single Carriageway,,False,False,False,False,False,False,Rural,Larger rural: Nearer to a major town or city,False,False,,-1.6540070913387392,54.76039793069668,2026-07-04T12:45:06+00:00,data/models/risk_scores.parquet,0.1.0,E01034495,LSOA2021,England,IoD 2025,within,0.0,2,2,2,1,0,0,3.5,2.065,360.4709374960546,0.10411337141965617
4EEA5A6C-FB37-484C-94FF-3D03265824B2,19,99.99862164341455,rural_minor,road_archetype,7607,risk_percentile,99.80701794002435,0.46300235390663147,1.394929301738739,1,0,0,2867.5,1.221,Classified Unnumbered,Minor Road,other_rural,rural_minor,Single Carriageway,,False,False,False,False,False,False,Rural,Smaller rural: Nearer to a major town or city,False,True,sparse collision history,-1.154844366007558,53.71798467713678,2026-07-04T12:45:06+00:00,data/models/risk_scores.parquet,0.1.0,E01027889,LSOA2021,England,IoD 2025,within,0.0,4,5,5,1,0,0,3.0,0.7390000000000001,1171.0308922532738,0.16328543631561265
E716337A-9082-46B2-9242-60B66143327A,20,99.9985450680487,rural_minor,road_archetype,7829,risk_percentile,99.80138527932034,0.45850612223148346,0.819654130935669,3,0,1,1322.0,1.949,Classified Unnumbered,Minor Road,other_rural,rural_minor,Single Carriageway,,False,False,False,False,False,False,Rural,Smaller rural: Nearer to a major town or city,False,False,,-1.2468005091630503,53.74849243612789,2026-07-04T12:45:06+00:00,data/models/risk_scores.parquet,0.1.0,E01027891,LSOA2021,England,IoD 2025,within,0.0,6,7,5,1,0,0,3.5,0.116,99.48058659118658,0.05213535895654596
9613D15A-05BB-4593-AE13-AF577F4B9B0C,21,99.99846849268285,rural_minor,road_archetype,7894,risk_percentile,99.79973607686196,0.45722433030605314,1.0363052487373352,0,0,0,3223.0,0.989,Classified Unnumbered,Minor Road,other_rural,rural_minor,Single Carriageway,,False,False,False,False,False,False,Rural,Larger rural: Nearer to a major town or city,False,True,sparse collision history,-1.2154663994448678,52.65711740624059,2026-07-04T12:45:06+00:00,data/models/risk_scores.parquet,0.1.0,E01025846,LSOA2021,England,IoD 2025,within,0.0,10,9,9,1,0,0,3.0,0.42200000000000004,2208.550651797478,0.1270786166623361
6CE2574D-D459-4AD7-9EF2-C9E6EBFC155B,22,99.99839191731698,rural_minor,road_archetype,8269,risk_percentile,99.7902214472944,0.45003517270088195,0.6732718586921692,7,0,3,1649.5,1.126,Classified Unnumbered,Minor Road,other_rural,rural_minor,Single Carriageway,,False,False,False,False,False,False,Rural,Larger rural: Nearer to a major town or city,False,False,,-1.4062320323134172,53.77443762218795,2026-07-04T12:45:06+00:00,data/models/risk_scores.parquet,0.1.0,E01011390,LSOA2021,England,IoD 2025,within,0.0,4,4,4,1,0,0,3.0,0.0,569.2615874119664,1.072705245862438
1AB7AB0A-7E11-4402-87A7-40A0B64175B0,23,99.99831534195113,rural_minor,road_archetype,8309,risk_percentile,99.78920655347386,0.4494094133377075,0.6040224492549896,1,0,0,1345.0,1.444,Classified Unnumbered,Minor Road,other_rural,rural_minor,Single Carriageway,,False,False,False,False,False,False,Rural,Smaller rural: Nearer to a major town or city,False,True,sparse collision history,-1.3560897430352221,53.22685829645844,2026-07-04T12:45:06+00:00,data/models/risk_scores.parquet,0.1.0,E01019822,LSOA2021,England,IoD 2025,within,0.0,4,4,4,1,0,0,3.0,0.0,202.91972003095904,0.02633271218963215
67788375-EA25-488A-A154-0EF546B91A19,24,99.99823876658527,rural_minor,road_archetype,8598,risk_percentile,99.78187394562048,0.44425671696662905,0.515270859003067,1,0,0,1235.9,0.151,Classified Unnumbered,Minor Road,other_rural,rural_minor,Single Carriageway,,False,False,False,False,False,False,Rural,Smaller rural: Nearer to a major town or city,False,True,sparse collision history,-1.2635654999068224,53.723869058127256,2026-07-04T12:45:06+00:00,data/models/risk_scores.parquet,0.1.0,E01027892,LSOA2021,England,IoD 2025,within,0.0,3,4,3,1,0,0,4.0,0.0,4321.225223914581,0.7758211473350396
707F93AF-4267-4C31-BFBD-B2F7FF46A1AB,25,99.99816219121941,rural_minor,road_archetype,8660,risk_percentile,99.78030086019864,0.44313168823719024,1.211749666929245,1,0,0,3412.7,0.229,Classified Unnumbered,Minor Road,other_rural,rural_minor,Single Carriageway,,False,False,False,False,False,False,Rural,Larger rural: Further from a major town or city,False,True,sparse collision history,1.5171893814245634,52.7721407885066,2026-07-04T12:45:06+00:00,data/models/risk_scores.parquet,0.1.0,E01026775,LSOA2021,England,IoD 2025,within,0.0,2,2,2,1,0,0,3.5,0.421,2255.792440714347,0.0433876166215043
FD46C3D5-9B45-4B00-8A85-ABE9196F7DAF,26,99.99808561585355,rural_minor,road_archetype,8869,risk_percentile,99.7749980399863,0.43896304666996,1.1158909499645233,0,0,0,2645.3,1.26,Classified Unnumbered,Minor Road,other_rural,rural_minor,Single Carriageway,,False,False,False,False,False,False,Rural,Larger rural: Nearer to a major town or city,False,True,sparse collision history,-1.2346285803607744,53.26385554526637,2026-07-04T12:45:06+00:00,data/models/risk_scores.parquet,0.1.0,E01019495,LSOA2021,England,IoD 2025,within,0.0,4,4,3,1,0,0,3.0,0.6749999999999999,399.9584544693267,0.117631084642126
DE1D187E-F119-41BE-8B51-9F46C41C5F2F,27,99.99800904048769,rural_minor,road_archetype,9394,risk_percentile,99.76167755859173,0.4311617583036423,0.5838824689388276,1,0,0,1372.3,1.352,Classified Unnumbered,Minor Road,other_rural,rural_minor,Single Carriageway,,False,False,False,False,False,False,Rural,Smaller rural: Nearer to a major town or city,False,True,sparse collision history,-1.418809394807335,53.73264446800525,2026-07-04T12:45:06+00:00,data/models/risk_scores.parquet,0.1.0,E01011395,LSOA2021,England,IoD 2025,within,0.0,5,5,5,1,0,0,3.0,0.0,158.1478951409842,0.7765617633593236
3CA7AA05-F1EB-4DA8-8D39-E1E1FF2E6E53,28,99.99793246512183,rural_minor,road_archetype,9581,risk_percentile,99.7569329299807,0.42845486402511596,0.6433312833309174,1,0,1,1531.6,0.529,Classified Unnumbered,Minor Road,other_rural,rural_minor,Single Carriageway,,False,False,False,False,False,False,Rural,Larger rural: Nearer to a major town or city,False,True,sparse collision history,-1.423776229641275,53.00457881861525,2026-07-04T12:45:06+00:00,data/models/risk_scores.parquet,0.1.0,E01019446,LSOA2021,England,IoD 2025,within,0.0,8,9,7,1,0,0,3.5,0.0,4127.593322259443,1.0631354709183056
F54DBCBF-6170-4F70-B329-9EF70A1A8D9C,29,99.99785588975598,rural_minor,road_archetype,9645,risk_percentile,99.75530909986784,0.42759805023670194,0.42298372089862823,1,0,0,1272.1,0.726,Classified Unnumbered,Local Road,other_rural,rural_minor,Single Carriageway,,False,False,False,False,False,False,Rural,Larger rural: Nearer to a major town or city,False,True,sparse collision history,-1.0341064078536373,53.69260257596145,2026-07-04T12:45:06+00:00,data/models/risk_scores.parquet,0.1.0,E01013073,LSOA2021,England,IoD 2025,within,0.0,8,8,7,1,0,0,3.0,0.0,1734.7059072927723,0.6884866914075954
2872CFC3-62B9-4A66-BF89-50C68F697674,30,99.99777931439013,rural_minor,road_archetype,9876,risk_percentile,99.74944808805421,0.424373123049736,0.7363414347171784,4,2,1,2008.3,1.51,Classified Unnumbered,Minor Road,other_rural,rural_minor,Single Carriageway,,False,False,False,False,False,False,Rural,Larger rural: Nearer to a major town or city,False,False,,-1.2617053412097121,53.376652827072405,2026-07-04T12:45:06+00:00,data/models/risk_scores.parquet,0.1.0,E01007815,LSOA2021,England,IoD 2025,within,0.0,2,2,2,1,0,0,2.5,1.384,41.93878069012107,0.16870634152196826
27180E5B-E102-40F4-BF90-1293876232D6,31,99.99770273902426,rural_minor,road_archetype,9926,risk_percentile,99.74817947077854,0.42348341047763827,0.7835288882255554,0,0,0,1415.0,1.987,Classified Unnumbered,Minor Road,other_rural,rural_minor,Single Carriageway,,False,False,False,False,False,False,Rural,Smaller rural: Further from a major town or city,False,True,sparse collision history,1.090517193855153,52.365308766404915,2026-07-04T12:45:06+00:00,data/models/risk_scores.parquet,0.1.0,E01030064,LSOA2021,England,IoD 2025,within,0.0,7,9,7,1,0,0,3.0,1.029,89.22382169037596,1.465634511335436
22E97247-17F5-4914-8487-EB4C058D37BD,32,99.99762616365841,rural_minor,road_archetype,10098,risk_percentile,99.74381542735023,0.4209750682115555,0.4163677155971527,1,0,0,805.9,2.382,Classified Unnumbered,Minor Road,other_rural,rural_minor,Single Carriageway,,False,False,False,False,False,False,Rural,Smaller rural: Nearer to a major town or city,False,True,sparse collision history,-0.9614932792034719,52.53221498204028,2026-07-04T12:45:06+00:00,data/models/risk_scores.parquet,0.1.0,E01025784,LSOA2021,England,IoD 2025,within,0.0,9,10,10,1,0,0,3.0,0.0,30.73217314114748,2.247490696199609
533EF49C-AF79-4B79-B296-5F7170F425A4,33,99.99754958829254,rural_minor,road_archetype,10101,risk_percentile,99.74373931031369,0.42094509601593016,0.8900199294090271,14,0,3,1980.2,0.956,Classified Unnumbered,Minor Road,other_rural,rural_minor,Single Carriageway,,False,False,False,False,False,False,Rural,Smaller rural: Nearer to a major town or city,False,False,,-1.5534029107746494,53.64367154917695,2026-07-04T12:45:06+00:00,data/models/risk_scores.parquet,0.1.0,E01011932,LSOA2021,England,IoD 2025,within,0.0,9,9,10,1,0,0,3.5,0.0,155.89434024461661,2.6667692401827354
9D9633D3-630A-4C2A-91F2-16A14D7EAC50,34,99.99747301292669,rural_minor,road_archetype,10111,risk_percentile,99.74348558685855,0.4207711786031723,0.8419025123119355,2,0,0,1726.8,1.742,Classified Unnumbered,Minor Road,other_rural,rural_minor,Single Carriageway,,False,False,False,False,False,False,Rural,Larger rural: Nearer to a major town or city,False,False,,-0.6457674489121921,53.280322042493225,2026-07-04T12:45:06+00:00,data/models/risk_scores.parquet,0.1.0,E01034706,LSOA2021,England,IoD 2025,within,0.0,8,7,7,1,0,0,3.5,1.261,272.26380237913764,0.16332602602212104
7A422D66-E995-4541-948A-529664D94D21,35,99.99739643756082,rural_minor,road_archetype,10186,risk_percentile,99.74158266094504,0.41985550820827483,0.4659752815961838,1,0,0,1328.0,0.768,Classified Unnumbered,Minor Road,other_rural,rural_minor,Single Carriageway,,False,False,False,False,False,False,Rural,Larger rural: Nearer to a major town or city,False,True,sparse collision history,-1.0408578045454298,53.41642995278642,2026-07-04T12:45:06+00:00,data/models/risk_scores.parquet,0.1.0,E01028025,LSOA2021,England,IoD 2025,within,0.0,4,4,3,1,0,0,3.0,0.0,1842.5846948953713,0.7228050469352684
CBAC91F7-5B96-4E0B-993A-B83F6F7F0CAD,36,99.99731986219497,rural_minor,road_archetype,10251,risk_percentile,99.73993345848665,0.41902999877929686,0.4722747951745987,3,0,1,992.1,1.974,Classified Unnumbered,Minor Road,other_rural,rural_minor,Single Carriageway,,False,False,False,False,False,False,Rural,Smaller rural: Further from a major town or city,False,False,,0.16112270274643958,52.370615253456485,2026-07-04T12:45:06+00:00,data/models/risk_scores.parquet,0.1.0,E01018037,LSOA2021,England,IoD 2025,within,0.0,8,8,9,1,0,0,3.0,0.0,319.9748422638814,0.13698446200417846
CB7674E8-7982-4B2B-A96A-0CCC172E75AB,37,99.99724328682912,rural_minor,road_archetype,10401,risk_percentile,99.73612760665964,0.41678749620914457,1.5069430589675903,5,2,0,4130.2,0.862,Classified Unnumbered,Minor Road,other_rural,rural_minor,Single Carriageway,,False,False,False,False,False,False,Rural,Larger rural: Nearer to a major town or city,False,False,,-1.2605772765612635,53.40330752491303,2026-07-04T12:45:06+00:00,data/models/risk_scores.parquet,0.1.0,E01007810,LSOA2021,England,IoD 2025,within,0.0,4,4,4,1,0,0,3.0,2.099,322.7171946737607,2.1729138654689053
FF1224B5-98CA-453A-9D0B-21157FF6D589,38,99.99716671146327,rural_minor,road_archetype,10893,risk_percentile,99.72364441266699,0.4097021371126175,1.0699997127056122,2,0,0,2494.4,1.321,Classified Unnumbered,Minor Road,other_rural,rural_minor,Single Carriageway,,False,False,False,False,False,False,Rural,Larger rural: Further from a major town or city,False,False,,-2.2384462378000167,52.41606381995937,2026-07-04T12:45:06+00:00,data/models/risk_scores.parquet,0.1.0,E01032439,LSOA2021,England,IoD 2025,within,0.0,7,7,8,1,0,0,3.0,0.8250000000000001,693.8464113998499,1.4842927023446189
A833DB91-2CF0-480B-9D34-8CD60A33303D,39,99.9970901360974,rural_minor,road_archetype,11315,risk_percentile,99.7129372828603,0.4044573903083801,0.46487381458282473,0,0,0,1425.2,0.475,Classified Unnumbered,Minor Road,other_rural,rural_minor,Single Carriageway,,False,False,False,False,False,False,Rural,Larger rural: Nearer to a major town or city,False,True,sparse collision history,-2.018537167032285,53.742351711031255,2026-07-04T12:45:06+00:00,data/models/risk_scores.parquet,0.1.0,E01010882,LSOA2021,England,IoD 2025,within,0.0,6,7,5,1,0,0,3.0,0.0,2582.511247142406,1.603289265762867
E190FA0F-BB5F-47DC-A988-6306BEB9CEE6,40,99.99701356073155,rural_minor,road_archetype,11481,risk_percentile,99.70872547350505,0.40233848989009857,0.2448320358991623,2,0,1,1253.1,2.515,Classified Unnumbered,Minor Road,other_rural,rural_minor,Single Carriageway,,False,False,False,False,False,False,Rural,Larger rural: Nearer to a major town or city,False,False,,-0.9617327781324453,54.496244839805215,2026-07-04T12:45:06+00:00,data/models/risk_scores.parquet,0.1.0,E01012132,LSOA2021,England,IoD 2025,within,0.0,1,2,1,1,0,0,3.0,1.06,9.959319946076189,0.578793127750578
481AC049-345F-4200-AE95-412DB2A48C83,41,99.99693698536568,rural_minor,road_archetype,11694,risk_percentile,99.70332116391069,0.3997376948595047,1.3132952094078063,2,0,0,2399.8,0.572,Classified Unnumbered,Minor Road,other_rural,rural_minor,Single Carriageway,,False,False,False,False,False,False,Rural,Larger rural: Nearer to a major town or city,False,False,,-1.586577208560954,52.62582727595589,2026-07-04T12:45:06+00:00,data/models/risk_scores.parquet,0.1.0,E01031035,LSOA2021,England,IoD 2025,within,0.0,4,5,5,1,0,0,3.5,4.524999999999999,2407.238173006104,0.8961690101564526
CD0C36C2-E295-4489-9630-50F174155850,42,99.99686040999983,rural_minor,road_archetype,11888,risk_percentile,99.69839892888106,0.39757404327392576,0.2757994577288628,3,1,2,657.9,5.617,Classified Unnumbered,Minor Road,other_rural,rural_minor,Single Carriageway,,False,False,False,False,False,False,Rural,Smaller rural: Further from a major town or city,False,False,,-2.4794809134800952,54.04217719737883,2026-07-04T12:45:06+00:00,data/models/risk_scores.parquet,0.1.0,E01025320,LSOA2021,England,IoD 2025,within,0.0,5,10,9,1,0,0,2.5,10.666999999999998,6.619025030282834,4.205786101227195
053260B8-5D3B-4CED-AF6D-A184C409013C,43,99.99678383463396,rural_minor,road_archetype,11970,risk_percentile,99.69631839654896,0.3965263873338699,0.5477574497461319,1,0,1,1002.2,2.991,Classified Unnumbered,Minor Road,other_rural,rural_minor,Single Carriageway,,False,False,False,False,False,False,Rural,Larger rural: Further from a major town or city,False,True,sparse collision history,-0.6993299865522162,52.53003062741523,2026-07-04T12:45:06+00:00,data/models/risk_scores.parquet,0.1.0,E01026979,LSOA2021,England,IoD 2025,within,0.0,6,8,7,1,0,0,2.5,0.766,45.0793255116025,0.12584754519571392
B8F57D1E-4785-4CD0-B970-CD1C17641364,44,99.9967072592681,rural_minor,road_archetype,12101,risk_percentile,99.6929946192867,0.39500483572483064,1.556079375743866,1,0,0,2965.1,0.958,Classified Unnumbered,Minor Road,other_rural,rural_minor,Single Carriageway,,False,False,False,False,False,False,Rural,Smaller rural: Nearer to a major town or city,False,True,sparse collision history,-0.4723467228988283,53.8194505821205,2026-07-04T12:45:06+00:00,data/models/risk_scores.parquet,0.1.0,E01012919,LSOA2021,England,IoD 2025,within,0.0,9,10,10,1,0,0,3.5,2.015,161.0372931378633,2.429844976554468
39F98A30-2110-4FC8-BE95-15136368790B,45,99.99663068390225,rural_minor,road_archetype,12489,risk_percentile,99.68315014922744,0.3904945284128189,1.0826096475124358,4,0,0,1552.5,1.482,Classified Unnumbered,Minor Road,other_rural,rural_minor,Single Carriageway,,False,False,False,False,False,False,Rural,Smaller rural: Nearer to a major town or city,False,False,,-1.2296751065343605,53.445533366715225,2026-07-04T12:45:06+00:00,data/models/risk_scores.parquet,0.1.0,E01007613,LSOA2021,England,IoD 2025,within,0.0,6,8,8,1,0,0,3.5,2.4350000000000005,52.42271954037775,2.9151074768744456
789C0F35-7007-47AD-9AED-C4DC0DFA9C44,46,99.9965541085364,rural_minor,road_archetype,12492,risk_percentile,99.68307403219092,0.3904397040605545,0.5158001720905304,1,0,0,825.4,3.446,Classified Unnumbered,Minor Road,other_rural,rural_minor,Single Carriageway,,False,False,False,False,False,False,Rural,Smaller rural: Further from a major town or city,False,True,sparse collision history,0.07393965142798661,53.11725946357438,2026-07-04T12:45:06+00:00,data/models/risk_scores.parquet,0.1.0,E01026102,LSOA2021,England,IoD 2025,within,0.0,3,5,3,1,0,0,3.5,2.771,24.039591363899163,0.4032820163170767
BE7FA1B8-DF6D-4971-A32D-3D2AA098CD86,47,99.99647753317053,rural_minor,road_archetype,12602,risk_percentile,99.68028307418443,0.38916540443897246,0.6356822311878204,0,0,0,1141.1,2.219,Classified Unnumbered,Minor Road,other_rural,rural_minor,Single Carriageway,,False,False,False,False,False,False,Rural,Smaller rural: Nearer to a major town or city,False,True,sparse collision history,-1.4284687652068138,54.103259003984356,2026-07-04T12:45:06+00:00,data/models/risk_scores.parquet,0.1.0,E01027687,LSOA2021,England,IoD 2025,within,0.0,8,7,8,1,0,0,3.5,2.2590000000000003,107.39833826382781,0.7909228036832103
41B66AB2-5242-4EE2-B916-B44ECFE90E75,48,99.99640095780468,rural_minor,road_archetype,12779,risk_percentile,99.67579216902853,0.387211936712265,1.0734365820884704,0,0,0,3316.9,0.185,Classified Unnumbered,Minor Road,other_rural,rural_minor,Single Carriageway,,False,False,False,False,False,False,Rural,Larger rural: Nearer to a major town or city,False,True,sparse collision history,-1.5131014386729364,52.70394817857747,2026-07-04T12:45:06+00:00,data/models/risk_scores.parquet,0.1.0,E01025949,LSOA2021,England,IoD 2025,within,0.0,3,3,3,1,0,0,3.5,2.878,3405.9728119297015,1.4203619188356387
BB2A7069-A2F1-4C0A-BB4B-2ED2672B2220,49,99.99632438243881,rural_minor,road_archetype,12820,risk_percentile,99.67475190286248,0.38677249252796175,0.522895148396492,0,0,0,1422.9,1.057,Classified Unnumbered,Minor Road,other_rural,rural_minor,Single Carriageway,,False,False,False,False,False,False,Rural,Larger rural: Nearer to a major town or city,False,True,sparse collision history,-1.3318198430766082,53.89597324611143,2026-07-04T12:45:06+00:00,data/models/risk_scores.parquet,0.1.0,E01011711,LSOA2021,England,IoD 2025,within,0.0,9,9,8,1,0,0,3.0,0.0,836.3340251022265,0.10856317095023568
784D328A-426B-41C9-86E4-EFB5B8803CF2,50,99.99624780707296,rural_minor,road_archetype,12891,risk_percentile,99.67295046633102,0.3861177653074265,1.1951747834682465,4,0,0,2162.9,1.258,Classified Unnumbered,Minor Road,other_rural,rural_minor,Single Carriageway,,False,False,False,False,False,False,Rural,Smaller rural: Further from a major town or city,False,False,,-0.07804192744943292,52.794961618118236,2026-07-04T12:45:06+00:00,data/models/risk_scores.parquet,0.1.0,E01026282,LSOA2021,England,IoD 2025,within,0.0,4,4,4,1,0,0,3.5,1.2200000000000002,296.11045711894144,0.04071821151965218
C1102157-12BF-44D9-BCFA-1F5EDAA17695,51,99.9961712317071,rural_minor,road_archetype,13049,risk_percentile,99.6689416357399,0.3844325661659241,1.189293134212494,0,0,0,1521.6,2.091,Classified Unnumbered,Minor Road,other_rural,rural_minor,Single Carriageway,,False,False,False,False,False,False,Rural,Smaller rural: Further from a major town or city,False,True,sparse collision history,-2.158850199566672,54.99863711575673,2026-07-04T12:45:06+00:00,data/models/risk_scores.parquet,0.1.0,E01027510,LSOA2021,England,IoD 2025,within,0.0,5,8,9,1,0,0,3.0,1.351,313.38673690847656,0.28570199152573766
ED26E87E-ABC1-4532-8BCA-43C2301ED661,52,99.99609465634124,rural_minor,road_archetype,13332,risk_percentile,99.66176126195957,0.38148254454135894,0.42402651011943815,1,0,0,1038.7,1.491,Classified Unnumbered,Minor Road,other_rural,rural_minor,Single Carriageway,,False,False,False,False,False,False,Rural,Smaller rural: Nearer to a major town or city,False,True,sparse collision history,-1.4347459335813835,52.853945135962086,2026-07-04T12:45:06+00:00,data/models/risk_scores.parquet,0.1.0,E01019834,LSOA2021,England,IoD 2025,within,0.0,7,7,7,1,0,0,3.0,0.0,66.68750701137522,2.328370358846292
7A42E31F-0C26-480D-A2F8-BBD87C90D590,53,99.99601808097539,rural_minor,road_archetype,13350,risk_percentile,99.66130455974033,0.38131743371486665,0.9216668546199799,3,0,3,1639.0,1.651,Classified Unnumbered,Minor Road,other_rural,rural_minor,Single Carriageway,,False,False,False,False,False,False,Rural,Smaller rural: Nearer to a major town or city,False,False,,-0.736117011442653,52.325826592184804,2026-07-04T12:45:06+00:00,data/models/risk_scores.parquet,0.1.0,E01027338,LSOA2021,England,IoD 2025,within,0.0,7,7,7,1,0,0,3.5,1.4659999999999997,121.41503513340687,0.08207037482833475
D7873FEF-2A30-49C1-B312-1A21E000D462,54,99.99594150560954,rural_minor,road_archetype,13411,risk_percentile,99.65975684666401,0.3807451292872429,1.6172811150550843,0,0,0,5100.8,0.155,Classified Unnumbered,Minor Road,other_rural,rural_minor,Single Carriageway,,False,False,False,False,False,False,Rural,Larger rural: Nearer to a major town or city,False,True,sparse collision history,-0.9826106719095676,54.561172814990066,2026-07-04T12:45:06+00:00,data/models/risk_scores.parquet,0.1.0,E01012165,LSOA2021,England,IoD 2025,within,0.0,1,1,1,1,0,0,3.5,0.306,1147.4004335001462,0.12856035503905183
62361164-BC1C-4FF0-A6C7-DE082E4E84E3,55,99.99586493024367,rural_minor,road_archetype,13493,risk_percentile,99.6576763143319,0.3798138737678528,1.1197633147239685,3,0,0,2727.8,1.133,Classified Unnumbered,Minor Road,other_rural,rural_minor,Single Carriageway,,False,False,False,False,False,False,Rural,Smaller rural: Nearer to a major town or city,False,False,,-1.5385219395224596,52.6928847357026,2026-07-04T12:45:06+00:00,data/models/risk_scores.parquet,0.1.0,E01025913,LSOA2021,England,IoD 2025,within,0.0,8,9,9,1,0,0,3.0,0.14900000000000002,349.1964727242726,1.6561141510350796
8B183264-5F04-43C5-AE86-907C2EDE21F4,56,99.99578835487782,rural_minor,road_archetype,13575,risk_percentile,99.65559578199979,0.378782656788826,1.01803862452507,3,0,1,2680.6,1.118,Classified Unnumbered,Minor Road,other_rural,rural_minor,Single Carriageway,,False,False,False,False,False,False,Rural,Larger rural: Nearer to a major town or city,False,False,,-1.1298983006702288,52.73799999738769,2026-07-04T12:45:06+00:00,data/models/risk_scores.parquet,0.1.0,E01025674,LSOA2021,England,IoD 2025,within,0.0,6,6,6,1,0,0,3.0,0.366,222.25635960457305,2.560762882413163
F0C63347-3C72-4805-9205-7349112A52C7,57,99.99571177951195,rural_minor,road_archetype,13732,risk_percentile,99.65161232375416,0.37711823284626006,1.122197026014328,4,0,1,2074.2,1.279,Classified Unnumbered,Minor Road,other_rural,rural_minor,Single Carriageway,,False,False,False,False,False,False,Rural,Smaller rural: Nearer to a major town or city,False,False,,-1.560241623896668,52.472435023435025,2026-07-04T12:45:06+00:00,data/models/risk_scores.parquet,0.1.0,E01031027,LSOA2021,England,IoD 2025,within,0.0,6,8,9,1,0,0,3.0,0.6,158.07780262030158,0.6556875109104887
A871590A-84D0-45C5-A4EB-BE371D14A6F6,58,99.9956352041461,rural_minor,road_archetype,13885,risk_percentile,99.64773035489061,0.375703489780426,0.6646015822887421,1,0,1,2179.9,1.24,Classified Unnumbered,Minor Road,other_rural,rural_minor,Single Carriageway,,False,False,False,False,False,False,Rural,Larger rural: Nearer to a major town or city,False,True,sparse collision history,-1.4106420793382284,52.82165144383469,2026-07-04T12:45:06+00:00,data/models/risk_scores.parquet,0.1.0,E01019854,LSOA2021,England,IoD 2025,within,0.0,8,7,7,1,0,0,2.5,2.477,494.80264806300744,0.5531272036395674
50CF5730-B68A-416C-A1EE-D1B1BEF2AB54,59,99.99555862878023,rural_minor,road_archetype,14127,risk_percentile,99.64159024727634,0.37325520217418673,0.2705786660313606,0,0,0,675.0,8.197,Classified Unnumbered,Minor Road,other_rural,rural_minor,Single Carriageway,,False,False,False,False,False,False,Rural,Smaller rural: Further from a major town or city,False,True,sparse collision history,-2.156953537575016,54.69807710734093,2026-07-04T12:45:06+00:00,data/models/risk_scores.parquet,0.1.0,E01020889,LSOA2021,England,IoD 2025,within,0.0,4,9,6,1,0,0,3.0,0.835,9.380864160797714,1.5526107173394306
3F1CE439-4C3F-42A4-9B87-F8FB4910EA04,60,99.99548205341439,rural_minor,road_archetype,14341,risk_percentile,99.63616056533645,0.37133326530456545,0.4600288063287735,1,0,1,878.6,2.351,Classified Unnumbered,Minor Road,other_rural,rural_minor,Single Carriageway,,False,False,False,False,False,False,Rural,Smaller rural: Nearer to a major town or city,False,True,sparse collision history,-3.011323886642441,53.59831014478381,2026-07-04T12:45:06+00:00,data/models/risk_scores.parquet,0.1.0,E01025495,LSOA2021,England,IoD 2025,within,0.0,7,8,6,1,0,0,3.0,0.44699999999999995,24.09721331071655,0.0661913067955902
1F620B3A-9E1D-4D70-A960-517253F9EF39,61,99.99540547804853,rural_minor,road_archetype,14363,risk_percentile,99.63560237373515,0.3711589962244034,1.1145809054374696,0,0,0,2962.3,1.174,Classified Unnumbered,Minor Road,other_rural,rural_minor,Single Carriageway,,False,False,False,False,False,False,Rural,Larger rural: Nearer to a major town or city,False,True,sparse collision history,-0.46340927658988335,52.038079692963215,2026-07-04T12:45:06+00:00,data/models/risk_scores.parquet,0.1.0,E01017420,LSOA2021,England,IoD 2025,within,0.0,6,5,5,1,0,0,3.0,1.8379999999999999,695.1800011515625,0.06927391307926664
6EA22486-59DA-4A1F-A503-6FE157C1B266,62,99.99532890268267,rural_minor,road_archetype,14370,risk_percentile,99.63542476731656,0.3710964616388083,0.49487808644771575,30,0,15,760.2,2.228,Classified Unnumbered,Minor Road,other_rural,rural_minor,Single Carriageway,,False,False,False,False,False,False,Rural,Smaller rural: Nearer to a major town or city,False,False,,-2.5103564221791554,53.63855905677806,2026-07-04T12:45:06+00:00,data/models/risk_scores.parquet,0.1.0,E01012628,LSOA2021,England,IoD 2025,within,0.0,6,10,10,1,0,0,2.5,0.03,36.14025517917033,0.06844188116579002
147FDF4D-8EDE-4012-A2E8-53CBB39D04C7,63,99.9952523273168,rural_minor,road_archetype,14532,risk_percentile,99.63131444734337,0.3696448564529419,0.7436551749706268,5,1,2,1688.9,1.383,Classified Unnumbered,Minor Road,other_rural,rural_minor,Single Carriageway,,False,False,False,False,False,False,Rural,Smaller rural: Nearer to a major town or city,False,False,,-1.4017210457272393,53.13405865026465,2026-07-04T12:45:06+00:00,data/models/risk_scores.parquet,0.1.0,E01019814,LSOA2021,England,IoD 2025,within,0.0,7,8,6,1,0,0,3.0,0.573,459.24716661314886,1.0304627517121843
B4A7370D-E938-43AA-9835-02D9485A7663,64,99.99517575195095,rural_minor,road_archetype,14715,risk_percentile,99.6266713081144,0.367819207906723,0.5962796866893768,0,0,0,1421.6,1.7,Classified Unnumbered,Minor Road,other_rural,rural_minor,Single Carriageway,,False,False,False,False,False,False,Rural,Smaller rural: Nearer to a major town or city,False,True,sparse collision history,-1.7512349059597627,52.631290145309045,2026-07-04T12:45:06+00:00,data/models/risk_scores.parquet,0.1.0,E01029517,LSOA2021,England,IoD 2025,within,0.0,7,6,8,1,0,0,3.0,0.6950000000000001,73.12791809722656,1.5391772983029433
674009D2-51A1-4A8D-9307-D0615F3E0628,65,99.99509917658509,rural_minor,road_archetype,14871,risk_percentile,99.6227132222143,0.3664934039115906,0.7787606835365295,2,0,1,1863.4,1.184,Classified Unnumbered,Minor Road,other_rural,rural_minor,Single Carriageway,,False,False,False,False,False,False,Rural,Larger rural: Nearer to a major town or city,False,False,,-1.2596704587663214,53.38249613639578,2026-07-04T12:45:06+00:00,data/models/risk_scores.parquet,0.1.0,E01007815,LSOA2021,England,IoD 2025,within,0.0,2,2,2,1,0,0,3.0,2.894,41.93878069012107,2.1293954869453398
A5C5848E-D8D1-416D-B81C-5AAD78C18133,66,99.99502260121923,rural_minor,road_archetype,14941,risk_percentile,99.62093715802835,0.3658671259880066,0.7669403493404389,2,0,0,2455.3,0.189,Classified Unnumbered,Minor Road,other_rural,rural_minor,Single Carriageway,,False,False,False,False,False,False,Rural,Larger rural: Nearer to a major town or city,False,False,,-0.19493411919515213,52.60799959799188,2026-07-04T12:45:06+00:00,data/models/risk_scores.parquet,0.1.0,E01015619,LSOA2021,England,IoD 2025,within,0.0,3,3,3,1,0,0,3.5,0.55,4027.780409574568,1.3355139652071932
E3900C05-B72C-4F2D-9875-6E19D3323135,67,99.99494602585337,rural_minor,road_archetype,14996,risk_percentile,99.61954167902512,0.36538378819823264,0.7861315697431565,1,0,0,3171.1,0.96,Classified Unnumbered,Minor Road,other_rural,rural_minor,Single Carriageway,,False,False,False,False,False,False,Rural,Larger rural: Nearer to a major town or city,False,True,sparse collision history,-1.0242943002196514,52.91134462233231,2026-07-04T12:45:06+00:00,data/models/risk_scores.parquet,0.1.0,E01028367,LSOA2021,England,IoD 2025,within,0.0,8,7,8,1,0,0,3.0,1.376,2845.937799569563,0.2659025779182967
356E6D05-F56F-44E4-A5AA-08C26E993DCB,68,99.99486945048753,rural_minor,road_archetype,15069,risk_percentile,99.61768949780263,0.3647413730621338,0.38821896612644197,6,0,2,623.2,2.659,Classified Unnumbered,Minor Road,other_rural,rural_minor,Single Carriageway,,False,False,False,False,False,False,Rural,Larger rural: Nearer to a major town or city,False,False,,-1.0531056547363573,52.80930529494623,2026-07-04T12:45:06+00:00,data/models/risk_scores.parquet,0.1.0,E01025761,LSOA2021,England,IoD 2025,within,0.0,9,9,10,1,0,0,3.5,0.0,45.90737049643688,0.11036523010567778
2D29CC37-0E37-4DBB-8A69-7E20B28D1816,69,99.99479287512166,rural_minor,road_archetype,15309,risk_percentile,99.61160013487938,0.36260137856006625,0.7728455483913421,4,0,0,1642.3,1.566,Classified Unnumbered,Minor Road,other_rural,rural_minor,Single Carriageway,,False,False,False,False,False,False,Rural,Larger rural: Nearer to a major town or city,False,False,,-2.5555063634610224,53.25783880669983,2026-07-04T12:45:06+00:00,data/models/risk_scores.parquet,0.1.0,E01018728,LSOA2021,England,IoD 2025,within,0.0,5,5,5,1,0,0,3.0,1.027,589.8426980560321,0.011424144249780246
BEEE9BB0-3ECA-45EE-9707-D744CDF0BD74,70,99.99471629975581,rural_minor,road_archetype,15320,risk_percentile,99.61132103907873,0.3625147581100464,0.5331706136465073,0,0,0,2459.6,0.093,Classified Unnumbered,Minor Road,other_rural,rural_minor,Single Carriageway,,False,False,False,False,False,False,Rural,Larger rural: Nearer to a major town or city,False,True,sparse collision history,-1.4163124670839344,53.191405033398766,2026-07-04T12:45:06+00:00,data/models/risk_scores.parquet,0.1.0,E01019824,LSOA2021,England,IoD 2025,within,0.0,6,5,6,1,0,0,3.5,0.0,2154.6572464872343,2.840237181252273
AC6D2355-1E55-474E-B651-E6EC9EF431C1,71,99.99463972438994,rural_minor,road_archetype,15457,risk_percentile,99.6078450277434,0.36135866641998293,1.292567789554596,3,0,1,2136.4,0.947,Classified Unnumbered,Minor Road,other_rural,rural_minor,Single Carriageway,,False,False,False,False,False,False,Rural,Smaller rural: Nearer to a major town or city,False,False,,-2.0341923999254137,52.9549818760754,2026-07-04T12:45:06+00:00,data/models/risk_scores.parquet,0.1.0,E01029789,LSOA2021,England,IoD 2025,within,0.0,6,8,7,1,0,0,3.5,1.4130000000000003,168.19435074692294,1.7140935212289834
2EA02CAA-0047-4D9E-8101-C1ED2941FD6C,72,99.99456314902409,rural_minor,road_archetype,15508,risk_percentile,99.6065510381222,0.36092067062854766,1.2215223491191864,0,0,0,3132.8,0.83,Classified Unnumbered,Minor Road,other_rural,rural_minor,Single Carriageway,,False,False,False,False,False,False,Rural,Larger rural: Further from a major town or city,False,True,sparse collision history,-3.0597694026171123,52.912584063026756,2026-07-04T12:45:06+00:00,data/models/risk_scores.parquet,0.1.0,E01028926,LSOA2021,England,IoD 2025,within,0.0,4,4,4,1,0,0,3.0,1.3669999999999998,1210.3927252644435,0.4338101423831262
3FBEEB08-88A2-496F-83B7-8672AB55FADE,73,99.99448657365822,rural_minor,road_archetype,15515,risk_percentile,99.60637343170362,0.3608380645513535,1.4684247374534607,3,0,0,3605.9,0.822,Classified Unnumbered,Minor Road,other_rural,rural_minor,Single Carriageway,,False,False,False,False,False,False,Rural,Larger rural: Nearer to a major town or city,False,False,,-1.1331008289365976,53.36211197310513,2026-07-04T12:45:06+00:00,data/models/risk_scores.parquet,0.1.0,E01028001,LSOA2021,England,IoD 2025,within,0.0,1,1,1,1,0,0,3.0,0.658,151.5036630480469,0.030733183621495897
5D622AB7-701D-4B06-A271-4465A6353136,74,99.99440999829237,rural_minor,road_archetype,15940,risk_percentile,99.59559018486037,0.35699738264083863,1.2112309277057647,4,0,2,2377.6,1.214,Classified Unnumbered,Minor Road,other_rural,rural_minor,Single Carriageway,,False,False,False,False,False,False,Rural,Larger rural: Nearer to a major town or city,False,False,,-2.1396095445372216,52.651109202312604,2026-07-04T12:45:06+00:00,data/models/risk_scores.parquet,0.1.0,E01029616,LSOA2021,England,IoD 2025,within,0.0,5,7,5,1,0,0,3.0,0.6559999999999999,760.7544436459112,0.04869667573216843
9F84645A-4DFB-4FD8-9886-8F7F925529BC,75,99.9943334229265,rural_minor,road_archetype,15996,risk_percentile,99.59416933351162,0.35642771422863007,0.6505708277225495,0,0,0,1676.1,2.096,Classified Unnumbered,Minor Road,other_rural,rural_minor,Single Carriageway,,False,False,False,False,False,False,Rural,Larger rural: Nearer to a major town or city,False,True,sparse collision history,-1.6252282478782947,54.913631764526684,2026-07-04T12:45:06+00:00,data/models/risk_scores.parquet,0.1.0,E01008226,LSOA2021,England,IoD 2025,within,0.0,4,4,3,1,0,0,3.5,0.752,16.060617784633934,0.14235349790316226
AC066BE4-F49F-4245-9F60-E48AB4A3CD8D,76,99.99425684756066,rural_minor,road_archetype,16039,risk_percentile,99.59307832265453,0.35600365698337555,0.31480691879987716,0,0,0,565.2,2.82,Classified Unnumbered,Minor Road,other_rural,rural_minor,Single Carriageway,,False,False,False,False,False,False,Rural,Larger rural: Further from a major town or city,False,True,sparse collision history,0.40331618828670507,52.69563013702935,2026-07-04T12:45:06+00:00,data/models/risk_scores.parquet,0.1.0,E01026723,LSOA2021,England,IoD 2025,within,0.0,7,8,8,1,0,0,3.0,0.0,53.097601082248104,1.6960428583551002
641B6F45-4CB8-4FFC-964B-F54496F5302D,77,99.9941802721948,rural_minor,road_archetype,16168,risk_percentile,99.5898052900833,0.35498400330543517,1.1901201605796814,2,0,0,1677.1,1.364,Classified Unnumbered,Minor Road,other_rural,rural_minor,Single Carriageway,,False,False,False,False,False,False,Rural,Smaller rural: Further from a major town or city,False,False,,-2.305666455113737,52.39415312016241,2026-07-04T12:45:06+00:00,data/models/risk_scores.parquet,0.1.0,E01032481,LSOA2021,England,IoD 2025,within,0.0,2,4,2,1,0,0,3.5,1.4840000000000002,92.57220258332502,0.2316617464585657
CB2DF91C-DF71-491C-91AB-F1C31A9B67A0,78,99.99410369682894,rural_minor,road_archetype,16190,risk_percentile,99.589247098482,0.35484245121479036,0.7914997816085816,0,0,0,1518.6,1.522,Classified Unnumbered,Minor Road,other_rural,rural_minor,Single Carriageway,,False,False,False,False,False,False,Rural,Smaller rural: Further from a major town or city,False,True,sparse collision history,-2.181556702287492,53.23783417593328,2026-07-04T12:45:06+00:00,data/models/risk_scores.parquet,0.1.0,E01018591,LSOA2021,England,IoD 2025,within,0.0,8,10,9,1,0,0,3.0,0.27,121.82561286434257,1.5210252961392021
73311504-A7EB-4A6B-BD77-FCE27924B72F,79,99.99402712146308,rural_minor,road_archetype,16228,risk_percentile,99.58828294935248,0.3544974118471146,1.0801547765731812,0,0,0,1016.3,2.344,Classified Unnumbered,Minor Road,other_rural,rural_minor,Single Carriageway,,False,False,False,False,False,False,Rural,Smaller rural: Further from a major town or city,False,True,sparse collision history,-1.4211650374330191,52.06471132345968,2026-07-04T12:45:06+00:00,data/models/risk_scores.parquet,0.1.0,E01035723,LSOA2021,England,IoD 2025,within,0.0,6,10,10,1,0,0,3.5,0.059,32.348552998345255,0.034653930960706805
8D7BD4F3-DA5B-413E-8A0E-8AB9F59F35D0,80,99.99395054609722,rural_minor,road_archetype,16230,risk_percentile,99.58823220466145,0.35448233485221864,0.6071172058582306,1,0,1,939.5,2.47,Classified Unnumbered,Minor Road,other_rural,rural_minor,Single Carriageway,,False,False,False,False,False,False,Rural,Smaller rural: Nearer to a major town or city,False,True,sparse collision history,-1.240859342967765,52.49908031051363,2026-07-04T12:45:06+00:00,data/models/risk_scores.parquet,0.1.0,E01025777,LSOA2021,England,IoD 2025,within,0.0,8,9,10,1,0,0,3.0,2.801,41.436724251258994,0.11530049951604712
4DECB022-2822-4D57-99C5-6BFECD9352F8,81,99.99387397073136,rural_minor,road_archetype,16381,risk_percentile,99.58440098048892,0.3531441330909729,0.5809490501880645,0,0,0,758.4,2.967,Classified Unnumbered,Minor Road,other_rural,rural_minor,Single Carriageway,,False,False,False,False,False,False,Rural,Smaller rural: Nearer to a major town or city,False,True,sparse collision history,-0.20741433595982603,52.09779719844231,2026-07-04T12:45:06+00:00,data/models/risk_scores.parquet,0.1.0,E01017425,LSOA2021,England,IoD 2025,within,0.0,6,8,8,1,0,0,3.0,3.212000000000001,27.94940569079158,0.6823342560005028
974A404B-7F69-4121-9A67-4B1451E49F19,82,99.9937973953655,rural_minor,road_archetype,16485,risk_percentile,99.58176225655552,0.35231584012508393,0.7766877174377441,0,0,0,1757.0,1.273,Classified Unnumbered,Minor Road,other_rural,rural_minor,Single Carriageway,,False,False,False,False,False,False,Rural,Smaller rural: Nearer to a major town or city,False,True,sparse collision history,-2.9722439422248583,53.58520740659663,2026-07-04T12:45:06+00:00,data/models/risk_scores.parquet,0.1.0,E01025495,LSOA2021,England,IoD 2025,within,0.0,7,8,6,1,0,0,3.0,0.531,205.49338778635186,0.0709607496671791
0A2E3689-50D2-447C-A9E3-21D676AD495D,83,99.99372081999964,rural_minor,road_archetype,16788,risk_percentile,99.57407443586493,0.3500310093164444,0.629044446349144,0,0,0,1916.7,1.304,Classified Unnumbered,Minor Road,other_rural,rural_minor,Single Carriageway,,False,False,False,False,False,False,Rural,Smaller rural: Nearer to a major town or city,False,True,sparse collision history,-1.6917599390771991,52.66319863978725,2026-07-04T12:45:06+00:00,data/models/risk_scores.parquet,0.1.0,E01029517,LSOA2021,England,IoD 2025,within,0.0,7,6,8,1,0,0,2.5,1.3469999999999998,167.55821254742852,0.5726902396075957
A74390F9-59BC-4C8A-B24C-C052533738DF,84,99.9936442446338,rural_minor,road_archetype,16795,risk_percentile,99.57389682944633,0.3499478794634342,0.8318165272474289,0,0,0,2166.6,1.751,Classified Unnumbered,Minor Road,other_rural,rural_minor,Single Carriageway,,False,False,False,False,False,False,Rural,Smaller rural: Nearer to a major town or city,False,True,sparse collision history,-1.5826719766796211,52.938625314533596,2026-07-04T12:45:06+00:00,data/models/risk_scores.parquet,0.1.0,E01034254,LSOA2021,England,IoD 2025,within,0.0,8,8,9,1,0,0,3.5,0.919,178.12281236214966,1.422351726118047
6E54BBAA-E382-402C-814E-79BDFBA251FD,85,99.99356766926793,rural_minor,road_archetype,16984,risk_percentile,99.56910145614428,0.3481481492519379,0.42504153549671175,1,0,0,1034.0,1.463,Classified Unnumbered,Minor Road,other_rural,rural_minor,Single Carriageway,,False,False,False,False,False,False,Rural,Smaller rural: Nearer to a major town or city,False,True,sparse collision history,-1.271647631806182,53.744897866903834,2026-07-04T12:45:06+00:00,data/models/risk_scores.parquet,0.1.0,E01027891,LSOA2021,England,IoD 2025,within,0.0,6,7,5,1,0,0,3.0,0.0,146.3693262364384,0.762718383922343
7F6E314B-D374-4764-9897-5AC4D109151D,86,99.99349109390208,rural_minor,road_archetype,17086,risk_percentile,99.5665134769019,0.34736003577709196,0.6711990714073182,0,0,0,1694.5,1.523,Classified Unnumbered,Minor Road,other_rural,rural_minor,Single Carriageway,,False,False,False,False,False,False,Rural,Smaller rural: Nearer to a major town or city,False,True,sparse collision history,-0.01952557668333401,52.08735774172909,2026-07-04T12:45:06+00:00,data/models/risk_scores.parquet,0.1.0,E01018271,LSOA2021,England,IoD 2025,within,0.0,6,5,5,1,0,0,3.0,0.8160000000000001,96.97590857961528,0.023095085756023086
F8CDFEDC-FE85-4E0F-888B-138CFCAD4849,87,99.99341451853621,rural_minor,road_archetype,17234,risk_percentile,99.5627583697659,0.34645073115825653,1.1755577802658081,1,0,0,2482.0,0.916,Classified Unnumbered,Minor Road,other_rural,rural_minor,Single Carriageway,,False,False,False,False,False,False,Rural,Smaller rural: Nearer to a major town or city,False,True,sparse collision history,-2.198863866371327,52.51992104086248,2026-07-04T12:45:06+00:00,data/models/risk_scores.parquet,0.1.0,E01029645,LSOA2021,England,IoD 2025,within,0.0,7,7,7,1,0,0,3.5,1.696,680.4072291276233,1.5250563643667663
8F63BFD4-DDDA-4E02-9AE3-1F3C2C4986B9,88,99.99333794317036,rural_minor,road_archetype,17275,risk_percentile,99.56171810359984,0.3461344391107559,0.41209478974342345,1,0,1,1434.8,0.186,Classified Unnumbered,Minor Road,other_rural,rural_minor,Single Carriageway,,False,False,False,False,False,False,Rural,Larger rural: Nearer to a major town or city,False,True,sparse collision history,-1.4008457841029653,52.692205751086036,2026-07-04T12:45:06+00:00,data/models/risk_scores.parquet,0.1.0,E01025943,LSOA2021,England,IoD 2025,within,0.0,3,4,3,1,0,0,3.0,0.0,5036.563478129413,0.8498970501787446
250439AD-E918-4DCE-9071-9132CF026C7C,89,99.9932613678045,rural_minor,road_archetype,17405,risk_percentile,99.5584196986831,0.3452723979949951,0.6039474606513977,0,0,0,1188.8,1.808,Classified Unnumbered,Minor Road,other_rural,rural_minor,Single Carriageway,,False,False,False,False,False,False,Rural,Smaller rural: Nearer to a major town or city,False,True,sparse collision history,-1.4176616235337631,53.08035981140632,2026-07-04T12:45:06+00:00,data/models/risk_scores.parquet,0.1.0,E01019477,LSOA2021,England,IoD 2025,within,0.0,7,7,6,1,0,0,3.5,1.131,42.1519359441006,2.3620946526735356
CC6DF723-0EE1-4D5E-BC6C-479CAE75A8F7,90,99.99318479243864,rural_minor,road_archetype,17877,risk_percentile,99.54644395160072,0.34176733195781706,0.9188185870647431,2,0,1,1507.5,1.408,Classified Unnumbered,Minor Road,other_rural,rural_minor,Single Carriageway,,False,False,False,False,False,False,Rural,Smaller rural: Further from a major town or city,False,False,,-2.741747222525156,54.28266107313785,2026-07-04T12:45:06+00:00,data/models/risk_scores.parquet,0.1.0,E01019383,LSOA2021,England,IoD 2025,within,0.0,9,10,10,1,0,0,3.5,0.918,160.3665671864853,0.0808235977570711
D9D1350C-6DFE-4DCE-9161-4D54C0516A4C,91,99.99310821707277,rural_minor,road_archetype,17982,risk_percentile,99.54377985532182,0.34092280864715574,0.8140066206455231,0,0,0,1494.8,1.832,Classified Unnumbered,Minor Road,other_rural,rural_minor,Single Carriageway,,False,False,False,False,False,False,Rural,Smaller rural: Nearer to a major town or city,False,True,sparse collision history,-3.0595497043604003,52.7869712630243,2026-07-04T12:45:06+00:00,data/models/risk_scores.parquet,0.1.0,E01028915,LSOA2021,England,IoD 2025,within,0.0,6,7,7,1,0,0,3.0,1.826,167.53642549741105,0.09692178495908431
10A5CE94-F6CF-4747-ACD7-92559621CE3A,92,99.99303164170693,rural_minor,road_archetype,18191,risk_percentile,99.5384770351095,0.33932473361492155,0.6396888673305512,2,0,2,1530.7,1.565,Classified Unnumbered,Minor Road,other_rural,rural_minor,Single Carriageway,,False,False,False,False,False,False,Rural,Smaller rural: Nearer to a major town or city,False,False,,-0.8734865680597333,52.187919182351706,2026-07-04T12:45:06+00:00,data/models/risk_scores.parquet,0.1.0,E01027274,LSOA2021,England,IoD 2025,within,0.0,8,7,9,1,0,0,3.0,1.165,46.909530106814024,0.2719613791797777
E2F71A3A-C1FD-4B84-BCF6-684198C6F48A,93,99.99295506634107,rural_minor,road_archetype,18377,risk_percentile,99.53375777884398,0.3378952831029892,1.175171858072281,0,0,0,3689.6,0.798,Classified Unnumbered,Minor Road,other_rural,rural_minor,Single Carriageway,,False,False,False,False,False,False,Rural,Larger rural: Nearer to a major town or city,False,True,sparse collision history,-1.651409856842111,52.58589835931618,2026-07-04T12:45:06+00:00,data/models/risk_scores.parquet,0.1.0,E01031031,LSOA2021,England,IoD 2025,within,0.0,5,5,6,1,0,0,2.5,2.024,904.4470210146371,0.1467384409885849
B0F3B11B-32EF-4ED4-A5BE-3E62FA537B04,94,99.99287849097522,rural_minor,road_archetype,18492,risk_percentile,99.53083995910993,0.3371968686580658,0.4475624769926071,0,0,0,2105.7,0.384,Classified Unnumbered,Minor Road,other_rural,rural_minor,Single Carriageway,,False,False,False,False,False,False,Rural,Larger rural: Nearer to a major town or city,False,True,sparse collision history,-0.45685091853221377,52.08719948853174,2026-07-04T12:45:06+00:00,data/models/risk_scores.parquet,0.1.0,E01034434,LSOA2021,England,IoD 2025,within,0.0,6,4,7,1,0,0,2.5,0.0,2658.8821111563216,0.04148726190783843
B16F69F0-D644-44DE-846F-36FE843E1088,95,99.99280191560935,rural_minor,road_archetype,18685,risk_percentile,99.52594309642583,0.33556450307369234,1.540816032886505,0,0,0,4933.5,0.137,Classified Unnumbered,Local Road,other_rural,rural_minor,Single Carriageway,,False,False,False,False,False,False,Rural,Smaller rural: Nearer to a major town or city,False,True,sparse collision history,-1.3462297007894224,53.54381900116904,2026-07-04T12:45:06+00:00,data/models/risk_scores.parquet,0.1.0,E01007349,LSOA2021,England,IoD 2025,within,0.0,2,3,2,1,0,0,3.5,0.779,487.4565104422712,2.2809279375117852
4E7710C4-2F34-4B42-8465-687180D57F5E,96,99.9927253402435,rural_minor,road_archetype,18712,risk_percentile,99.52525804309695,0.335352298617363,0.8050091683864593,2,0,0,1805.7,1.453,Classified Unnumbered,Minor Road,other_rural,rural_minor,Single Carriageway,,False,False,False,False,False,False,Rural,Smaller rural: Nearer to a major town or city,False,False,,-0.7270679462239565,52.27506771009065,2026-07-04T12:45:06+00:00,data/models/risk_scores.parquet,0.1.0,E01027329,LSOA2021,England,IoD 2025,within,0.0,7,7,8,1,0,0,3.0,0.28,218.04542783866688,0.05531516462179427
8DCF1E8B-A240-46F1-9962-3652FAD57F29,97,99.99264876487763,rural_minor,road_archetype,18818,risk_percentile,99.52256857447253,0.33456611931324004,0.33805992603302004,1,0,0,1118.2,0.117,Classified Unnumbered,Minor Road,other_rural,rural_minor,Single Carriageway,,False,False,False,False,False,False,Rural,Larger rural: Further from a major town or city,False,True,sparse collision history,-2.7688335302770923,54.12726052604472,2026-07-04T12:45:06+00:00,data/models/risk_scores.parquet,0.1.0,E01025098,LSOA2021,England,IoD 2025,within,0.0,5,6,5,1,0,0,3.5,0.0,2960.955212751793,0.48138132571536274
F9281203-EF1F-4212-A563-54162CBFE33B,98,99.99257218951178,rural_minor,road_archetype,18920,risk_percentile,99.51998059523015,0.33392090201377866,0.5302235126495362,3,0,3,1330.0,1.597,Classified Unnumbered,Minor Road,other_rural,rural_minor,Single Carriageway,,False,False,False,False,False,False,Rural,Smaller rural: Further from a major town or city,False,False,,0.7444966947424122,52.26594299128594,2026-07-04T12:45:06+00:00,data/models/risk_scores.parquet,0.1.0,E01030104,LSOA2021,England,IoD 2025,within,0.0,9,9,9,1,0,0,3.0,0.537,107.63892052144054,1.814539204575723
B2750984-9B57-4FBB-80DB-43A47D6F7201,99,99.99249561414591,rural_minor,road_archetype,18957,risk_percentile,99.51904181844615,0.3336531788110733,0.4582885533571243,3,0,0,1705.7,0.561,Classified Unnumbered,Minor Road,other_rural,rural_minor,Single Carriageway,,False,False,False,False,False,False,Rural,Larger rural: Nearer to a major town or city,False,False,,-1.2572002555780477,53.35814919242624,2026-07-04T12:45:06+00:00,data/models/risk_scores.parquet,0.1.0,E01007749,LSOA2021,England,IoD 2025,within,0.0,8,7,7,1,0,0,3.0,0.0,1693.7150748591794,1.369470159397399
D2F3583D-EEC6-437C-8F7A-9AEBC4E33E64,100,99.99241903878007,rural_minor,road_archetype,19022,risk_percentile,99.51739261598777,0.3331787034869194,1.5530039310455321,2,0,1,4511.0,0.46,Classified Unnumbered,Minor Road,other_rural,rural_minor,Single Carriageway,,False,False,False,False,False,False,Rural,Larger rural: Further from a major town or city,False,False,,1.5113051902070191,52.77834094277784,2026-07-04T12:45:06+00:00,data/models/risk_scores.parquet,0.1.0,E01026775,LSOA2021,England,IoD 2025,within,0.0,2,2,2,1,0,0,3.0,0.662,1125.180773166155,0.03863421848537221
E1AC0C71-21A6-4F45-ACAD-7A3C4E0EF99F,1,100.0,trunk_a,road_archetype,116,risk_percentile,99.99708218026595,4.840457153320313,3.161224102973938,29,2,10,9596.9,9.05,A Road,A Road,trunk_a,trunk_a,Collapsed Dual Carriageway,A14,False,True,True,True,False,False,Rural,Smaller rural: Nearer to a major town or city,False,False,,-1.1017939886858348,52.39482176056914,2026-07-04T12:45:06+00:00,data/models/risk_scores.parquet,0.1.0,E01027030,LSOA2021,England,IoD 2025,within,0.0,6,8,9,1,0,0,3.0,0.0,11.19646265193922,0.9161476689784457
5A06A2A0-3648-46B2-B91E-D5F8EA000B77,2,99.99671743697479,trunk_a,road_archetype,125,risk_percentile,99.99685382915632,4.655582618713379,3.61537344455719,15,0,5,13529.3,7.167,A Road,A Road,trunk_a,trunk_a,Collapsed Dual Carriageway,A42,False,True,True,True,False,False,Rural,Smaller rural: Nearer to a major town or city,False,False,,-1.4123018226552835,52.78067870344311,2026-07-04T12:45:06+00:00,data/models/risk_scores.parquet,0.1.0,E01025963,LSOA2021,England,IoD 2025,within,0.0,6,7,7,1,0,0,3.0,0.0,94.10138771088481,0.44343844547900085
65BA14C9-05CF-4ED8-AB6E-F76B69344D16,3,99.99343487394958,trunk_a,road_archetype,130,risk_percentile,99.99672696742876,4.558373546600341,3.853538250923157,35,2,9,17878.6,6.488,A Road,A Road,trunk_a,trunk_a,Collapsed Dual Carriageway,A38,False,True,True,True,False,False,Urban,Urban: Nearer to a major town or city,False,False,,-1.6476205063386942,52.815667093926216,2026-07-04T12:45:06+00:00,data/models/risk_scores.parquet,0.1.0,E01029446,LSOA2021,England,IoD 2025,within,0.0,6,5,6,1,0,0,3.0,0.0,2561.718522433502,2.1472894924626296
AF5910F7-72AB-4D30-99E8-3FAF54587147,4,99.99015231092437,trunk_a,road_archetype,140,risk_percentile,99.99647324397363,4.373553276062012,3.723685312271118,24,1,11,14990.6,6.75,A Road,A Road,trunk_a,trunk_a,Collapsed Dual Carriageway,A46,False,True,True,True,False,False,Rural,Larger rural: Nearer to a major town or city,False,False,,-1.913142458895188,52.138257594979564,2026-07-04T12:45:06+00:00,data/models/risk_scores.parquet,0.1.0,E01032388,LSOA2021,England,IoD 2025,within,0.0,7,8,7,1,0,0,3.0,0.0,173.56717302928243,1.0443836331989094
980A4752-91AD-4B78-8D85-FC7BC10F4106,5,99.98686974789915,trunk_a,road_archetype,142,risk_percentile,99.9964224992826,4.36696355342865,3.6345075130462647,39,2,4,17666.8,6.14,A Road,A Road,trunk_a,trunk_a,Collapsed Dual Carriageway,A38,False,True,True,True,False,False,Rural,Smaller rural: Nearer to a major town or city,False,False,,-1.438285284986647,53.02745133006544,2026-07-04T12:45:06+00:00,data/models/risk_scores.parquet,0.1.0,E01019448,LSOA2021,England,IoD 2025,within,0.0,8,7,8,1,0,0,3.0,0.0,146.54828039098976,1.9062769632255678
34BADB00-8728-4B0B-B6F6-B9B345697BFB,6,99.98358718487394,trunk_a,road_archetype,144,risk_percentile,99.99637175459158,4.361387491226196,3.985095167160034,62,0,16,18922.0,2.097,A Road,A Road,trunk_a,trunk_a,Collapsed Dual Carriageway,A1,False,True,True,True,False,False,Rural,Larger rural: Nearer to a major town or city,False,False,,-1.2370830174236755,53.62566208294766,2026-07-04T12:45:06+00:00,data/models/risk_scores.parquet,0.1.0,E01011856,LSOA2021,England,IoD 2025,within,0.0,2,4,2,1,0,0,3.0,0.0,109.31358564854114,3.2478812430011965
3A4AC0CF-7824-4005-8DD7-B56E117DB95E,7,99.98030462184873,trunk_a,road_archetype,160,risk_percentile,99.99596579706336,4.09398250579834,3.3100319385528563,19,0,7,14052.0,6.433,A Road,A Road,trunk_a,trunk_a,Collapsed Dual Carriageway,A19,False,True,True,True,False,False,Urban,Urban: Nearer to a major town or city,False,False,,-1.297720491751429,54.497405151151554,2026-07-04T12:45:06+00:00,data/models/risk_scores.parquet,0.1.0,E01012233,LSOA2021,England,IoD 2025,within,0.0,9,9,10,1,0,0,3.0,0.0,68.73137664812975,1.851628582722027
CE9DB154-EF72-4841-BE95-61741E93D84F,8,99.97702205882352,trunk_a,road_archetype,165,risk_percentile,99.9958389353358,3.938822555541992,3.168508219718933,40,5,12,9940.3,7.408,A Road,A Road,trunk_a,trunk_a,Collapsed Dual Carriageway,A14,False,True,True,True,False,False,Rural,Smaller rural: Nearer to a major town or city,False,False,,-0.9750175560467031,52.402617646628244,2026-07-04T12:45:06+00:00,data/models/risk_scores.parquet,0.1.0,E01027005,LSOA2021,England,IoD 2025,within,0.0,7,9,10,1,0,0,3.0,0.0,24.37317763635014,1.1793057565486889
6EE4A050-5EED-45D1-847E-3F6CD0D237C2,9,99.97373949579831,trunk_a,road_archetype,167,risk_percentile,99.99578819064476,3.930841016769409,2.3867768168449404,43,3,10,10739.5,6.793,A Road,A Road,trunk_a,trunk_a,Collapsed Dual Carriageway,A14,False,True,True,True,False,False,Rural,Larger rural: Nearer to a major town or city,False,False,,0.3540310034296775,52.24687694852664,2026-07-04T12:45:06+00:00,data/models/risk_scores.parquet,0.1.0,E01018013,LSOA2021,England,IoD 2025,within,0.0,9,9,9,1,0,0,3.0,0.0,105.94497691141193,0.035542667255665426
7D0B0A92-F0E3-4E6C-B54F-9B07CB98C51D,10,99.97045693277312,trunk_a,road_archetype,186,risk_percentile,99.99530611608,3.587279438972473,2.30053448677063,24,2,6,9679.2,5.857,A Road,A Road,trunk_a,trunk_a,Collapsed Dual Carriageway,A14,False,True,True,True,False,False,Rural,Smaller rural: Nearer to a major town or city,False,False,,0.26360307112458753,52.21464263479652,2026-07-04T12:45:06+00:00,data/models/risk_scores.parquet,0.1.0,E01018011,LSOA2021,England,IoD 2025,within,0.0,8,9,9,1,0,0,3.0,0.0,46.29377826892581,1.2053776920501782
C608C14B-5436-4C0E-9C8B-7D252640B1C5,11,99.96717436974791,trunk_a,road_archetype,191,risk_percentile,99.99517925435244,3.487379550933838,2.5444739818573,14,1,5,13909.6,5.733,A Road,A Road,trunk_a,trunk_a,Collapsed Dual Carriageway,A483,False,True,True,True,False,False,Rural,Smaller rural: Nearer to a major town or city,False,False,,-2.9409600091063086,53.13381869027175,2026-07-04T12:45:06+00:00,data/models/risk_scores.parquet,0.1.0,E01018335,LSOA2021,England,IoD 2025,within,0.0,7,6,5,1,0,0,3.0,0.0,84.56357351692559,0.6712961764977143
149FB3AA-24D0-437C-AF49-744AF495CB97,12,99.9638918067227,trunk_a,road_archetype,192,risk_percentile,99.99515388200693,3.4706873893737793,2.334949791431427,22,0,7,9538.6,6.533,A Road,A Road,trunk_a,trunk_a,Collapsed Dual Carriageway,A14,False,True,True,True,False,False,Rural,Larger rural: Nearer to a major town or city,False,False,,-0.8638002052425119,52.40625601445912,2026-07-04T12:45:06+00:00,data/models/risk_scores.parquet,0.1.0,E01032974,LSOA2021,England,IoD 2025,within,0.0,7,8,8,1,0,0,3.0,0.0,13.189617519686829,1.122230232452184
EED25C47-4544-4CE8-9911-4C61EB5B4C6A,13,99.96060924369748,trunk_a,road_archetype,195,risk_percentile,99.99507776497039,3.451068949699402,0.9097141623497009,25,2,5,8039.8,8.117,A Road,A Road,trunk_a,trunk_a,Collapsed Dual Carriageway,A1,False,True,True,True,False,False,Rural,Smaller rural: Further from a major town or city,False,False,,-0.8512762232826936,53.19908018882027,2026-07-04T12:45:06+00:00,data/models/risk_scores.parquet,0.1.0,E01028349,LSOA2021,England,IoD 2025,within,0.0,6,9,7,1,0,0,3.0,0.0,39.01673132968137,2.8197464275232282
5D60EEFF-F05C-4615-B4A7-E9E71ED162C5,14,99.95732668067227,trunk_a,road_archetype,196,risk_percentile,99.99505239262487,3.4473196029663087,3.7003931999206543,0,0,0,18978.0,5.119,A Road,A Road,trunk_a,trunk_a,Collapsed Dual Carriageway,A1,False,True,True,True,False,False,Urban,Urban: Nearer to a major town or city,False,True,sparse collision history,-1.7063648025040177,55.15170311408984,2026-07-04T12:45:06+00:00,data/models/risk_scores.parquet,0.1.0,E01027455,LSOA2021,England,IoD 2025,within,0.0,10,10,9,1,0,0,3.0,0.0,710.7025117027897,1.6154547651809286
5088ECCF-1253-4615-98B0-B86A78AE9F8A,15,99.95404411764706,trunk_a,road_archetype,200,risk_percentile,99.99495090324282,3.388079857826233,2.3194840133190153,35,2,13,5603.1,10.608,A Road,A Road,trunk_a,trunk_a,Collapsed Dual Carriageway,A11,False,True,True,True,False,False,Urban,Urban: Further from a major town or city,False,False,,0.602362041731664,52.36129525578159,2026-07-04T12:45:06+00:00,data/models/risk_scores.parquet,0.1.0,E01034564,LSOA2021,England,IoD 2025,within,0.0,6,10,9,1,0,0,3.0,0.0,7.337020600807444,1.0917597947103317
2656C791-23BE-4E18-B354-C21D0BFDC615,16,99.95076155462185,trunk_a,road_archetype,208,risk_percentile,99.99474792447872,3.253100347518921,3.780794620513916,6,1,1,16704.2,4.195,A Road,A Road,trunk_a,trunk_a,Collapsed Dual Carriageway,A14,False,True,True,True,False,False,Rural,Larger rural: Further from a major town or city,False,False,,-0.5903197540119658,52.39050161453716,2026-07-04T12:45:06+00:00,data/models/risk_scores.parquet,0.1.0,E01027078,LSOA2021,England,IoD 2025,within,0.0,5,6,6,1,0,0,3.0,0.0,118.15277996279814,1.1028621008045452
3FACDDB6-13D8-4A24-A971-1B408BC3ECC5,17,99.94747899159664,trunk_a,road_archetype,211,risk_percentile,99.99467180744217,3.22730758190155,5.52679123878479,13,2,3,25323.7,3.66,A Road,A Road,trunk_a,trunk_a,Collapsed Dual Carriageway,A174,False,True,True,True,False,False,Urban,Urban: Nearer to a major town or city,False,False,,-1.1482123277334169,54.55125507335735,2026-07-04T12:45:06+00:00,data/models/risk_scores.parquet,0.1.0,E01012112,LSOA2021,England,IoD 2025,within,0.0,1,1,1,1,0,0,3.0,0.0,252.35485317561682,0.09976322499228991
F8C83919-A991-4C0F-980E-148BFB912405,18,99.94419642857143,trunk_a,road_archetype,218,risk_percentile,99.99449420102357,3.165967458486557,1.5290539145469666,50,4,14,7183.9,8.549,A Road,A Road,trunk_a,trunk_a,Collapsed Dual Carriageway,A180,False,True,True,True,False,False,Rural,Smaller rural: Nearer to a major town or city,False,False,,-0.3483971959973247,53.601771622763266,2026-07-04T12:45:06+00:00,data/models/risk_scores.parquet,0.1.0,E01013309,LSOA2021,England,IoD 2025,within,0.0,5,6,6,1,0,0,3.0,0.0,26.63626889889992,0.07051137216351494
1EAC12A0-7280-42C7-84ED-993A69D02C8F,19,99.94091386554622,trunk_a,road_archetype,222,risk_percentile,99.99439271164152,3.084033173322678,2.610269641876221,41,6,5,10490.1,7.489,A Road,A Road,trunk_a,trunk_a,Collapsed Dual Carriageway,A50,False,True,True,True,False,False,Rural,Smaller rural: Nearer to a major town or city,False,False,,-1.5009432054440817,52.86628851071192,2026-07-04T12:45:06+00:00,data/models/risk_scores.parquet,0.1.0,E01019834,LSOA2021,England,IoD 2025,within,0.0,7,7,7,1,0,0,3.0,0.0,39.71284299972974,0.3330350041685003
FDF6363C-95EA-40F6-9DCF-87DAC74DC92F,20,99.93763130252101,trunk_a,road_archetype,223,risk_percentile,99.994367339296,3.0703988790512087,3.747254967689514,42,0,10,17287.3,4.039,A Road,A Road,trunk_a,trunk_a,Collapsed Dual Carriageway,A38,False,True,True,True,False,False,Rural,Smaller rural: Nearer to a major town or city,False,False,,-1.4521232428968909,52.974318525525455,2026-07-04T12:45:06+00:00,data/models/risk_scores.parquet,0.1.0,E01019670,LSOA2021,England,IoD 2025,within,0.0,8,9,8,1,0,0,3.0,0.0,168.41828120764887,2.1091239841809686
63B3AEB7-27BA-45D3-905B-27440A6623FC,21,99.93434873949579,trunk_a,road_archetype,234,risk_percentile,99.99408824349536,2.93108971118927,2.734002113342285,21,1,4,11724.3,4.534,A Road,A Road,trunk_a,trunk_a,Collapsed Dual Carriageway,A63,False,True,True,True,False,False,Rural,Larger rural: Nearer to a major town or city,False,False,,-0.635299404647825,53.764590035103595,2026-07-04T12:45:06+00:00,data/models/risk_scores.parquet,0.1.0,E01012969,LSOA2021,England,IoD 2025,within,0.0,7,8,8,1,0,0,3.0,0.0,565.4301319416976,0.19551109273872871
9913B226-31D4-4EC4-BD1F-8133E9268100,22,99.93106617647058,trunk_a,road_archetype,235,risk_percentile,99.99406287114985,2.9220641613006593,2.7342682123184203,19,2,5,11223.8,5.063,A Road,A Road,trunk_a,trunk_a,Collapsed Dual Carriageway,A42,False,True,True,True,False,False,Rural,Smaller rural: Nearer to a major town or city,False,False,,-1.520567614731769,52.70919732866358,2026-07-04T12:45:06+00:00,data/models/risk_scores.parquet,0.1.0,E01025954,LSOA2021,England,IoD 2025,within,0.0,6,7,7,1,0,0,3.0,0.0,47.78249419973837,0.14293399577632612
D42ADB91-8839-4B11-8708-E5749D315CC1,23,99.92778361344537,trunk_a,road_archetype,237,risk_percentile,99.99401212645881,2.9059197664260865,2.506302332878113,9,0,4,10514.9,5.048,A Road,A Road,trunk_a,trunk_a,Collapsed Dual Carriageway,A42,False,True,True,True,False,False,Rural,Smaller rural: Nearer to a major town or city,False,False,,-1.341016970129659,52.80188325034351,2026-07-04T12:45:06+00:00,data/models/risk_scores.parquet,0.1.0,E01025923,LSOA2021,England,IoD 2025,within,0.0,7,8,8,1,0,0,3.0,0.0,47.936372556706694,0.4429323296226139
207F717C-C2B2-4F2E-B941-B630910E47E6,24,99.92450105042016,trunk_a,road_archetype,241,risk_percentile,99.99391063707677,2.8170536160469055,1.3193138778209685,49,3,11,7552.4,11.654,A Road,A Road,trunk_a,trunk_a,Collapsed Dual Carriageway,A50,False,True,True,True,False,False,Rural,Larger rural: Nearer to a major town or city,False,False,,-1.9761724846316786,52.93642629289612,2026-07-04T12:45:06+00:00,data/models/risk_scores.parquet,0.1.0,E01029791,LSOA2021,England,IoD 2025,within,0.0,7,8,8,1,0,0,3.0,0.0,53.25173895969955,0.9263974991020063
423AC19A-2D59-4C16-BF5A-BBFAA1D150B6,25,99.92121848739495,trunk_a,road_archetype,244,risk_percentile,99.99383452004022,2.782871866226196,1.8440719962120056,15,1,3,9310.5,5.693,A Road,A Road,trunk_a,trunk_a,Collapsed Dual Carriageway,A14,False,True,True,True,False,False,Rural,Smaller rural: Nearer to a major town or city,False,False,,0.4884184745215439,52.27469444676573,2026-07-04T12:45:06+00:00,data/models/risk_scores.parquet,0.1.0,E01018035,LSOA2021,England,IoD 2025,within,0.0,6,5,6,1,0,0,3.0,0.0,63.602330747862794,0.002069711649801236
2B1D5B22-2A7D-4E53-999E-1260CA043B5A,26,99.91793592436974,trunk_a,road_archetype,249,risk_percentile,99.99370765831266,2.6969305276870728,2.2562469720840452,23,2,2,8679.2,5.648,A Road,A Road,trunk_a,trunk_a,Collapsed Dual Carriageway,A14,False,True,True,True,False,False,Rural,Larger rural: Nearer to a major town or city,False,False,,0.9357530192098237,52.21660631363243,2026-07-04T12:45:06+00:00,data/models/risk_scores.parquet,0.1.0,E01030056,LSOA2021,England,IoD 2025,within,0.0,5,6,6,1,0,0,3.0,0.0,44.90388228121558,0.4697339680333394
A5F19EBE-69DB-4E7F-BED6-A4C574F54CB6,27,99.91465336134453,trunk_a,road_archetype,251,risk_percentile,99.99365691362162,2.6876316547393797,4.626935720443726,0,0,0,16966.2,4.24,A Road,A Road,trunk_a,trunk_a,Collapsed Dual Carriageway,A421,False,True,True,True,False,False,Rural,Smaller rural: Nearer to a major town or city,False,True,sparse collision history,-0.33206369498197363,52.17470528546015,2026-07-04T12:45:06+00:00,data/models/risk_scores.parquet,0.1.0,E01017542,LSOA2021,England,IoD 2025,within,0.0,4,6,6,1,0,0,3.0,0.0,115.69135266311774,1.130804036397401
2A68556E-890B-47A2-9318-12A0500D58A6,28,99.91137079831933,trunk_a,road_archetype,252,risk_percentile,99.9936315412761,2.68539035320282,4.238397455215454,7,0,2,17174.0,4.54,A Road,A Road,trunk_a,trunk_a,Collapsed Dual Carriageway,A5,False,True,True,True,False,False,Urban,Urban: Nearer to a major town or city,False,False,,-0.839500002012477,52.05764067515784,2026-07-04T12:45:06+00:00,data/models/risk_scores.parquet,0.1.0,E01016817,LSOA2021,England,IoD 2025,within,0.0,5,6,5,1,0,0,3.0,0.0,3418.2148337652307,0.47283920765502385
763B2105-C711-45EB-86FB-3B83F6636A56,29,99.90808823529412,trunk_a,road_archetype,253,risk_percentile,99.9936061689306,2.6787108898162844,2.397510051727295,12,1,0,16961.8,2.177,A Road,A Road,trunk_a,trunk_a,Collapsed Dual Carriageway,A1,False,True,True,True,False,False,Urban,Urban: Nearer to a major town or city,False,False,,-0.52287452405809,52.664961998341624,2026-07-04T12:45:06+00:00,data/models/risk_scores.parquet,0.1.0,E01026356,LSOA2021,England,IoD 2025,within,0.0,10,9,10,1,0,0,3.0,0.0,1336.2236125567294,2.8663032628766683
3D25BEF7-5F9F-4D48-BFB6-E99850F2F8D5,30,99.9048056722689,trunk_a,road_archetype,264,risk_percentile,99.99332707312995,2.595128893852234,1.8188313364982605,27,1,3,8796.4,5.233,A Road,A Road,trunk_a,trunk_a,Collapsed Dual Carriageway,A180,False,True,True,True,False,False,Urban,Urban: Nearer to a major town or city,False,False,,-0.23988758653045897,53.60747576707645,2026-07-04T12:45:06+00:00,data/models/risk_scores.parquet,0.1.0,E01013180,LSOA2021,England,IoD 2025,within,0.0,6,6,5,1,0,0,3.0,0.0,66.39891062301221,0.05211123618383007
36DAE1F2-CE3F-4410-BE51-98B9C5AEE180,31,99.9015231092437,trunk_a,road_archetype,267,risk_percentile,99.9932509560934,2.564705014228821,3.7052809238433837,12,1,3,16199.0,4.19,A Road,A Road,trunk_a,trunk_a,Collapsed Dual Carriageway,A47,False,True,True,True,False,False,Rural,Smaller rural: Nearer to a major town or city,False,False,,-0.34800387420266715,52.578144013778804,2026-07-04T12:45:06+00:00,data/models/risk_scores.parquet,0.1.0,E01015627,LSOA2021,England,IoD 2025,within,0.0,7,8,7,1,0,0,3.0,0.0,186.02150931923688,0.8747248213911017
D0C87EF7-58CE-4A6A-AD80-A5320EEBA660,32,99.89824054621849,trunk_a,road_archetype,271,risk_percentile,99.99314946671134,2.5207715749740602,2.4143208980560305,0,0,0,11795.6,4.528,A Road,A Road,trunk_a,trunk_a,Collapsed Dual Carriageway,A421,False,True,True,True,False,False,Rural,Larger rural: Nearer to a major town or city,False,True,sparse collision history,-0.5282704880293801,52.08240122843253,2026-07-04T12:45:06+00:00,data/models/risk_scores.parquet,0.1.0,E01034425,LSOA2021,England,IoD 2025,within,0.0,8,8,8,1,0,0,3.0,0.0,80.12822362881172,0.25249365690151104
437C230D-E3A6-470E-AD47-33FAC995AAAA,33,99.89495798319328,trunk_a,road_archetype,272,risk_percentile,99.99312409436584,2.5171136617660523,2.397852432727814,11,0,4,13954.7,4.299,A Road,A Road,trunk_a,trunk_a,Collapsed Dual Carriageway,A64,False,True,True,True,False,False,Urban,Urban: Further from a major town or city,False,False,,-0.8061521705682654,54.14077034850568,2026-07-04T12:45:06+00:00,data/models/risk_scores.parquet,0.1.0,E01027786,LSOA2021,England,IoD 2025,within,0.0,10,9,9,1,0,0,3.0,0.0,403.5454331924243,0.3148660724220047
FD41428A-9593-430C-86C5-95852C06283B,34,99.89167542016807,trunk_a,road_archetype,273,risk_percentile,99.99309872202032,2.508596420288086,1.276330578327179,9,1,0,7604.4,6.325,A Road,A Road,trunk_a,trunk_a,Collapsed Dual Carriageway,A5,False,True,True,True,False,False,Urban,Urban: Nearer to a major town or city,False,False,,-2.5918383116411157,52.69309800561088,2026-07-04T12:45:06+00:00,data/models/risk_scores.parquet,0.1.0,E01014202,LSOA2021,England,IoD 2025,within,0.0,7,6,7,1,0,0,2.5,0.0,24.583949209488484,0.3696359376642798
57F562BB-1463-473C-8D66-4AB3B3895727,35,99.88839285714286,trunk_a,road_archetype,274,risk_percentile,99.99307334967482,2.4926634073257445,2.6902987480163576,3,0,1,12289.1,4.508,A Road,A Road,trunk_a,trunk_a,Collapsed Dual Carriageway,A19,False,True,True,True,False,False,Urban,Urban: Nearer to a major town or city,False,False,,-1.411941841040522,54.85441468262888,2026-07-04T12:45:06+00:00,data/models/risk_scores.parquet,0.1.0,E01008765,LSOA2021,England,IoD 2025,within,0.0,7,8,6,1,0,0,3.0,0.0,80.04251720239701,0.3949129611239446
823296D9-ACE0-4E29-807C-1249C8619928,36,99.88511029411765,trunk_a,road_archetype,277,risk_percentile,99.99299723263827,2.4887402772903444,1.6193217873573302,10,1,3,10613.7,2.918,A Road,A Road,trunk_a,trunk_a,Collapsed Dual Carriageway,A1,False,True,True,True,False,False,Rural,Larger rural: Nearer to a major town or city,False,False,,-0.905591023805366,53.24447381631988,2026-07-04T12:45:06+00:00,data/models/risk_scores.parquet,0.1.0,E01028007,LSOA2021,England,IoD 2025,within,0.0,7,8,7,1,0,0,2.5,0.0,74.97602971107634,2.81925208809096
2ED97B7F-256A-4E47-ACA4-2852302E265D,37,99.88182773109243,trunk_a,road_archetype,281,risk_percentile,99.99289574325621,2.448191285133362,3.3436529636383057,4,0,1,18170.5,3.747,A Road,A Road,trunk_a,trunk_a,Collapsed Dual Carriageway,A43,False,True,True,True,False,False,Rural,Larger rural: Nearer to a major town or city,False,False,,-1.0136004516958181,52.09709678192232,2026-07-04T12:45:06+00:00,data/models/risk_scores.parquet,0.1.0,E01027295,LSOA2021,England,IoD 2025,within,0.0,9,8,10,1,0,0,3.0,0.0,229.04593744216297,1.0811727101534268
2C749580-9358-4D5D-99F5-DB691C76B52A,38,99.87854516806722,trunk_a,road_archetype,282,risk_percentile,99.99287037091071,2.4476582288742064,2.893039608001709,7,0,1,15498.0,3.217,A Road,A Road,trunk_a,trunk_a,Collapsed Dual Carriageway,A14,False,True,True,True,False,False,Urban,Urban: Nearer to a major town or city,False,False,,0.999571275075744,52.19686113260909,2026-07-04T12:45:06+00:00,data/models/risk_scores.parquet,0.1.0,E01030076,LSOA2021,England,IoD 2025,within,0.0,6,6,6,1,0,0,3.0,0.0,1476.3641574743922,0.4580841077325868
2A6BB0C7-8CC4-43DC-85A8-547844C6A96B,39,99.87526260504201,trunk_a,road_archetype,286,risk_percentile,99.99276888152865,2.4293649911880495,2.901445174217224,11,1,2,12349.9,4.539,A Road,A Road,trunk_a,trunk_a,Collapsed Dual Carriageway,A64,False,True,True,True,False,False,Urban,Urban: Nearer to a major town or city,False,False,,-1.0332128651636623,53.93516955591562,2026-07-04T12:45:06+00:00,data/models/risk_scores.parquet,0.1.0,E01013378,LSOA2021,England,IoD 2025,within,0.0,9,10,10,1,0,0,3.0,0.0,21.706532491214578,0.3053027887767056
21E03A85-DEB5-451F-B805-0013EEAFD372,40,99.8719800420168,trunk_a,road_archetype,288,risk_percentile,99.99271813683762,2.4263105154037476,1.8620473265647888,25,0,4,11756.5,3.291,A Road,A Road,trunk_a,trunk_a,Collapsed Dual Carriageway,A1,False,True,True,True,False,False,Urban,Urban: Nearer to a major town or city,False,False,,-0.7681860665060977,53.06403174020455,2026-07-04T12:45:06+00:00,data/models/risk_scores.parquet,0.1.0,E01028286,LSOA2021,England,IoD 2025,within,0.0,5,4,3,1,0,0,3.0,0.0,48.5580026042103,2.558613823199698
379969BD-6649-412B-9661-3797BD4BCE7D,41,99.86869747899159,trunk_a,road_archetype,289,risk_percentile,99.9926927644921,2.411321258544922,2.5450469493865966,19,1,4,11173.4,4.29,A Road,A Road,trunk_a,trunk_a,Collapsed Dual Carriageway,A14,False,True,True,True,False,False,Rural,Smaller rural: Nearer to a major town or city,False,False,,1.0964071522345091,52.12585372566344,2026-07-04T12:45:06+00:00,data/models/risk_scores.parquet,0.1.0,E01030046,LSOA2021,England,IoD 2025,within,0.0,8,9,9,1,0,0,3.0,0.0,72.34044855425564,0.08217146259710816
94AA1E2F-C113-40F4-A2D8-91C18E67C456,42,99.86541491596638,trunk_a,road_archetype,294,risk_percentile,99.99256590276454,2.3882638454437255,2.6154404401779177,27,1,8,7920.8,5.175,A Road,A Road,trunk_a,trunk_a,Single Carriageway,A628,False,True,True,False,False,False,Rural,Smaller rural: Nearer to a major town or city,False,False,,-1.752802121982029,53.50208718288284,2026-07-04T12:45:06+00:00,data/models/risk_scores.parquet,0.1.0,E01007426,LSOA2021,England,IoD 2025,within,0.0,6,8,7,1,0,0,3.0,0.0,11.730150688520542,0.9433829212812341
1D5ABAAF-1D73-4BD2-B47B-D874C03DCCEF,43,99.86213235294117,trunk_a,road_archetype,295,risk_percentile,99.99254053041902,2.380921149253845,2.2744518399238585,23,3,6,9241.2,5.151,A Road,A Road,trunk_a,trunk_a,Collapsed Dual Carriageway,A590,False,True,True,True,False,False,Rural,Smaller rural: Further from a major town or city,False,False,,-2.74100455831815,54.254300354923636,2026-07-04T12:45:06+00:00,data/models/risk_scores.parquet,0.1.0,E01019383,LSOA2021,England,IoD 2025,within,0.0,9,10,10,1,0,0,3.0,0.0,45.05176133546599,0.006289629411235605
4776E358-BA4D-4948-9DAE-9919EFC64E74,44,99.85884978991596,trunk_a,road_archetype,299,risk_percentile,99.99243904103697,2.33639053106308,3.7978811264038086,13,2,2,21873.2,2.024,A Road,A Road,trunk_a,trunk_a,Collapsed Dual Carriageway,A1,False,True,True,True,False,False,Urban,Urban: Further from a major town or city,False,False,,-0.6736251584512026,52.90696126086281,2026-07-04T12:45:06+00:00,data/models/risk_scores.parquet,0.1.0,E01026308,LSOA2021,England,IoD 2025,within,0.0,1,1,1,1,0,0,3.0,0.0,603.3383911064632,0.08502512009754538
2CB0ECD7-C8F1-4C7B-874C-C496FE90F4F4,45,99.85556722689076,trunk_a,road_archetype,303,risk_percentile,99.99233755165491,2.2991162300109864,2.847613883018494,12,2,4,11823.5,3.633,A Road,A Road,trunk_a,trunk_a,Collapsed Dual Carriageway,A14,False,True,True,True,False,False,Rural,Smaller rural: Further from a major town or city,False,False,,-0.652504495457998,52.37989481970185,2026-07-04T12:45:06+00:00,data/models/risk_scores.parquet,0.1.0,E01027090,LSOA2021,England,IoD 2025,within,0.0,6,8,7,1,0,0,3.0,0.0,44.0467485243715,0.0466995756411948
C360E145-3D18-4F09-91FC-DC83F5DBFCC0,46,99.85228466386555,trunk_a,road_archetype,309,risk_percentile,99.99218531758184,2.265018892288208,2.7963308095932007,34,1,5,18382.7,2.259,A Road,A Road,trunk_a,trunk_a,Collapsed Dual Carriageway,A14,False,True,True,True,False,False,Rural,Larger rural: Nearer to a major town or city,False,False,,0.042942123973239044,52.24809030525939,2026-07-04T12:45:06+00:00,data/models/risk_scores.parquet,0.1.0,E01018237,LSOA2021,England,IoD 2025,within,0.0,8,8,7,1,0,0,3.0,0.0,173.11362217974207,1.9041562941015835
7690F876-035D-46DE-857E-67DC3E721594,47,99.84900210084034,trunk_a,road_archetype,313,risk_percentile,99.99208382819978,2.23526816368103,2.5180632710456847,27,1,6,14470.5,3.169,A Road,A Road,trunk_a,trunk_a,Collapsed Dual Carriageway,A38,False,True,True,True,False,False,Rural,Smaller rural: Nearer to a major town or city,False,False,,-1.4086583923891587,53.07490662222379,2026-07-04T12:45:06+00:00,data/models/risk_scores.parquet,0.1.0,E01019477,LSOA2021,England,IoD 2025,within,0.0,7,7,6,1,0,0,3.0,0.0,42.1519359441006,1.9064126421547667
BC721C31-1FED-4E00-BF14-948D1CA05EFA,48,99.84571953781513,trunk_a,road_archetype,316,risk_percentile,99.99200771116324,2.2161648273468018,3.0150853872299193,22,2,1,8415.8,4.899,A Road,A Road,trunk_a,trunk_a,Collapsed Dual Carriageway,A50,False,True,True,True,False,False,Rural,Smaller rural: Nearer to a major town or city,False,False,,-1.6667592538301461,52.880274606987854,2026-07-04T12:45:06+00:00,data/models/risk_scores.parquet,0.1.0,E01019866,LSOA2021,England,IoD 2025,within,0.0,5,9,8,1,0,0,3.0,0.0,47.02036484686029,0.3962862919269322
83AFCD43-51C2-4FA0-A77F-08AAFBA378A4,49,99.84243697478992,trunk_a,road_archetype,321,risk_percentile,99.99188084943567,2.1871793985366823,3.348453998565674,16,0,4,17928.5,3.49,A Road,A Road,trunk_a,trunk_a,Collapsed Dual Carriageway,A64,False,True,True,True,False,False,Rural,Smaller rural: Nearer to a major town or city,False,False,,-1.2883865394891383,53.87001134734094,2026-07-04T12:45:06+00:00,data/models/risk_scores.parquet,0.1.0,E01027922,LSOA2021,England,IoD 2025,within,0.0,10,10,10,1,0,0,3.0,0.0,23.438062761413885,0.5900675068005995
21DBA0EE-5184-491F-A3C7-5690A82EA9D2,50,99.83915441176471,trunk_a,road_archetype,325,risk_percentile,99.99177936005363,2.161309611797333,3.1652183294296266,16,0,7,14459.3,3.774,A Road,A Road,trunk_a,trunk_a,Collapsed Dual Carriageway,A47,False,True,True,True,False,False,Rural,Smaller rural: Nearer to a major town or city,False,False,,1.3517142655509913,52.618510799149824,2026-07-04T12:45:06+00:00,data/models/risk_scores.parquet,0.1.0,E01026929,LSOA2021,England,IoD 2025,within,0.0,8,9,8,1,0,0,3.0,0.0,24.853289571267585,0.4215439090527403
E9883B5D-DADB-450D-A485-429777EF6B98,51,99.8358718487395,trunk_a,road_archetype,327,risk_percentile,99.99172861536259,2.158853590488434,3.8850891828536986,0,0,0,15720.7,3.403,A Road,A Road,trunk_a,trunk_a,Collapsed Dual Carriageway,A1,False,True,True,True,False,False,Rural,Smaller rural: Nearer to a major town or city,False,True,sparse collision history,-1.648535717145002,55.0824709536365,2026-07-04T12:45:06+00:00,data/models/risk_scores.parquet,0.1.0,E01027473,LSOA2021,England,IoD 2025,within,0.0,8,10,10,1,0,0,3.0,0.0,10.252548338231648,1.6288820516944353
E0CF7313-50A3-458E-A7E6-6C4AC60F0149,52,99.83258928571429,trunk_a,road_archetype,329,risk_percentile,99.99167787067157,2.155435311794281,3.6864426851272585,16,2,4,20878.4,2.938,A Road,A Road,trunk_a,trunk_a,Collapsed Dual Carriageway,A42,False,True,True,True,False,False,Urban,Urban: Nearer to a major town or city,False,False,,-1.4669184551719443,52.73607186169106,2026-07-04T12:45:06+00:00,data/models/risk_scores.parquet,0.1.0,E01025914,LSOA2021,England,IoD 2025,within,0.0,10,10,10,1,0,0,3.0,0.0,409.29472522426585,0.6924589225650291
995E6DB5-5C02-4060-BC39-2E266F664143,53,99.82930672268907,trunk_a,road_archetype,331,risk_percentile,99.99162712598054,2.1507059812545775,2.4943119525909423,19,0,4,10875.6,3.064,A Road,A Road,trunk_a,trunk_a,Collapsed Dual Carriageway,A1,False,True,True,True,False,False,Rural,Smaller rural: Nearer to a major town or city,False,False,,-0.8033378203952961,53.1046344549941,2026-07-04T12:45:06+00:00,data/models/risk_scores.parquet,0.1.0,E01028337,LSOA2021,England,IoD 2025,within,0.0,8,10,9,1,0,0,3.0,0.0,27.39553598200175,2.901348110924834
756C7C18-C287-46CB-A8B8-74F7C04E05A2,54,99.82602415966386,trunk_a,road_archetype,332,risk_percentile,99.99160175363502,2.1433714270591735,3.096346950531006,11,0,1,10377.8,2.694,A Road,A Road,trunk_a,trunk_a,Collapsed Dual Carriageway,A1,False,True,True,True,False,False,Rural,Smaller rural: Nearer to a major town or city,False,False,,-0.6053094987453228,52.74894139754511,2026-07-04T12:45:06+00:00,data/models/risk_scores.parquet,0.1.0,E01013790,LSOA2021,England,IoD 2025,within,0.0,6,10,10,1,0,0,3.0,0.0,25.60284259102905,2.7334234032412335
EAFBE259-AA2A-430C-911C-792E642388EB,55,99.82274159663865,trunk_a,road_archetype,339,risk_percentile,99.99142414721643,2.1238977313041687,3.177735161781311,37,1,3,21723.3,2.941,A Road,A Road,trunk_a,trunk_a,Collapsed Dual Carriageway,A14,False,True,True,True,False,False,Rural,Smaller rural: Nearer to a major town or city,False,False,,1.1651529647285122,52.02624643391293,2026-07-04T12:45:06+00:00,data/models/risk_scores.parquet,0.1.0,E01029879,LSOA2021,England,IoD 2025,nearest_fallback,231.8600108127086,7,7,7,1,0,0,2.5,0.0,34.67666049790137,0.06850624085438517
797DB1F7-59D8-4B3E-9FC1-830B6DD06973,56,99.81945903361344,trunk_a,road_archetype,340,risk_percentile,99.99139877487092,2.116562032699585,2.904726767539978,0,0,0,23940.5,3.165,A Road,A Road,trunk_a,trunk_a,Collapsed Dual Carriageway,A5,False,True,True,True,False,False,Urban,Urban: Nearer to a major town or city,False,True,sparse collision history,-0.763969034672033,52.02422027250685,2026-07-04T12:45:06+00:00,data/models/risk_scores.parquet,0.1.0,E01016775,LSOA2021,England,IoD 2025,within,0.0,8,6,7,1,0,0,2.5,0.0,311.0083005813152,0.3997960865447594
D61D8593-6B17-4CB8-993C-1D2DF3FDDB75,57,99.81617647058823,trunk_a,road_archetype,341,risk_percentile,99.99137340252541,2.116426932811737,1.9270808100700378,6,2,1,8187.7,5.003,A Road,A Road,trunk_a,trunk_a,Collapsed Dual Carriageway,A46,False,True,True,True,False,False,Rural,Smaller rural: Nearer to a major town or city,False,False,,-1.87949204421176,52.182200776306914,2026-07-04T12:45:06+00:00,data/models/risk_scores.parquet,0.1.0,E01031189,LSOA2021,England,IoD 2025,within,0.0,6,7,6,1,0,0,3.0,0.0,29.55194883500646,0.007805611937074889
ED003DB9-7586-4925-8294-71F4D31F0DFF,58,99.81289390756302,trunk_a,road_archetype,347,risk_percentile,99.99122116845233,2.0914180517196654,2.5639058351516724,12,2,3,11107.7,3.981,A Road,A Road,trunk_a,trunk_a,Collapsed Dual Carriageway,A11,False,True,True,True,False,False,Rural,Smaller rural: Nearer to a major town or city,False,False,,0.3034806565701697,52.19888197562777,2026-07-04T12:45:06+00:00,data/models/risk_scores.parquet,0.1.0,E01018011,LSOA2021,England,IoD 2025,within,0.0,8,9,9,1,0,0,3.0,0.0,46.29377826892581,0.8452338431143762
AB259639-FA71-423D-969D-35C8F84E66CC,59,99.80961134453781,trunk_a,road_archetype,349,risk_percentile,99.9911704237613,2.079918694496155,3.9608567714691163,12,0,2,11631.7,3.626,A Road,A Road,trunk_a,trunk_a,Collapsed Dual Carriageway,A50,False,True,True,True,False,False,Rural,Smaller rural: Nearer to a major town or city,False,False,,-1.8040454544941849,52.902553976501714,2026-07-04T12:45:06+00:00,data/models/risk_scores.parquet,0.1.0,E01019629,LSOA2021,England,IoD 2025,within,0.0,6,10,10,1,0,0,3.0,0.0,38.7311551940463,0.9097649689943705
945EDCF3-9640-4FF8-A362-9112165A4F5B,60,99.8063287815126,trunk_a,road_archetype,351,risk_percentile,99.99111967907027,2.067617654800415,2.2450156807899475,16,0,4,13871.4,3.133,A Road,A Road,trunk_a,trunk_a,Collapsed Dual Carriageway,A14,False,True,True,True,False,False,Rural,Smaller rural: Nearer to a major town or city,False,False,,0.192921439222775,52.21995868697616,2026-07-04T12:45:06+00:00,data/models/risk_scores.parquet,0.1.0,E01018297,LSOA2021,England,IoD 2025,within,0.0,8,7,8,1,0,0,3.0,0.0,63.70414738606304,0.8424880554129135
878633F0-A561-497A-B2D3-B5FE64F00B8C,61,99.8030462184874,trunk_a,road_archetype,352,risk_percentile,99.99109430672476,2.064822855591774,3.3318132877349855,18,1,5,21003.0,3.661,A Road,A Road,trunk_a,trunk_a,Collapsed Dual Carriageway,A46,False,True,True,True,False,False,Urban,Urban: Nearer to a major town or city,False,False,,-1.16292128419092,52.68232321652528,2026-07-04T12:45:06+00:00,data/models/risk_scores.parquet,0.1.0,E01013615,LSOA2021,England,IoD 2025,within,0.0,6,5,7,1,0,0,2.5,0.0,1175.4114370628624,0.019615299395582497
6BB8A4EC-34A6-4896-8AE6-88CE317F7BF0,62,99.79976365546219,trunk_a,road_archetype,354,risk_percentile,99.99104356203374,2.050659453868866,4.255284547805786,11,3,1,16015.8,3.244,A Road,A Road,trunk_a,trunk_a,Single Carriageway,A45,False,True,True,False,False,False,Urban,Urban: Nearer to a major town or city,False,False,,-0.5638640153631702,52.3445376206714,2026-07-04T12:45:06+00:00,data/models/risk_scores.parquet,0.1.0,E01027054,LSOA2021,England,IoD 2025,within,0.0,7,8,8,1,0,0,3.0,0.0,146.43225449986136,0.38820279796037016
0E9A3EB2-95D7-4E99-B03A-C0F91E34FE1A,63,99.79648109243698,trunk_a,road_archetype,356,risk_percentile,99.9909928173427,2.0463016748428347,1.7048145532608032,16,2,4,9697.9,4.692,A Road,A Road,trunk_a,trunk_a,Collapsed Dual Carriageway,A14,False,True,True,True,False,False,Urban,Urban: Nearer to a major town or city,False,False,,1.0514477457824445,52.17028707958378,2026-07-04T12:45:06+00:00,data/models/risk_scores.parquet,0.1.0,E01030081,LSOA2021,England,IoD 2025,within,0.0,6,5,7,1,0,0,3.0,0.0,45.89538047312425,0.45953642402564365
1FB6AD1C-7654-4635-8DE2-79284A563A6B,64,99.79319852941177,trunk_a,road_archetype,357,risk_percentile,99.9909674449972,2.0460273146629335,1.9095287561416625,32,2,5,11398.5,3.862,A Road,A Road,trunk_a,trunk_a,Collapsed Dual Carriageway,A55,False,True,True,True,False,False,Rural,Smaller rural: Nearer to a major town or city,False,False,,-2.8817040085362713,53.16290588045357,2026-07-04T12:45:06+00:00,data/models/risk_scores.parquet,0.1.0,E01018335,LSOA2021,England,IoD 2025,within,0.0,7,6,5,1,0,0,3.0,0.0,24.26844782580412,0.009240771567632386
0BF801A4-3809-439A-AE6B-31C9CF3C1A75,65,99.78991596638656,trunk_a,road_archetype,359,risk_percentile,99.99091670030616,2.040055787563324,3.533944320678711,29,1,6,18666.5,3.164,A Road,A Road,trunk_a,trunk_a,Collapsed Dual Carriageway,A19,False,True,True,True,False,False,Rural,Smaller rural: Nearer to a major town or city,False,False,,-1.3153796675129346,54.61098164099653,2026-07-04T12:45:06+00:00,data/models/risk_scores.parquet,0.1.0,E01033480,LSOA2021,England,IoD 2025,within,0.0,10,10,10,1,0,0,3.0,0.0,5895.482289134595,0.7707702825350923
69E17F9B-954C-4B16-9160-5AE1573AA216,66,99.78663340336135,trunk_a,road_archetype,362,risk_percentile,99.99084058326963,2.032053291797638,4.414814567565918,27,3,4,18071.0,2.497,A Road,A Road,trunk_a,trunk_a,Single Carriageway,A46,False,True,True,False,False,False,Urban,Urban: Nearer to a major town or city,False,False,,-0.829283916595922,53.07552710713121,2026-07-04T12:45:06+00:00,data/models/risk_scores.parquet,0.1.0,E01028311,LSOA2021,England,IoD 2025,within,0.0,1,1,1,1,0,0,3.0,0.0,186.9949149235306,0.06268686533580149
B310B8D6-3B4F-4304-81BD-D4648B4C49E5,67,99.78335084033614,trunk_a,road_archetype,364,risk_percentile,99.99078983857859,2.0271753072738647,2.259769082069397,27,1,5,15336.9,3.466,A Road,A Road,trunk_a,trunk_a,Collapsed Dual Carriageway,A47,False,True,True,True,False,False,Urban,Urban: Nearer to a major town or city,False,False,,1.2484385766722257,52.59112218323717,2026-07-04T12:45:06+00:00,data/models/risk_scores.parquet,0.1.0,E01026881,LSOA2021,England,IoD 2025,within,0.0,8,6,6,1,0,0,3.0,0.0,67.50069562635015,0.012602609216938948
9A407898-5FD7-4447-9273-4A2455EA83C5,68,99.78006827731093,trunk_a,road_archetype,366,risk_percentile,99.99073909388757,2.015764093399048,2.885439705848694,25,0,3,14750.8,2.487,A Road,A Road,trunk_a,trunk_a,Collapsed Dual Carriageway,A63,False,True,True,True,False,False,Urban,Urban: Nearer to a major town or city,False,False,,-0.3968786885152325,53.724053122627986,2026-07-04T12:45:06+00:00,data/models/risk_scores.parquet,0.1.0,E01012889,LSOA2021,England,IoD 2025,within,0.0,1,1,1,1,0,0,3.0,0.0,226.1665961572295,0.0006758431112378276
774AB85D-5BA5-4E1E-9A87-B2C06DA7CE80,69,99.77678571428571,trunk_a,road_archetype,367,risk_percentile,99.99071372154205,2.010843884944916,2.000452733039856,23,0,2,9905.3,4.131,A Road,A Road,trunk_a,trunk_a,Collapsed Dual Carriageway,A63,False,True,True,True,False,False,Urban,Urban: Nearer to a major town or city,False,False,,-0.573024615983075,53.74654136026784,2026-07-04T12:45:06+00:00,data/models/risk_scores.parquet,0.1.0,E01034757,LSOA2021,England,IoD 2025,within,0.0,9,9,9,1,0,0,3.0,0.0,52.34225960283696,0.7071522688840071
6699B15C-2B5E-41CB-BC63-8B1E6B69C9BE,70,99.7735031512605,trunk_a,road_archetype,374,risk_percentile,99.99053611512346,1.9864989280700684,4.6017533302307125,0,0,0,28453.7,2.394,A Road,A Road,trunk_a,trunk_a,Collapsed Dual Carriageway,A1,False,True,True,True,False,False,Urban,Urban: Nearer to a major town or city,False,True,sparse collision history,-1.632333991998489,55.049460818231275,2026-07-04T12:45:06+00:00,data/models/risk_scores.parquet,0.1.0,E01008579,LSOA2021,England,IoD 2025,within,0.0,10,10,9,1,0,0,3.0,0.0,2448.9118617733257,1.6330060723742734
82B8E8DF-7B13-41BB-B97F-32DB1D2F5F25,71,99.77022058823529,trunk_a,road_archetype,375,risk_percentile,99.99051074277794,1.963280236721039,2.432643973827362,18,0,4,10740.1,3.588,A Road,A Road,trunk_a,trunk_a,Collapsed Dual Carriageway,A47,False,True,True,True,False,False,Rural,Smaller rural: Nearer to a major town or city,False,False,,1.003348177359512,52.681578841362935,2026-07-04T12:45:06+00:00,data/models/risk_scores.parquet,0.1.0,E01026479,LSOA2021,England,IoD 2025,within,0.0,5,6,6,1,0,0,3.0,0.0,38.64149032058998,1.5274040032160914
0454476B-85D7-48C1-A19E-9A92440C30CA,72,99.76693802521008,trunk_a,road_archetype,380,risk_percentile,99.99038388105038,1.9526862621307373,2.806501340866089,8,0,5,14224.2,1.847,A Road,A Road,trunk_a,trunk_a,Collapsed Dual Carriageway,A1,False,True,True,True,False,False,Rural,Smaller rural: Further from a major town or city,False,False,,-0.6112030912964387,52.77221504096743,2026-07-04T12:45:06+00:00,data/models/risk_scores.parquet,0.1.0,E01026338,LSOA2021,England,IoD 2025,within,0.0,5,7,6,1,0,0,3.0,0.0,198.66396305232516,2.747030517940965
4925DBAB-6623-437A-BBC1-5B8532844A88,73,99.76365546218487,trunk_a,road_archetype,388,risk_percentile,99.99018090228627,1.920261311531067,2.2580212593078612,20,1,2,14249.7,3.205,A Road,A Road,trunk_a,trunk_a,Collapsed Dual Carriageway,A55,False,True,True,True,False,False,Rural,Smaller rural: Nearer to a major town or city,False,False,,-2.942950916478084,53.158889445066926,2026-07-04T12:45:06+00:00,data/models/risk_scores.parquet,0.1.0,E01018335,LSOA2021,England,IoD 2025,within,0.0,7,6,5,1,0,0,3.0,0.0,24.26844782580412,0.37838225876363435
C3897DEE-6B08-4486-9049-260AC97CEF4B,74,99.76037289915966,trunk_a,road_archetype,391,risk_percentile,99.99010478524973,1.9035491228103638,2.260494256019592,18,0,6,13610.8,3.313,A Road,A Road,trunk_a,trunk_a,Collapsed Dual Carriageway,A64,False,True,True,True,False,False,Urban,Urban: Nearer to a major town or city,False,False,,-1.019416917274825,53.97421658868064,2026-07-04T12:45:06+00:00,data/models/risk_scores.parquet,0.1.0,E01013419,LSOA2021,England,IoD 2025,within,0.0,8,7,7,1,0,0,3.0,0.0,106.22215568774948,0.05127164719789202
CEDAA153-1D1C-4B81-B92E-D3DBF2CF8F27,75,99.75709033613445,trunk_a,road_archetype,394,risk_percentile,99.9900286682132,1.8880350828170775,2.64641797542572,26,1,4,15680.8,2.758,A Road,A Road,trunk_a,trunk_a,Collapsed Dual Carriageway,A63,False,True,True,True,False,False,Rural,Larger rural: Nearer to a major town or city,False,False,,-0.4939502018635122,53.725152627489564,2026-07-04T12:45:06+00:00,data/models/risk_scores.parquet,0.1.0,E01013088,LSOA2021,England,IoD 2025,within,0.0,10,10,10,1,0,0,3.0,0.0,403.2992717268997,0.7071851830936625
53DA59B8-E7A0-4E1B-8765-C49AC27DF783,76,99.75380777310924,trunk_a,road_archetype,395,risk_percentile,99.99000329586768,1.8860733270645142,2.5632673263549806,16,1,2,18775.7,1.671,A Road,A Road,trunk_a,trunk_a,Collapsed Dual Carriageway,A1,False,True,True,True,False,False,Urban,Urban: Nearer to a major town or city,False,False,,-0.7786646279811997,53.086572439665524,2026-07-04T12:45:06+00:00,data/models/risk_scores.parquet,0.1.0,E01028304,LSOA2021,England,IoD 2025,within,0.0,3,2,2,1,0,0,3.0,0.0,314.5179167724196,2.5586181327869073
17EF254E-2CE3-4783-9825-8E32B5DF4952,77,99.75052521008404,trunk_a,road_archetype,400,risk_percentile,99.98987643414011,1.8790840983390809,4.0744990587234495,16,1,2,22906.6,2.788,A Road,A Road,trunk_a,trunk_a,Collapsed Dual Carriageway,A64,False,True,True,True,False,False,Rural,Larger rural: Nearer to a major town or city,False,False,,-1.0939765048439936,53.927280230929895,2026-07-04T12:45:06+00:00,data/models/risk_scores.parquet,0.1.0,E01013340,LSOA2021,England,IoD 2025,within,0.0,10,10,10,1,0,0,3.0,0.0,221.8942489613686,0.12286466558913874
E91FF4A7-B01A-46B1-A9DC-2BA14EAB3FDD,78,99.74724264705883,trunk_a,road_archetype,402,risk_percentile,99.98982568944909,1.876432764530182,2.299380624294281,27,0,6,11513.8,2.089,A Road,A Road,trunk_a,trunk_a,Collapsed Dual Carriageway,A1,False,True,True,True,False,False,Rural,Smaller rural: Further from a major town or city,False,False,,-0.7079078241740508,52.96859672435367,2026-07-04T12:45:06+00:00,data/models/risk_scores.parquet,0.1.0,E01026365,LSOA2021,England,IoD 2025,within,0.0,7,9,8,1,0,0,3.0,0.0,66.930239014617,2.768382477576654
467064F3-5F3D-4D4B-BADE-22E42FED6707,79,99.74396008403362,trunk_a,road_archetype,406,risk_percentile,99.98972420006703,1.8659627079963683,2.066925811767578,7,0,1,9792.9,3.487,A Road,A Road,trunk_a,trunk_a,Collapsed Dual Carriageway,A14,False,True,True,True,False,False,Rural,Smaller rural: Nearer to a major town or city,False,False,,-0.04760896918549207,52.28498640801329,2026-07-04T12:45:06+00:00,data/models/risk_scores.parquet,0.1.0,E01018277,LSOA2021,England,IoD 2025,within,0.0,8,9,9,1,0,0,3.0,0.0,22.53896851447161,0.004860084662989386
B98457B7-928C-4A37-9C45-5E1EDD733DF7,80,99.74067752100841,trunk_a,road_archetype,407,risk_percentile,99.98969882772151,1.8621381878852845,4.333683943748474,13,1,4,24651.0,2.092,A Road,A Road,trunk_a,trunk_a,Collapsed Dual Carriageway,A38,False,True,True,True,False,False,Urban,Urban: Nearer to a major town or city,False,False,,-1.491244441768688,52.94066825420305,2026-07-04T12:45:06+00:00,data/models/risk_scores.parquet,0.1.0,E01013529,LSOA2021,England,IoD 2025,within,0.0,6,6,7,1,0,0,3.0,0.0,2368.5939992280623,2.2096784426150924
5571DF35-1F56-4AF8-AEBC-E7E32AAADD85,81,99.7373949579832,trunk_a,road_archetype,409,risk_percentile,99.98964808303049,1.8603854775428772,2.732740616798401,24,0,3,12629.0,3.091,A Road,A Road,trunk_a,trunk_a,Collapsed Dual Carriageway,A5,False,True,True,True,False,False,Rural,Smaller rural: Nearer to a major town or city,False,False,,-2.7807951205196604,52.68399687304199,2026-07-04T12:45:06+00:00,data/models/risk_scores.parquet,0.1.0,E01028955,LSOA2021,England,IoD 2025,within,0.0,4,5,4,1,0,0,3.0,0.0,97.36957871855076,0.08051633707082949
AF104A1F-13C3-44A1-BAAC-0CEFBD5671B1,82,99.73411239495799,trunk_a,road_archetype,414,risk_percentile,99.98952122130292,1.838821578025818,3.8972235202789305,8,1,4,15678.5,2.855,A Road,A Road,trunk_a,trunk_a,Single Carriageway,A616,False,True,True,False,False,False,Urban,Urban: Nearer to a major town or city,False,False,,-1.5975636722427866,53.48746234816151,2026-07-04T12:45:06+00:00,data/models/risk_scores.parquet,0.1.0,E01008144,LSOA2021,England,IoD 2025,within,0.0,6,7,6,1,0,0,3.0,0.0,201.4316586996742,0.37679606488064726
85BEBA2A-B5AB-47BE-A1DD-3B7636ED3073,83,99.73082983193278,trunk_a,road_archetype,418,risk_percentile,99.98941973192088,1.8266165494918822,1.944066572189331,7,1,3,11972.2,1.916,A Road,A Road,trunk_a,trunk_a,Collapsed Dual Carriageway,A1,False,True,True,True,False,False,Urban,Urban: Nearer to a major town or city,False,False,,-0.5464865313385592,52.68239888288387,2026-07-04T12:45:06+00:00,data/models/risk_scores.parquet,0.1.0,E01013805,LSOA2021,England,IoD 2025,within,0.0,7,8,6,1,0,0,3.0,0.0,41.15643398051178,2.869209030089504
3884EC2A-94F7-4F25-9594-A795BE6FD5F5,84,99.72754726890757,trunk_a,road_archetype,419,risk_percentile,99.98939435957536,1.8241111040115356,6.736959218978882,19,0,4,36485.5,0.928,A Road,A Road,trunk_a,trunk_a,Single Carriageway,A47,False,True,True,False,False,False,Urban,Urban: Further from a major town or city,False,False,,1.71556014604588,52.61188947390357,2026-07-04T12:45:06+00:00,data/models/risk_scores.parquet,0.1.0,E01026635,LSOA2021,England,IoD 2025,nearest_fallback,72.13026542413252,1,1,1,1,0,0,3.0,0.0,326.63371548539664,0.5486870332501332
967F1E70-0ECF-45FB-B4FA-B8CC777E09BF,85,99.72426470588235,trunk_a,road_archetype,423,risk_percentile,99.9892928701933,1.8174182534217835,4.020987415313721,10,0,5,23381.3,2.496,A Road,A Road,trunk_a,trunk_a,Collapsed Dual Carriageway,A46,False,True,True,True,False,False,Urban,Urban: Nearer to a major town or city,False,False,,-1.5915867641588362,52.29827402527286,2026-07-04T12:45:06+00:00,data/models/risk_scores.parquet,0.1.0,E01031312,LSOA2021,England,IoD 2025,within,0.0,5,5,4,1,0,0,3.0,0.0,328.6755085648551,0.9442019346658266
39E649AD-D79D-4B9F-8BD1-EFF5661A8E6F,86,99.72098214285714,trunk_a,road_archetype,426,risk_percentile,99.98921675315677,1.813838744163513,3.5169634580612184,0,0,0,17331.7,2.987,A Road,A Road,trunk_a,trunk_a,Collapsed Dual Carriageway,A421,False,True,True,True,False,False,Rural,Smaller rural: Nearer to a major town or city,False,True,sparse collision history,-0.4052043420586331,52.139478972456516,2026-07-04T12:45:06+00:00,data/models/risk_scores.parquet,0.1.0,E01017496,LSOA2021,England,IoD 2025,within,0.0,7,8,7,1,0,0,3.0,0.0,89.16800942403918,0.20709161775301277
3F89BBB5-B2F0-4224-A43D-2F287D0FCEC9,87,99.71769957983193,trunk_a,road_archetype,427,risk_percentile,99.98919138081125,1.810630774497986,2.772593784332275,14,1,4,14548.6,2.558,A Road,A Road,trunk_a,trunk_a,Collapsed Dual Carriageway,A14,False,True,True,True,False,False,Urban,Urban: Nearer to a major town or city,False,False,,1.2719392774959173,52.01592525990171,2026-07-04T12:45:06+00:00,data/models/risk_scores.parquet,0.1.0,E01030197,LSOA2021,England,IoD 2025,within,0.0,9,10,10,1,0,0,3.0,0.0,36.20002895396894,0.04828166907476798
E1268343-BDB9-4776-9FB6-F9182BFC45DB,88,99.71441701680672,trunk_a,road_archetype,431,risk_percentile,99.98908989142919,1.7781200885772706,2.4057687282562257,15,2,0,13450.2,2.843,A Road,A Road,trunk_a,trunk_a,Collapsed Dual Carriageway,A14,False,True,True,True,False,False,Rural,Smaller rural: Nearer to a major town or city,False,False,,1.1001254643985339,52.05143285036254,2026-07-04T12:45:06+00:00,data/models/risk_scores.parquet,0.1.0,E01029879,LSOA2021,England,IoD 2025,within,0.0,7,7,7,1,0,0,3.0,0.0,56.81986579737151,0.12442726351932373
FD3CEE9D-7B79-48EF-8BB5-B5E9AEC099EE,89,99.71113445378151,trunk_a,road_archetype,436,risk_percentile,99.98896302970162,1.7530446529388428,3.145080900192261,0,0,0,15848.1,3.102,A Road,A Road,trunk_a,trunk_a,Collapsed Dual Carriageway,A1,False,True,True,True,False,False,Urban,Urban: Nearer to a major town or city,False,True,sparse collision history,-0.26469197696522134,52.080163670819864,2026-07-04T12:45:06+00:00,data/models/risk_scores.parquet,0.1.0,E01017386,LSOA2021,England,IoD 2025,within,0.0,6,6,6,1,0,0,3.0,0.0,441.69740896810697,0.0006560412258653919
92BD6B32-6B5D-4668-AA4A-87D69FC97529,90,99.7078518907563,trunk_a,road_archetype,438,risk_percentile,99.9889122850106,1.734596049785614,3.8370986223220824,15,2,5,18655.0,3.029,A Road,A Road,trunk_a,trunk_a,Collapsed Dual Carriageway,A1,False,True,True,True,False,False,Urban,Urban: Nearer to a major town or city,False,False,,-0.29520394353075047,52.22238919594311,2026-07-04T12:45:06+00:00,data/models/risk_scores.parquet,0.1.0,E01018180,LSOA2021,England,IoD 2025,within,0.0,3,3,2,1,0,0,3.0,0.0,9672.384284779671,0.021928514879066986
A464D54F-5A79-43DE-A72B-0C3DE00A3EAF,91,99.7045693277311,trunk_a,road_archetype,439,risk_percentile,99.98888691266508,1.7343502283096313,4.8926445007324215,19,0,2,35656.4,0.772,A Road,A Road,trunk_a,trunk_a,Collapsed Dual Carriageway,A19,False,True,True,True,False,False,Urban,Urban: Nearer to a major town or city,False,False,,-1.2705075781838011,54.55582156018868,2026-07-04T12:45:06+00:00,data/models/risk_scores.parquet,0.1.0,E01012011,LSOA2021,England,IoD 2025,within,0.0,1,1,1,1,0,0,3.0,0.0,843.5744521419721,1.793174569626065
C106EA19-1318-44EE-A21A-27AF26C4D59F,92,99.70128676470588,trunk_a,road_archetype,440,risk_percentile,99.98886154031958,1.7340844035148621,3.484586977958679,26,2,8,14632.4,2.913,A Road,A Road,trunk_a,trunk_a,Collapsed Dual Carriageway,A46,False,True,True,True,False,False,Urban,Urban: Nearer to a major town or city,False,False,,-1.5456560154916332,52.344491732780874,2026-07-04T12:45:06+00:00,data/models/risk_scores.parquet,0.1.0,E01031308,LSOA2021,England,IoD 2025,within,0.0,8,10,10,1,0,0,3.0,0.0,33.322126359397835,0.8937956065415003
590931C1-3168-4F59-A6F4-EEAA99498AC6,93,99.69800420168067,trunk_a,road_archetype,445,risk_percentile,99.98873467859201,1.7181416630744935,2.7624392032623293,21,1,3,16368.6,2.94,A Road,A Road,trunk_a,trunk_a,Collapsed Dual Carriageway,A47,False,True,True,True,False,False,Urban,Urban: Nearer to a major town or city,False,False,,1.2994514267821462,52.597525559447895,2026-07-04T12:45:06+00:00,data/models/risk_scores.parquet,0.1.0,E01026937,LSOA2021,England,IoD 2025,within,0.0,8,7,8,1,0,0,3.0,0.0,35.37598854827396,0.05714694260259576
BB802C1F-5527-4D78-8998-E8663B1FDEE2,94,99.69472163865547,trunk_a,road_archetype,446,risk_percentile,99.98870930624649,1.715905523300171,2.0412021398544313,14,0,2,14256.0,2.519,A Road,A Road,trunk_a,trunk_a,Collapsed Dual Carriageway,A1,False,True,True,True,False,False,Rural,Smaller rural: Nearer to a major town or city,False,False,,-0.25171506939742133,52.34762311559788,2026-07-04T12:45:06+00:00,data/models/risk_scores.parquet,0.1.0,E01018113,LSOA2021,England,IoD 2025,within,0.0,9,8,8,1,0,0,3.0,0.0,37.263474739616115,1.5693610256084896
AF8B8868-60B4-4DF8-9F8F-1278E4049FFC,95,99.69143907563026,trunk_a,road_archetype,447,risk_percentile,99.98868393390097,1.7102725744247436,5.146540117263794,0,0,0,26109.2,2.213,A Road,A Road,trunk_a,trunk_a,Collapsed Dual Carriageway,A19,False,True,True,True,False,False,Urban,Urban: Nearer to a major town or city,False,True,sparse collision history,-1.4529747865281533,54.877238455891614,2026-07-04T12:45:06+00:00,data/models/risk_scores.parquet,0.1.0,E01032483,LSOA2021,England,IoD 2025,within,0.0,3,4,3,1,0,0,3.0,0.0,345.5744501724815,0.9088182304972815
15B4F884-810F-4CA9-8239-269FF888450A,96,99.68815651260505,trunk_a,road_archetype,449,risk_percentile,99.98863318920995,1.7090654134750367,3.3014024972915648,7,0,2,17077.6,1.9,A Road,A Road,trunk_a,trunk_a,Collapsed Dual Carriageway,A168,False,True,True,True,False,False,Rural,Smaller rural: Further from a major town or city,False,False,,-1.4103694425056648,54.158526762604104,2026-07-04T12:45:06+00:00,data/models/risk_scores.parquet,0.1.0,E01027737,LSOA2021,England,IoD 2025,within,0.0,7,8,10,1,0,0,3.0,0.0,99.68523726032474,2.1669041139038856
243EFF78-8E03-4436-8517-B75ECD6F78CB,97,99.68487394957984,trunk_a,road_archetype,454,risk_percentile,99.98850632748238,1.6935933113098145,3.0651727437973024,13,1,5,10056.7,2.62,A Road,A Road,trunk_a,trunk_a,Single Carriageway,A47,False,True,True,False,False,False,Rural,Smaller rural: Further from a major town or city,False,False,,0.08857015052530429,52.6233416126413,2026-07-04T12:45:06+00:00,data/models/risk_scores.parquet,0.1.0,E01018068,LSOA2021,England,IoD 2025,within,0.0,2,4,4,1,0,0,3.0,0.0,19.026790563994762,1.0060012239924507
945A3293-8B72-483D-8833-50E178054184,98,99.68159138655463,trunk_a,road_archetype,457,risk_percentile,99.98843021044584,1.6812424898147582,3.943718695640564,30,1,10,10521.5,2.774,A Road,A Road,trunk_a,trunk_a,Single Carriageway,A616,False,True,True,False,False,False,Rural,Smaller rural: Nearer to a major town or city,False,False,,-1.514223611343697,53.4866503191033,2026-07-04T12:45:06+00:00,data/models/risk_scores.parquet,0.1.0,E01007421,LSOA2021,England,IoD 2025,within,0.0,6,8,8,1,0,0,3.5,0.0,22.95216658162688,0.1674831445633535
45E1CE7E-4B4D-43EF-88E1-70D1582B0401,99,99.67830882352942,trunk_a,road_archetype,461,risk_percentile,99.9883287210638,1.675459384918213,1.613529908657074,0,0,0,8768.3,3.551,A Road,A Road,trunk_a,trunk_a,Collapsed Dual Carriageway,A69,False,True,True,True,False,False,Rural,Larger rural: Nearer to a major town or city,False,True,sparse collision history,-1.9931933417764414,54.97858389958852,2026-07-04T12:45:06+00:00,data/models/risk_scores.parquet,0.1.0,E01027481,LSOA2021,England,IoD 2025,within,0.0,7,7,6,1,0,0,3.0,0.0,10.750998397617346,0.6759055644127091
0D41EE0F-ACBE-44DE-8174-E41FD1F959B5,100,99.67502626050421,trunk_a,road_archetype,465,risk_percentile,99.98822723168173,1.6685646533966065,1.6702309608459474,12,0,3,8413.8,3.551,A Road,A Road,trunk_a,trunk_a,Collapsed Dual Carriageway,A47,False,True,True,True,False,False,Rural,Larger rural: Nearer to a major town or city,False,False,,-0.08305234429173651,52.624149525397605,2026-07-04T12:45:06+00:00,data/models/risk_scores.parquet,0.1.0,E01015618,LSOA2021,England,IoD 2025,within,0.0,4,4,4,1,0,0,3.0,0.0,8.018327697438895,0.4571245805531712
D4BB3DD4-0E97-4836-A859-49562A809C14,1,100.0,urban_a_road,road_archetype,233,risk_percentile,99.99411361584087,2.9321962118148805,3.722850131988525,15,1,3,23341.0,3.178,A Road,A Road,other_urban,urban_a_road,Collapsed Dual Carriageway,A617,False,False,True,True,False,False,Urban,Urban: Nearer to a major town or city,False,False,,-1.4017140364579426,53.2212724934346,2026-07-04T12:45:06+00:00,data/models/risk_scores.parquet,0.1.0,E01019547,LSOA2021,England,IoD 2025,within,0.0,2,2,1,1,0,0,3.0,0.0,1514.9605995502236,1.5670579046076019
8052BE32-C298-4EBE-9DDB-BFA080ED1AE0,2,99.99942658577703,urban_a_road,road_archetype,310,risk_percentile,99.99215994523632,2.2504968643188477,3.3925841808319093,18,2,5,21336.2,3.731,A Road,A Road,other_urban,urban_a_road,Collapsed Dual Carriageway,A435,False,False,True,True,False,False,Urban,Urban: Nearer to a major town or city,False,False,,-1.8927155820092798,52.389398663507365,2026-07-04T12:45:06+00:00,data/models/risk_scores.parquet,0.1.0,E01032134,LSOA2021,England,IoD 2025,within,0.0,8,8,7,1,0,0,3.0,0.0,217.9219128802535,0.05813920735873074
9B7133A4-1631-43EE-8CC6-6A33EC90CE9D,3,99.99885317155407,urban_a_road,road_archetype,344,risk_percentile,99.99129728548887,2.1075597643852233,2.6702620506286623,22,1,7,12903.5,3.847,A Road,A Road,other_urban,urban_a_road,Collapsed Dual Carriageway,A629,False,False,True,True,False,False,Urban,Urban: Nearer to a major town or city,False,False,,-1.9242035706073792,53.88938666551521,2026-07-04T12:45:06+00:00,data/models/risk_scores.parquet,0.1.0,E01010643,LSOA2021,England,IoD 2025,within,0.0,6,8,7,1,0,0,3.0,0.0,37.448690623964374,1.9232510380743364
A0EF54FA-237C-4490-A04A-68A179CA4F6F,4,99.9982797573311,urban_a_road,road_archetype,365,risk_percentile,99.99076446623309,2.0177549481391908,1.766585147380829,6,0,4,14058.0,1.906,A Road,A Road,other_urban,urban_a_road,Collapsed Dual Carriageway,A41,False,False,True,True,False,False,Urban,Urban: Nearer to a major town or city,False,False,,-3.00113504202549,53.36974999266055,2026-07-04T12:45:06+00:00,data/models/risk_scores.parquet,0.1.0,E01007290,LSOA2021,England,IoD 2025,within,0.0,1,1,1,1,0,0,2.5,0.0,3315.9880815466267,4.3875278674990184e-05
0C94874C-B9CE-42E2-B3D5-DFF1BD0E6358,5,99.99770634310813,urban_a_road,road_archetype,368,risk_percentile,99.99068834919655,2.004256285727024,2.319601023197174,24,1,3,17700.2,5.522,A Road,A Road,other_urban,urban_a_road,Collapsed Dual Carriageway,A61,False,False,True,True,False,False,Urban,Urban: Nearer to a major town or city,False,False,,-1.4723607199410345,53.29138924517539,2026-07-04T12:45:06+00:00,data/models/risk_scores.parquet,0.1.0,E01019785,LSOA2021,England,IoD 2025,within,0.0,10,10,10,1,0,0,3.0,0.0,1707.744424223683,1.5513542299102028
C599344D-4260-4D18-85E4-E5DEB1702789,6,99.99713292888516,urban_a_road,road_archetype,378,risk_percentile,99.99043462574141,1.9543923377990722,4.725675058364868,12,1,6,23901.2,2.317,A Road,A Road,other_urban,urban_a_road,Single Carriageway,A57,False,False,True,False,False,False,Urban,Urban: Nearer to a major town or city,False,False,,-1.3739440978422763,53.350973869182994,2026-07-04T12:45:06+00:00,data/models/risk_scores.parquet,0.1.0,E01033279,LSOA2021,England,IoD 2025,within,0.0,2,2,2,1,0,0,3.0,0.0,1191.4884792481398,0.029381318933447014
6A3D2D1E-D14A-4D89-B29D-1D4D615A5080,7,99.9965595146622,urban_a_road,road_archetype,385,risk_percentile,99.99025701932281,1.9272698402404784,4.373437762260437,2,0,0,25685.1,2.639,A Road,A Road,other_urban,urban_a_road,Collapsed Dual Carriageway,A59,False,False,True,True,False,False,Urban,Urban: Nearer to a major town or city,False,False,,-3.00631063062156,53.41355453783522,2026-07-04T12:45:06+00:00,data/models/risk_scores.parquet,0.1.0,E01033751,LSOA2021,England,IoD 2025,nearest_fallback,198.5906293952372,3,6,7,1,0,0,2.0,0.0,4471.60209359291,0.18712982631514644
F097AA80-1A73-4DF5-8004-3AE2AE8CC16D,8,99.99598610043924,urban_a_road,road_archetype,398,risk_percentile,99.98992717883114,1.88170086145401,2.2630502820014953,17,1,3,14414.3,3.609,A Road,A Road,other_urban,urban_a_road,Collapsed Dual Carriageway,A500,False,False,True,True,False,False,Urban,Urban: Nearer to a major town or city,False,False,,-2.4633710369692428,53.06541959563502,2026-07-04T12:45:06+00:00,data/models/risk_scores.parquet,0.1.0,E01018505,LSOA2021,England,IoD 2025,within,0.0,10,10,10,1,0,0,3.0,0.0,370.57547840591906,0.08761590173701722
A7516B09-B4F0-4906-947F-2ED4B3CF0821,9,99.99541268621627,urban_a_road,road_archetype,405,risk_percentile,99.98974957241255,1.8695550441741944,1.4270815968513488,18,3,5,8876.9,4.445,A Road,A Road,other_urban,urban_a_road,Collapsed Dual Carriageway,A15,False,False,True,True,False,False,Urban,Urban: Nearer to a major town or city,False,False,,-0.45037420097611547,53.65721597099781,2026-07-04T12:45:06+00:00,data/models/risk_scores.parquet,0.1.0,E01013257,LSOA2021,England,IoD 2025,within,0.0,9,9,9,1,0,0,3.0,0.0,14.412930745192428,1.4448035076323407
F97064ED-C237-4D44-BAF3-9F3175BB3508,10,99.99483927199331,urban_a_road,road_archetype,422,risk_percentile,99.98931824253881,1.8185470938682555,3.9849226474761963,12,0,6,17701.6,2.964,A Road,A Road,other_urban,urban_a_road,Single Carriageway,A6,False,False,True,False,False,False,Urban,Urban: Further from a major town or city,False,False,,-0.836119325898459,52.435483791078454,2026-07-04T12:45:06+00:00,data/models/risk_scores.parquet,0.1.0,E01027094,LSOA2021,England,IoD 2025,within,0.0,8,8,7,1,0,0,3.5,0.0,1008.045506657176,0.13767673614707668
DA9D6C85-144F-4378-9982-7515E9011AF0,11,99.99426585777033,urban_a_road,road_archetype,430,risk_percentile,99.9891152637747,1.7968692541122437,3.197241473197937,20,0,7,19368.5,2.447,A Road,A Road,other_urban,urban_a_road,Single Carriageway,A57,False,False,True,False,False,False,Urban,Urban: Nearer to a major town or city,False,False,,-1.3948973724732197,53.36580099109391,2026-07-04T12:45:06+00:00,data/models/risk_scores.parquet,0.1.0,E01007967,LSOA2021,England,IoD 2025,within,0.0,2,2,2,1,0,0,2.5,0.0,3740.0709802526976,0.008385911443576328
FA770BC1-CE7C-4D1A-80A5-569EF9682F6D,12,99.99369244354736,urban_a_road,road_archetype,437,risk_percentile,99.98893765735612,1.7376864790916442,2.9105647563934327,15,0,2,22999.1,1.608,A Road,A Road,other_urban,urban_a_road,Collapsed Dual Carriageway,A61,False,False,True,True,False,False,Urban,Urban: Nearer to a major town or city,False,False,,-1.4226506037676117,53.24307851734242,2026-07-04T12:45:06+00:00,data/models/risk_scores.parquet,0.1.0,E01019579,LSOA2021,England,IoD 2025,within,0.0,3,2,3,1,0,0,3.0,0.0,1966.0722134938637,1.4147762023212405
F84D2430-9A16-45CC-B254-9D82675EDE56,13,99.9931190293244,urban_a_road,road_archetype,483,risk_percentile,99.9877705294625,1.6052859663963317,2.699179172515869,8,1,2,17486.7,2.628,A Road,A Road,other_urban,urban_a_road,Single Carriageway,A6182,False,False,True,False,False,False,Urban,Urban: Nearer to a major town or city,False,False,,-1.0753749008790066,53.48641179322324,2026-07-04T12:45:06+00:00,data/models/risk_scores.parquet,0.1.0,E01007598,LSOA2021,England,IoD 2025,within,0.0,6,7,4,1,0,0,2.5,0.0,1044.7593702926426,0.016333621245952223
EF03704D-45ED-4992-9FAC-DD50B81DFABD,14,99.99254561510143,urban_a_road,road_archetype,488,risk_percentile,99.98764366773493,1.5935813188552856,1.878057599067688,7,0,2,16841.2,3.162,A Road,A Road,other_urban,urban_a_road,Collapsed Dual Carriageway,A448,False,False,True,True,False,False,Urban,Urban: Nearer to a major town or city,False,False,,-2.0186227763301714,52.32744861571117,2026-07-04T12:45:06+00:00,data/models/risk_scores.parquet,0.1.0,E01033243,LSOA2021,England,IoD 2025,within,0.0,10,9,10,1,0,0,2.5,0.0,381.26492740925437,0.2794467408752768
7E67F595-0DA0-491F-A17C-2496A75EF427,15,99.99197220087846,urban_a_road,road_archetype,494,risk_percentile,99.98749143366184,1.576214361190796,1.9093225836753844,32,1,6,11023.7,3.517,A Road,A Road,other_urban,urban_a_road,Collapsed Dual Carriageway,A5300,False,False,True,True,False,False,Urban,Urban: Nearer to a major town or city,False,False,,-2.795873127645798,53.377022465373955,2026-07-04T12:45:06+00:00,data/models/risk_scores.parquet,0.1.0,E01006420,LSOA2021,England,IoD 2025,within,0.0,8,9,8,1,0,0,3.0,0.0,44.728848977044706,0.0072809466659885585
1E94A964-F6DA-4F30-B943-02A96A0EC80A,16,99.99139878665551,urban_a_road,road_archetype,523,risk_percentile,99.98675563564196,1.5006497859954835,7.14266004562378,0,0,0,45609.2,0.517,A Road,A Road,other_urban,urban_a_road,Single Carriageway,A167,False,False,True,False,False,False,Urban,Urban: Nearer to a major town or city,False,True,sparse collision history,-1.605875568886422,54.96779360321458,2026-07-04T12:45:06+00:00,data/models/risk_scores.parquet,0.1.0,E01008166,LSOA2021,England,IoD 2025,nearest_fallback,36.523220988085164,3,5,4,1,0,0,3.0,0.0,1275.934488679652,2.1697035144956844
DF425497-A7D5-4C9C-8FEF-B778B91AEA96,17,99.99082537243254,urban_a_road,road_archetype,533,risk_percentile,99.98650191218682,1.4852702617645264,3.29181022644043,19,0,3,27485.8,1.201,A Road,A Road,other_urban,urban_a_road,Single Carriageway,A557,False,False,False,False,False,False,Urban,Urban: Nearer to a major town or city,False,False,,-2.7379228676206093,53.34474176688055,2026-07-04T12:45:06+00:00,data/models/risk_scores.parquet,0.1.0,E01012430,LSOA2021,England,IoD 2025,within,0.0,1,1,1,1,0,0,2.5,0.0,1581.4221529378322,0.9600600247966253
1C5FCE8A-EB04-48CF-A2C7-79E66C780A0F,18,99.99025195820957,urban_a_road,road_archetype,536,risk_percentile,99.98642579515028,1.484329628944397,2.324690043926239,37,1,3,13116.1,2.615,A Road,A Road,other_urban,urban_a_road,Collapsed Dual Carriageway,A46,False,False,True,True,False,False,Urban,Urban: Nearer to a major town or city,False,False,,-0.555763763915108,53.250846240607416,2026-07-04T12:45:06+00:00,data/models/risk_scores.parquet,0.1.0,E01026147,LSOA2021,England,IoD 2025,within,0.0,7,9,7,1,0,0,3.0,0.0,1387.7975249018875,0.7531912960438176
5F20299F-02A0-4876-9AD9-F1785BCDD313,19,99.9896785439866,urban_a_road,road_archetype,537,risk_percentile,99.98640042280476,1.4805791854858399,4.041476225852966,9,1,3,22797.3,1.786,A Road,A Road,other_urban,urban_a_road,Single Carriageway,A617,False,False,True,False,False,False,Urban,Urban: Nearer to a major town or city,False,False,,-1.155456760761521,53.121422473699525,2026-07-04T12:45:06+00:00,data/models/risk_scores.parquet,0.1.0,E01028256,LSOA2021,England,IoD 2025,within,0.0,1,1,1,1,0,0,3.0,0.0,180.64871632772523,0.19615568422511695
BCEE425C-6237-420D-880E-DE96F6B08DB1,20,99.98910512976363,urban_a_road,road_archetype,554,risk_percentile,99.98596909293104,1.4258251905441284,2.2754057884216308,0,0,0,16271.0,2.368,A Road,A Road,other_urban,urban_a_road,Collapsed Dual Carriageway,A421,False,False,True,True,False,False,Urban,Urban: Nearer to a major town or city,False,True,sparse collision history,-0.6340059659529743,52.033711960520066,2026-07-04T12:45:06+00:00,data/models/risk_scores.parquet,0.1.0,E01017379,LSOA2021,England,IoD 2025,within,0.0,6,6,6,1,0,0,3.0,0.0,93.22119973044181,0.16367711096961107
D397754C-7F32-4E14-B673-90A14385362B,21,99.98853171554067,urban_a_road,road_archetype,566,risk_percentile,99.98566462478487,1.4012152791023254,3.94583420753479,22,1,3,23200.3,1.498,A Road,A Road,other_urban,urban_a_road,Collapsed Dual Carriageway,A563,False,False,True,True,False,False,Urban,Urban: Nearer to a major town or city,False,False,,-1.1694163763426644,52.59574111731645,2026-07-04T12:45:06+00:00,data/models/risk_scores.parquet,0.1.0,E01013611,LSOA2021,England,IoD 2025,within,0.0,3,5,4,1,0,0,3.0,0.0,1289.23138254866,1.1498709655625015
9A4555B7-BEBF-43EE-A31F-E121965F065D,22,99.9879583013177,urban_a_road,road_archetype,570,risk_percentile,99.98556313540283,1.3943275809288025,3.6952491760253907,6,0,0,26390.1,1.041,A Road,A Road,other_urban,urban_a_road,Collapsed Dual Carriageway,A444,False,False,True,True,False,False,Urban,Urban: Nearer to a major town or city,False,False,,-1.4874751407446856,52.412547976837125,2026-07-04T12:45:06+00:00,data/models/risk_scores.parquet,0.1.0,E01009659,LSOA2021,England,IoD 2025,within,0.0,1,1,1,1,0,0,3.0,0.0,11740.072690302908,1.3407710562108965
9E3C3813-3EE7-4EB5-968D-4C102F5575ED,23,99.98738488709475,urban_a_road,road_archetype,590,risk_percentile,99.98505568849255,1.3553442478179931,3.890876865386963,0,0,0,29967.4,1.773,A Road,A Road,other_urban,urban_a_road,Collapsed Dual Carriageway,A189,False,False,False,True,False,False,Urban,Urban: Nearer to a major town or city,False,True,sparse collision history,-1.5860725050813005,55.04783724910114,2026-07-04T12:45:06+00:00,data/models/risk_scores.parquet,0.1.0,E01008476,LSOA2021,England,IoD 2025,within,0.0,3,3,3,1,0,0,3.0,0.0,667.2509288532798,0.9378357625657393
AB795C13-CE00-4818-B8AA-DC0AE0E9B3A6,24,99.98681147287178,urban_a_road,road_archetype,611,risk_percentile,99.98452286923677,1.3293493151664735,3.172914743423462,2,0,1,20657.5,1.832,A Road,A Road,other_urban,urban_a_road,Collapsed Dual Carriageway,A59,False,False,True,True,False,False,Urban,Urban: Nearer to a major town or city,False,False,,-3.0470742281792975,53.41099181728519,2026-07-04T12:45:06+00:00,data/models/risk_scores.parquet,0.1.0,E01007270,LSOA2021,England,IoD 2025,within,0.0,1,1,1,1,0,0,3.0,0.0,3711.6251009989173,0.07672416442910096
E98F54A8-6224-4329-8D69-CD412635CCC0,25,99.98623805864881,urban_a_road,road_archetype,620,risk_percentile,99.98429451812714,1.3198341727256775,2.336001479625702,0,0,0,18518.5,2.467,A Road,A Road,other_urban,urban_a_road,Collapsed Dual Carriageway,A6,False,False,True,True,False,False,Urban,Urban: Nearer to a major town or city,False,True,sparse collision history,-0.4985138192378021,52.15583374574614,2026-07-04T12:45:06+00:00,data/models/risk_scores.parquet,0.1.0,E01017460,LSOA2021,England,IoD 2025,within,0.0,10,9,10,1,0,0,3.0,0.0,113.15832839921052,1.1392539887168973
9A265BD7-39F5-411B-BFF8-71CB12F180EF,26,99.98566464442584,urban_a_road,road_archetype,622,risk_percentile,99.98424377343612,1.315088403224945,2.3035832047462463,8,0,2,16270.8,1.681,A Road,A Road,other_urban,urban_a_road,Single Carriageway,A17,False,False,True,False,False,False,Urban,Urban: Nearer to a major town or city,False,False,,-0.767959151259818,53.091834239571845,2026-07-04T12:45:06+00:00,data/models/risk_scores.parquet,0.1.0,E01028353,LSOA2021,England,IoD 2025,within,0.0,8,8,7,1,0,0,3.0,0.0,632.5588036766305,1.8128299104318644
4FA4224A-5E9D-4E66-8A70-75CA7282988C,27,99.98509123020287,urban_a_road,road_archetype,624,risk_percentile,99.9841930287451,1.3085862040519713,2.1008911967277526,2,0,0,15375.1,0.191,A Road,A Road,other_urban,urban_a_road,Single Carriageway,A6177,False,False,True,False,False,False,Urban,Urban: Nearer to a major town or city,False,False,,-1.780957355700992,53.79012429925488,2026-07-04T12:45:06+00:00,data/models/risk_scores.parquet,0.1.0,E01010837,LSOA2021,England,IoD 2025,within,0.0,1,1,2,1,0,0,3.5,0.0,9094.245612983555,1.5069995026295124
2F0A28D7-5621-4A76-A651-907F9CF3CE98,28,99.98451781597991,urban_a_road,road_archetype,631,risk_percentile,99.9840154223265,1.2971343755722047,2.855599069595337,9,0,1,19479.7,2.023,A Road,A Road,other_urban,urban_a_road,Collapsed Dual Carriageway,A650,False,False,True,True,False,False,Urban,Urban: Nearer to a major town or city,False,False,,-1.8452714082999417,53.857501436402856,2026-07-04T12:45:06+00:00,data/models/risk_scores.parquet,0.1.0,E01010578,LSOA2021,England,IoD 2025,within,0.0,6,8,8,1,0,0,2.5,0.0,716.7063344044459,1.92457097345651
2865B6B0-BC86-4132-A6F3-42AA57A624E5,29,99.98394440175694,urban_a_road,road_archetype,641,risk_percentile,99.98376169887136,1.2831559792160987,3.409990644454956,21,0,2,22836.1,0.819,A Road,A Road,other_urban,urban_a_road,Collapsed Dual Carriageway,A34,False,False,True,True,False,False,Urban,Urban: Nearer to a major town or city,False,False,,-1.9033609168095582,52.52429071190046,2026-07-04T12:45:06+00:00,data/models/risk_scores.parquet,0.1.0,E01009239,LSOA2021,England,IoD 2025,within,0.0,1,1,1,1,0,0,3.5,0.0,3209.0371854122395,1.4035471555741403
F640AC3D-7C29-426E-A642-62E757B3D36B,30,99.98337098753397,urban_a_road,road_archetype,651,risk_percentile,99.98350797541623,1.271000874042511,2.489857494831085,7,1,1,13596.3,1.974,A Road,A Road,other_urban,urban_a_road,Single Carriageway,A134,False,False,True,False,False,False,Urban,Urban: Further from a major town or city,False,False,,0.7345487647084542,52.44073546789258,2026-07-04T12:45:06+00:00,data/models/risk_scores.parquet,0.1.0,E01026467,LSOA2021,England,IoD 2025,within,0.0,1,1,1,1,0,0,3.0,0.0,63.7965507129247,0.8608486411148009
3118EBAF-AC08-4B26-9329-81AA4D24CEC6,31,99.98279757331102,urban_a_road,road_archetype,657,risk_percentile,99.98335574134315,1.2642733931541443,1.4440032362937927,6,0,0,9357.6,3.176,A Road,A Road,other_urban,urban_a_road,Collapsed Dual Carriageway,A38,False,False,True,True,False,False,Urban,Urban: Nearer to a major town or city,False,False,,-1.774980030446187,52.55073337095368,2026-07-04T12:45:06+00:00,data/models/risk_scores.parquet,0.1.0,E01009450,LSOA2021,England,IoD 2025,within,0.0,8,8,8,1,0,0,3.0,0.0,47.13394735056774,0.008911556124071053
AE015B8B-90D9-4FF7-8522-1DBE884AC6F4,32,99.98222415908803,urban_a_road,road_archetype,659,risk_percentile,99.98330499665212,1.2609463334083557,2.2137632250785826,7,1,2,13850.9,2.479,A Road,A Road,other_urban,urban_a_road,Single Carriageway,A49,False,False,True,False,False,False,Urban,Urban: Nearer to a major town or city,False,False,,-2.704709126007695,52.717184240254284,2026-07-04T12:45:06+00:00,data/models/risk_scores.parquet,0.1.0,E01028966,LSOA2021,England,IoD 2025,within,0.0,9,9,7,1,0,0,3.0,0.0,657.4027931610826,0.39181059330463375
5D84D75C-9573-4C30-93D3-80169BE4CB0F,33,99.98165074486508,urban_a_road,road_archetype,662,risk_percentile,99.98322887961558,1.2603430271148681,3.9097436666488647,4,0,1,24371.8,1.278,A Road,A Road,other_urban,urban_a_road,Single Carriageway,A167,False,False,True,False,False,False,Urban,Urban: Nearer to a major town or city,False,False,,-1.5635032741694392,54.698521253368824,2026-07-04T12:45:06+00:00,data/models/risk_scores.parquet,0.1.0,E01020820,LSOA2021,England,IoD 2025,within,0.0,2,2,2,1,0,0,3.0,0.0,427.17270982489964,2.376695994504067
A03FEBB9-0417-488C-B0EB-E09CE15BCF53,34,99.98107733064211,urban_a_road,road_archetype,672,risk_percentile,99.98297515616045,1.246389055252075,2.8146930932998657,5,0,3,21714.2,0.22,A Road,A Road,other_urban,urban_a_road,Single Carriageway,A6177,False,False,True,False,False,False,Urban,Urban: Nearer to a major town or city,False,False,,-1.7294125010125279,53.80759159318633,2026-07-04T12:45:06+00:00,data/models/risk_scores.parquet,0.1.0,E01010828,LSOA2021,England,IoD 2025,within,0.0,1,1,1,1,0,0,3.5,0.0,5235.1689031926435,1.2063065457552735
4C139C0C-FC1D-4713-BE8C-FAE16A3413F2,35,99.98050391641914,urban_a_road,road_archetype,677,risk_percentile,99.98284829443288,1.2407191872596741,2.392470967769623,12,0,0,18914.2,1.735,A Road,A Road,other_urban,urban_a_road,Collapsed Dual Carriageway,A1307,False,False,False,True,False,False,Urban,Urban: Nearer to a major town or city,False,False,,-0.17368810022993347,52.324006924980274,2026-07-04T12:45:06+00:00,data/models/risk_scores.parquet,0.1.0,E01034439,LSOA2021,England,IoD 2025,within,0.0,7,8,7,1,0,0,3.0,0.0,1825.5672474371258,1.912577959170096
611BA2D7-DD4D-4297-9F9E-BD0707467CEF,36,99.97993050219618,urban_a_road,road_archetype,694,risk_percentile,99.98241696455915,1.2221511006355286,3.3645369529724123,1,0,0,18111.4,0.18,A Road,A Road,other_urban,urban_a_road,Dual Carriageway,A4600,False,False,True,True,False,False,Urban,Urban: Nearer to a major town or city,False,True,sparse collision history,-1.5019563408860817,52.405500313565476,2026-07-04T12:45:06+00:00,data/models/risk_scores.parquet,0.1.0,E01034744,LSOA2021,England,IoD 2025,within,0.0,3,6,7,1,0,0,3.5,0.0,8781.33286693271,0.20257340194725965
9F511B61-149C-4C21-AB03-BF15D0DCF4C0,37,99.97935708797321,urban_a_road,road_archetype,695,risk_percentile,99.98239159221363,1.221347415447235,4.870003890991211,7,0,3,18104.1,0.162,A Road,A Road,other_urban,urban_a_road,Single Carriageway,A6010,False,False,True,False,False,False,Urban,Urban: Nearer to a major town or city,False,False,,-2.2197061652775627,53.442690634435685,2026-07-04T12:45:06+00:00,data/models/risk_scores.parquet,0.1.0,E01005185,LSOA2021,England,IoD 2025,within,0.0,4,10,10,1,0,0,3.5,0.0,7104.493101112028,1.4497015318191342
64D3C4EC-94C7-4615-A206-252EC86E04E1,38,99.97878367375024,urban_a_road,road_archetype,706,risk_percentile,99.982112496413,1.2080543279647826,2.694481921195984,4,0,1,14997.2,2.363,A Road,A Road,other_urban,urban_a_road,Single Carriageway,A1033,False,False,False,False,False,False,Urban,Urban: Nearer to a major town or city,False,False,,-0.2039040387577551,53.73354526617513,2026-07-04T12:45:06+00:00,data/models/risk_scores.parquet,0.1.0,E01013099,LSOA2021,England,IoD 2025,within,0.0,3,3,3,1,0,0,3.0,0.0,1888.0074036743465,0.08457955579354
B02E0A4A-13A1-4578-AFAE-6F502FDCF95F,39,99.97821025952727,urban_a_road,road_archetype,707,risk_percentile,99.98208712406748,1.2079976201057434,3.2295714616775513,0,0,0,28583.1,0.747,A Road,A Road,other_urban,urban_a_road,Collapsed Dual Carriageway,A6,False,False,True,True,False,False,Urban,Urban: Nearer to a major town or city,False,True,sparse collision history,-2.30142441103199,53.49755449605532,2026-07-04T12:45:06+00:00,data/models/risk_scores.parquet,0.1.0,E01005680,LSOA2021,England,IoD 2025,within,0.0,1,1,1,1,0,0,3.0,0.0,589.4693876795571,1.7980906957496265
9E04F1C8-5CE0-49A5-983F-4C7FD9F2852E,40,99.9776368453043,urban_a_road,road_archetype,716,risk_percentile,99.98185877295785,1.2018593788146972,2.7464442253112793,5,0,1,26361.5,1.278,A Road,A Road,other_urban,urban_a_road,Collapsed Dual Carriageway,A66,False,False,True,True,False,False,Urban,Urban: Nearer to a major town or city,False,False,,-1.1939517336999175,54.57819370596799,2026-07-04T12:45:06+00:00,data/models/risk_scores.parquet,0.1.0,E01033470,LSOA2021,England,IoD 2025,within,0.0,1,1,1,1,0,0,2.5,0.0,404.0588268674468,0.08696975436089355
2FBF474B-2ADB-4625-B5A9-B10502EA9032,41,99.97706343108135,urban_a_road,road_archetype,719,risk_percentile,99.98178265592131,1.2000252604484558,2.156305766105652,13,0,3,17378.9,2.25,A Road,A Road,other_urban,urban_a_road,Collapsed Dual Carriageway,A638,False,False,True,True,False,False,Urban,Urban: Nearer to a major town or city,False,False,,-1.5774019030661612,53.690361240419705,2026-07-04T12:45:06+00:00,data/models/risk_scores.parquet,0.1.0,E01011825,LSOA2021,England,IoD 2025,within,0.0,8,7,7,1,0,0,3.0,0.0,702.2016405877737,0.04995933027293958
CE3A098F-3C4E-4A77-82C9-6C6029DE3BF4,42,99.97649001685838,urban_a_road,road_archetype,720,risk_percentile,99.9817572835758,1.1991253614425659,3.1146054744720457,4,0,3,19971.8,1.691,A Road,A Road,other_urban,urban_a_road,Single Carriageway,A1185,False,False,False,False,False,False,Urban,Urban: Nearer to a major town or city,False,False,,-1.2716485010767977,54.62505923216521,2026-07-04T12:45:06+00:00,data/models/risk_scores.parquet,0.1.0,E01012245,LSOA2021,England,IoD 2025,within,0.0,1,1,1,1,0,0,3.0,0.0,2045.8423528797525,0.0031021402275842277
F8EC23EB-4DF6-44F5-898C-7E3AE0E0BEAF,43,99.97591660263541,urban_a_road,road_archetype,722,risk_percentile,99.98170653888478,1.1977259516716003,1.1297393798828126,3,1,1,6968.1,3.208,A Road,A Road,other_urban,urban_a_road,Single Carriageway,A6024,False,False,False,False,False,False,Urban,Urban: Nearer to a major town or city,False,False,,-1.8533382191427388,53.51723973301539,2026-07-04T12:45:06+00:00,data/models/risk_scores.parquet,0.1.0,E01019763,LSOA2021,England,IoD 2025,within,0.0,5,6,5,1,0,0,2.5,0.0,8.185078162160417,1.480295229930071
B256433B-64BA-4CA2-95C9-2B9F2B8011BA,44,99.97534318841245,urban_a_road,road_archetype,732,risk_percentile,99.98145281542963,1.18710418343544,3.1557172536849976,10,0,3,27064.7,0.64,A Road,A Road,other_urban,urban_a_road,Collapsed Dual Carriageway,A34,False,False,True,True,False,False,Urban,Urban: Nearer to a major town or city,False,False,,-1.9030510062046304,52.5087270113552,2026-07-04T12:45:06+00:00,data/models/risk_scores.parquet,0.1.0,E01034918,LSOA2021,England,IoD 2025,within,0.0,1,1,1,1,0,0,3.0,0.0,7610.492436175972,1.4062190600922557
AA03591F-5E24-4ACB-8B11-136AE0F14ECC,45,99.97476977418948,urban_a_road,road_archetype,734,risk_percentile,99.98140207073861,1.1848996818065642,5.350683641433716,8,0,0,18388.2,0.202,A Road,A Road,other_urban,urban_a_road,Single Carriageway,A594,False,False,False,False,False,False,Urban,Urban: Nearer to a major town or city,False,False,,-1.135782101867103,52.62981368477284,2026-07-04T12:45:06+00:00,data/models/risk_scores.parquet,0.1.0,E01032868,LSOA2021,England,IoD 2025,within,0.0,4,10,10,1,0,0,3.5,0.0,15553.842889324083,0.3219792048779403
CB13F5E3-464E-4882-8621-AA56A9CE6636,46,99.97419635996651,urban_a_road,road_archetype,747,risk_percentile,99.98107223024694,1.1710622966289521,3.81162269115448,18,1,4,21710.3,0.381,A Road,A Road,other_urban,urban_a_road,Single Carriageway,A441,False,False,True,False,False,False,Urban,Urban: Nearer to a major town or city,False,False,,-1.9004154558254855,52.463437512873604,2026-07-04T12:45:06+00:00,data/models/risk_scores.parquet,0.1.0,E01008996,LSOA2021,England,IoD 2025,within,0.0,2,1,2,1,0,0,4.0,0.0,6239.350038765973,0.1669348817481321
D446555C-4C6B-4176-80D1-E7CEB473759C,47,99.97362294574354,urban_a_road,road_archetype,753,risk_percentile,99.98091999617384,1.164180338382721,2.82910840511322,7,0,2,18707.8,1.883,A Road,A Road,other_urban,urban_a_road,Single Carriageway,A629,False,False,True,False,False,False,Urban,Urban: Further from a major town or city,False,False,,-2.02186939978172,53.94500248728577,2026-07-04T12:45:06+00:00,data/models/risk_scores.parquet,0.1.0,E01027582,LSOA2021,England,IoD 2025,within,0.0,6,5,6,1,0,0,3.0,0.0,555.0057783491736,1.9175821702900937
8C4AAA74-2A17-443B-B493-4191E49C0675,48,99.97304953152057,urban_a_road,road_archetype,756,risk_percentile,99.98084387913731,1.1620764017105103,3.5254048824310305,0,0,0,25501.5,1.694,A Road,A Road,other_urban,urban_a_road,Collapsed Dual Carriageway,A189,False,False,True,True,False,False,Urban,Urban: Nearer to a major town or city,False,True,sparse collision history,-1.56708498823329,55.08882166408587,2026-07-04T12:45:06+00:00,data/models/risk_scores.parquet,0.1.0,E01027396,LSOA2021,England,IoD 2025,within,0.0,3,3,2,1,0,0,3.0,0.0,4728.890002358306,1.005131505132015
DA5F8D9D-5E2D-4789-8A3B-BE8C00B29A29,49,99.97247611729762,urban_a_road,road_archetype,760,risk_percentile,99.98074238975525,1.1561100959777832,2.9271044015884398,13,1,2,19149.8,1.859,A Road,A Road,other_urban,urban_a_road,Collapsed Dual Carriageway,A610,False,False,True,True,False,False,Urban,Urban: Nearer to a major town or city,False,False,,-1.2595299085459193,52.99505475055249,2026-07-04T12:45:06+00:00,data/models/risk_scores.parquet,0.1.0,E01028106,LSOA2021,England,IoD 2025,within,0.0,6,7,6,1,0,0,3.0,0.0,2029.3229560695029,0.26173890920305853
F8FE4127-9B46-40A8-B2B3-1891DA73B735,50,99.97190270307465,urban_a_road,road_archetype,761,risk_percentile,99.98071701740973,1.1560436248779298,2.9153568983078,1,0,1,26266.2,0.657,A Road,A Road,other_urban,urban_a_road,Collapsed Dual Carriageway,A6,False,False,True,True,False,False,Urban,Urban: Nearer to a major town or city,False,True,sparse collision history,-2.2860761544308477,53.4914324599659,2026-07-04T12:45:06+00:00,data/models/risk_scores.parquet,0.1.0,E01005680,LSOA2021,England,IoD 2025,within,0.0,1,1,1,1,0,0,3.0,0.0,2501.598692647265,1.7915882755350743
68629CAD-2692-4627-95BA-EB5CB184F630,51,99.97132928885168,urban_a_road,road_archetype,768,risk_percentile,99.98053941099114,1.15036381483078,2.252132296562195,0,0,0,18944.8,2.085,A Road,A Road,other_urban,urban_a_road,Collapsed Dual Carriageway,A555,False,False,True,True,False,False,Urban,Urban: Nearer to a major town or city,False,True,sparse collision history,-2.1374464166430047,53.356366620526266,2026-07-04T12:45:06+00:00,data/models/risk_scores.parquet,0.1.0,E01018665,LSOA2021,England,IoD 2025,within,0.0,9,8,8,1,0,0,3.0,0.0,875.8635452670127,0.4350152088002286
7F1C5E14-5245-4BE8-A59B-C7A58FEDE49D,52,99.97075587462871,urban_a_road,road_archetype,770,risk_percentile,99.98048866630012,1.1498406410217286,3.7108855962753298,23,1,8,23106.1,0.41,A Road,A Road,other_urban,urban_a_road,Single Carriageway,A4540,False,False,True,False,False,False,Urban,Urban: Nearer to a major town or city,False,False,,-1.879115807977794,52.46065282517754,2026-07-04T12:45:06+00:00,data/models/risk_scores.parquet,0.1.0,E01009367,LSOA2021,England,IoD 2025,within,0.0,1,1,1,1,0,0,3.5,0.0,6654.004196770181,0.3741378797803518
7138F982-2275-4912-BFD5-7A9789A762CC,53,99.97018246040574,urban_a_road,road_archetype,772,risk_percentile,99.9804379216091,1.1494327366352082,2.314488482475281,13,0,1,25292.6,0.675,A Road,A Road,other_urban,urban_a_road,Collapsed Dual Carriageway,A457,False,False,False,True,False,False,Urban,Urban: Nearer to a major town or city,False,False,,-1.9750037486387308,52.49835499728517,2026-07-04T12:45:06+00:00,data/models/risk_scores.parquet,0.1.0,E01010046,LSOA2021,England,IoD 2025,within,0.0,2,1,2,1,0,0,3.0,0.0,2269.7531004950856,2.128625915514922
CCEC6433-FDF5-414F-BD4B-7C8203C55516,54,99.96960904618278,urban_a_road,road_archetype,776,risk_percentile,99.98033643222703,1.1463652312755586,2.793237829208374,14,0,1,24403.8,0.806,A Road,A Road,other_urban,urban_a_road,Collapsed Dual Carriageway,A15,False,False,False,True,False,False,Urban,Urban: Nearer to a major town or city,False,False,,-0.2550592625236513,52.58703828034559,2026-07-04T12:45:06+00:00,data/models/risk_scores.parquet,0.1.0,E01015604,LSOA2021,England,IoD 2025,within,0.0,1,1,2,1,0,0,3.0,0.0,2648.1210259120526,1.2591418199013005
2C56CF37-9155-451F-A68B-B5AA17A5408C,55,99.96903563195981,urban_a_road,road_archetype,778,risk_percentile,99.98028568753601,1.1460086345672607,2.165892493724823,6,0,0,17991.9,0.172,A Road,A Road,other_urban,urban_a_road,Collapsed Dual Carriageway,A6042,False,False,True,True,False,False,Urban,Urban: Nearer to a major town or city,False,False,,-2.244579849315497,53.48875008078404,2026-07-04T12:45:06+00:00,data/models/risk_scores.parquet,0.1.0,E01033674,LSOA2021,England,IoD 2025,within,0.0,2,3,5,1,0,0,3.5,0.0,4199.871122643747,1.3929227084002322
E3775EDA-1AB7-462E-AC77-8F1D2B4DD4F1,56,99.96846221773686,urban_a_road,road_archetype,784,risk_percentile,99.98013345346293,1.1423560678958893,2.39576450586319,20,0,2,17601.0,0.165,A Road,A Road,other_urban,urban_a_road,Single Carriageway,A60,False,False,True,False,False,False,Urban,Urban: Nearer to a major town or city,False,False,,-1.1536330473298053,52.97011744302121,2026-07-04T12:45:06+00:00,data/models/risk_scores.parquet,0.1.0,E01013843,LSOA2021,England,IoD 2025,within,0.0,3,4,4,1,0,0,3.5,0.0,6302.355133370765,1.2087853228636534
D522168F-1683-4A43-A272-73746934BE50,57,99.96788880351389,urban_a_road,road_archetype,785,risk_percentile,99.98010808111741,1.1421481013298034,2.626932978630066,8,1,4,14882.1,2.312,A Road,A Road,other_urban,urban_a_road,Single Carriageway,A34,False,False,True,False,False,False,Urban,Urban: Nearer to a major town or city,False,False,,-2.246137925692778,53.30415901569997,2026-07-04T12:45:06+00:00,data/models/risk_scores.parquet,0.1.0,E01018572,LSOA2021,England,IoD 2025,within,0.0,10,10,10,1,0,0,3.0,0.0,917.0224157021252,8.043654044476992e-05
916FF626-C7F3-461B-A4C8-A96F22360E38,58,99.96731538929092,urban_a_road,road_archetype,787,risk_percentile,99.98005733642638,1.1379700899124146,2.403472054004669,4,0,1,17004.7,1.918,A Road,A Road,other_urban,urban_a_road,Single Carriageway,A146,False,False,True,False,False,False,Urban,Urban: Further from a major town or city,False,False,,1.5900545369188759,52.45998988904496,2026-07-04T12:45:06+00:00,data/models/risk_scores.parquet,0.1.0,E01030294,LSOA2021,England,IoD 2025,within,0.0,7,6,5,1,0,0,3.0,0.0,95.22943300160372,0.5942161974271887
1942361E-5A0E-4926-B8F2-AAC3EB2AB46A,59,99.96674197506795,urban_a_road,road_archetype,788,risk_percentile,99.98003196408088,1.1375119864940644,1.4830729722976685,24,3,11,9807.6,2.647,A Road,A Road,other_urban,urban_a_road,Single Carriageway,A500,False,False,True,False,False,False,Urban,Urban: Nearer to a major town or city,False,False,,-2.355030176226334,53.07134982854321,2026-07-04T12:45:06+00:00,data/models/risk_scores.parquet,0.1.0,E01034671,LSOA2021,England,IoD 2025,within,0.0,8,8,9,1,0,0,2.5,0.0,27.5262971590189,0.11567695329160509
B360D6F3-3A5B-4D8F-AAA3-708E85F10EF7,60,99.96616856084498,urban_a_road,road_archetype,789,risk_percentile,99.98000659173536,1.1349038362503052,2.0500282526016234,3,0,1,14217.7,2.177,A Road,A Road,other_urban,urban_a_road,Single Carriageway,A6,False,False,True,False,False,False,Urban,Urban: Further from a major town or city,False,False,,-0.9128882224983388,52.503801513220566,2026-07-04T12:45:06+00:00,data/models/risk_scores.parquet,0.1.0,E01025797,LSOA2021,England,IoD 2025,within,0.0,10,9,9,1,0,0,3.0,0.0,20.8790591980388,1.0448257460225014
8B7A1E68-5C2A-4B29-B3C4-AACB9E72F297,61,99.96559514662202,urban_a_road,road_archetype,792,risk_percentile,99.97993047469882,1.1334036111831665,3.230234456062317,16,1,2,26531.5,0.762,A Road,A Road,other_urban,urban_a_road,Single Carriageway,A5189,False,False,True,False,False,False,Urban,Urban: Nearer to a major town or city,False,False,,-1.628443988510095,52.79609922946201,2026-07-04T12:45:06+00:00,data/models/risk_scores.parquet,0.1.0,E01032898,LSOA2021,England,IoD 2025,within,0.0,1,1,2,1,0,0,2.5,0.0,768.9584361698387,0.2524742925890566
CA3A933A-5167-4F67-88B1-4F42CFA5B177,62,99.96502173239905,urban_a_road,road_archetype,800,risk_percentile,99.97972749593471,1.12762348651886,2.1921272397041323,2,0,1,14726.2,2.196,A Road,A Road,other_urban,urban_a_road,Collapsed Dual Carriageway,A591,False,False,True,True,False,False,Urban,Urban: Further from a major town or city,False,False,,-2.7661295548964326,54.318155594849,2026-07-04T12:45:06+00:00,data/models/risk_scores.parquet,0.1.0,E01019363,LSOA2021,England,IoD 2025,within,0.0,5,5,5,1,0,0,3.0,0.0,914.6627094929779,0.021978130761982562
8D1D4EE7-30C4-44B5-A8A6-96767030C7B1,63,99.96444831817608,urban_a_road,road_archetype,801,risk_percentile,99.97970212358919,1.1275463581085206,1.533723783493042,14,2,1,13441.1,1.786,A Road,A Road,other_urban,urban_a_road,Collapsed Dual Carriageway,A17,False,False,True,True,False,False,Urban,Urban: Further from a major town or city,False,False,,-0.409434869551271,53.01296630086406,2026-07-04T12:45:06+00:00,data/models/risk_scores.parquet,0.1.0,E01026230,LSOA2021,England,IoD 2025,within,0.0,4,3,3,1,0,0,3.0,0.0,94.39040804232555,2.0871338273056024
C13AB732-F57C-4C6E-AB1F-AF8426C9D1B0,64,99.96387490395313,urban_a_road,road_archetype,805,risk_percentile,99.97960063420715,1.1209072589874267,2.9787829875946046,13,0,0,21552.8,0.233,A Road,A Road,other_urban,urban_a_road,Single Carriageway,A56,False,False,True,False,False,False,Urban,Urban: Nearer to a major town or city,False,False,,-2.2621946435991993,53.50867604519246,2026-07-04T12:45:06+00:00,data/models/risk_scores.parquet,0.1.0,E01005650,LSOA2021,England,IoD 2025,within,0.0,1,1,2,1,0,0,3.5,0.0,2158.6863044922,2.999622199562516
A78113F9-6BBF-4DCE-BFBB-C91A47092892,65,99.96330148973016,urban_a_road,road_archetype,806,risk_percentile,99.97957526186163,1.12071133852005,2.194405364990234,6,0,2,20821.1,1.253,A Road,A Road,other_urban,urban_a_road,Single Carriageway,A57,False,False,True,False,False,False,Urban,Urban: Nearer to a major town or city,False,False,,-1.1502093433366762,53.31572012104181,2026-07-04T12:45:06+00:00,data/models/risk_scores.parquet,0.1.0,E01028056,LSOA2021,England,IoD 2025,within,0.0,3,3,4,1,0,0,2.0,0.0,1029.917702678636,1.5245369479866249
9031798D-6D5D-4858-B200-2A44A0A9829A,66,99.96272807550719,urban_a_road,road_archetype,812,risk_percentile,99.97942302778856,1.1146682739257812,2.4166839718818665,3,0,1,19725.5,1.965,A Road,A Road,other_urban,urban_a_road,Collapsed Dual Carriageway,A452,False,False,False,True,False,False,Urban,Urban: Nearer to a major town or city,False,False,,-1.766888813076658,52.51311461093785,2026-07-04T12:45:06+00:00,data/models/risk_scores.parquet,0.1.0,E01010120,LSOA2021,England,IoD 2025,within,0.0,3,3,2,1,0,0,3.0,0.0,1137.5259127569223,0.004381784367001777
EC59164C-B625-44D6-8B5D-1788AAC0A825,67,99.96215466128422,urban_a_road,road_archetype,814,risk_percentile,99.97937228309752,1.1141130030155182,2.3542463421821593,17,1,3,20990.2,0.171,A Road,A Road,other_urban,urban_a_road,Collapsed Dual Carriageway,A4540,False,False,True,True,False,False,Urban,Urban: Nearer to a major town or city,False,False,,-1.8847811268048047,52.48846422019854,2026-07-04T12:45:06+00:00,data/models/risk_scores.parquet,0.1.0,E01033561,LSOA2021,England,IoD 2025,within,0.0,3,4,6,1,0,0,3.5,0.0,2015.1488813835635,1.5913005237086222
A4C1E2D6-C0FB-4D11-9001-B1161FA252CC,68,99.96158124706125,urban_a_road,road_archetype,816,risk_percentile,99.9793215384065,1.113419485092163,2.4473173141479494,15,0,5,16395.0,2.013,A Road,A Road,other_urban,urban_a_road,Collapsed Dual Carriageway,A557,False,False,True,True,False,False,Urban,Urban: Nearer to a major town or city,False,False,,-2.718662110166695,53.373889157183,2026-07-04T12:45:06+00:00,data/models/risk_scores.parquet,0.1.0,E01012368,LSOA2021,England,IoD 2025,within,0.0,4,4,3,1,0,0,3.0,0.0,8913.730964669643,0.012450255147583347
319F25CE-5A71-439F-B7D9-54E27B780A87,69,99.96100783283829,urban_a_road,road_archetype,817,risk_percentile,99.97929616606098,1.1121643006801605,2.579293060302734,8,1,0,19396.3,0.179,A Road,A Road,other_urban,urban_a_road,Single Carriageway,A425,False,False,False,False,False,False,Urban,Urban: Nearer to a major town or city,False,False,,-1.5354192223234895,52.28408044590025,2026-07-04T12:45:06+00:00,data/models/risk_scores.parquet,0.1.0,E01031261,LSOA2021,England,IoD 2025,within,0.0,3,4,5,1,0,0,3.5,0.0,5960.036440377715,0.9563600512174615
86B9AE18-7D96-4AC5-9A9F-1FA9E5A6AB91,70,99.96043441861532,urban_a_road,road_archetype,825,risk_percentile,99.97909318729687,1.1083041369915008,1.0234361350536347,7,0,4,5361.5,4.355,A Road,A Road,other_urban,urban_a_road,Single Carriageway,A635,False,False,False,False,False,False,Urban,Urban: Nearer to a major town or city,False,False,,-1.9540047961003517,53.549390135142474,2026-07-04T12:45:06+00:00,data/models/risk_scores.parquet,0.1.0,E01005409,LSOA2021,England,IoD 2025,within,0.0,7,8,9,1,0,0,2.5,0.0,12.850659069048657,0.27880500905429073
0031F520-430F-4D41-8149-A2EC2BF26F93,71,99.95986100439235,urban_a_road,road_archetype,827,risk_percentile,99.97904244260585,1.1063900947570802,3.3151740550994875,10,0,1,25743.0,1.156,A Road,A Road,other_urban,urban_a_road,Collapsed Dual Carriageway,A66,False,False,True,True,False,False,Urban,Urban: Nearer to a major town or city,False,False,,-1.166732234687278,54.5792949912532,2026-07-04T12:45:06+00:00,data/models/risk_scores.parquet,0.1.0,E01012170,LSOA2021,England,IoD 2025,within,0.0,1,1,1,1,0,0,3.0,0.0,256.14323600782444,0.06898984710616586
3EBB5154-53BF-4FB5-A196-4D15F555DBA9,72,99.95928759016938,urban_a_road,road_archetype,829,risk_percentile,99.97899169791482,1.1051753759384155,2.4531835675239564,8,1,3,16426.9,2.158,A Road,A Road,other_urban,urban_a_road,Collapsed Dual Carriageway,A449,False,False,True,True,False,False,Urban,Urban: Nearer to a major town or city,False,False,,-2.1749121656067607,52.217814989400516,2026-07-04T12:45:06+00:00,data/models/risk_scores.parquet,0.1.0,E01032330,LSOA2021,England,IoD 2025,within,0.0,6,6,7,1,0,0,3.0,0.0,224.7866170310739,0.12466719032711009
16A35FC8-65F6-4FEA-B2A1-1F80B4BE2920,73,99.95842746883493,urban_a_road,road_archetype,830,risk_percentile,99.97895363939655,1.1050175845623016,2.1482960104942324,7,0,2,22501.4,0.238,A Road,A Road,other_urban,urban_a_road,Collapsed Dual Carriageway,A6102,False,False,True,True,False,False,Urban,Urban: Nearer to a major town or city,False,False,,-1.411826433366721,53.37936621901875,2026-07-04T12:45:06+00:00,data/models/risk_scores.parquet,0.1.0,E01008014,LSOA2021,England,IoD 2025,within,0.0,2,1,2,1,0,0,3.5,0.0,4122.069507972856,1.073740192000068
29ABD25D-7AA0-4D66-A85D-C1E6208CD8B9,74,99.95842746883493,urban_a_road,road_archetype,831,risk_percentile,99.97895363939655,1.1050175845623016,2.14827721118927,10,1,1,22501.4,0.238,A Road,A Road,other_urban,urban_a_road,Collapsed Dual Carriageway,A6102,False,False,True,True,False,False,Urban,Urban: Nearer to a major town or city,False,False,,-1.4131580473615952,53.37739848975267,2026-07-04T12:45:06+00:00,data/models/risk_scores.parquet,0.1.0,E01008014,LSOA2021,England,IoD 2025,within,0.0,2,1,2,1,0,0,3.5,0.0,4122.069507972856,1.074238005338353
FB11BB09-3034-4046-ABB0-E1980F598ACA,75,99.95756734750049,urban_a_road,road_archetype,832,risk_percentile,99.97891558087828,1.1046707034111023,2.370568883419037,9,0,1,19634.6,0.18,A Road,A Road,other_urban,urban_a_road,Single Carriageway,A34,False,False,True,False,False,False,Urban,Urban: Nearer to a major town or city,False,False,,-1.90132379656376,52.515942408146245,2026-07-04T12:45:06+00:00,data/models/risk_scores.parquet,0.1.0,E01009051,LSOA2021,England,IoD 2025,within,0.0,1,1,1,1,0,0,3.5,0.0,3473.4401882269567,1.958763509923299
D9629065-15DB-45D7-AA29-DE363B45AABB,76,99.95699393327752,urban_a_road,road_archetype,836,risk_percentile,99.97881409149623,1.0998758912086486,2.977954602241516,11,0,2,13099.5,1.914,A Road,A Road,other_urban,urban_a_road,Collapsed Dual Carriageway,A580,False,False,True,True,False,False,Urban,Urban: Nearer to a major town or city,False,False,,-2.4602435600871284,53.49441604855561,2026-07-04T12:45:06+00:00,data/models/risk_scores.parquet,0.1.0,E01006251,LSOA2021,England,IoD 2025,within,0.0,7,9,9,1,0,0,3.5,0.0,344.304201376783,0.4439343177376248
8BF3AEAB-55AA-4402-9677-D4D8394C59B2,77,99.95642051905456,urban_a_road,road_archetype,837,risk_percentile,99.97878871915071,1.098086452484131,4.035516738891602,5,0,1,23605.2,0.706,A Road,A Road,other_urban,urban_a_road,Single Carriageway,A619,False,False,True,False,False,False,Urban,Urban: Nearer to a major town or city,False,False,,-1.3232453456696869,53.27381224119558,2026-07-04T12:45:06+00:00,data/models/risk_scores.parquet,0.1.0,E01019563,LSOA2021,England,IoD 2025,within,0.0,1,1,1,1,0,0,3.5,0.0,191.21354108827978,0.9461231522922193
945E4BFA-DF7B-43CA-BA1D-78FF779DB64D,78,99.95584710483159,urban_a_road,road_archetype,842,risk_percentile,99.97866185742315,1.0946102559566497,3.3891411781311036,1,0,0,23519.1,1.624,A Road,A Road,other_urban,urban_a_road,Collapsed Dual Carriageway,A6120,False,False,True,True,False,False,Urban,Urban: Nearer to a major town or city,False,True,sparse collision history,-1.4365608268345786,53.824018118154775,2026-07-04T12:45:06+00:00,data/models/risk_scores.parquet,0.1.0,E01011722,LSOA2021,England,IoD 2025,within,0.0,3,3,3,1,0,0,3.0,0.0,3439.255482667955,0.23637847000622383
776CDB34-A688-46C0-BC09-140CC6953D27,79,99.95527369060862,urban_a_road,road_archetype,846,risk_percentile,99.97856036804109,1.0909320771694184,2.3024747490882875,27,2,4,18487.6,0.187,A Road,A Road,other_urban,urban_a_road,Single Carriageway,A41,False,False,True,False,False,False,Urban,Urban: Nearer to a major town or city,False,False,,-1.9200548466165623,52.49923754104443,2026-07-04T12:45:06+00:00,data/models/risk_scores.parquet,0.1.0,E01009355,LSOA2021,England,IoD 2025,within,0.0,1,1,1,1,0,0,3.5,0.0,4121.045543455022,0.6166411297312075
72D7C68D-3307-4B02-9951-D6C5C83B15DB,80,99.95470027638565,urban_a_road,road_archetype,851,risk_percentile,99.97843350631352,1.0851583242416383,3.2355217218399046,7,0,2,30752.7,0.525,A Road,A Road,other_urban,urban_a_road,Collapsed Dual Carriageway,A444,False,False,True,True,False,False,Urban,Urban: Nearer to a major town or city,False,False,,-1.4898601697481695,52.43354327868094,2026-07-04T12:45:06+00:00,data/models/risk_scores.parquet,0.1.0,E01009567,LSOA2021,England,IoD 2025,within,0.0,1,1,1,1,0,0,3.0,0.0,2267.9746277717427,1.4188542114816127
B146566D-EB16-4AA6-BDE6-B3A86E830836,81,99.95412686216268,urban_a_road,road_archetype,855,risk_percentile,99.97833201693147,1.0810341209173202,1.9922349572181701,11,1,1,16672.9,1.714,A Road,A Road,other_urban,urban_a_road,Single Carriageway,A579,False,False,True,False,False,False,Urban,Urban: Nearer to a major town or city,False,False,,-2.517514398707316,53.51161583948478,2026-07-04T12:45:06+00:00,data/models/risk_scores.parquet,0.1.0,E01006337,LSOA2021,England,IoD 2025,within,0.0,5,6,4,1,0,0,2.0,0.0,2222.683584058239,0.08485545631925277
A85FBAE0-DC6C-455E-8D29-8D14F2F4F8C7,82,99.95355344793973,urban_a_road,road_archetype,856,risk_percentile,99.97830664458596,1.0809559285640717,2.7388099908828734,9,1,1,12740.7,1.964,A Road,A Road,other_urban,urban_a_road,Single Carriageway,A460,False,False,True,False,False,False,Urban,Urban: Nearer to a major town or city,False,False,,-1.9764226357336323,52.72693344965695,2026-07-04T12:45:06+00:00,data/models/risk_scores.parquet,0.1.0,E01029388,LSOA2021,England,IoD 2025,within,0.0,3,3,2,1,0,0,3.5,0.0,43.71303479749547,0.37255511870236535
61ECC257-B81F-4B78-8D99-1633DAB68D12,83,99.95298003371676,urban_a_road,road_archetype,857,risk_percentile,99.97828127224044,1.0807374477386475,3.658642554283142,1,0,0,26861.7,0.683,A Road,A Road,other_urban,urban_a_road,Single Carriageway,A628,False,False,True,False,False,False,Urban,Urban: Nearer to a major town or city,False,True,sparse collision history,-1.3474830991647802,53.603617609081454,2026-07-04T12:45:06+00:00,data/models/risk_scores.parquet,0.1.0,E01011864,LSOA2021,England,IoD 2025,within,0.0,1,1,1,1,0,0,3.0,0.0,143.1576799413014,1.1720054797755097
31B0E4C9-E1E0-491E-A018-C4AE32B90B64,84,99.9524066194938,urban_a_road,road_archetype,860,risk_percentile,99.97820515520391,1.0759584665298463,2.4033188700675963,13,0,3,16966.9,1.966,A Road,A Road,other_urban,urban_a_road,Collapsed Dual Carriageway,A580,False,False,True,True,False,False,Urban,Urban: Nearer to a major town or city,False,False,,-2.7045394543921297,53.472690936550386,2026-07-04T12:45:06+00:00,data/models/risk_scores.parquet,0.1.0,E01006803,LSOA2021,England,IoD 2025,within,0.0,8,9,7,1,0,0,3.0,0.0,208.840548049308,0.27805074974559546
8BF15733-0EE7-40A6-815F-EAFA6EDFE53B,85,99.95183320527083,urban_a_road,road_archetype,863,risk_percentile,99.97812903816737,1.0744056701660156,2.609607481956482,5,0,0,20875.3,0.158,A Road,A Road,other_urban,urban_a_road,Single Carriageway,A5111,False,False,True,False,False,False,Urban,Urban: Nearer to a major town or city,False,False,,-1.4825652485366105,52.89912422712659,2026-07-04T12:45:06+00:00,data/models/risk_scores.parquet,0.1.0,E01013571,LSOA2021,England,IoD 2025,within,0.0,1,1,2,1,0,0,3.5,0.0,3906.0509599991847,0.33752721600288493
D40A2D42-B928-4F63-8157-D6119D1DF895,86,99.95125979104785,urban_a_road,road_archetype,867,risk_percentile,99.9780275487853,1.0720866918563843,3.2444912672042845,14,1,2,29806.8,0.556,A Road,A Road,other_urban,urban_a_road,Collapsed Dual Carriageway,A45,False,False,True,True,False,False,Urban,Urban: Nearer to a major town or city,False,False,,-1.8153120444092006,52.461916529505146,2026-07-04T12:45:06+00:00,data/models/risk_scores.parquet,0.1.0,E01008887,LSOA2021,England,IoD 2025,within,0.0,1,1,1,1,0,0,3.0,0.0,3693.8525006954283,1.200021065585767
BC826EB5-CAD1-45F4-96BA-476A72B2E190,87,99.95068637682489,urban_a_road,road_archetype,868,risk_percentile,99.9780021764398,1.0717036247253418,2.871305251121521,16,1,4,24027.0,0.808,A Road,A Road,other_urban,urban_a_road,Collapsed Dual Carriageway,A38,False,False,True,True,False,False,Urban,Urban: Nearer to a major town or city,False,False,,-1.7897508616532871,52.52507744744158,2026-07-04T12:45:06+00:00,data/models/risk_scores.parquet,0.1.0,E01009096,LSOA2021,England,IoD 2025,within,0.0,1,1,1,1,0,0,3.0,0.0,3059.2911425890766,0.6649779525854173
C744C753-3A13-4EF4-AFD0-D9010CB5B178,88,99.95011296260192,urban_a_road,road_archetype,869,risk_percentile,99.97797680409428,1.0713113367557525,1.8855992555618286,16,0,3,11006.5,2.334,A Road,A Road,other_urban,urban_a_road,Single Carriageway,A16,False,False,True,False,False,False,Urban,Urban: Nearer to a major town or city,False,False,,-0.07170749808714677,53.54345717476393,2026-07-04T12:45:06+00:00,data/models/risk_scores.parquet,0.1.0,E01013170,LSOA2021,England,IoD 2025,within,0.0,8,8,7,1,0,0,3.0,0.0,153.14069025792512,0.024058396300368885
98C9C414-9E40-49C4-8EDF-9A14B8E47B97,89,99.94953954837897,urban_a_road,road_archetype,871,risk_percentile,99.97792605940326,1.07090904712677,3.3372063636779785,9,0,2,26487.9,0.098,A Road,A Road,other_urban,urban_a_road,Single Carriageway,A660,False,False,True,False,False,False,Urban,Urban: Nearer to a major town or city,False,False,,-1.5631056135543269,53.81530770989061,2026-07-04T12:45:06+00:00,data/models/risk_scores.parquet,0.1.0,E01011443,LSOA2021,England,IoD 2025,within,0.0,8,9,10,1,0,0,3.5,0.0,13759.414274454472,0.15139916296579825
AA8C226C-C02E-4092-8F75-B7A107871418,90,99.948966134156,urban_a_road,road_archetype,876,risk_percentile,99.9777991976757,1.0661642730236054,2.339560067653656,4,0,2,24449.1,0.18,A Road,A Road,other_urban,urban_a_road,Collapsed Dual Carriageway,A6102,False,False,True,True,False,False,Urban,Urban: Nearer to a major town or city,False,False,,-1.4168939375209684,53.37382367436912,2026-07-04T12:45:06+00:00,data/models/risk_scores.parquet,0.1.0,E01008017,LSOA2021,England,IoD 2025,within,0.0,1,1,1,1,0,0,3.5,0.0,1684.3275337348982,1.0752276572308261
6C3CA61E-5D0E-411C-BDEF-6EFC50C2F912,91,99.94839271993303,urban_a_road,road_archetype,881,risk_percentile,99.97767233594811,1.0619168519973754,2.989061975479126,13,0,3,24395.1,0.944,A Road,A Road,other_urban,urban_a_road,Single Carriageway,A563,False,False,True,False,False,False,Urban,Urban: Nearer to a major town or city,False,False,,-1.1602893546649928,52.66494512120986,2026-07-04T12:45:06+00:00,data/models/risk_scores.parquet,0.1.0,E01013619,LSOA2021,England,IoD 2025,within,0.0,1,1,1,1,0,0,2.5,0.0,1185.9825699215012,0.04309504511206025
2CB86A8A-5493-48FD-9533-8A73A3143F5A,92,99.94781930571006,urban_a_road,road_archetype,887,risk_percentile,99.97752010187504,1.0591939389705658,2.9225425720214844,7,1,2,23634.7,1.276,A Road,A Road,other_urban,urban_a_road,Collapsed Dual Carriageway,A61,False,False,True,True,False,False,Urban,Urban: Nearer to a major town or city,False,False,,-1.4354179940074556,53.26579229722774,2026-07-04T12:45:06+00:00,data/models/risk_scores.parquet,0.1.0,E01019542,LSOA2021,England,IoD 2025,within,0.0,2,2,1,1,0,0,3.0,0.0,756.8350063229774,1.5366222822094142
93FF8094-06B0-452D-A654-1711935AF918,93,99.94724589148709,urban_a_road,road_archetype,889,risk_percentile,99.977469357184,1.05880805850029,3.6541081428527833,27,0,3,26420.3,0.063,A Road,A Road,other_urban,urban_a_road,Single Carriageway,A660,False,False,True,False,False,False,Urban,Urban: Nearer to a major town or city,False,False,,-1.5620824967389466,53.814918346626825,2026-07-04T12:45:06+00:00,data/models/risk_scores.parquet,0.1.0,E01011443,LSOA2021,England,IoD 2025,within,0.0,8,9,10,1,0,0,4.0,0.0,13759.414274454472,0.15272802710544084
4ED7F9BC-3C0C-4CF2-A6B8-732DF1C97939,94,99.94667247726413,urban_a_road,road_archetype,892,risk_percentile,99.97739324014748,1.0572218656539918,2.768013858795166,14,0,2,27528.0,0.579,A Road,A Road,other_urban,urban_a_road,Collapsed Dual Carriageway,A4252,False,False,False,True,False,False,Urban,Urban: Nearer to a major town or city,False,False,,-1.9774094225085892,52.503188880551576,2026-07-04T12:45:06+00:00,data/models/risk_scores.parquet,0.1.0,E01010053,LSOA2021,England,IoD 2025,within,0.0,1,1,2,1,0,0,3.0,0.0,1540.196052617396,1.968540742449763
3EA47283-4C04-430F-B33F-FBEDA8E051E7,95,99.94609906304116,urban_a_road,road_archetype,894,risk_percentile,99.97734249545644,1.0553097426891327,2.192593884468079,6,0,2,18771.2,1.781,A Road,A Road,other_urban,urban_a_road,Collapsed Dual Carriageway,A34,False,False,True,True,False,False,Urban,Urban: Nearer to a major town or city,False,False,,-2.2048591637113097,53.33991055314548,2026-07-04T12:45:06+00:00,data/models/risk_scores.parquet,0.1.0,E01018593,LSOA2021,England,IoD 2025,within,0.0,9,8,8,1,0,0,3.0,0.0,1988.0064589208164,0.3199879016981291
2CBDCF90-33BB-453C-A029-CEB08D29D8E0,96,99.94552564881819,urban_a_road,road_archetype,897,risk_percentile,99.9772663784199,1.0532932102680206,3.5480284690856934,0,0,0,23416.6,1.224,A Road,A Road,other_urban,urban_a_road,Collapsed Dual Carriageway,A1290,False,False,False,True,False,False,Urban,Urban: Nearer to a major town or city,False,True,sparse collision history,-1.416689686620605,54.91920811648665,2026-07-04T12:45:06+00:00,data/models/risk_scores.parquet,0.1.0,E01034514,LSOA2021,England,IoD 2025,within,0.0,1,1,1,1,0,0,3.5,0.0,340.97462057784924,0.12924459632921353
65C78240-67A4-4555-AAAF-25F4D6F717A2,97,99.94495223459523,urban_a_road,road_archetype,911,risk_percentile,99.97691116558272,1.043645191192627,2.7915178775787353,7,0,2,21211.5,0.217,A Road,A Road,other_urban,urban_a_road,Single Carriageway,A665,False,False,True,False,False,False,Urban,Urban: Nearer to a major town or city,False,False,,-2.2380118747436364,53.496410247631594,2026-07-04T12:45:06+00:00,data/models/risk_scores.parquet,0.1.0,E01005147,LSOA2021,England,IoD 2025,within,0.0,1,1,2,1,0,0,3.5,0.0,769.9702696018765,0.7603526635987533
538469CF-7F72-4D99-BD59-9049253477D3,98,99.94437882037226,urban_a_road,road_archetype,913,risk_percentile,99.97686042089168,1.0424467146396637,2.478627598285675,15,0,1,19694.6,1.53,A Road,A Road,other_urban,urban_a_road,Collapsed Dual Carriageway,A5460,False,False,False,True,False,False,Urban,Urban: Nearer to a major town or city,False,False,,-1.1730141627924606,52.60649612656828,2026-07-04T12:45:06+00:00,data/models/risk_scores.parquet,0.1.0,E01025652,LSOA2021,England,IoD 2025,within,0.0,8,6,8,1,0,0,3.5,0.0,5820.301951810671,1.1926550932893871
3FC53A00-C0E1-4A09-B096-9FD0240781E4,99,99.9438054061493,urban_a_road,road_archetype,915,risk_percentile,99.97680967620066,1.0409160315990449,1.8401540756225585,5,1,1,14303.1,1.889,A Road,A Road,other_urban,urban_a_road,Single Carriageway,A518,False,False,True,False,False,False,Urban,Urban: Nearer to a major town or city,False,False,,-2.423301327989267,52.732157825659606,2026-07-04T12:45:06+00:00,data/models/risk_scores.parquet,0.1.0,E01014170,LSOA2021,England,IoD 2025,within,0.0,8,8,7,1,0,0,2.5,0.0,530.9513131461982,0.5119785912989387
D40EF52F-F907-40A4-9DAF-E192F3CDFD19,100,99.94323199192633,urban_a_road,road_archetype,918,risk_percentile,99.97673355916412,1.0400522708892823,2.863858938217163,9,0,1,22954.4,1.16,A Road,A Road,other_urban,urban_a_road,Collapsed Dual Carriageway,A650,False,False,True,True,False,False,Urban,Urban: Nearer to a major town or city,False,False,,-1.8802411549763918,53.869361580860236,2026-07-04T12:45:06+00:00,data/models/risk_scores.parquet,0.1.0,E01010703,LSOA2021,England,IoD 2025,within,0.0,2,2,2,1,0,0,3.0,0.0,684.4598185731699,1.9258609420358963
08FD9A0B-E2ED-42CA-BBA7-A64A5A92C4EC,1,100.0,urban_b_road,road_archetype,526,risk_percentile,99.98667951860541,1.4943192601203918,5.951243352890015,3,1,1,14710.7,1.942,B Road,B Road,other_urban,urban_b_road,Single Carriageway,B6082,False,False,False,False,False,False,Urban,Urban: Nearer to a major town or city,False,False,,-1.4270974628690862,53.430618660301164,2026-07-04T12:45:06+00:00,data/models/risk_scores.parquet,0.1.0,E01007856,LSOA2021,England,IoD 2025,within,0.0,1,1,1,1,0,0,3.0,0.522,1532.9779532451973,0.7172272221395799
903A6F71-6F14-4C5A-9C21-4FC7FE00BEF3,2,99.99881206937515,urban_b_road,road_archetype,833,risk_percentile,99.97889020853276,1.1033860981464385,5.472902584075928,3,0,1,12769.7,0.983,B Road,B Road,other_urban,urban_b_road,Single Carriageway,B5155,False,False,False,False,False,False,Urban,Urban: Nearer to a major town or city,False,False,,-2.7152865275324034,53.33224475483482,2026-07-04T12:45:06+00:00,data/models/risk_scores.parquet,0.1.0,E01012402,LSOA2021,England,IoD 2025,within,0.0,1,1,1,1,0,0,3.5,0.293,5517.560434956765,1.5864504163889284
C784F8EB-237F-4372-A437-594EEB8C2426,3,99.9976241387503,urban_b_road,road_archetype,1020,risk_percentile,99.97414557992175,0.9832740962505341,3.892660903930664,18,0,6,8982.9,2.108,B Road,B Road,other_urban,urban_b_road,Single Carriageway,B6117,False,False,False,False,False,False,Urban,Urban: Nearer to a major town or city,False,False,,-1.59582109540223,53.660533546419245,2026-07-04T12:45:06+00:00,data/models/risk_scores.parquet,0.1.0,E01011256,LSOA2021,England,IoD 2025,within,0.0,1,2,1,1,0,0,3.0,0.0,199.4665909072282,2.436832358671377
346B75A1-6B87-4E5B-999E-75DAD35E68A6,4,99.99643620812544,urban_b_road,road_archetype,1158,risk_percentile,99.97064419624088,0.911072826385498,5.521964740753174,4,1,2,21215.6,0.785,B Road,B Road,other_urban,urban_b_road,Collapsed Dual Carriageway,B4121,False,False,False,True,False,False,Urban,Urban: Nearer to a major town or city,False,False,,-1.978158292795245,52.448586577614634,2026-07-04T12:45:06+00:00,data/models/risk_scores.parquet,0.1.0,E01009258,LSOA2021,England,IoD 2025,within,0.0,1,1,1,1,0,0,3.0,1.042,1698.063034332838,1.262394520720295
C10AB286-2FC8-446B-B9B9-3CF56FD88CD2,5,99.9952482775006,urban_b_road,road_archetype,1353,risk_percentile,99.96569658886575,0.8472895801067353,5.63586916923523,4,0,1,14857.9,0.267,B Road,B Road,other_urban,urban_b_road,Single Carriageway,B4516,False,False,False,False,False,False,Urban,Urban: Nearer to a major town or city,False,False,,-1.8522780454156562,52.48790461040314,2026-07-04T12:45:06+00:00,data/models/risk_scores.parquet,0.1.0,E01034932,LSOA2021,England,IoD 2025,within,0.0,1,1,2,1,0,0,3.5,1.106,19168.54001459208,0.024357293967871393
B8BC385E-1068-4734-8AF8-FD237F3FC9A5,6,99.99406034687574,urban_b_road,road_archetype,1449,risk_percentile,99.96326084369646,0.8194887578487396,4.146777081489563,5,0,1,13970.0,0.269,B Road,B Road,other_urban,urban_b_road,Single Carriageway,B5136,False,False,False,False,False,False,Urban,Urban: Nearer to a major town or city,False,False,,-3.0090973330794983,53.37507462983407,2026-07-04T12:45:06+00:00,data/models/risk_scores.parquet,0.1.0,E01007295,LSOA2021,England,IoD 2025,within,0.0,1,1,2,1,0,0,3.5,0.078,2715.2882785232523,2.537038201982649
EBFD11B4-E4E9-4A4A-8C81-91C6E5FAC5D3,7,99.99287241625089,urban_b_road,road_archetype,1458,risk_percentile,99.96303249258683,0.8181607007980347,5.92125096321106,3,0,1,21348.7,0.177,B Road,B Road,other_urban,urban_b_road,Single Carriageway,B5254,False,False,False,False,False,False,Urban,Urban: Nearer to a major town or city,False,False,,-2.717404073518559,53.7538698575706,2026-07-04T12:45:06+00:00,data/models/risk_scores.parquet,0.1.0,E01025289,LSOA2021,England,IoD 2025,nearest_fallback,11.533427283784087,2,3,2,1,0,0,3.5,0.332,3661.198520965863,2.746629832018021
686018EB-5425-4D7B-A7D4-A759D1922DDB,8,99.99168448562604,urban_b_road,road_archetype,1512,risk_percentile,99.9616623859291,0.8059290885925293,4.598158073425293,0,0,0,11443.6,1.625,B Road,B Road,other_urban,urban_b_road,Single Carriageway,B6241,False,False,False,False,False,False,Urban,Urban: Nearer to a major town or city,False,True,sparse collision history,-2.7377463120010366,53.771706429765814,2026-07-04T12:45:06+00:00,data/models/risk_scores.parquet,0.1.0,E01025233,LSOA2021,England,IoD 2025,within,0.0,7,8,7,1,0,0,3.0,0.339,1540.2322202963783,0.10066385321577705
17375E51-36BB-4F43-B98A-F998174BFA12,9,99.99049655500119,urban_b_road,road_archetype,1580,risk_percentile,99.9599370664342,0.7910118043422699,2.192600667476654,17,0,4,5440.0,0.11,B Road,B Road,other_urban,urban_b_road,Single Carriageway,B5117,False,False,False,False,False,False,Urban,Urban: Nearer to a major town or city,False,False,,-2.225990730558493,53.456791112991596,2026-07-04T12:45:06+00:00,data/models/risk_scores.parquet,0.1.0,E01005284,LSOA2021,England,IoD 2025,within,0.0,3,7,9,1,0,0,3.0,0.548,20977.088377327997,2.8085943040738566
5F91ABF6-7218-47AC-8A74-DB47F2E43BC9,10,99.98930862437633,urban_b_road,road_archetype,1722,risk_percentile,99.95633419337128,0.7676203727722168,6.365029764175415,1,0,0,14425.6,1.499,B Road,B Road,other_urban,urban_b_road,Single Carriageway,B1287,False,False,False,False,False,False,Urban,Urban: Nearer to a major town or city,False,True,sparse collision history,-1.354447138898399,54.83212625249244,2026-07-04T12:45:06+00:00,data/models/risk_scores.parquet,0.1.0,E01020749,LSOA2021,England,IoD 2025,within,0.0,1,2,1,1,0,0,3.0,1.0170000000000001,4537.927923408546,0.023869699797024534
492151C7-BC31-44A1-9ADC-E8B450E2FDD6,11,99.98812069375148,urban_b_road,road_archetype,1773,risk_percentile,99.95504020375007,0.759376460313797,2.854977583885193,9,0,0,10113.8,0.167,B Road,B Road,other_urban,urban_b_road,Single Carriageway,B4135,False,False,False,False,False,False,Urban,Urban: Nearer to a major town or city,False,False,,-1.9389832617179186,52.48884023838427,2026-07-04T12:45:06+00:00,data/models/risk_scores.parquet,0.1.0,E01009346,LSOA2021,England,IoD 2025,within,0.0,1,1,1,1,0,0,3.5,0.0,14413.819212084958,1.6151233281567474
D0D1099C-9867-46E8-B572-86879E49100F,12,99.98693276312663,urban_b_road,road_archetype,1812,risk_percentile,99.95405068227505,0.7526337683200837,2.8667239785194396,8,0,2,9839.0,1.685,B Road,B Road,other_urban,urban_b_road,Single Carriageway,B4112,False,False,False,False,False,False,Urban,Urban: Nearer to a major town or city,False,False,,-1.540653171948023,52.51632139813883,2026-07-04T12:45:06+00:00,data/models/risk_scores.parquet,0.1.0,E01031090,LSOA2021,England,IoD 2025,within,0.0,1,1,1,1,0,0,3.0,4.145,285.6081379622092,0.2892318315406388
F51BB526-1832-4DAE-84B1-4BB09C613E81,13,99.98574483250178,urban_b_road,road_archetype,1930,risk_percentile,99.95105674550446,0.7341926693916321,4.709127593040466,4,0,2,10094.2,0.144,B Road,B Road,other_urban,urban_b_road,Single Carriageway,B5093,False,False,False,False,False,False,Urban,Urban: Nearer to a major town or city,False,False,,-2.2241807482970692,53.43666671628896,2026-07-04T12:45:06+00:00,data/models/risk_scores.parquet,0.1.0,E01005271,LSOA2021,England,IoD 2025,within,0.0,3,5,6,1,0,0,4.0,0.7049999999999998,11115.350823818277,0.20421245384634734
F37C43EF-AE7D-4736-8913-AE7243764E32,14,99.98455690187693,urban_b_road,road_archetype,1941,risk_percentile,99.95077764970381,0.7327148616313934,5.484603500366211,0,0,0,11923.0,1.251,B Road,B Road,other_urban,urban_b_road,Single Carriageway,B6524,False,False,False,False,False,False,Urban,Urban: Nearer to a major town or city,False,True,sparse collision history,-1.6990081573354148,55.1546108314279,2026-07-04T12:45:06+00:00,data/models/risk_scores.parquet,0.1.0,E01027458,LSOA2021,England,IoD 2025,within,0.0,9,10,5,1,0,0,4.0,0.926,644.8038781169173,0.1396410084599952
2CD094EB-4E3B-44A2-BD71-1AA5E2BCA79C,15,99.98336897125208,urban_b_road,road_archetype,1992,risk_percentile,99.94948366008262,0.7263180196285248,2.8700141429901125,8,1,1,9982.9,0.163,B Road,B Road,other_urban,urban_b_road,Single Carriageway,B5179,False,False,False,False,False,False,Urban,Urban: Nearer to a major town or city,False,False,,-2.926203931672563,53.399132414352955,2026-07-04T12:45:06+00:00,data/models/risk_scores.parquet,0.1.0,E01006721,LSOA2021,England,IoD 2025,within,0.0,1,1,1,1,0,0,3.5,0.8000000000000002,12505.218863279379,0.9767239447509091
34D5072E-AF0D-4170-BEB1-0A0EC1FFEA6E,16,99.98218104062722,urban_b_road,road_archetype,2046,risk_percentile,99.9481135534249,0.7206623196601868,3.5716001749038697,7,0,1,10238.0,1.285,B Road,B Road,other_urban,urban_b_road,Single Carriageway,B6161,False,False,False,False,False,False,Urban,Urban: Nearer to a major town or city,False,False,,-1.5819555656122406,54.0026276946033,2026-07-04T12:45:06+00:00,data/models/risk_scores.parquet,0.1.0,E01027722,LSOA2021,England,IoD 2025,within,0.0,9,8,9,1,0,0,3.5,0.0,1699.2519671139705,2.133407961583032
EDEC9C03-F989-4DDE-8278-3D1EF241439F,17,99.98099311000239,urban_b_road,road_archetype,2048,risk_percentile,99.94806280873388,0.7205709338188171,4.453946614265442,13,0,3,9226.4,0.118,B Road,B Road,other_urban,urban_b_road,Single Carriageway,B384,False,False,False,False,False,False,Urban,Urban: Nearer to a major town or city,False,False,,-1.9347794320577574,52.44480520734802,2026-07-04T12:45:06+00:00,data/models/risk_scores.parquet,0.1.0,E01009289,LSOA2021,England,IoD 2025,within,0.0,5,9,10,1,0,0,3.5,0.368,21000.228523111076,1.2093852986597617
D9AE138E-3ED4-4F36-B93E-E44B27031266,18,99.97980517937752,urban_b_road,road_archetype,2118,risk_percentile,99.94628674454793,0.7112678170204163,4.050791025161743,9,0,4,8547.3,1.992,B Road,B Road,other_urban,urban_b_road,Single Carriageway,B4102,False,False,False,False,False,False,Urban,Urban: Nearer to a major town or city,False,False,,-1.5223026366880086,52.50926894723313,2026-07-04T12:45:06+00:00,data/models/risk_scores.parquet,0.1.0,E01031050,LSOA2021,England,IoD 2025,within,0.0,4,5,4,1,0,0,3.0,3.0279999999999996,361.56433198188046,0.4767897481741999
2C0FE8BE-3A9F-43A2-8809-E9EB777CC43B,19,99.97861724875267,urban_b_road,road_archetype,2148,risk_percentile,99.94552557418253,0.7071167528629303,4.474773621559143,7,0,1,11146.2,0.175,B Road,B Road,other_urban,urban_b_road,Single Carriageway,B684,False,False,False,False,False,False,Urban,Urban: Nearer to a major town or city,False,False,,-1.1466616059104415,52.9615923818711,2026-07-04T12:45:06+00:00,data/models/risk_scores.parquet,0.1.0,E01013961,LSOA2021,England,IoD 2025,within,0.0,3,4,5,1,0,0,4.0,0.114,5990.355472029814,0.04555166396637908
02BC9E64-391C-475F-8513-6360A3739152,20,99.97742931812782,urban_b_road,road_archetype,2173,risk_percentile,99.94489126554468,0.7047875106334687,3.5293664216995237,4,0,0,12839.9,0.22,B Road,B Road,other_urban,urban_b_road,Single Carriageway,B5155,False,False,False,False,False,False,Urban,Urban: Nearer to a major town or city,False,False,,-2.707124454663934,53.33002928772235,2026-07-04T12:45:06+00:00,data/models/risk_scores.parquet,0.1.0,E01012396,LSOA2021,England,IoD 2025,within,0.0,1,1,1,1,0,0,3.5,0.073,3950.4698351782654,1.5874535998081292
CABCBCCB-D26A-403B-B7BE-72638F3E9EAD,21,99.97624138750297,urban_b_road,road_archetype,2175,risk_percentile,99.94484052085366,0.7047110080718995,5.173982191085815,13,0,1,9529.7,0.139,B Road,B Road,other_urban,urban_b_road,Single Carriageway,B5093,False,False,False,False,False,False,Urban,Urban: Nearer to a major town or city,False,False,,-2.218614200834973,53.44197032163521,2026-07-04T12:45:06+00:00,data/models/risk_scores.parquet,0.1.0,E01005185,LSOA2021,England,IoD 2025,within,0.0,4,10,10,1,0,0,3.5,0.0,7104.493101112028,2.8113982104633544
CAF34E8B-3893-4AB0-B324-805057C7F9DD,22,99.97505345687811,urban_b_road,road_archetype,2202,risk_percentile,99.9441554675248,0.7022909283638,3.5564286947250365,1,0,0,12949.5,1.177,B Road,B Road,other_urban,urban_b_road,Single Carriageway,B1380,False,False,False,False,False,False,Urban,Urban: Nearer to a major town or city,False,True,sparse collision history,-1.2824140392999506,54.51729251146228,2026-07-04T12:45:06+00:00,data/models/risk_scores.parquet,0.1.0,E01012283,LSOA2021,England,IoD 2025,within,0.0,1,1,1,1,0,0,2.5,0.09,539.529836808057,0.06811353943839979
582893CE-E4E3-4C9A-B510-199C45185FC3,23,99.97386552625326,urban_b_road,road_archetype,2214,risk_percentile,99.94385099937864,0.7003003031015396,2.746761429309845,2,0,2,11823.6,1.896,B Road,B Road,other_urban,urban_b_road,Single Carriageway,B5367,False,False,False,False,False,False,Urban,Urban: Nearer to a major town or city,False,False,,-2.2661812377436723,53.02470586069565,2026-07-04T12:45:06+00:00,data/models/risk_scores.parquet,0.1.0,E01029593,LSOA2021,England,IoD 2025,within,0.0,4,3,3,1,0,0,3.0,1.8209999999999997,418.16759607113636,1.263793290846927
2411249C-3025-45C1-8D5D-2B35A84FC4C5,24,99.97267759562841,urban_b_road,road_archetype,2248,risk_percentile,99.94298833963117,0.6976313889026642,3.7939991474151613,14,0,1,14881.7,0.088,B Road,B Road,other_urban,urban_b_road,Single Carriageway,B4128,False,False,False,False,False,False,Urban,Urban: Nearer to a major town or city,False,False,,-1.843727370703392,52.47827816807255,2026-07-04T12:45:06+00:00,data/models/risk_scores.parquet,0.1.0,E01034935,LSOA2021,England,IoD 2025,within,0.0,1,1,1,1,0,0,3.5,1.952,14622.65534019535,1.0138743909184091
AA9ADDD1-98C6-49A9-AD7C-57190900EF16,25,99.97148966500356,urban_b_road,road_archetype,2348,risk_percentile,99.94045110507982,0.6886246502399445,3.890261006355286,3,0,2,10548.5,1.426,B Road,B Road,other_urban,urban_b_road,Single Carriageway,B6428,False,False,False,False,False,False,Urban,Urban: Nearer to a major town or city,False,False,,-1.4857696730209569,53.5933316173128,2026-07-04T12:45:06+00:00,data/models/risk_scores.parquet,0.1.0,E01007439,LSOA2021,England,IoD 2025,within,0.0,7,8,7,1,0,0,3.0,0.0,1528.154945746051,1.1659748449608325
BE042587-EF9C-467F-8C46-3E0401CCE4F2,26,99.97030173437871,urban_b_road,road_archetype,2385,risk_percentile,99.93951232829582,0.6847265839576722,3.3871065616607665,4,0,0,12582.0,0.188,B Road,B Road,other_urban,urban_b_road,Single Carriageway,B4144,False,False,False,False,False,False,Urban,Urban: Nearer to a major town or city,False,False,,-1.9201060340564289,52.50183433409112,2026-07-04T12:45:06+00:00,data/models/risk_scores.parquet,0.1.0,E01009355,LSOA2021,England,IoD 2025,within,0.0,1,1,1,1,0,0,3.5,0.154,4121.045543455022,0.8317029558950809
F0CA7430-5A7A-487C-91DD-47B8312693B9,27,99.96911380375386,urban_b_road,road_archetype,2419,risk_percentile,99.93864966854836,0.6809698104858398,2.483096170425415,2,0,0,9825.1,0.149,B Road,B Road,other_urban,urban_b_road,Single Carriageway,B6117,False,False,False,False,False,False,Urban,Urban: Nearer to a major town or city,False,False,,-1.6309101891922242,53.67426588742016,2026-07-04T12:45:06+00:00,data/models/risk_scores.parquet,0.1.0,E01011261,LSOA2021,England,IoD 2025,within,0.0,2,1,3,1,0,0,3.5,1.626,9601.069169958908,2.407323667193351
84DE36A0-966F-425B-BE91-2338863E4611,28,99.967925873129,urban_b_road,road_archetype,2440,risk_percentile,99.93811684929258,0.6791723638772964,6.405052757263183,16,0,3,15049.2,0.386,B Road,B Road,other_urban,urban_b_road,Single Carriageway,B4145,False,False,False,False,False,False,Urban,Urban: Nearer to a major town or city,False,False,,-1.8558814899743297,52.471642180458446,2026-07-04T12:45:06+00:00,data/models/risk_scores.parquet,0.1.0,E01009332,LSOA2021,England,IoD 2025,within,0.0,1,1,1,1,0,0,4.0,0.644,3862.108871566775,0.05429308342227844
597074BB-32B3-4E3F-BB66-E62E38F43490,29,99.96673794250415,urban_b_road,road_archetype,2463,risk_percentile,99.93753328534576,0.6769276618957519,2.711372447013855,12,0,5,10017.7,0.159,B Road,B Road,other_urban,urban_b_road,Single Carriageway,B4144,False,False,False,False,False,False,Urban,Urban: Nearer to a major town or city,False,False,,-1.9169972501273291,52.50260734225325,2026-07-04T12:45:06+00:00,data/models/risk_scores.parquet,0.1.0,E01008907,LSOA2021,England,IoD 2025,within,0.0,1,1,1,1,0,0,3.5,0.39599999999999996,11018.931258721308,2.235447998685921
BCBC0E5C-AEC5-4B77-8A4F-AE19AC280FF0,30,99.96555001187932,urban_b_road,road_archetype,2476,risk_percentile,99.93720344485409,0.6761196553707123,3.4716991901397707,0,0,0,9855.9,1.782,B Road,B Road,other_urban,urban_b_road,Single Carriageway,B1325,False,False,False,False,False,False,Urban,Urban: Nearer to a major town or city,False,True,sparse collision history,-1.4892897260542584,55.053414510337255,2026-07-04T12:45:06+00:00,data/models/risk_scores.parquet,0.1.0,E01008549,LSOA2021,England,IoD 2025,within,0.0,10,10,10,1,0,0,3.0,0.0,148.7118412579269,0.16643089547503737
C9956399-EC90-4070-968F-0CF6C423F8D9,31,99.96436208125445,urban_b_road,road_archetype,2620,risk_percentile,99.93354982710015,0.6638563930988312,3.34322829246521,2,0,1,12644.7,0.18,B Road,B Road,other_urban,urban_b_road,Single Carriageway,B5211,False,False,False,False,False,False,Urban,Urban: Nearer to a major town or city,False,False,,-2.353699671987621,53.47479582115125,2026-07-04T12:45:06+00:00,data/models/risk_scores.parquet,0.1.0,E01005602,LSOA2021,England,IoD 2025,within,0.0,1,1,1,1,0,0,3.5,0.703,3868.0175085475253,1.6022412058355946
0F83951D-0E3B-4C4F-9E8E-F34FDA142301,32,99.96317415062961,urban_b_road,road_archetype,2665,risk_percentile,99.93240807155205,0.6590382158756256,3.8880970001220705,16,0,3,12913.1,0.169,B Road,B Road,other_urban,urban_b_road,Single Carriageway,B4145,False,False,False,False,False,False,Urban,Urban: Nearer to a major town or city,False,False,,-1.855577760554103,52.47440500025433,2026-07-04T12:45:06+00:00,data/models/risk_scores.parquet,0.1.0,E01009344,LSOA2021,England,IoD 2025,within,0.0,1,1,1,1,0,0,3.5,1.085,12903.510507534784,0.05284702869226866
B0331340-6E5E-4D3F-A47D-46FD754F8016,33,99.96198622000475,urban_b_road,road_archetype,2718,risk_percentile,99.93106333723983,0.6555025398731231,4.682254457473755,2,0,1,10093.5,1.204,B Road,B Road,other_urban,urban_b_road,Single Carriageway,B1280,False,False,False,False,False,False,Urban,Urban: Nearer to a major town or city,False,False,,-1.3863196283286245,54.74405364541902,2026-07-04T12:45:06+00:00,data/models/risk_scores.parquet,0.1.0,E01020761,LSOA2021,England,IoD 2025,within,0.0,1,2,1,1,0,0,3.5,0.108,119.21102870340974,1.1306687134362077
5AF7FB7F-EB03-44C8-B4F6-853A13D8D4B7,34,99.96079828937991,urban_b_road,road_archetype,2746,risk_percentile,99.93035291156545,0.6530294798314571,4.130431437492371,4,0,1,14173.4,0.226,B Road,B Road,other_urban,urban_b_road,Single Carriageway,B6219,False,False,False,False,False,False,Urban,Urban: Nearer to a major town or city,False,False,,-2.291590679882721,53.58673833470057,2026-07-04T12:45:06+00:00,data/models/risk_scores.parquet,0.1.0,E01005029,LSOA2021,England,IoD 2025,within,0.0,2,2,3,1,0,0,3.5,0.464,5309.796545535543,3.08256892545326
1C80925B-E0C4-4D71-84D1-DD26EAD0BD25,35,99.95961035875504,urban_b_road,road_archetype,2792,risk_percentile,99.92918578367183,0.6493736445903778,4.994712686538696,9,0,0,14661.5,0.39,B Road,B Road,other_urban,urban_b_road,Single Carriageway,B6178,False,False,False,False,False,False,Urban,Urban: Nearer to a major town or city,False,False,,-2.1804250602634796,53.45201626602531,2026-07-04T12:45:06+00:00,data/models/risk_scores.parquet,0.1.0,E01005195,LSOA2021,England,IoD 2025,within,0.0,1,1,1,1,0,0,3.5,0.8360000000000003,2305.222530179024,0.0939897948196479
A792640A-F529-42EA-9FA8-7FA688A6DDA7,36,99.9584224281302,urban_b_road,road_archetype,2814,risk_percentile,99.92862759207053,0.6468672633171082,3.7645785570144654,5,0,1,12123.0,0.226,B Road,B Road,other_urban,urban_b_road,Single Carriageway,B6222,False,False,False,False,False,False,Urban,Urban: Nearer to a major town or city,False,False,,-2.2794982708997886,53.597545122675285,2026-07-04T12:45:06+00:00,data/models/risk_scores.parquet,0.1.0,E01004959,LSOA2021,England,IoD 2025,within,0.0,1,1,2,1,0,0,3.5,0.531,6395.8888681821645,0.49779213686207796
92D3B238-3305-4774-A664-CEFEDFC8DC85,37,99.95723449750534,urban_b_road,road_archetype,2977,risk_percentile,99.92449189975183,0.6341576755046845,3.5266722202301026,13,0,3,9097.0,0.175,B Road,B Road,other_urban,urban_b_road,Single Carriageway,B6416,False,False,False,False,False,False,Urban,Urban: Nearer to a major town or city,False,False,,-1.102005371700169,52.636405571059306,2026-07-04T12:45:06+00:00,data/models/risk_scores.parquet,0.1.0,E01013662,LSOA2021,England,IoD 2025,within,0.0,3,3,6,1,0,0,4.0,0.616,5563.386373542043,0.01325058910086269
41DEEFD7-6694-48D1-BE6F-42883FF1C1B5,38,99.9560465668805,urban_b_road,road_archetype,3038,risk_percentile,99.92294418667551,0.6290924608707428,3.528899574279785,1,0,0,13354.3,0.113,B Road,B Road,other_urban,urban_b_road,Single Carriageway,B6187,False,False,False,False,False,False,Urban,Urban: Nearer to a major town or city,False,True,sparse collision history,-2.265217710150627,53.504287886119435,2026-07-04T12:45:06+00:00,data/models/risk_scores.parquet,0.1.0,E01005650,LSOA2021,England,IoD 2025,within,0.0,1,1,2,1,0,0,3.5,0.362,13394.747748112035,1.5962470898052474
004EE907-575D-49DA-936F-AEEEA05D8064,39,99.95485863625564,urban_b_road,road_archetype,3039,risk_percentile,99.92291881433,0.6290433287620545,1.9489237904548644,11,0,4,5173.7,0.088,B Road,B Road,other_urban,urban_b_road,Single Carriageway,B5117,False,False,False,False,False,False,Urban,Urban: Nearer to a major town or city,False,False,,-2.2252370912135135,53.455550183288054,2026-07-04T12:45:06+00:00,data/models/risk_scores.parquet,0.1.0,E01005284,LSOA2021,England,IoD 2025,within,0.0,3,7,9,1,0,0,3.0,0.412,20977.088377327997,2.809084927834399
002C8B09-3344-4D89-A26E-E7ADF573A7BC,40,99.9536707056308,urban_b_road,road_archetype,3122,risk_percentile,99.92081290965238,0.6230713605880738,4.8752141952514645,13,1,4,12615.7,1.306,B Road,B Road,other_urban,urban_b_road,Single Carriageway,B4114,False,False,False,False,False,False,Urban,Urban: Nearer to a major town or city,False,False,,-1.6958530889259384,52.50486858117417,2026-07-04T12:45:06+00:00,data/models/risk_scores.parquet,0.1.0,E01031021,LSOA2021,England,IoD 2025,within,0.0,4,5,4,1,0,0,3.0,0.7720000000000001,588.7365259003786,0.39847773808921894
FECB6FE2-602F-4236-85DF-8DE07174BA91,41,99.95248277500593,urban_b_road,road_archetype,3158,risk_percentile,99.91989950521389,0.6208266377449035,3.0787421226501466,2,0,1,12467.9,0.185,B Road,B Road,other_urban,urban_b_road,Single Carriageway,B4514,False,False,False,False,False,False,Urban,Urban: Nearer to a major town or city,False,False,,-1.8270618606494968,52.44199238878927,2026-07-04T12:45:06+00:00,data/models/risk_scores.parquet,0.1.0,E01009020,LSOA2021,England,IoD 2025,within,0.0,2,1,1,1,0,0,3.5,0.35100000000000003,7983.173864846093,0.04400170621769822
CD90671E-9919-4CB0-B557-2B828953C0C2,42,99.9512948443811,urban_b_road,road_archetype,3167,risk_percentile,99.91967115410428,0.6201277852058411,3.231703782081604,4,0,1,9976.6,0.195,B Road,B Road,other_urban,urban_b_road,Single Carriageway,B5179,False,False,False,False,False,False,Urban,Urban: Nearer to a major town or city,False,False,,-2.9253386640971715,53.40063677712814,2026-07-04T12:45:06+00:00,data/models/risk_scores.parquet,0.1.0,E01006727,LSOA2021,England,IoD 2025,within,0.0,3,4,3,1,0,0,3.5,0.9630000000000002,12180.575113794515,0.8903715853850303
D5FEB93C-1E2E-4075-B4F2-2C0D95B6E037,43,99.95010691375623,urban_b_road,road_archetype,3185,risk_percentile,99.91921445188503,0.6190721809864044,4.0851609945297245,0,0,0,14454.0,0.212,B Road,B Road,other_urban,urban_b_road,Single Carriageway,B4110,False,False,False,False,False,False,Urban,Urban: Nearer to a major town or city,False,True,sparse collision history,-1.5062965336269951,52.41701643150916,2026-07-04T12:45:06+00:00,data/models/risk_scores.parquet,0.1.0,E01009574,LSOA2021,England,IoD 2025,within,0.0,1,1,1,1,0,0,3.5,0.46799999999999997,2347.1035577462744,0.253352178327219
5644A010-D409-48A4-852B-14CCA2EE65FB,44,99.94891898313139,urban_b_road,road_archetype,3198,risk_percentile,99.91888461139335,0.6182394444942474,3.8920353412628175,16,0,1,14037.3,0.166,B Road,B Road,other_urban,urban_b_road,Single Carriageway,B4140,False,False,False,False,False,False,Urban,Urban: Nearer to a major town or city,False,False,,-1.8906661108070004,52.5089998423743,2026-07-04T12:45:06+00:00,data/models/risk_scores.parquet,0.1.0,E01009061,LSOA2021,England,IoD 2025,within,0.0,1,1,1,1,0,0,3.5,0.346,8534.801556892575,0.08926458609607167
442F0629-E5B1-4F67-B9A9-6BFA59E00A52,45,99.94773105250654,urban_b_road,road_archetype,3201,risk_percentile,99.91880849435681,0.6180082499980927,5.559891176223755,0,0,0,28590.8,0.339,B Road,B Road,other_urban,urban_b_road,Single Carriageway,B1307,False,False,False,False,False,False,Urban,Urban: Nearer to a major town or city,False,True,sparse collision history,-1.6083058270341548,54.966748704553055,2026-07-04T12:45:06+00:00,data/models/risk_scores.parquet,0.1.0,E01008166,LSOA2021,England,IoD 2025,nearest_fallback,36.342651659882556,3,5,4,1,0,0,2.0,0.147,1275.934488679652,1.3929099061420878
F23CC2CA-0A9E-42C4-9D8F-22853B90A3D1,46,99.94654312188167,urban_b_road,road_archetype,3209,risk_percentile,99.9186055155927,0.617533141374588,4.034996032714844,3,0,1,13628.4,0.226,B Road,B Road,other_urban,urban_b_road,Single Carriageway,B5219,False,False,False,False,False,False,Urban,Urban: Nearer to a major town or city,False,False,,-2.2567074287053757,53.45929483495127,2026-07-04T12:45:06+00:00,data/models/risk_scores.parquet,0.1.0,E01006109,LSOA2021,England,IoD 2025,within,0.0,1,1,1,1,0,0,3.5,0.704,4884.686759844407,0.35365643186354684
825326C6-3EC0-440D-A41B-6A962C8D0F40,47,99.94535519125684,urban_b_road,road_archetype,3258,risk_percentile,99.91736227066254,0.6150462985038757,5.105175161361695,9,0,2,14869.7,0.438,B Road,B Road,other_urban,urban_b_road,Single Carriageway,B6452,False,False,False,False,False,False,Urban,Urban: Nearer to a major town or city,False,False,,-2.180620633433707,53.614872858874236,2026-07-04T12:45:06+00:00,data/models/risk_scores.parquet,0.1.0,E01005592,LSOA2021,England,IoD 2025,within,0.0,1,1,1,1,0,0,3.5,0.632,1512.9802751087564,0.3402147108495047
29B56169-BC8D-4D70-97CF-F872A1AF7A78,48,99.94416726063197,urban_b_road,road_archetype,3281,risk_percentile,99.91677870671573,0.6132838129997253,3.6829099893569945,1,0,0,12842.3,0.157,B Road,B Road,other_urban,urban_b_road,Single Carriageway,B5046,False,False,False,False,False,False,Urban,Urban: Nearer to a major town or city,False,True,sparse collision history,-2.1894185875739565,53.01972732289418,2026-07-04T12:45:06+00:00,data/models/risk_scores.parquet,0.1.0,E01014281,LSOA2021,England,IoD 2025,within,0.0,1,1,2,1,0,0,3.5,0.40700000000000003,8002.523103180923,0.17135338596182811
7FBA7085-C243-453F-9F2E-E8F8AA1A9258,49,99.94297933000713,urban_b_road,road_archetype,3300,risk_percentile,99.91629663215097,0.6119475126266479,2.6971128940582276,2,0,0,10256.6,1.514,B Road,B Road,other_urban,urban_b_road,Single Carriageway,B692,False,False,False,False,False,False,Urban,Urban: Nearer to a major town or city,False,False,,-0.9708328554576564,52.95631595932317,2026-07-04T12:45:06+00:00,data/models/risk_scores.parquet,0.1.0,E01028360,LSOA2021,England,IoD 2025,within,0.0,9,7,8,1,0,0,3.0,0.059,928.9970111047502,0.026593176894007305
9DF236F0-8C73-4F41-828C-BE838D4F5ABE,50,99.94179139938227,urban_b_road,road_archetype,3344,risk_percentile,99.91518024894837,0.6092668890953064,3.462852668762207,6,0,0,11062.5,0.119,B Road,B Road,other_urban,urban_b_road,Single Carriageway,B4100,False,False,False,False,False,False,Urban,Urban: Nearer to a major town or city,False,False,,-1.8924345913426839,52.47983410808562,2026-07-04T12:45:06+00:00,data/models/risk_scores.parquet,0.1.0,E01033620,LSOA2021,England,IoD 2025,within,0.0,3,6,4,1,0,0,3.5,0.679,1411.8203348455659,1.237936379265477
3A679354-C0B6-45CE-8C05-E49795B20D04,51,99.94060346875743,urban_b_road,road_archetype,3357,risk_percentile,99.9148504084567,0.6085402429103851,3.192116951942444,6,0,1,11327.6,0.154,B Road,B Road,other_urban,urban_b_road,Single Carriageway,B6280,False,False,False,False,False,False,Urban,Urban: Nearer to a major town or city,False,False,,-1.537259516727841,54.52329146655896,2026-07-04T12:45:06+00:00,data/models/risk_scores.parquet,0.1.0,E01012304,LSOA2021,England,IoD 2025,within,0.0,1,1,1,1,0,0,3.5,0.8099999999999999,9774.407903398203,0.09588744363696866
158A06F0-CC2D-44C7-8260-338CB1064A97,52,99.93941553813256,urban_b_road,road_archetype,3382,risk_percentile,99.91421609981886,0.6070023059844971,3.9018771171569826,5,1,0,10822.4,0.211,B Road,B Road,other_urban,urban_b_road,Single Carriageway,B6186,False,False,False,False,False,False,Urban,Urban: Nearer to a major town or city,False,False,,-2.2774531212606424,53.49126311797756,2026-07-04T12:45:06+00:00,data/models/risk_scores.parquet,0.1.0,E01033981,LSOA2021,England,IoD 2025,within,0.0,3,5,6,1,0,0,3.5,0.27799999999999997,2928.7127469102384,1.5951307943915214
C071DAA9-8676-4579-B399-D1F3A3C9FE83,53,99.93822760750773,urban_b_road,road_archetype,3398,risk_percentile,99.91381014229064,0.6059833228588104,2.8276495218276976,6,0,1,11208.2,0.184,B Road,B Road,other_urban,urban_b_road,Single Carriageway,B6008,False,False,False,False,False,False,Urban,Urban: Nearer to a major town or city,False,False,,-1.206040038017677,52.98239872160877,2026-07-04T12:45:06+00:00,data/models/risk_scores.parquet,0.1.0,E01013825,LSOA2021,England,IoD 2025,within,0.0,2,1,2,1,0,0,3.5,0.388,6386.237959809915,0.1917223078042174
150055DB-7092-41A7-BA11-F03EB894211D,54,99.93703967688286,urban_b_road,road_archetype,3513,risk_percentile,99.9108923225566,0.599009844660759,3.1281524658203126,1,0,0,9158.9,0.148,B Road,B Road,other_urban,urban_b_road,Single Carriageway,B6192,False,False,False,False,False,False,Urban,Urban: Nearer to a major town or city,False,True,sparse collision history,-2.1235843617378865,53.528832220020746,2026-07-04T12:45:06+00:00,data/models/risk_scores.parquet,0.1.0,E01005435,LSOA2021,England,IoD 2025,within,0.0,1,1,2,1,0,0,4.0,0.406,7491.2710061155,1.018281048470011
A314C807-BDF4-4311-A301-84A667C69160,55,99.93585174625802,urban_b_road,road_archetype,3517,risk_percentile,99.91079083317454,0.5987823784351349,2.385370874404907,3,0,2,8660.2,0.191,B Road,B Road,other_urban,urban_b_road,Single Carriageway,B5136,False,False,False,False,False,False,Urban,Urban: Nearer to a major town or city,False,False,,-3.0035806710509276,53.368474258767165,2026-07-04T12:45:06+00:00,data/models/risk_scores.parquet,0.1.0,E01007290,LSOA2021,England,IoD 2025,within,0.0,1,1,1,1,0,0,3.5,0.937,6905.997547851396,2.539040538714706
D6EFABE0-B384-425A-9089-5BFE4258C4AF,56,99.93466381563316,urban_b_road,road_archetype,3542,risk_percentile,99.9101565245367,0.5974612712860108,3.708502459526062,6,0,2,11853.4,0.184,B Road,B Road,other_urban,urban_b_road,Single Carriageway,B686,False,False,False,False,False,False,Urban,Urban: Nearer to a major town or city,False,False,,-1.1335756053043617,52.95571405341933,2026-07-04T12:45:06+00:00,data/models/risk_scores.parquet,0.1.0,E01035500,LSOA2021,England,IoD 2025,within,0.0,3,4,5,1,0,0,3.5,0.261,1573.0076789794734,0.17315171827255346
40ACB57A-34B6-4CC1-9A4A-DC881954933F,57,99.93347588500832,urban_b_road,road_archetype,3571,risk_percentile,99.90942072651681,0.5961532533168793,5.774053716659546,12,0,2,14435.7,0.661,B Road,B Road,other_urban,urban_b_road,Single Carriageway,B5178,False,False,False,False,False,False,Urban,Urban: Nearer to a major town or city,False,False,,-2.866082370481647,53.39589760130612,2026-07-04T12:45:06+00:00,data/models/risk_scores.parquet,0.1.0,E01006770,LSOA2021,England,IoD 2025,within,0.0,2,2,2,1,0,0,3.5,1.4669999999999999,4141.892958627292,0.5797492590619711
91C22F5A-3A4A-4B2A-B1CF-22698BA28BEE,58,99.93228795438345,urban_b_road,road_archetype,3589,risk_percentile,99.90896402429757,0.595218551158905,3.2998472929000853,0,0,0,11911.8,0.174,B Road,B Road,other_urban,urban_b_road,Single Carriageway,B1272,False,False,False,False,False,False,Urban,Urban: Nearer to a major town or city,False,True,sparse collision history,-1.2271505766135196,54.57218443069621,2026-07-04T12:45:06+00:00,data/models/risk_scores.parquet,0.1.0,E01035190,LSOA2021,England,IoD 2025,within,0.0,1,1,1,1,0,0,3.5,0.729,7858.918065984402,0.3762380389012386
106A4660-14DB-4987-99D6-C6BD3BDB3FA9,59,99.93110002375862,urban_b_road,road_archetype,3595,risk_percentile,99.90881179022449,0.594885578751564,3.563263750076294,3,0,1,9544.2,0.167,B Road,B Road,other_urban,urban_b_road,Single Carriageway,B6388,False,False,False,False,False,False,Urban,Urban: Nearer to a major town or city,False,False,,-1.4689183114641189,53.36504877165923,2026-07-04T12:45:06+00:00,data/models/risk_scores.parquet,0.1.0,E01008108,LSOA2021,England,IoD 2025,within,0.0,3,4,5,1,0,0,4.0,0.0,2740.238157403975,0.5539300560148228
87538679-541B-494D-B869-04D6F09EB687,60,99.92991209313377,urban_b_road,road_archetype,3639,risk_percentile,99.9076954070219,0.5926583170890808,4.089880967140198,4,0,1,13736.8,1.058,B Road,B Road,other_urban,urban_b_road,Single Carriageway,B5253,False,False,False,False,False,False,Urban,Urban: Nearer to a major town or city,False,False,,-2.7209846737113472,53.69642882162764,2026-07-04T12:45:06+00:00,data/models/risk_scores.parquet,0.1.0,E01025415,LSOA2021,England,IoD 2025,within,0.0,5,6,4,1,0,0,2.5,1.463,3172.728257496539,0.17536223760663744
F8D2AA66-33B2-49D5-A8CC-24CB236065A6,61,99.92872416250891,urban_b_road,road_archetype,3653,risk_percentile,99.90734019418471,0.5917888760566712,4.674684977531433,0,0,0,10150.2,0.12,B Road,B Road,other_urban,urban_b_road,Collapsed Dual Carriageway,B5093,False,False,True,True,False,False,Urban,Urban: Nearer to a major town or city,False,True,sparse collision history,-2.2176140821245203,53.442496991745365,2026-07-04T12:45:06+00:00,data/models/risk_scores.parquet,0.1.0,E01005185,LSOA2021,England,IoD 2025,within,0.0,4,10,10,1,0,0,3.5,0.0,7104.493101112028,2.1941347022458055
21FD2773-B8B9-4B41-B687-2539D64DE10F,62,99.92753623188406,urban_b_road,road_archetype,3795,risk_percentile,99.90373732112178,0.5837002635002136,4.675581455230713,1,0,0,14603.9,0.759,B Road,B Road,other_urban,urban_b_road,Single Carriageway,B6057,False,False,False,False,False,False,Urban,Urban: Nearer to a major town or city,False,True,sparse collision history,-1.4689579658048926,53.31797478247889,2026-07-04T12:45:06+00:00,data/models/risk_scores.parquet,0.1.0,E01008081,LSOA2021,England,IoD 2025,within,0.0,1,1,1,1,0,0,3.0,0.062,2380.5164418112363,0.060017148696595926
9896608A-26DD-462A-B2BF-B0DBC781D13B,63,99.92634830125921,urban_b_road,road_archetype,3862,risk_percentile,99.90203737397239,0.5806081861257553,3.5912411212921143,5,0,0,16771.7,0.126,B Road,B Road,other_urban,urban_b_road,Single Carriageway,B4145,False,False,False,False,False,False,Urban,Urban: Nearer to a major town or city,False,False,,-1.8576974874898784,52.468761178025595,2026-07-04T12:45:06+00:00,data/models/risk_scores.parquet,0.1.0,E01009380,LSOA2021,England,IoD 2025,within,0.0,1,1,1,1,0,0,3.0,0.394,14378.149746803872,1.2664101811864923
1AAB54E9-7AC5-4DEA-B49B-EE17A56E69A1,64,99.92516037063436,urban_b_road,road_archetype,3865,risk_percentile,99.90196125693585,0.5805448591709137,3.882115364074707,6,0,3,15987.3,0.175,B Road,B Road,other_urban,urban_b_road,Single Carriageway,B4128,False,False,False,False,False,False,Urban,Urban: Nearer to a major town or city,False,False,,-1.8376138091579124,52.47960221758387,2026-07-04T12:45:06+00:00,data/models/risk_scores.parquet,0.1.0,E01009197,LSOA2021,England,IoD 2025,within,0.0,1,1,2,1,0,0,3.0,2.0250000000000004,6888.193397428254,1.008340828063585
7D544622-2192-43F7-AB45-968D88F0FD39,65,99.9239724400095,urban_b_road,road_archetype,3876,risk_percentile,99.9016821611352,0.5799790501594544,3.7786112785339356,4,0,0,8489.7,0.114,B Road,B Road,other_urban,urban_b_road,Single Carriageway,B6416,False,False,False,False,False,False,Urban,Urban: Nearer to a major town or city,False,False,,-1.1008305662006441,52.637488955855304,2026-07-04T12:45:06+00:00,data/models/risk_scores.parquet,0.1.0,E01013658,LSOA2021,England,IoD 2025,within,0.0,2,3,7,1,0,0,4.0,0.502,11915.819705977307,0.009335172573021478
6ABD4772-B35D-47DC-B12B-60967B706EAD,66,99.92278450938466,urban_b_road,road_archetype,3893,risk_percentile,99.90125083126146,0.5790209889411926,3.598568296432495,1,0,0,11793.0,0.141,B Road,B Road,other_urban,urban_b_road,Single Carriageway,B4145,False,False,False,False,False,False,Urban,Urban: Nearer to a major town or city,False,True,sparse collision history,-1.8573012390915717,52.48530481775634,2026-07-04T12:45:06+00:00,data/models/risk_scores.parquet,0.1.0,E01009192,LSOA2021,England,IoD 2025,within,0.0,1,1,2,1,0,0,3.5,1.125,15349.246401849936,0.018215850582447943
135F88F1-27AC-413C-95C8-90DA35C277EF,67,99.9215965787598,urban_b_road,road_archetype,3895,risk_percentile,99.90120008657044,0.578935170173645,3.1623555421829224,0,0,0,10615.9,0.169,B Road,B Road,other_urban,urban_b_road,Single Carriageway,B1405,False,False,False,False,False,False,Urban,Urban: Nearer to a major town or city,False,True,sparse collision history,-1.4278497961033891,54.90535348168257,2026-07-04T12:45:06+00:00,data/models/risk_scores.parquet,0.1.0,E01008762,LSOA2021,England,IoD 2025,within,0.0,1,1,1,1,0,0,3.5,1.1140000000000003,11253.869031457003,0.020345326111016596
33D5E262-9BF7-4BDB-B084-4EADD9A6E365,68,99.92040864813495,urban_b_road,road_archetype,3899,risk_percentile,99.9010985971884,0.5788245439529419,4.2779943466186525,20,0,6,12135.9,0.721,B Road,B Road,other_urban,urban_b_road,Single Carriageway,B573,False,False,False,False,False,False,Urban,Urban: Nearer to a major town or city,False,False,,-0.6788283650151102,52.29267991974374,2026-07-04T12:45:06+00:00,data/models/risk_scores.parquet,0.1.0,E01027314,LSOA2021,England,IoD 2025,within,0.0,2,3,4,1,0,0,3.0,0.0,1035.888704874724,2.035765836486085
C814E0A4-EC6D-46F0-A864-6496CA080299,69,99.91922071751009,urban_b_road,road_archetype,3904,risk_percentile,99.90097173546081,0.5787283718585968,5.789859819412231,11,1,3,15627.0,0.755,B Road,B Road,other_urban,urban_b_road,Single Carriageway,B6157,False,False,False,False,False,False,Urban,Urban: Nearer to a major town or city,False,False,,-1.6121368492522647,53.81743831859137,2026-07-04T12:45:06+00:00,data/models/risk_scores.parquet,0.1.0,E01011324,LSOA2021,England,IoD 2025,within,0.0,1,2,2,1,0,0,3.0,0.35100000000000003,1769.6621925519385,0.10181474736000111
6330DE26-993B-4F30-8831-7D6C70A2987D,70,99.91803278688525,urban_b_road,road_archetype,3968,risk_percentile,99.89934790534795,0.5750032097101212,3.0280792236328127,4,0,0,12358.1,0.133,B Road,B Road,other_urban,urban_b_road,Single Carriageway,B6144,False,False,False,False,False,False,Urban,Urban: Nearer to a major town or city,False,False,,-1.7712949678766408,53.80114491880214,2026-07-04T12:45:06+00:00,data/models/risk_scores.parquet,0.1.0,E01010843,LSOA2021,England,IoD 2025,within,0.0,1,1,1,1,0,0,3.5,0.354,6191.830905194645,1.9226695570379022
33238C50-E741-47F4-858E-08289140D178,71,99.91684485626038,urban_b_road,road_archetype,3972,risk_percentile,99.8992464159659,0.57485910654068,4.092634510993958,16,0,7,12232.3,0.401,B Road,B Road,other_urban,urban_b_road,Single Carriageway,B5117,False,False,False,False,False,False,Urban,Urban: Nearer to a major town or city,False,False,,-2.2342055980728786,53.46680631835668,2026-07-04T12:45:06+00:00,data/models/risk_scores.parquet,0.1.0,E01034115,LSOA2021,England,IoD 2025,within,0.0,4,4,6,1,0,0,3.5,0.22299999999999998,2517.096118021991,2.846024167890415
D793129E-2C15-48A8-B474-7A4BE56FB87A,72,99.91565692563555,urban_b_road,road_archetype,4006,risk_percentile,99.89838375621845,0.5732954114675521,3.2849068641662598,3,0,1,11015.0,0.178,B Road,B Road,other_urban,urban_b_road,Single Carriageway,B6190,False,False,False,False,False,False,Urban,Urban: Nearer to a major town or city,False,False,,-2.1432074070668583,53.530562889411,2026-07-04T12:45:06+00:00,data/models/risk_scores.parquet,0.1.0,E01005342,LSOA2021,England,IoD 2025,within,0.0,1,1,2,1,0,0,3.5,0.597,8477.926040685954,0.33266497346651674
BCF32AA1-2F03-4201-B8A8-BF2C125D3939,73,99.9144689950107,urban_b_road,road_archetype,4024,risk_percentile,99.8979270539992,0.5724933803081512,4.57748167514801,6,0,0,11651.7,0.335,B Road,B Road,other_urban,urban_b_road,Single Carriageway,B5175,False,False,False,False,False,False,Urban,Urban: Nearer to a major town or city,False,False,,-2.9470465140183992,53.38921859866821,2026-07-04T12:45:06+00:00,data/models/risk_scores.parquet,0.1.0,E01006549,LSOA2021,England,IoD 2025,within,0.0,1,2,2,1,0,0,3.5,0.087,9353.051078865974,0.04508899770940552
D51060FB-1796-4A86-9364-0786EFBAB10F,74,99.91328106438584,urban_b_road,road_archetype,4044,risk_percentile,99.89741960708893,0.5715812295675278,3.4662424087524415,1,0,0,10807.6,0.906,B Road,B Road,other_urban,urban_b_road,Single Carriageway,B6419,False,False,False,False,False,False,Urban,Urban: Nearer to a major town or city,False,True,sparse collision history,-1.3294091482448993,53.28653591709259,2026-07-04T12:45:06+00:00,data/models/risk_scores.parquet,0.1.0,E01019563,LSOA2021,England,IoD 2025,within,0.0,1,1,1,1,0,0,3.0,0.9,191.21354108827978,2.056678002289126
D8B124A9-ACA6-425F-85EB-5F8145008924,75,99.91209313376099,urban_b_road,road_archetype,4050,risk_percentile,99.89726737301585,0.5713429778814316,3.019463872909546,17,1,0,11609.0,0.146,B Road,B Road,other_urban,urban_b_road,Single Carriageway,B4210,False,False,False,False,False,False,Urban,Urban: Nearer to a major town or city,False,False,,-1.995377480866344,52.60863240811832,2026-07-04T12:45:06+00:00,data/models/risk_scores.parquet,0.1.0,E01010272,LSOA2021,England,IoD 2025,within,0.0,1,1,1,1,0,0,3.5,0.33699999999999997,8080.807872802994,1.0239250295962192
258B431E-2153-48EF-AA71-0D48E3D2D35A,76,99.91090520313614,urban_b_road,road_archetype,4077,risk_percentile,99.89658231968698,0.5700105547904968,3.1070272445678713,3,0,1,12692.3,0.158,B Road,B Road,other_urban,urban_b_road,Single Carriageway,B5136,False,False,False,False,False,False,Urban,Urban: Nearer to a major town or city,False,False,,-3.0067681401980697,53.372276297210675,2026-07-04T12:45:06+00:00,data/models/risk_scores.parquet,0.1.0,E01007290,LSOA2021,England,IoD 2025,within,0.0,1,1,1,1,0,0,3.5,0.48100000000000004,1731.8327209523543,2.5382554740790466
1A3FA16B-3774-4F0D-A5AD-5C74A882D257,77,99.90971727251129,urban_b_road,road_archetype,4112,risk_percentile,99.89569428759401,0.5687917292118072,3.129376935958862,5,1,1,11562.9,0.14,B Road,B Road,other_urban,urban_b_road,Single Carriageway,B4515,False,False,False,False,False,False,Urban,Urban: Nearer to a major town or city,False,False,,-1.9028723880844116,52.500889823237124,2026-07-04T12:45:06+00:00,data/models/risk_scores.parquet,0.1.0,E01034925,LSOA2021,England,IoD 2025,within,0.0,1,1,2,1,0,0,3.5,0.38,6325.802114083869,0.49852064900088555
811C44E1-AE59-4442-8C77-543EC72070D5,78,99.90852934188644,urban_b_road,road_archetype,4132,risk_percentile,99.89518684068375,0.5678612753748894,3.0014505863189695,5,0,0,11626.1,0.101,B Road,B Road,other_urban,urban_b_road,Single Carriageway,B4144,False,False,False,False,False,False,Urban,Urban: Nearer to a major town or city,False,False,,-1.9095055919786719,52.50298388494934,2026-07-04T12:45:06+00:00,data/models/risk_scores.parquet,0.1.0,E01008905,LSOA2021,England,IoD 2025,within,0.0,1,1,1,1,0,0,3.5,0.5619999999999999,15226.146801353794,0.725795869527186
BEB9F71B-281A-4B67-BA94-689D1E119FC5,79,99.90734141126158,urban_b_road,road_archetype,4162,risk_percentile,99.89442567031834,0.5660509675741195,2.9058183431625366,4,0,0,11694.4,0.087,B Road,B Road,other_urban,urban_b_road,Single Carriageway,B4144,False,False,False,False,False,False,Urban,Urban: Nearer to a major town or city,False,False,,-1.9111554708114225,52.5030076297129,2026-07-04T12:45:06+00:00,data/models/risk_scores.parquet,0.1.0,E01008905,LSOA2021,England,IoD 2025,within,0.0,1,1,1,1,0,0,3.5,0.6809999999999999,15226.146801353794,0.7260954314619524
B73ECFB5-30BD-4DFA-8CA0-22A847DD0A32,80,99.90615348063673,urban_b_road,road_archetype,4188,risk_percentile,99.893765989335,0.5650831371545791,4.2628191947937015,1,0,0,12920.7,0.309,B Road,B Road,other_urban,urban_b_road,Single Carriageway,B1274,False,False,False,False,False,False,Urban,Urban: Nearer to a major town or city,False,True,sparse collision history,-1.3395296761206401,54.59338363443724,2026-07-04T12:45:06+00:00,data/models/risk_scores.parquet,0.1.0,E01012273,LSOA2021,England,IoD 2025,within,0.0,1,1,1,1,0,0,3.5,0.6299999999999999,6201.034170176074,0.1472188547528317
A3674870-DFCF-4F89-846F-AE43CB68A33A,81,99.90496555001188,urban_b_road,road_archetype,4202,risk_percentile,99.8934107764978,0.5644305348396301,2.4462371468544006,2,0,1,5826.7,0.151,B Road,B Road,other_urban,urban_b_road,Single Carriageway,B4544,False,False,False,False,False,False,Urban,Urban: Nearer to a major town or city,False,False,,-1.503903444467297,52.40745323813754,2026-07-04T12:45:06+00:00,data/models/risk_scores.parquet,0.1.0,E01034744,LSOA2021,England,IoD 2025,within,0.0,3,6,7,1,0,0,3.5,0.147,8781.33286693271,0.007116197583960142
C05A3867-454A-44E4-AA90-4A11FE737C80,82,99.90377761938703,urban_b_road,road_archetype,4246,risk_percentile,99.8922943932952,0.5620982438325882,3.710826277732849,1,0,0,10363.1,0.157,B Road,B Road,other_urban,urban_b_road,Single Carriageway,B6191,False,False,False,False,False,False,Urban,Urban: Nearer to a major town or city,False,True,sparse collision history,-2.133443204889725,53.53473029521588,2026-07-04T12:45:06+00:00,data/models/risk_scores.parquet,0.1.0,E01034232,LSOA2021,England,IoD 2025,within,0.0,1,1,1,1,0,0,4.0,0.066,15475.361230109875,0.31983857018548234
E1918915-0856-4E7E-ABAC-75F512DCA9F4,83,99.90258968876218,urban_b_road,road_archetype,4292,risk_percentile,99.89112726540158,0.5603787541389466,4.258681988716125,0,0,0,15003.7,0.864,B Road,B Road,other_urban,urban_b_road,Collapsed Dual Carriageway,B4034,False,False,False,True,False,False,Urban,Urban: Nearer to a major town or city,False,True,sparse collision history,-0.7482744927571421,52.04575300041737,2026-07-04T12:45:06+00:00,data/models/risk_scores.parquet,0.1.0,E01033499,LSOA2021,England,IoD 2025,within,0.0,2,3,2,1,0,0,3.0,0.0,1515.0009030549236,0.5625668815769533
6993EEC2-CF93-4A71-8E07-E1B812623B04,84,99.90140175813733,urban_b_road,road_archetype,4300,risk_percentile,99.89092428663747,0.560093654692173,3.249426770210266,7,0,1,13043.3,0.081,B Road,B Road,other_urban,urban_b_road,Single Carriageway,B4145,False,False,False,False,False,False,Urban,Urban: Nearer to a major town or city,False,False,,-1.8565183744493008,52.4763445649675,2026-07-04T12:45:06+00:00,data/models/risk_scores.parquet,0.1.0,E01009344,LSOA2021,England,IoD 2025,within,0.0,1,1,1,1,0,0,3.5,1.2730000000000001,15808.146564003271,0.6547236113651995
9E7F38A3-204D-421B-8B6E-FCB6D5BB0533,85,99.90021382751247,urban_b_road,road_archetype,4331,risk_percentile,99.89013774392656,0.5586562693119049,3.7473079919815064,0,0,0,15889.6,0.408,B Road,B Road,other_urban,urban_b_road,Single Carriageway,B6902,False,False,True,False,False,False,Urban,Urban: Nearer to a major town or city,False,True,sparse collision history,-1.4608415511202086,53.82919344411146,2026-07-04T12:45:06+00:00,data/models/risk_scores.parquet,0.1.0,E01011657,LSOA2021,England,IoD 2025,within,0.0,1,1,1,1,0,0,2.5,0.557,1503.5601119473843,0.3705926898771042
7B0509F0-8331-4F2C-AF18-B2E8211A4D06,86,99.89902589688762,urban_b_road,road_archetype,4355,risk_percentile,99.88952880763424,0.5574187874794007,3.8719342708587647,1,0,0,12669.2,0.289,B Road,B Road,other_urban,urban_b_road,Single Carriageway,B4146,False,False,False,False,False,False,Urban,Urban: Nearer to a major town or city,False,True,sparse collision history,-1.8183949165864148,52.45793408567894,2026-07-04T12:45:06+00:00,data/models/risk_scores.parquet,0.1.0,E01008887,LSOA2021,England,IoD 2025,within,0.0,1,1,1,1,0,0,3.5,0.0,2641.1193983809894,0.1696593299925023
88176125-FC59-4F48-B471-CE6A2EBB3BFB,87,99.89783796626277,urban_b_road,road_archetype,4360,risk_percentile,99.88940194590667,0.5571996629238128,4.432081794738769,4,0,1,14748.8,0.413,B Road,B Road,other_urban,urban_b_road,Single Carriageway,B4137,False,False,False,False,False,False,Urban,Urban: Nearer to a major town or city,False,False,,-1.883319028722388,52.50890503469877,2026-07-04T12:45:06+00:00,data/models/risk_scores.parquet,0.1.0,E01008916,LSOA2021,England,IoD 2025,within,0.0,1,1,1,1,0,0,3.0,0.182,13250.217313643481,0.09598489634643838
FBF45993-9241-41D4-9281-514F4F808D7D,88,99.89665003563792,urban_b_road,road_archetype,4361,risk_percentile,99.88937657356115,0.5571718782186508,3.555626726150513,6,0,2,8228.3,0.302,B Road,B Road,other_urban,urban_b_road,Single Carriageway,B6070,False,False,False,False,False,False,Urban,Urban: Nearer to a major town or city,False,False,,-1.449338581566157,53.37547671130157,2026-07-04T12:45:06+00:00,data/models/risk_scores.parquet,0.1.0,E01007879,LSOA2021,England,IoD 2025,within,0.0,3,4,4,1,0,0,4.0,0.208,5891.071258934776,1.3454011441090061
AF43ACBF-178F-42AA-9466-87DE93B13708,89,99.89546210501307,urban_b_road,road_archetype,4470,risk_percentile,99.88661098790018,0.553030502796173,2.7554407119750977,9,0,1,10600.8,0.181,B Road,B Road,other_urban,urban_b_road,Single Carriageway,B4126,False,False,False,False,False,False,Urban,Urban: Nearer to a major town or city,False,False,,-1.936737913271178,52.48581475051196,2026-07-04T12:45:06+00:00,data/models/risk_scores.parquet,0.1.0,E01009153,LSOA2021,England,IoD 2025,within,0.0,1,1,1,1,0,0,3.5,0.0,1913.692014743126,0.877051843083073
AEC92504-E217-4C41-933A-C1669A420072,90,99.89427417438822,urban_b_road,road_archetype,4474,risk_percentile,99.88650949851812,0.5528307225555181,4.102157497406006,3,0,1,13544.9,0.217,B Road,B Road,other_urban,urban_b_road,Single Carriageway,B6157,False,False,False,False,False,False,Urban,Urban: Nearer to a major town or city,False,False,,-1.5972390674987176,53.81685166484437,2026-07-04T12:45:06+00:00,data/models/risk_scores.parquet,0.1.0,E01011477,LSOA2021,England,IoD 2025,within,0.0,3,3,4,1,0,0,3.5,0.23900000000000002,7544.805971811486,0.15626087313812878
714CCC3F-4BF5-4978-A5F8-0CC992FCCBFD,91,99.89308624376336,urban_b_road,road_archetype,4520,risk_percentile,99.88534237062451,0.5505965068936348,3.7711995601654054,0,0,0,12929.8,0.216,B Road,B Road,other_urban,urban_b_road,Single Carriageway,B6532,False,False,False,False,False,False,Urban,Urban: Nearer to a major town or city,False,True,sparse collision history,-1.6865976237969509,54.86388479546055,2026-07-04T12:45:06+00:00,data/models/risk_scores.parquet,0.1.0,E01020673,LSOA2021,England,IoD 2025,within,0.0,1,1,1,1,0,0,3.5,0.77,3745.668730306431,0.18000418273920574
8EBDBE44-48F7-49BF-BF33-DD1195F0EBF2,92,99.89189831313851,urban_b_road,road_archetype,4598,risk_percentile,99.88336332767446,0.5476204872131347,3.180865025520325,2,0,0,11561.5,0.142,B Road,B Road,other_urban,urban_b_road,Single Carriageway,B6178,False,False,False,False,False,False,Urban,Urban: Nearer to a major town or city,False,False,,-2.181051344038693,53.45437067231841,2026-07-04T12:45:06+00:00,data/models/risk_scores.parquet,0.1.0,E01005198,LSOA2021,England,IoD 2025,within,0.0,1,1,1,1,0,0,3.5,0.8810000000000001,9695.955982774689,0.06808933101013641
8A618CDE-C674-42E4-ACC6-4AD192044E1D,93,99.89071038251366,urban_b_road,road_archetype,4623,risk_percentile,99.88272901903662,0.5465998262166977,2.8255767583847047,0,0,0,11239.3,0.125,B Road,B Road,other_urban,urban_b_road,Single Carriageway,B1296,False,False,False,False,False,False,Urban,Urban: Nearer to a major town or city,False,True,sparse collision history,-1.5888456825474386,54.94177073923335,2026-07-04T12:45:06+00:00,data/models/risk_scores.parquet,0.1.0,E01008201,LSOA2021,England,IoD 2025,within,0.0,1,1,1,1,0,0,3.5,0.751,7140.311491226499,1.188762830171889
78D40142-5CCD-4E92-AD65-19007AF097FF,94,99.88952245188881,urban_b_road,road_archetype,4635,risk_percentile,99.88242455089046,0.545920318365097,3.7053645610809327,2,0,0,12844.2,0.218,B Road,B Road,other_urban,urban_b_road,Single Carriageway,B6154,False,False,False,False,False,False,Urban,Urban: Nearer to a major town or city,False,False,,-1.6315666681999048,53.79830902533111,2026-07-04T12:45:06+00:00,data/models/risk_scores.parquet,0.1.0,E01011608,LSOA2021,England,IoD 2025,within,0.0,3,3,4,1,0,0,3.5,0.133,3002.040256362642,0.09302967172670508
4970FECF-14C4-4F0D-B8B2-19946A814703,95,99.88833452126396,urban_b_road,road_archetype,4648,risk_percentile,99.88209471039879,0.5455980956554413,2.8364333152770995,2,0,1,10863.3,0.17,B Road,B Road,other_urban,urban_b_road,Single Carriageway,B6086,False,False,False,False,False,False,Urban,Urban: Nearer to a major town or city,False,False,,-1.4422890219695872,53.42731124466588,2026-07-04T12:45:06+00:00,data/models/risk_scores.parquet,0.1.0,E01007857,LSOA2021,England,IoD 2025,within,0.0,2,2,1,1,0,0,3.5,1.1219999999999999,7027.67275362588,1.084480622586583
E5187277-5764-480E-B09B-0846200D0450,96,99.8871465906391,urban_b_road,road_archetype,4665,risk_percentile,99.88166338052505,0.544692462682724,3.435511898994446,1,0,0,12079.7,0.198,B Road,B Road,other_urban,urban_b_road,Single Carriageway,B1376,False,False,False,False,False,False,Urban,Urban: Nearer to a major town or city,False,True,sparse collision history,-1.216682758887097,54.6908672676583,2026-07-04T12:45:06+00:00,data/models/risk_scores.parquet,0.1.0,E01011974,LSOA2021,England,IoD 2025,within,0.0,1,1,1,1,0,0,3.5,0.39,4596.4485394157955,0.06674577591715822
02DC8A61-9319-4A82-844E-1C83B7518017,97,99.88595866001425,urban_b_road,road_archetype,4694,risk_percentile,99.88092758250517,0.5435643643140793,3.659903621673584,1,0,0,11438.5,0.298,B Road,B Road,other_urban,urban_b_road,Single Carriageway,B6377,False,False,False,False,False,False,Urban,Urban: Nearer to a major town or city,False,True,sparse collision history,-2.165092681905895,53.62221627965032,2026-07-04T12:45:06+00:00,data/models/risk_scores.parquet,0.1.0,E01005483,LSOA2021,England,IoD 2025,within,0.0,1,1,1,1,0,0,3.5,0.24999999999999997,5945.764785847635,0.25145314160231474
54F5A841-7995-4729-B123-4AD49CE45618,98,99.8847707293894,urban_b_road,road_archetype,4719,risk_percentile,99.88029327386732,0.5426247481256723,4.397722864151001,2,0,0,12260.1,0.218,B Road,B Road,other_urban,urban_b_road,Single Carriageway,B6532,False,False,False,False,False,False,Urban,Urban: Nearer to a major town or city,False,False,,-1.6961258641783534,54.86695295927253,2026-07-04T12:45:06+00:00,data/models/risk_scores.parquet,0.1.0,E01020675,LSOA2021,England,IoD 2025,within,0.0,2,2,2,1,0,0,4.0,0.043,5947.872146896073,0.14437347329552933
3361F178-804B-4E17-B084-487C0296FB00,99,99.88358279876455,urban_b_road,road_archetype,4721,risk_percentile,99.8802425291763,0.5423223286867142,3.319920468330383,4,0,0,10065.1,0.237,B Road,B Road,other_urban,urban_b_road,Single Carriageway,B6180,False,False,False,False,False,False,Urban,Urban: Nearer to a major town or city,False,False,,-2.2444823422370797,53.50286212159986,2026-07-04T12:45:06+00:00,data/models/risk_scores.parquet,0.1.0,E01005147,LSOA2021,England,IoD 2025,within,0.0,1,1,2,1,0,0,3.5,0.039,10953.354618104775,0.02183837354464967
52FD4847-E4E3-494E-A9E6-7D8D083F38C1,100,99.8823948681397,urban_b_road,road_archetype,4764,risk_percentile,99.8791515183192,0.540530589222908,2.247347152233124,11,0,3,8856.5,0.14,B Road,B Road,other_urban,urban_b_road,Single Carriageway,B4515,False,False,False,False,False,False,Urban,Urban: Nearer to a major town or city,False,False,,-1.8967939941871603,52.49925130043978,2026-07-04T12:45:06+00:00,data/models/risk_scores.parquet,0.1.0,E01008913,LSOA2021,England,IoD 2025,within,0.0,1,1,1,1,0,0,3.5,0.0,9321.630075223611,1.5624044968562187
0AFF5EE0-3267-43D0-9EC5-CA6119303BE6,1,100.0,urban_minor,road_archetype,306,risk_percentile,99.99226143461838,2.293016242980957,1.91665176153183,23,0,4,2945.7,3.048,Classified Unnumbered,Minor Road,other_urban,urban_minor,Single Carriageway,,False,False,False,False,False,False,Urban,Urban: Nearer to a major town or city,False,False,,-3.025615796607424,53.79344732862951,2026-07-04T12:45:06+00:00,data/models/risk_scores.parquet,0.1.0,E01012697,LSOA2021,England,IoD 2025,within,0.0,2,3,2,1,0,0,3.0,0.04,3581.096753170928,0.056521663816665735
D07D145D-DA08-46CC-B1BB-B0687BCE2F08,2,99.9999539822178,urban_minor,road_archetype,953,risk_percentile,99.97584552707114,1.0188135504722595,0.7571973860263824,0,0,0,982.6,0.113,Classified Unnumbered,Local Road,other_urban,urban_minor,Single Carriageway,,False,False,False,False,False,False,Urban,Urban: Nearer to a major town or city,False,True,sparse collision history,-1.468026061840734,53.37526027727089,2026-07-04T12:45:06+00:00,data/models/risk_scores.parquet,0.1.0,E01033274,LSOA2021,England,IoD 2025,within,0.0,4,10,10,1,0,0,3.5,0.0,25113.277575904645,1.379681060789351
EAF1B83D-85E9-4640-B71B-197430F13013,3,99.99990796443562,urban_minor,road_archetype,961,risk_percentile,99.97564254830704,1.0148638248443604,0.8294006586074829,6,0,0,1264.0,0.147,Classified Unnumbered,Minor Road,other_urban,urban_minor,Single Carriageway,,False,False,False,False,False,False,Urban,Urban: Nearer to a major town or city,False,False,,-1.5030674345991282,52.406697992328105,2026-07-04T12:45:06+00:00,data/models/risk_scores.parquet,0.1.0,E01034741,LSOA2021,England,IoD 2025,within,0.0,2,5,7,1,0,0,4.0,0.0,5512.913411538407,0.12056822424591193
7F0067FA-4223-4859-BE59-4828D208010D,4,99.99986194665343,urban_minor,road_archetype,1098,risk_percentile,99.9721665369717,0.9416614174842834,1.984628975391388,9,1,3,4327.1,1.53,Classified Unnumbered,Minor Road,other_urban,urban_minor,Single Carriageway,,False,False,False,False,False,False,Urban,Urban: Nearer to a major town or city,False,False,,-1.4267321997730047,53.433705091735895,2026-07-04T12:45:06+00:00,data/models/risk_scores.parquet,0.1.0,E01007856,LSOA2021,England,IoD 2025,within,0.0,1,1,1,1,0,0,3.0,0.8839999999999999,863.1608512194349,1.0908371247929682
A8CCA6AC-F78F-49DC-853E-375412122097,5,99.99981592887124,urban_minor,road_archetype,1141,risk_percentile,99.97107552611462,0.9189681708812714,0.7611572265625,1,0,1,1371.3,0.151,Classified Unnumbered,Minor Road,other_urban,urban_minor,Single Carriageway,,False,False,False,False,False,False,Urban,Urban: Nearer to a major town or city,False,True,sparse collision history,-2.243369364054006,53.475858677501115,2026-07-04T12:45:06+00:00,data/models/risk_scores.parquet,0.1.0,E01033677,LSOA2021,England,IoD 2025,within,0.0,5,10,10,1,0,0,3.5,0.0,2669.192125453077,3.052981475794013
FB0EF761-2FA3-486A-9B60-226D92C96C15,6,99.99976991108905,urban_minor,road_archetype,1208,risk_percentile,99.96937557896521,0.8933813571929932,1.3038686871528626,4,0,0,2073.5,0.195,Classified Unnumbered,Minor Road,other_urban,urban_minor,Single Carriageway,,False,False,False,False,False,False,Urban,Urban: Nearer to a major town or city,False,False,,-1.1563616275062165,52.626876995236074,2026-07-04T12:45:06+00:00,data/models/risk_scores.parquet,0.1.0,E01013784,LSOA2021,England,IoD 2025,within,0.0,3,5,6,1,0,0,4.0,0.252,13047.13597832017,0.34966717070972797
86C51704-C549-48B0-8137-7A7220A0FBE8,7,99.99972389330685,urban_minor,road_archetype,1238,risk_percentile,99.9686144085998,0.8824431240558624,0.549014437198639,4,0,3,1326.5,0.168,Classified Unnumbered,Minor Road,other_urban,urban_minor,Single Carriageway,,False,False,False,False,False,False,Urban,Urban: Nearer to a major town or city,False,False,,-2.7047862748467355,53.76234205385552,2026-07-04T12:45:06+00:00,data/models/risk_scores.parquet,0.1.0,E01033223,LSOA2021,England,IoD 2025,within,0.0,2,4,4,1,0,0,3.5,0.016,7206.309734027876,2.899465068623816
3A5A31FD-45A6-44F1-B4A7-8AE293CE3B7B,8,99.99967787552467,urban_minor,road_archetype,1243,risk_percentile,99.96848754687224,0.8808237731456756,1.8071343541145324,13,0,0,4501.0,0.27,Classified Unnumbered,Minor Road,other_urban,urban_minor,Single Carriageway,,False,False,False,False,False,False,Urban,Urban: Nearer to a major town or city,False,False,,-1.8277513918251544,52.469784988250304,2026-07-04T12:45:06+00:00,data/models/risk_scores.parquet,0.1.0,E01009326,LSOA2021,England,IoD 2025,within,0.0,1,1,2,1,0,0,3.5,0.8790000000000002,2508.3046442776313,0.1142214085839825
FCDCDED9-785C-46B3-84D2-898F5598AEA5,9,99.99963185774247,urban_minor,road_archetype,1321,risk_percentile,99.96650850392219,0.8574245929718017,0.5371682554483413,1,0,0,1566.6,0.095,Classified Unnumbered,Local Road,other_urban,urban_minor,Single Carriageway,,False,False,False,False,False,False,Urban,Urban: Nearer to a major town or city,False,True,sparse collision history,-1.4803805245133328,53.39047449531372,2026-07-04T12:45:06+00:00,data/models/risk_scores.parquet,0.1.0,E01033263,LSOA2021,England,IoD 2025,within,0.0,5,6,9,1,0,0,3.5,0.0,7573.777971647498,2.0971334498406633
4565C592-BF41-4AA1-B81D-91BA338DEDDE,10,99.99958583996028,urban_minor,road_archetype,1401,risk_percentile,99.9644787162811,0.8316510379314422,2.0253549575805665,0,0,0,3854.6,0.404,Classified Unnumbered,Minor Road,other_urban,urban_minor,Single Carriageway,,False,False,False,False,False,False,Urban,Urban: Nearer to a major town or city,False,True,sparse collision history,-1.6262970486596642,54.98224436937223,2026-07-04T12:45:06+00:00,data/models/risk_scores.parquet,0.1.0,E01033556,LSOA2021,England,IoD 2025,within,0.0,3,5,5,1,0,0,3.5,0.6000000000000002,3342.682949425498,1.6850193281837955
509298E2-6F49-4AA5-A2DE-E4F4C88BF8DF,11,99.99953982217808,urban_minor,road_archetype,1402,risk_percentile,99.96445334393559,0.8313986182212829,0.43227877616882326,11,0,3,1486.7,0.097,Classified Unnumbered,Minor Road,other_urban,urban_minor,Single Carriageway,,False,False,False,False,False,False,Urban,Urban: Nearer to a major town or city,False,False,,-1.781058602540414,53.7909929534234,2026-07-04T12:45:06+00:00,data/models/risk_scores.parquet,0.1.0,E01010833,LSOA2021,England,IoD 2025,within,0.0,1,1,1,1,0,0,3.5,0.0,12459.045273841612,2.2384858958578495
4435DC95-53B2-4912-8AEC-AF330489ED11,12,99.99949380439588,urban_minor,road_archetype,1419,risk_percentile,99.96402201406185,0.825147557258606,0.5302116870880127,28,0,7,1234.5,0.124,Classified Unnumbered,Minor Road,other_urban,urban_minor,Single Carriageway,,False,False,False,False,False,False,Urban,Urban: Nearer to a major town or city,False,False,,-0.5426826686759911,53.22504010157549,2026-07-04T12:45:06+00:00,data/models/risk_scores.parquet,0.1.0,E01026132,LSOA2021,England,IoD 2025,within,0.0,5,8,9,1,0,0,3.5,0.0,6174.39707857453,2.8768537362924103
5A51DB11-D0F0-4185-BEEA-3FDAFAF5CAF7,13,99.9994477866137,urban_minor,road_archetype,1437,risk_percentile,99.96356531184261,0.8225485622882843,0.789217609167099,8,1,2,1997.4,0.756,Classified Unnumbered,Minor Road,other_urban,urban_minor,Single Carriageway,,False,False,False,False,False,False,Urban,Urban: Further from a major town or city,False,False,,-0.7100072596993576,52.485614573275015,2026-07-04T12:45:06+00:00,data/models/risk_scores.parquet,0.1.0,E01026960,LSOA2021,England,IoD 2025,within,0.0,2,2,2,1,0,0,3.0,0.0,2945.012025349817,0.04864374559325298
55F2AA00-E09F-4758-ABE6-CFC73CDE243D,14,99.9994017688315,urban_minor,road_archetype,1511,risk_percentile,99.96168775827462,0.8059819579124451,1.410166072845459,15,1,3,2513.2,0.41,Classified Unnumbered,Minor Road,other_urban,urban_minor,Single Carriageway,,False,False,False,False,False,False,Urban,Urban: Nearer to a major town or city,False,False,,-0.0679678113200073,53.56979805616298,2026-07-04T12:45:06+00:00,data/models/risk_scores.parquet,0.1.0,E01035473,LSOA2021,England,IoD 2025,within,0.0,1,1,1,1,0,0,4.0,0.3,8689.171783026504,0.03224952269353335
CDC1890D-BE44-44B7-A547-A98615DBA608,15,99.99935575104932,urban_minor,road_archetype,1562,risk_percentile,99.96039376865343,0.7940393388271332,1.1810281872749329,1,0,0,2337.8,0.437,Classified Unnumbered,Minor Road,other_urban,urban_minor,Single Carriageway,,False,False,False,False,False,False,Urban,Urban: Nearer to a major town or city,False,True,sparse collision history,-1.8702167860983392,52.45355898952915,2026-07-04T12:45:06+00:00,data/models/risk_scores.parquet,0.1.0,E01009396,LSOA2021,England,IoD 2025,within,0.0,1,1,1,1,0,0,3.5,0.042,20594.55860078563,0.35739651859684707
5D5599EF-026D-4A0C-AC67-F13AE5618484,16,99.99930973326713,urban_minor,road_archetype,1567,risk_percentile,99.96026690692587,0.7926242709159851,2.0698596000671388,8,0,2,2115.1,0.151,Unclassified,Local Road,other_urban,urban_minor,Single Carriageway,,False,False,False,False,False,False,Urban,Urban: Nearer to a major town or city,False,False,,-1.5098766623692128,52.410490272021704,2026-07-04T12:45:06+00:00,data/models/risk_scores.parquet,0.1.0,E01034743,LSOA2021,England,IoD 2025,within,0.0,3,8,10,1,0,0,3.5,0.224,5038.080056247992,3.158011931266549
728FA45A-EAA3-4CF2-95E7-BAE6BDA8483D,17,99.99926371548494,urban_minor,road_archetype,1607,risk_percentile,99.95925201310533,0.786826366186142,0.6048606157302856,3,0,0,1860.7,0.172,Classified Unnumbered,Minor Road,other_urban,urban_minor,Single Carriageway,,False,False,False,False,False,False,Urban,Urban: Nearer to a major town or city,False,False,,-1.8761938299034011,52.46034717164017,2026-07-04T12:45:06+00:00,data/models/risk_scores.parquet,0.1.0,E01009367,LSOA2021,England,IoD 2025,within,0.0,1,1,1,1,0,0,3.5,0.0,3875.692695624818,0.7346237497224366
3135435D-E5A1-4E25-B043-1F4937CCE9C7,18,99.99921769770275,urban_minor,road_archetype,1657,risk_percentile,99.95798339582966,0.7788774967193604,0.913401859998703,3,0,1,2640.9,0.254,Classified Unnumbered,Minor Road,other_urban,urban_minor,Single Carriageway,,False,False,False,False,False,False,Urban,Urban: Nearer to a major town or city,False,False,,-1.4813185716395987,53.368461556493315,2026-07-04T12:45:06+00:00,data/models/risk_scores.parquet,0.1.0,E01008107,LSOA2021,England,IoD 2025,within,0.0,2,1,2,1,0,0,3.5,0.38899999999999996,13102.848769658967,2.570223734880084
CB53FCB5-6C30-47AD-A689-D35FC76F5AFF,19,99.99917167992055,urban_minor,road_archetype,1676,risk_percentile,99.9575013212649,0.7753826320171356,0.5094153702259063,7,0,0,1078.7,0.1,Classified Unnumbered,Minor Road,other_urban,urban_minor,Single Carriageway,,False,False,False,False,False,False,Urban,Urban: Nearer to a major town or city,False,False,,-1.5012685526689822,52.40669892640279,2026-07-04T12:45:06+00:00,data/models/risk_scores.parquet,0.1.0,E01034741,LSOA2021,England,IoD 2025,within,0.0,2,5,7,1,0,0,3.5,0.0,5512.913411538407,0.21161338239179311
E5CBFD83-9917-4C6A-8422-856FC83D24FF,20,99.99912566213837,urban_minor,road_archetype,1707,risk_percentile,99.95671477855397,0.7702965676784516,1.3272891759872436,12,0,1,3567.4,0.901,Classified Unnumbered,Minor Road,other_urban,urban_minor,Single Carriageway,,False,False,False,False,False,False,Urban,Urban: Nearer to a major town or city,False,False,,-0.3903729432460311,53.75874776785546,2026-07-04T12:45:06+00:00,data/models/risk_scores.parquet,0.1.0,E01012795,LSOA2021,England,IoD 2025,within,0.0,3,2,2,1,0,0,3.0,1.795,2006.4075959840482,0.35552196143171094
7F1BBA04-194E-4363-857B-ACA645E211A5,21,99.99907964435617,urban_minor,road_archetype,1745,risk_percentile,99.95575062942447,0.7641132235527038,1.2035096824169158,8,0,1,2808.2,0.264,Classified Unnumbered,Minor Road,other_urban,urban_minor,Single Carriageway,,False,False,False,False,False,False,Urban,Urban: Nearer to a major town or city,False,False,,-1.8692528905526284,52.46546198475133,2026-07-04T12:45:06+00:00,data/models/risk_scores.parquet,0.1.0,E01009363,LSOA2021,England,IoD 2025,within,0.0,1,1,1,1,0,0,3.5,0.466,17161.61369986921,0.463252501023531
8F8A2730-B2D9-4DA8-8939-C8B649B5DA1F,22,99.99903362657399,urban_minor,road_archetype,1746,risk_percentile,99.95572525707894,0.7639225006103516,1.7863779664039612,2,0,0,4354.6,0.703,Classified Unnumbered,Minor Road,other_urban,urban_minor,Single Carriageway,,False,False,False,False,False,False,Urban,Urban: Nearer to a major town or city,False,False,,-0.2658962212477231,52.58781097531959,2026-07-04T12:45:06+00:00,data/models/risk_scores.parquet,0.1.0,E01015663,LSOA2021,England,IoD 2025,within,0.0,1,1,1,1,0,0,3.0,0.6330000000000001,4577.014163449416,0.01608088122696881
25E3C367-12C9-4D39-AE6B-089BF19FE40C,23,99.9989876087918,urban_minor,road_archetype,1866,risk_percentile,99.95268057561732,0.7435387134552002,1.266762799024582,2,0,0,3658.5,0.17,Classified Unnumbered,Minor Road,other_urban,urban_minor,Single Carriageway,,False,False,False,False,False,False,Urban,Urban: Nearer to a major town or city,False,False,,-1.9760394306032054,52.39479242816697,2026-07-04T12:45:06+00:00,data/models/risk_scores.parquet,0.1.0,E01009215,LSOA2021,England,IoD 2025,within,0.0,1,1,1,1,0,0,3.5,0.7330000000000001,6673.5000975067505,0.3184526024637877
9B7D67B6-F6F2-489A-8D78-0263426E4FC3,24,99.9989415910096,urban_minor,road_archetype,1879,risk_percentile,99.95235073512565,0.7413210570812225,0.6224198997020721,2,0,2,1888.6,0.21,Classified Unnumbered,Minor Road,other_urban,urban_minor,Single Carriageway,,False,False,False,False,False,False,Urban,Urban: Nearer to a major town or city,False,False,,-2.972816743472439,53.4380576086584,2026-07-04T12:45:06+00:00,data/models/risk_scores.parquet,0.1.0,E01006700,LSOA2021,England,IoD 2025,within,0.0,1,1,1,1,0,0,3.5,0.0,4436.736347140842,2.5902538163483575
73665E5E-03F0-4CA4-9077-B43CF2B1D8B2,25,99.99889557322741,urban_minor,road_archetype,1909,risk_percentile,99.95158956476024,0.7370948433876038,1.515238094329834,0,0,0,3870.9,0.098,Classified Unnumbered,Minor Road,other_urban,urban_minor,Single Carriageway,,False,False,False,False,False,False,Urban,Urban: Nearer to a major town or city,False,True,sparse collision history,-1.1296521280439822,52.63381375106245,2026-07-04T12:45:06+00:00,data/models/risk_scores.parquet,0.1.0,E01034022,LSOA2021,England,IoD 2025,within,0.0,2,4,7,1,0,0,3.5,0.21100000000000002,2976.491715679445,3.678108473466957
78E35D31-3214-46C9-B09E-74F17205C6FC,26,99.99884955544522,urban_minor,road_archetype,1928,risk_percentile,99.95110749019548,0.7345232009887696,1.7853641510009766,5,1,0,3767.7,0.198,Classified Unnumbered,Local Road,other_urban,urban_minor,Single Carriageway,,False,False,False,False,False,False,Urban,Urban: Nearer to a major town or city,False,False,,-1.1339503799551667,52.63700345621187,2026-07-04T12:45:06+00:00,data/models/risk_scores.parquet,0.1.0,E01034022,LSOA2021,England,IoD 2025,within,0.0,2,4,7,1,0,0,3.5,0.194,2534.3516117646445,3.3878299762694972
C4F74054-295A-4090-870D-4478479C4024,27,99.99880353766302,urban_minor,road_archetype,1936,risk_percentile,99.95090451143139,0.7336107134819031,1.1710181951522827,5,0,1,2554.1,0.183,Classified Unnumbered,Minor Road,other_urban,urban_minor,Single Carriageway,,False,False,False,False,False,False,Urban,Urban: Nearer to a major town or city,False,False,,-1.8243343927206657,52.468451552863314,2026-07-04T12:45:06+00:00,data/models/risk_scores.parquet,0.1.0,E01008898,LSOA2021,England,IoD 2025,within,0.0,1,1,1,1,0,0,4.0,0.8290000000000002,9696.779248810371,0.10047177600187121
4E1A24B2-0704-42C0-87F5-D66FAFB4BD10,28,99.99875751988083,urban_minor,road_archetype,1938,risk_percentile,99.95085376674035,0.7333100795745849,2.2674097657203673,8,0,1,1868.5,0.133,Unclassified,Local Road,other_urban,urban_minor,Single Carriageway,,False,False,False,False,False,False,Urban,Urban: Nearer to a major town or city,False,False,,-1.5111549504429709,52.4110788435923,2026-07-04T12:45:06+00:00,data/models/risk_scores.parquet,0.1.0,E01034743,LSOA2021,England,IoD 2025,within,0.0,3,8,10,1,0,0,4.0,0.091,10110.073692365215,3.7504512193824002
5B1B57D6-A124-43A9-B136-6C7269CE50A2,29,99.99871150209863,urban_minor,road_archetype,1963,risk_percentile,99.95021945810252,0.73041051030159,0.6709650874137878,3,0,0,2373.8,0.125,Classified Unnumbered,Minor Road,other_urban,urban_minor,Single Carriageway,,False,False,False,False,False,False,Urban,Urban: Nearer to a major town or city,False,False,,-1.7826281163688171,53.79064280758661,2026-07-04T12:45:06+00:00,data/models/risk_scores.parquet,0.1.0,E01010658,LSOA2021,England,IoD 2025,within,0.0,1,1,1,1,0,0,3.5,0.0,3063.1656711343417,2.2568065203340444
63D1F56A-95A4-4021-A77E-17E026753780,30,99.99866548431645,urban_minor,road_archetype,1965,risk_percentile,99.95016871341149,0.730378395318985,0.994997638463974,0,0,0,3040.6,0.855,Classified Unnumbered,Minor Road,other_urban,urban_minor,Collapsed Dual Carriageway,,False,False,False,True,False,False,Urban,Urban: Nearer to a major town or city,False,True,sparse collision history,-0.750410198405913,52.03415252983089,2026-07-04T12:45:06+00:00,data/models/risk_scores.parquet,0.1.0,E01016729,LSOA2021,England,IoD 2025,within,0.0,3,2,4,1,0,0,3.0,1.038,4618.571591122268,0.11092229124665606
4FF6DB02-1084-41D1-8ECD-B12EDA10B879,31,99.99861946653425,urban_minor,road_archetype,1969,risk_percentile,99.95006722402944,0.7299533247947693,1.5178155303001404,1,0,0,4324.1,0.21,Classified Unnumbered,Minor Road,other_urban,urban_minor,Single Carriageway,,False,False,False,False,False,False,Urban,Urban: Nearer to a major town or city,False,True,sparse collision history,-1.787720763325203,52.4772201734637,2026-07-04T12:45:06+00:00,data/models/risk_scores.parquet,0.1.0,E01009514,LSOA2021,England,IoD 2025,within,0.0,1,1,1,1,0,0,3.5,1.28,3905.6581940552896,1.5014138125201353
6E26CA8C-A5A2-43F0-A493-BAADE3BB070E,32,99.99857344875207,urban_minor,road_archetype,1978,risk_percentile,99.94983887291981,0.728750491142273,0.6267396807670593,4,0,0,1807.5,0.181,Classified Unnumbered,Minor Road,other_urban,urban_minor,Single Carriageway,,False,False,False,False,False,False,Urban,Urban: Nearer to a major town or city,False,False,,-0.878897518578933,52.23814928819034,2026-07-04T12:45:06+00:00,data/models/risk_scores.parquet,0.1.0,E01027224,LSOA2021,England,IoD 2025,within,0.0,3,3,3,1,0,0,3.5,0.0,9279.442461930357,0.05725662029639764
287C4800-D4B4-4B12-BA6B-BEA9D6E713CD,33,99.99852743096987,urban_minor,road_archetype,2037,risk_percentile,99.94834190453452,0.7214043498039245,0.4259941607713699,5,0,0,1200.2,0.114,Classified Unnumbered,Minor Road,other_urban,urban_minor,Single Carriageway,,False,False,False,False,False,False,Urban,Urban: Nearer to a major town or city,False,False,,-1.469682374484882,53.366179241203476,2026-07-04T12:45:06+00:00,data/models/risk_scores.parquet,0.1.0,E01008108,LSOA2021,England,IoD 2025,within,0.0,3,4,5,1,0,0,3.5,0.0,10651.97944286972,1.2611723135235817
FDD99327-EF4B-4688-B2CA-999B6F039F3A,34,99.99848141318768,urban_minor,road_archetype,2043,risk_percentile,99.94818967046145,0.7208388864994049,0.6083734095096588,1,0,0,1498.4,0.156,Classified Unnumbered,Minor Road,other_urban,urban_minor,Single Carriageway,,False,False,False,False,False,False,Urban,Urban: Nearer to a major town or city,False,True,sparse collision history,-2.9589324172721576,53.42997615343136,2026-07-04T12:45:06+00:00,data/models/risk_scores.parquet,0.1.0,E01006542,LSOA2021,England,IoD 2025,within,0.0,1,2,1,1,0,0,3.5,0.022,17429.956348404947,0.05314337424924204
53EAC066-E8D6-45B7-93C3-16D620E8AAB6,35,99.9984353954055,urban_minor,road_archetype,2063,risk_percentile,99.94768222355117,0.7185494303703308,1.5040101051330566,3,0,1,2305.5,0.196,Classified Unnumbered,Minor Road,other_urban,urban_minor,Single Carriageway,,False,False,False,False,False,False,Urban,Urban: Nearer to a major town or city,False,False,,-1.1642579760773222,52.96180694020935,2026-07-04T12:45:06+00:00,data/models/risk_scores.parquet,0.1.0,E01013815,LSOA2021,England,IoD 2025,within,0.0,2,7,7,1,0,0,3.5,0.28200000000000003,708.067528173991,0.6578552421888882
E1C2C3B9-4FEF-4421-84E6-6237A50808B4,36,99.9983893776233,urban_minor,road_archetype,2075,risk_percentile,99.94737775540501,0.7174395620822906,1.936180830001831,4,0,0,4695.7,0.364,Classified Unnumbered,Local Road,other_urban,urban_minor,Single Carriageway,,False,False,False,False,False,False,Urban,Urban: Nearer to a major town or city,False,False,,-2.91690801035221,53.43887132696185,2026-07-04T12:45:06+00:00,data/models/risk_scores.parquet,0.1.0,E01006604,LSOA2021,England,IoD 2025,within,0.0,2,2,2,1,0,0,3.5,0.9050000000000001,2862.4326858265545,0.1311722517598259
425E64EC-6D4F-47C1-9D45-6B9AC08420ED,37,99.99834335984112,urban_minor,road_archetype,2133,risk_percentile,99.94590615936522,0.7097524344921112,0.3900464177131653,0,0,0,990.2,0.143,Classified Unnumbered,Minor Road,other_urban,urban_minor,Single Carriageway,,False,False,False,False,False,False,Urban,Urban: Nearer to a major town or city,False,True,sparse collision history,-2.260536149445107,53.49220208576957,2026-07-04T12:45:06+00:00,data/models/risk_scores.parquet,0.1.0,E01033986,LSOA2021,England,IoD 2025,within,0.0,3,4,6,1,0,0,3.5,0.0,8534.22121554071,0.9075931762479176
39405031-82D5-4726-A4C5-427E401C726D,38,99.99829734205892,urban_minor,road_archetype,2233,risk_percentile,99.94336892481388,0.6986933290958405,1.4477709531784058,8,0,2,4298.9,0.226,Classified Unnumbered,Minor Road,other_urban,urban_minor,Single Carriageway,,False,False,False,False,False,False,Urban,Urban: Nearer to a major town or city,False,False,,-1.3183506535289367,54.56853244463931,2026-07-04T12:45:06+00:00,data/models/risk_scores.parquet,0.1.0,E01012267,LSOA2021,England,IoD 2025,within,0.0,1,1,1,1,0,0,3.5,0.068,2455.139194579067,1.8086055951221327
D22BD83B-F6E4-4239-A8FC-BAA3930E5042,39,99.99825132427674,urban_minor,road_archetype,2241,risk_percentile,99.94316594604977,0.6982402086257935,0.7209297597408295,3,0,1,1606.5,0.246,Classified Unnumbered,Minor Road,other_urban,urban_minor,Single Carriageway,,False,False,False,False,False,False,Urban,Urban: Nearer to a major town or city,False,False,,-1.455875555776971,53.428683544057535,2026-07-04T12:45:06+00:00,data/models/risk_scores.parquet,0.1.0,E01008060,LSOA2021,England,IoD 2025,within,0.0,1,1,1,1,0,0,4.0,0.0,4026.4558622876702,0.7395629976621265
8BAEC9CA-7CB5-42CE-98B7-E5BD4C280540,40,99.99820530649454,urban_minor,road_archetype,2258,risk_percentile,99.94273461617603,0.6969732105731964,1.8565491914749146,4,0,0,5187.9,0.213,Classified Unnumbered,Minor Road,other_urban,urban_minor,Single Carriageway,,False,False,False,False,False,False,Urban,Urban: Nearer to a major town or city,False,False,,-1.973382265472849,52.394239922783775,2026-07-04T12:45:06+00:00,data/models/risk_scores.parquet,0.1.0,E01009215,LSOA2021,England,IoD 2025,within,0.0,1,1,1,1,0,0,3.5,0.9030000000000001,2945.216771574218,0.31938897380924747
F03E49DC-D071-406F-A048-2264E83C5AAF,41,99.99815928871234,urban_minor,road_archetype,2271,risk_percentile,99.94240477568435,0.6953922718763351,1.4526478111743928,6,0,1,3383.8,1.156,Classified Unnumbered,Minor Road,other_urban,urban_minor,Single Carriageway,,False,False,False,False,False,False,Urban,Urban: Nearer to a major town or city,False,False,,-2.02200425154769,52.730349147364315,2026-07-04T12:45:06+00:00,data/models/risk_scores.parquet,0.1.0,E01029390,LSOA2021,England,IoD 2025,within,0.0,2,2,1,1,0,0,4.0,1.543,1081.8996096223998,2.5128856282927052
7857618F-9AD7-4426-A2B6-D60F58B733AF,42,99.99811327093016,urban_minor,road_archetype,2306,risk_percentile,99.94151674359138,0.6926600337028503,0.6360873281955719,3,0,1,1888.6,0.231,Classified Unnumbered,Minor Road,other_urban,urban_minor,Single Carriageway,,False,False,False,False,False,False,Urban,Urban: Nearer to a major town or city,False,False,,-2.9697019105072573,53.43804602014799,2026-07-04T12:45:06+00:00,data/models/risk_scores.parquet,0.1.0,E01006700,LSOA2021,England,IoD 2025,within,0.0,1,1,1,1,0,0,3.5,0.0,4436.736347140842,2.5892722336661467
8881FFF4-D9CA-4255-B82B-E48C7C4E39E5,43,99.99806725314797,urban_minor,road_archetype,2326,risk_percentile,99.94100929668112,0.6910021662712097,1.9547010779380798,0,0,0,4985.2,0.428,Classified Unnumbered,Minor Road,other_urban,urban_minor,Single Carriageway,,False,False,False,False,False,False,Urban,Urban: Nearer to a major town or city,False,True,sparse collision history,-1.381326966753685,54.90249306120377,2026-07-04T12:45:06+00:00,data/models/risk_scores.parquet,0.1.0,E01008836,LSOA2021,England,IoD 2025,within,0.0,1,1,1,1,0,0,3.5,0.059,1696.458016767268,2.4560650568166915
0B2B11A6-54F0-4529-9ED3-6B18E13A73D3,44,99.99802123536577,urban_minor,road_archetype,2341,risk_percentile,99.94062871149842,0.6894232630729675,1.0531741023063659,5,0,1,3109.8,0.142,Classified Unnumbered,Minor Road,other_urban,urban_minor,Single Carriageway,,False,False,False,False,False,False,Urban,Urban: Nearer to a major town or city,False,False,,-1.1517227078315218,52.64038421450179,2026-07-04T12:45:06+00:00,data/models/risk_scores.parquet,0.1.0,E01013683,LSOA2021,England,IoD 2025,within,0.0,2,2,3,1,0,0,3.5,0.35600000000000004,9104.700989380923,0.8101079425133032
97AF4C7C-73DD-404D-ABF7-4B12EFB9E4FF,45,99.99797521758357,urban_minor,road_archetype,2346,risk_percentile,99.94050184977084,0.6888130903244019,0.47173925638198855,5,0,0,1474.4,0.172,Classified Unnumbered,Local Road,other_urban,urban_minor,Single Carriageway,,False,False,False,False,False,False,Urban,Urban: Nearer to a major town or city,False,False,,-2.1917319861365567,53.44245297258104,2026-07-04T12:45:06+00:00,data/models/risk_scores.parquet,0.1.0,E01005221,LSOA2021,England,IoD 2025,within,0.0,2,2,3,1,0,0,3.5,0.0,4630.182478149996,3.727193037035037
84CB0A30-75CE-417C-936F-CDD17F121A6C,46,99.99792919980138,urban_minor,road_archetype,2357,risk_percentile,99.9402227539702,0.6875903904438019,1.7766690969467163,0,0,0,4871.7,0.154,Classified Unnumbered,Minor Road,other_urban,urban_minor,Single Carriageway,,False,False,False,False,False,False,Urban,Urban: Nearer to a major town or city,False,True,sparse collision history,-1.8921324429685416,52.45373866727808,2026-07-04T12:45:06+00:00,data/models/risk_scores.parquet,0.1.0,E01009182,LSOA2021,England,IoD 2025,within,0.0,1,1,1,1,0,0,3.5,0.359,15989.471769346217,0.3135967407151242
80714842-660C-4CB4-BE51-06D7E420EA42,47,99.9978831820192,urban_minor,road_archetype,2372,risk_percentile,99.9398421687875,0.6859377920627594,0.950898003578186,3,0,0,2283.3,1.026,Classified Unnumbered,Minor Road,other_urban,urban_minor,Single Carriageway,,False,False,False,False,False,False,Urban,Urban: Further from a major town or city,False,False,,-0.6949941530230268,52.41218955741254,2026-07-04T12:45:06+00:00,data/models/risk_scores.parquet,0.1.0,E01027127,LSOA2021,England,IoD 2025,within,0.0,1,1,1,1,0,0,3.0,0.0,866.3938994992155,1.0006395655883566
6587E07B-5B44-4827-A4DB-4F8267B9C4AE,48,99.997837164237,urban_minor,road_archetype,2417,risk_percentile,99.93870041323939,0.6811274945735931,1.5338069796562195,3,0,0,4400.1,0.585,Classified Unnumbered,Minor Road,other_urban,urban_minor,Single Carriageway,,False,False,False,False,False,False,Urban,Urban: Further from a major town or city,False,False,,-0.70567238634642,52.397135444092285,2026-07-04T12:45:06+00:00,data/models/risk_scores.parquet,0.1.0,E01027128,LSOA2021,England,IoD 2025,within,0.0,2,2,2,1,0,0,3.0,0.137,1993.2860112822602,1.8750587158954282
D670CA17-1A5E-4CBB-8BFA-4DC6D0A7D3C2,49,99.99779114645482,urban_minor,road_archetype,2422,risk_percentile,99.93857355151182,0.6806629121303558,1.9589351415634155,0,0,0,1859.0,0.13,Unclassified,Local Road,other_urban,urban_minor,Single Carriageway,,False,False,False,False,False,False,Urban,Urban: Nearer to a major town or city,False,True,sparse collision history,-1.513623012424554,52.41126756877415,2026-07-04T12:45:06+00:00,data/models/risk_scores.parquet,0.1.0,E01034743,LSOA2021,England,IoD 2025,within,0.0,3,8,10,1,0,0,3.5,0.108,10110.073692365215,0.8361433065799057
B379C881-978C-408C-9656-C26C66722581,50,99.99774512867262,urban_minor,road_archetype,2437,risk_percentile,99.93819296632913,0.6792434632778168,1.0551831603050232,9,0,0,2948.2,0.187,Classified Unnumbered,Minor Road,other_urban,urban_minor,Single Carriageway,,False,False,False,False,False,False,Urban,Urban: Nearer to a major town or city,False,False,,-1.2327831566884933,54.5532017623758,2026-07-04T12:45:06+00:00,data/models/risk_scores.parquet,0.1.0,E01012019,LSOA2021,England,IoD 2025,within,0.0,1,1,1,1,0,0,3.5,0.677,6484.524418141679,0.09084488792079845
018CC3D2-E8A5-4D53-98C5-BEB2DF453FBC,51,99.99769911089042,urban_minor,road_archetype,2450,risk_percentile,99.93786312583744,0.6784017249941826,1.247148036956787,4,0,1,3299.7,0.178,Classified Unnumbered,Minor Road,other_urban,urban_minor,Single Carriageway,,False,False,False,False,False,False,Urban,Urban: Nearer to a major town or city,False,False,,-0.0674391843772255,53.56322058942811,2026-07-04T12:45:06+00:00,data/models/risk_scores.parquet,0.1.0,E01013142,LSOA2021,England,IoD 2025,within,0.0,1,1,1,1,0,0,3.5,0.7839999999999999,12887.415146889933,0.05464928540735941
9556416F-619E-4ED5-B4CE-FF7C05FE55FA,52,99.99765309310824,urban_minor,road_archetype,2505,risk_percentile,99.9364676468342,0.6735739946365357,0.840236759185791,0,0,0,3135.3,0.739,Classified Unnumbered,Minor Road,other_urban,urban_minor,Single Carriageway,,False,False,False,False,False,False,Urban,Urban: Nearer to a major town or city,False,True,sparse collision history,-1.4645767085131596,54.929237481072775,2026-07-04T12:45:06+00:00,data/models/risk_scores.parquet,0.1.0,E01008840,LSOA2021,England,IoD 2025,within,0.0,2,1,1,1,0,0,2.5,0.036,3966.79131923241,0.7570987926753898
8219BFF3-C0FB-4558-83B1-9F5F88E81070,53,99.99760707532604,urban_minor,road_archetype,2516,risk_percentile,99.93618855103355,0.6727222919464111,0.5859360873699189,4,0,1,1458.1,0.031,Classified Unnumbered,Minor Road,other_urban,urban_minor,Single Carriageway,,False,False,False,False,False,False,Urban,Urban: Nearer to a major town or city,False,False,,-1.1373367198596303,52.61990603284128,2026-07-04T12:45:06+00:00,data/models/risk_scores.parquet,0.1.0,E01013648,LSOA2021,England,IoD 2025,within,0.0,3,6,9,1,0,0,4.0,0.0,3106.947048975937,2.384483704457306
4E35E196-3F45-45EE-9121-26BC03EF73D1,54,99.99756105754386,urban_minor,road_archetype,2519,risk_percentile,99.93611243399701,0.6726301372051239,0.8411285281181335,4,0,0,1894.1,0.124,Classified Unnumbered,Minor Road,other_urban,urban_minor,Single Carriageway,,False,False,False,False,False,False,Urban,Urban: Nearer to a major town or city,False,False,,-2.239922494915502,53.46707139895431,2026-07-04T12:45:06+00:00,data/models/risk_scores.parquet,0.1.0,E01005210,LSOA2021,England,IoD 2025,within,0.0,3,5,6,1,0,0,3.5,0.22200000000000003,13935.173635689538,0.8071961188795375
F8D9CE54-D9EE-4B6C-A648-EE742C1C2687,55,99.99751503976167,urban_minor,road_archetype,2548,risk_percentile,99.93537663597712,0.6701476469635963,1.8205191016197204,10,0,3,2975.0,0.203,Classified Unnumbered,Minor Road,other_urban,urban_minor,Single Carriageway,,False,False,False,False,False,False,Urban,Urban: Nearer to a major town or city,False,False,,-1.8308780369300988,52.486858017649666,2026-07-04T12:45:06+00:00,data/models/risk_scores.parquet,0.1.0,E01009488,LSOA2021,England,IoD 2025,within,0.0,1,1,1,1,0,0,4.5,1.1320000000000001,13029.19286944229,0.10393308375040727
F632B24E-7811-454D-84B8-9C71B87DE04C,56,99.99746902197947,urban_minor,road_archetype,2568,risk_percentile,99.93486918906686,0.6691769897937775,0.518266361951828,6,0,0,1328.9,0.15,Classified Unnumbered,Minor Road,other_urban,urban_minor,Single Carriageway,,False,False,False,False,False,False,Urban,Urban: Nearer to a major town or city,False,False,,-1.8839782088393318,52.46186739659044,2026-07-04T12:45:06+00:00,data/models/risk_scores.parquet,0.1.0,E01009367,LSOA2021,England,IoD 2025,within,0.0,1,1,1,1,0,0,4.0,0.0,6654.004196770181,1.429839777633793
DDADCCB5-282A-4B56-B151-6B73B3865A1C,57,99.99742300419729,urban_minor,road_archetype,2597,risk_percentile,99.93413339104697,0.66641566157341,1.152750688791275,0,0,0,1303.5,0.091,Unclassified,Local Road,other_urban,urban_minor,Single Carriageway,,False,False,False,False,False,False,Urban,Urban: Nearer to a major town or city,False,True,sparse collision history,-1.5117349796109556,52.41201139767914,2026-07-04T12:45:06+00:00,data/models/risk_scores.parquet,0.1.0,E01034743,LSOA2021,England,IoD 2025,within,0.0,3,8,10,1,0,0,3.5,0.0,10110.073692365215,3.2456572898542513
91C940FB-8716-4C92-BBFD-CB0CF4F8DDC7,58,99.99737698641509,urban_minor,road_archetype,2606,risk_percentile,99.93390503993734,0.6654149949550628,0.3386094272136688,2,0,1,869.9,0.081,Classified Unnumbered,Minor Road,other_urban,urban_minor,Single Carriageway,,False,False,False,False,False,False,Urban,Urban: Nearer to a major town or city,False,False,,-2.2417869066240397,53.4684248540366,2026-07-04T12:45:06+00:00,data/models/risk_scores.parquet,0.1.0,E01005210,LSOA2021,England,IoD 2025,within,0.0,3,5,6,1,0,0,3.5,0.0,13935.173635689538,0.973767697984711
6A4A84B4-E1CD-41CF-927B-2125BFCD2EA1,59,99.99733096863291,urban_minor,road_archetype,2611,risk_percentile,99.93377817820978,0.6646541833877564,0.5248480856418609,2,0,0,1671.1,0.19,Classified Unnumbered,Minor Road,other_urban,urban_minor,Single Carriageway,,False,False,False,False,False,False,Urban,Urban: Nearer to a major town or city,False,False,,-2.3318606153519874,53.519493068047495,2026-07-04T12:45:06+00:00,data/models/risk_scores.parquet,0.1.0,E01005670,LSOA2021,England,IoD 2025,within,0.0,2,2,2,1,0,0,3.5,0.0,3882.5826228785995,2.4450209430097236
D1CCD9C0-F43C-4233-AC0C-13EBB1B708A8,60,99.99728495085071,urban_minor,road_archetype,2626,risk_percentile,99.93339759302707,0.66341472864151,1.2246601819992065,0,0,0,2749.5,0.116,Classified Unnumbered,Minor Road,other_urban,urban_minor,Single Carriageway,,False,False,False,False,False,False,Urban,Urban: Nearer to a major town or city,False,True,sparse collision history,-1.1399624997558009,52.62499548241011,2026-07-04T12:45:06+00:00,data/models/risk_scores.parquet,0.1.0,E01013648,LSOA2021,England,IoD 2025,within,0.0,3,6,9,1,0,0,3.0,0.349,12287.034123938665,0.04230366383772156
A829EF4C-4DCB-4BD1-95D5-4F2DA0055713,61,99.99723893306852,urban_minor,road_archetype,2650,risk_percentile,99.93278865673474,0.6606077373027801,0.6990044057369232,12,0,2,2318.3,0.296,Classified Unnumbered,Minor Road,other_urban,urban_minor,Single Carriageway,,False,False,False,False,False,False,Urban,Urban: Nearer to a major town or city,False,False,,-0.25527771629197354,52.58334352120769,2026-07-04T12:45:06+00:00,data/models/risk_scores.parquet,0.1.0,E01015599,LSOA2021,England,IoD 2025,within,0.0,2,2,3,1,0,0,3.0,0.0,2471.584506609444,1.9435813317348292
2F01BEC6-7A76-4B72-B7B3-14FE3CE65DA7,62,99.99719291528632,urban_minor,road_archetype,2659,risk_percentile,99.93256030562513,0.6598066210746765,1.037790584564209,10,0,1,2926.3,0.167,Classified Unnumbered,Minor Road,other_urban,urban_minor,Single Carriageway,,False,False,False,False,False,False,Urban,Urban: Nearer to a major town or city,False,False,,-1.4912406956340087,52.898725356068034,2026-07-04T12:45:06+00:00,data/models/risk_scores.parquet,0.1.0,E01013570,LSOA2021,England,IoD 2025,within,0.0,1,1,2,1,0,0,3.5,0.279,5708.988714008007,0.09203058517663129
36239B39-CB6C-490D-B0BE-397F5AE7E1A4,63,99.99714689750412,urban_minor,road_archetype,2662,risk_percentile,99.93248418858859,0.6595623731613159,1.390679121017456,12,0,2,2574.3,0.35,Classified Unnumbered,Minor Road,other_urban,urban_minor,Single Carriageway,,False,False,False,False,False,False,Urban,Urban: Nearer to a major town or city,False,False,,-0.3737279777511866,53.7387162186768,2026-07-04T12:45:06+00:00,data/models/risk_scores.parquet,0.1.0,E01012893,LSOA2021,England,IoD 2025,within,0.0,1,1,1,1,0,0,4.0,0.422,9366.092556629179,0.01958759433278995
2E60B587-EC64-4119-BFDF-975E1C30711C,64,99.99710087972194,urban_minor,road_archetype,2673,risk_percentile,99.93220509278794,0.6585280358791351,0.7692302405834198,4,0,0,1102.3,0.191,Classified Unnumbered,Minor Road,other_urban,urban_minor,Single Carriageway,,False,False,False,False,False,False,Urban,Urban: Nearer to a major town or city,False,False,,-2.973485448913134,53.40104878590573,2026-07-04T12:45:06+00:00,data/models/risk_scores.parquet,0.1.0,E01034406,LSOA2021,England,IoD 2025,within,0.0,6,10,10,1,0,0,4.0,0.0,5306.878324914722,0.014843174540168612
0A91FF55-02B5-416C-932E-130CECF41246,65,99.99705486193974,urban_minor,road_archetype,2679,risk_percentile,99.93205285871485,0.6582441423088312,0.6495682895183563,4,0,1,1773.0,0.234,Classified Unnumbered,Minor Road,other_urban,urban_minor,Single Carriageway,,False,False,False,False,False,False,Urban,Urban: Nearer to a major town or city,False,False,,-1.462696508061507,52.90320503553283,2026-07-04T12:45:06+00:00,data/models/risk_scores.parquet,0.1.0,E01013591,LSOA2021,England,IoD 2025,within,0.0,1,1,1,1,0,0,3.5,0.0,11017.207985674711,2.2856057433925265
416961A3-CC4A-4706-A2BE-CCAD7298F1E1,66,99.99700884415756,urban_minor,road_archetype,2689,risk_percentile,99.93179913525972,0.6575843453407287,1.1537435472011566,2,0,1,2111.3,0.062,Classified Unnumbered,Minor Road,other_urban,urban_minor,Single Carriageway,,False,False,False,False,False,False,Urban,Urban: Nearer to a major town or city,False,False,,-1.1422370336191363,52.6254851756642,2026-07-04T12:45:06+00:00,data/models/risk_scores.parquet,0.1.0,E01013648,LSOA2021,England,IoD 2025,within,0.0,3,6,9,1,0,0,3.5,0.54,28055.7096857479,0.043959997622396677
0FCCCB62-D14F-46B4-BD36-CB424C958BA2,67,99.99696282637537,urban_minor,road_archetype,2704,risk_percentile,99.93141855007703,0.6564618825912476,1.425265944004059,3,0,1,3329.5,0.156,Classified Unnumbered,Minor Road,other_urban,urban_minor,Single Carriageway,,False,False,False,False,False,False,Urban,Urban: Nearer to a major town or city,False,False,,-1.7400395075340789,53.82236683226474,2026-07-04T12:45:06+00:00,data/models/risk_scores.parquet,0.1.0,E01010605,LSOA2021,England,IoD 2025,within,0.0,1,1,1,1,0,0,4.0,0.853,7558.841265729225,0.07677752891165884
ABE4ED3D-6F7C-4E31-9F74-3727C374FA6A,68,99.99691680859317,urban_minor,road_archetype,2723,risk_percentile,99.93093647551227,0.6548805594444275,1.0428052067756652,4,0,2,3784.6,0.222,Classified Unnumbered,Minor Road,other_urban,urban_minor,Collapsed Dual Carriageway,,False,False,False,True,False,False,Urban,Urban: Nearer to a major town or city,False,False,,-1.974120001629112,52.58077213995938,2026-07-04T12:45:06+00:00,data/models/risk_scores.parquet,0.1.0,E01010370,LSOA2021,England,IoD 2025,within,0.0,1,1,1,1,0,0,3.5,0.8150000000000002,3738.2205879105504,2.812723108769073
526C9F96-F509-4BF7-BE7E-1C8CB5DEEC58,69,99.99687079081099,urban_minor,road_archetype,2739,risk_percentile,99.93053051798405,0.6535636126995087,1.161988115310669,4,0,0,2907.1,0.22,Classified Unnumbered,Minor Road,other_urban,urban_minor,Single Carriageway,,False,False,False,False,False,False,Urban,Urban: Nearer to a major town or city,False,False,,-1.4692489022829078,53.36807492602074,2026-07-04T12:45:06+00:00,data/models/risk_scores.parquet,0.1.0,E01008108,LSOA2021,England,IoD 2025,within,0.0,3,4,5,1,0,0,3.5,0.045,3247.4787895194804,1.249802911748114
22708FE2-A900-46CD-8996-DDBB5EBDC49C,70,99.99682477302879,urban_minor,road_archetype,2742,risk_percentile,99.93045440094751,0.6532562851905823,0.4510627031326294,4,0,0,1099.6,0.166,Classified Unnumbered,Minor Road,other_urban,urban_minor,Single Carriageway,,False,False,False,False,False,False,Urban,Urban: Nearer to a major town or city,False,False,,-1.9807131237748665,52.568773776365056,2026-07-04T12:45:06+00:00,data/models/risk_scores.parquet,0.1.0,E01010344,LSOA2021,England,IoD 2025,within,0.0,1,1,1,1,0,0,4.0,0.0,7845.142651408451,1.1155707173992917
4BBFF7FE-EF3B-4D3B-BEF9-8C398537BC05,71,99.99677875524661,urban_minor,road_archetype,2767,risk_percentile,99.92982009230967,0.6514295600354671,0.8471486747264863,2,0,1,2287.1,0.148,Classified Unnumbered,Minor Road,other_urban,urban_minor,Single Carriageway,,False,False,False,False,False,False,Urban,Urban: Nearer to a major town or city,False,False,,-0.23407484525134445,52.5791073293029,2026-07-04T12:45:06+00:00,data/models/risk_scores.parquet,0.1.0,E01015612,LSOA2021,England,IoD 2025,within,0.0,1,1,2,1,0,0,3.5,1.1500000000000001,14122.441526379422,1.358471477535766
652E44FC-B01F-437F-9EE4-ACBF64815EF6,72,99.99673273746441,urban_minor,road_archetype,2779,risk_percentile,99.9295156241635,0.6504933178424835,1.0148173570632935,7,0,3,2055.4,0.151,Classified Unnumbered,Minor Road,other_urban,urban_minor,Single Carriageway,,False,False,False,False,False,False,Urban,Urban: Nearer to a major town or city,False,False,,-1.157123721274697,52.62372030060481,2026-07-04T12:45:06+00:00,data/models/risk_scores.parquet,0.1.0,E01013641,LSOA2021,England,IoD 2025,within,0.0,2,3,4,1,0,0,4.0,0.193,8886.760399118288,0.34336643790812305
8127BD5D-4895-4CC6-AB7C-6793E092B986,73,99.99668671968222,urban_minor,road_archetype,2793,risk_percentile,99.92916041132631,0.6492102146148682,1.4250227332115173,2,0,0,4161.8,0.183,Classified Unnumbered,Minor Road,other_urban,urban_minor,Single Carriageway,,False,False,False,False,False,False,Urban,Urban: Nearer to a major town or city,False,False,,-2.198424992267812,53.52370077901341,2026-07-04T12:45:06+00:00,data/models/risk_scores.parquet,0.1.0,E01005138,LSOA2021,England,IoD 2025,within,0.0,1,1,1,1,0,0,3.5,0.9269999999999999,3822.710900665576,0.28584313067369943
75C0C59F-C362-42E0-AA49-99AB21FF6567,74,99.99664070190003,urban_minor,road_archetype,2802,risk_percentile,99.9289320602167,0.6483135038986803,0.960366028547287,3,0,1,2806.0,0.189,Classified Unnumbered,Minor Road,other_urban,urban_minor,Single Carriageway,,False,False,False,False,False,False,Urban,Urban: Nearer to a major town or city,False,False,,-1.4857693194623345,53.35213824746003,2026-07-04T12:45:06+00:00,data/models/risk_scores.parquet,0.1.0,E01008046,LSOA2021,England,IoD 2025,within,0.0,4,4,6,1,0,0,3.5,0.0,5519.245370146179,2.601791476166688
C5B67AF0-10CA-4960-9C7E-85DCD31E7AF3,75,99.99659468411784,urban_minor,road_archetype,2807,risk_percentile,99.92880519848913,0.6478733241558075,1.3582589626312256,0,0,0,4043.8,0.189,Classified Unnumbered,Minor Road,other_urban,urban_minor,Single Carriageway,,False,False,False,False,False,False,Urban,Urban: Nearer to a major town or city,False,True,sparse collision history,-1.5055152004702206,55.00408254253153,2026-07-04T12:45:06+00:00,data/models/risk_scores.parquet,0.1.0,E01008509,LSOA2021,England,IoD 2025,within,0.0,2,2,2,1,0,0,3.5,0.452,2581.571735400372,0.27904209706863137
A9763B31-702C-4A84-B432-FB0D266A19E5,76,99.99654866633566,urban_minor,road_archetype,2816,risk_percentile,99.9285768473795,0.6465490221977234,1.406973671913147,4,0,2,4382.6,0.482,Classified Unnumbered,Minor Road,other_urban,urban_minor,Single Carriageway,,False,False,False,False,False,False,Urban,Urban: Nearer to a major town or city,False,False,,-2.2338498978089216,53.52428958853203,2026-07-04T12:45:06+00:00,data/models/risk_scores.parquet,0.1.0,E01005104,LSOA2021,England,IoD 2025,within,0.0,2,1,2,1,0,0,3.0,0.72,2346.0847233084805,0.29169660581241985
EED2B7C2-87CC-4676-B140-ACB124C1A6C1,77,99.99650264855346,urban_minor,road_archetype,2854,risk_percentile,99.92761269824999,0.6431694447994232,1.1108262419700623,1,0,1,3279.9,0.139,Classified Unnumbered,Minor Road,other_urban,urban_minor,Single Carriageway,,False,False,False,False,False,False,Urban,Urban: Nearer to a major town or city,False,True,sparse collision history,-0.09856858888610844,53.570429697469606,2026-07-04T12:45:06+00:00,data/models/risk_scores.parquet,0.1.0,E01013220,LSOA2021,England,IoD 2025,within,0.0,1,1,1,1,0,0,3.5,0.42700000000000005,10505.036236507069,0.1371937705387412
82C7FF83-94D8-4BDE-9218-3417389FA081,78,99.99645663077126,urban_minor,road_archetype,2916,risk_percentile,99.92603961282815,0.6386661410331727,1.1261050403118134,0,0,0,2473.0,0.308,Classified Unnumbered,Minor Road,other_urban,urban_minor,Single Carriageway,,False,False,False,False,False,False,Urban,Urban: Nearer to a major town or city,False,True,sparse collision history,-1.969281199969932,52.48692015458002,2026-07-04T12:45:06+00:00,data/models/risk_scores.parquet,0.1.0,E01010057,LSOA2021,England,IoD 2025,within,0.0,2,2,3,1,0,0,3.5,0.187,15569.034031415815,0.14516711243449293
94960200-51CD-4497-9776-9D680D3F8F9D,79,99.99641061298907,urban_minor,road_archetype,2945,risk_percentile,99.92530381480826,0.6361197113990784,1.0593465745449067,13,0,2,3590.6,0.116,Classified Unnumbered,Minor Road,other_urban,urban_minor,Single Carriageway,,False,False,False,False,False,False,Urban,Urban: Nearer to a major town or city,False,False,,-1.8535407202729257,52.467907376762774,2026-07-04T12:45:06+00:00,data/models/risk_scores.parquet,0.1.0,E01009329,LSOA2021,England,IoD 2025,within,0.0,1,1,1,1,0,0,3.5,0.559,8016.452985105933,2.479408439102668
62298359-F8A3-4711-809D-1E57A27F7CF0,80,99.99636459520687,urban_minor,road_archetype,2948,risk_percentile,99.92522769777172,0.6359388291835785,2.0912513613700865,1,0,0,4571.8,0.527,Classified Unnumbered,Minor Road,other_urban,urban_minor,Single Carriageway,,False,False,False,False,False,False,Urban,Urban: Nearer to a major town or city,False,True,sparse collision history,-1.1973074279728335,54.55505327036466,2026-07-04T12:45:06+00:00,data/models/risk_scores.parquet,0.1.0,E01012075,LSOA2021,England,IoD 2025,within,0.0,1,1,1,1,0,0,3.5,1.0130000000000001,1415.2958297325586,0.22223481604527578
80E6FEBA-3A26-4FD4-BE94-7C4048A1975E,81,99.99631857742469,urban_minor,road_archetype,2949,risk_percentile,99.92520232542621,0.6358443796634674,1.0794414937496186,6,0,0,2112.6,0.137,Classified Unnumbered,Minor Road,other_urban,urban_minor,Single Carriageway,,False,False,False,False,False,False,Urban,Urban: Nearer to a major town or city,False,False,,-2.7118359036451842,53.770918132500185,2026-07-04T12:45:06+00:00,data/models/risk_scores.parquet,0.1.0,E01025274,LSOA2021,England,IoD 2025,within,0.0,2,3,4,1,0,0,4.0,0.262,13848.418574181665,0.08072620789652024
7C5CBC5C-15FF-4571-BF80-987FE75F53EB,82,99.99627255964249,urban_minor,road_archetype,2953,risk_percentile,99.92510083604415,0.6354633927345276,0.9507220387458801,6,0,1,2215.3,0.139,Classified Unnumbered,Minor Road,other_urban,urban_minor,Single Carriageway,,False,False,False,False,False,False,Urban,Urban: Nearer to a major town or city,False,False,,-2.6800850645242944,53.76584128517875,2026-07-04T12:45:06+00:00,data/models/risk_scores.parquet,0.1.0,E01025297,LSOA2021,England,IoD 2025,within,0.0,1,1,1,1,0,0,4.0,0.294,14471.10041797137,0.5941040463371927
FBDB4FBC-0615-4199-B515-37716ECB752D,83,99.9962265418603,urban_minor,road_archetype,2962,risk_percentile,99.92487248493454,0.6350006744265556,1.3281259775161742,1,0,0,2820.3,0.194,Classified Unnumbered,Minor Road,other_urban,urban_minor,Single Carriageway,,False,False,False,False,False,False,Urban,Urban: Nearer to a major town or city,False,True,sparse collision history,-1.8535510758437668,52.47350528225698,2026-07-04T12:45:06+00:00,data/models/risk_scores.parquet,0.1.0,E01009344,LSOA2021,England,IoD 2025,within,0.0,1,1,1,1,0,0,4.0,1.03,10500.700736073484,0.06749523446953283
8319DFEA-9B7C-4BE4-BE0D-773C0586BC9E,84,99.99618052407811,urban_minor,road_archetype,2976,risk_percentile,99.92451727209735,0.6343123316764832,1.2646000325679778,3,0,1,3382.6,0.209,Classified Unnumbered,Minor Road,other_urban,urban_minor,Single Carriageway,,False,False,False,False,False,False,Urban,Urban: Nearer to a major town or city,False,False,,-1.1937702878062784,54.55275750502399,2026-07-04T12:45:06+00:00,data/models/risk_scores.parquet,0.1.0,E01012084,LSOA2021,England,IoD 2025,within,0.0,1,1,1,1,0,0,3.5,0.804,7707.859135861081,0.2146730572185046
84F48571-515B-4C2D-ABB3-2E3B83FE38C6,85,99.99613450629592,urban_minor,road_archetype,2993,risk_percentile,99.92408594222361,0.6323288083076477,1.7659915566444397,5,0,1,4381.2,0.373,Classified Unnumbered,Minor Road,other_urban,urban_minor,Single Carriageway,,False,False,False,False,False,False,Urban,Urban: Nearer to a major town or city,False,False,,-2.1831004950666104,53.0423391516089,2026-07-04T12:45:06+00:00,data/models/risk_scores.parquet,0.1.0,E01014249,LSOA2021,England,IoD 2025,within,0.0,1,1,1,1,0,0,3.5,0.22299999999999998,1690.8017748784412,0.3549529595776004
5A011B87-EFDD-408D-8728-A27DE4F6523E,86,99.99608848851373,urban_minor,road_archetype,2999,risk_percentile,99.92393370815054,0.6320211231708527,1.3250131249427795,2,0,0,4019.8,0.7,Classified Unnumbered,Minor Road,other_urban,urban_minor,Single Carriageway,,False,False,False,False,False,False,Urban,Urban: Nearer to a major town or city,False,False,,-1.530653048177818,52.92974738325009,2026-07-04T12:45:06+00:00,data/models/risk_scores.parquet,0.1.0,E01013553,LSOA2021,England,IoD 2025,within,0.0,3,2,2,1,0,0,3.0,0.163,3398.4176382159503,0.0972248642753966
B7CB6072-BF16-4A83-B2F8-8D2D05E894B1,87,99.99604247073154,urban_minor,road_archetype,3008,risk_percentile,99.92370535704092,0.6311746500432491,0.551095375418663,0,0,0,2046.7,0.09,Classified Unnumbered,Minor Road,other_urban,urban_minor,Single Carriageway,,False,False,False,False,False,False,Urban,Urban: Nearer to a major town or city,False,True,sparse collision history,-1.4524686666806252,53.41319991126488,2026-07-04T12:45:06+00:00,data/models/risk_scores.parquet,0.1.0,E01007948,LSOA2021,England,IoD 2025,within,0.0,1,1,1,1,0,0,3.5,0.02,4471.282272810292,1.3650493079559889
F77A1F74-CC46-4815-A0BE-668C44518B56,88,99.99599645294936,urban_minor,road_archetype,3017,risk_percentile,99.92347700593129,0.6304520100355149,1.2929161310195922,1,0,0,3080.4,0.194,Classified Unnumbered,Minor Road,other_urban,urban_minor,Single Carriageway,,False,False,False,False,False,False,Urban,Urban: Nearer to a major town or city,False,True,sparse collision history,-2.2634265873385355,53.491569013535866,2026-07-04T12:45:06+00:00,data/models/risk_scores.parquet,0.1.0,E01005610,LSOA2021,England,IoD 2025,within,0.0,3,4,6,1,0,0,3.5,0.18699999999999997,4014.9814005279673,0.17792253552370704
FB68A8C8-F5BC-4333-8587-3BB5AE5CBF0C,89,99.99595043516716,urban_minor,road_archetype,3018,risk_percentile,99.92345163358578,0.6304458439350128,1.448662793636322,1,0,1,4211.0,0.223,Classified Unnumbered,Minor Road,other_urban,urban_minor,Single Carriageway,,False,False,False,False,False,False,Urban,Urban: Nearer to a major town or city,False,True,sparse collision history,-1.2304026533063386,54.5562459544879,2026-07-04T12:45:06+00:00,data/models/risk_scores.parquet,0.1.0,E01033469,LSOA2021,England,IoD 2025,within,0.0,1,1,1,1,0,0,3.5,0.44299999999999995,4232.796292332389,2.170272508858924
2D6F51DB-0DF4-44DD-AC06-435D57A1BA81,90,99.99590441738496,urban_minor,road_archetype,3027,risk_percentile,99.92322328247616,0.6297993838787079,1.2843099296092988,1,0,0,3056.6,0.162,Classified Unnumbered,Minor Road,other_urban,urban_minor,Single Carriageway,,False,False,False,False,False,False,Urban,Urban: Nearer to a major town or city,False,True,sparse collision history,-1.4943818511146916,52.42835066801664,2026-07-04T12:45:06+00:00,data/models/risk_scores.parquet,0.1.0,E01009570,LSOA2021,England,IoD 2025,within,0.0,1,2,2,1,0,0,3.5,0.6709999999999999,13007.029361766883,0.055284667996561995
F74450F4-817F-4C2B-84AA-30F451659802,91,99.99585839960278,urban_minor,road_archetype,3054,risk_percentile,99.92253822914729,0.6276799738407135,0.9412434518337249,2,0,1,2095.9,0.182,Classified Unnumbered,Local Road,other_urban,urban_minor,Single Carriageway,,False,False,False,False,False,False,Urban,Urban: Nearer to a major town or city,False,False,,-2.954338564083003,53.40446540005435,2026-07-04T12:45:06+00:00,data/models/risk_scores.parquet,0.1.0,E01006751,LSOA2021,England,IoD 2025,within,0.0,3,3,4,1,0,0,4.0,0.24899999999999997,8666.910307084107,0.18489996966675387
EB220B03-10B6-4944-A59B-393A6359F8D5,92,99.99581238182058,urban_minor,road_archetype,3058,risk_percentile,99.92243673976525,0.6273544192314148,1.5318138957023621,4,0,2,3229.3,0.474,Classified Unnumbered,Minor Road,other_urban,urban_minor,Single Carriageway,,False,False,False,False,False,False,Urban,Urban: Nearer to a major town or city,False,False,,1.2417732053256019,52.6347735756793,2026-07-04T12:45:06+00:00,data/models/risk_scores.parquet,0.1.0,E01026867,LSOA2021,England,IoD 2025,within,0.0,1,1,2,1,0,0,3.5,0.41800000000000004,6654.710812113742,0.16634768778474984
2ED6FD28-3CE2-4596-A179-C41D9B6DF8DE,93,99.9957663640384,urban_minor,road_archetype,3061,risk_percentile,99.9223606227287,0.6269402086734772,1.2439223289489747,1,0,0,3960.8,0.177,Classified Unnumbered,Minor Road,other_urban,urban_minor,Single Carriageway,,False,False,False,False,False,False,Urban,Urban: Nearer to a major town or city,False,True,sparse collision history,-1.8709637731086042,52.498501690646464,2026-07-04T12:45:06+00:00,data/models/risk_scores.parquet,0.1.0,E01009201,LSOA2021,England,IoD 2025,within,0.0,1,1,1,1,0,0,3.5,0.605,2162.7332392854137,1.582800046942778
D7363FCE-1FD9-4842-8B5B-63877475AE5C,94,99.9957203462562,urban_minor,road_archetype,3068,risk_percentile,99.9221830163101,0.6266708910465241,0.9952560782432556,8,0,1,3144.3,0.106,Classified Unnumbered,Minor Road,other_urban,urban_minor,Single Carriageway,,False,False,False,False,False,False,Urban,Urban: Nearer to a major town or city,False,False,,-1.848147938357973,52.4664800762253,2026-07-04T12:45:06+00:00,data/models/risk_scores.parquet,0.1.0,E01009337,LSOA2021,England,IoD 2025,within,0.0,1,1,2,1,0,0,3.5,0.5509999999999999,13572.523496365464,2.4778455363240006
48D453FE-0B3F-4CA5-BD42-81E5E28DA82A,95,99.99567432847401,urban_minor,road_archetype,3071,risk_percentile,99.92210689927357,0.6265240848064423,1.2404364407062531,0,0,0,3499.5,0.268,Classified Unnumbered,Minor Road,other_urban,urban_minor,Single Carriageway,,False,False,False,False,False,False,Urban,Urban: Nearer to a major town or city,False,True,sparse collision history,-1.8005579610330769,53.75883339562545,2026-07-04T12:45:06+00:00,data/models/risk_scores.parquet,0.1.0,E01010850,LSOA2021,England,IoD 2025,within,0.0,1,1,1,1,0,0,3.5,0.086,3308.209923284997,1.8340385492616285
4356CE4D-4504-45E6-B7DB-1C2C8A3E350F,96,99.99562831069181,urban_minor,road_archetype,3089,risk_percentile,99.92165019705432,0.6255811631679535,1.2203915297985077,5,0,3,3429.9,0.194,Classified Unnumbered,Minor Road,other_urban,urban_minor,Single Carriageway,,False,False,False,False,False,False,Urban,Urban: Nearer to a major town or city,False,False,,-2.6848321728244593,53.44625795332357,2026-07-04T12:45:06+00:00,data/models/risk_scores.parquet,0.1.0,E01006816,LSOA2021,England,IoD 2025,within,0.0,1,1,1,1,0,0,3.5,0.576,6827.96250839311,0.31634923812277094
C912D6F8-E8EB-4616-971F-5FF8AF234FBA,97,99.99558229290962,urban_minor,road_archetype,3094,risk_percentile,99.92152333532675,0.625471156835556,0.3752049207687378,0,0,0,1606.4,0.014,Classified Unnumbered,Minor Road,other_urban,urban_minor,Single Carriageway,,False,False,False,False,False,False,Urban,Urban: Nearer to a major town or city,False,True,sparse collision history,-1.134053488843439,52.62460184938613,2026-07-04T12:45:06+00:00,data/models/risk_scores.parquet,0.1.0,E01013648,LSOA2021,England,IoD 2025,within,0.0,3,6,9,1,0,0,3.0,0.0,14789.110824615096,2.382770203130161
F3187131-3AF6-442D-87DB-1C8F319EF01A,98,99.99553627512744,urban_minor,road_archetype,3099,risk_percentile,99.92139647359919,0.6250475671142339,0.9989137589931488,2,0,0,2608.0,0.152,Classified Unnumbered,Minor Road,other_urban,urban_minor,Single Carriageway,,False,False,False,False,False,False,Urban,Urban: Nearer to a major town or city,False,False,,-0.2439605732972615,52.58339540835485,2026-07-04T12:45:06+00:00,data/models/risk_scores.parquet,0.1.0,E01015601,LSOA2021,England,IoD 2025,within,0.0,1,1,3,1,0,0,3.5,0.6190000000000001,10013.96160559652,0.06201932322181956
79EE2987-1F56-4E1B-BD39-8C4DE85F086A,99,99.99549025734524,urban_minor,road_archetype,3141,risk_percentile,99.92033083508763,0.621863254904747,1.0608847439289093,5,0,2,1942.0,2.271,Classified Unnumbered,Minor Road,other_urban,urban_minor,Single Carriageway,,False,False,False,False,False,False,Urban,Urban: Nearer to a major town or city,False,False,,-1.6014721071574332,54.63745909719498,2026-07-04T12:45:06+00:00,data/models/risk_scores.parquet,0.1.0,E01020815,LSOA2021,England,IoD 2025,within,0.0,4,4,4,1,0,0,3.0,2.147,128.72466144385425,0.1629568822420982
DB442812-3F2D-44DA-A5B1-69EF077C0F13,100,99.99544423956304,urban_minor,road_archetype,3150,risk_percentile,99.920102483978,0.6213658183813096,1.233618003129959,1,0,0,3541.5,0.18,Classified Unnumbered,Minor Road,other_urban,urban_minor,Single Carriageway,,False,False,False,False,False,False,Urban,Urban: Nearer to a major town or city,False,True,sparse collision history,-2.1142916810698664,52.61183259582424,2026-07-04T12:45:06+00:00,data/models/risk_scores.parquet,0.1.0,E01010483,LSOA2021,England,IoD 2025,within,0.0,1,1,1,1,0,0,3.5,0.9590000000000002,4523.708231306821,0.13754542651106216
