link_id,within_group_rank,within_group_percentile,group_name,group_type,global_risk_rank,ranking_source,risk_percentile,predicted_xgb,predicted_glm,collision_count,fatal_count,serious_count,estimated_aadt,link_length_km,road_classification,road_function,family,road_archetype,form_of_way,road_number,is_motorway,is_trunk,is_primary,is_dual,is_slip_road,is_roundabout,ruc_urban_rural,ruc_class,low_exposure_flag,sparse_collision_history_flag,calibration_caveat,centroid_longitude,centroid_latitude,output_created_at_utc,source_risk_scores_file,model_output_version,deprivation_area_code,deprivation_area_type,deprivation_country,deprivation_source,deprivation_assignment_method,deprivation_assignment_distance_m,overall_decile_within_country,income_decile_within_country,employment_decile_within_country,deprivation_country_england,deprivation_country_wales,deprivation_country_scotland,degree_mean,dist_to_major_km,pop_density_per_km2,betweenness_relative
E1AC0C71-21A6-4F45-ACAD-7A3C4E0EF99F,1,100.0,A Road,road_classification,116,risk_percentile,99.99708218026595,4.840457153320313,3.161224102973938,29,2,10,9596.9,9.05,A Road,A Road,trunk_a,trunk_a,Collapsed Dual Carriageway,A14,False,True,True,True,False,False,Rural,Smaller rural: Nearer to a major town or city,False,False,,-1.1017939886858348,52.39482176056914,2026-07-04T12:45:06+00:00,data/models/risk_scores.parquet,0.1.0,E01027030,LSOA2021,England,IoD 2025,within,0.0,6,8,9,1,0,0,3.0,0.0,11.19646265193922,0.9161476689784457
5A06A2A0-3648-46B2-B91E-D5F8EA000B77,2,99.99965647661809,A Road,road_classification,125,risk_percentile,99.99685382915632,4.655582618713379,3.61537344455719,15,0,5,13529.3,7.167,A Road,A Road,trunk_a,trunk_a,Collapsed Dual Carriageway,A42,False,True,True,True,False,False,Rural,Smaller rural: Nearer to a major town or city,False,False,,-1.4123018226552835,52.78067870344311,2026-07-04T12:45:06+00:00,data/models/risk_scores.parquet,0.1.0,E01025963,LSOA2021,England,IoD 2025,within,0.0,6,7,7,1,0,0,3.0,0.0,94.10138771088481,0.44343844547900085
65BA14C9-05CF-4ED8-AB6E-F76B69344D16,3,99.99931295323617,A Road,road_classification,130,risk_percentile,99.99672696742876,4.558373546600341,3.853538250923157,35,2,9,17878.6,6.488,A Road,A Road,trunk_a,trunk_a,Collapsed Dual Carriageway,A38,False,True,True,True,False,False,Urban,Urban: Nearer to a major town or city,False,False,,-1.6476205063386942,52.815667093926216,2026-07-04T12:45:06+00:00,data/models/risk_scores.parquet,0.1.0,E01029446,LSOA2021,England,IoD 2025,within,0.0,6,5,6,1,0,0,3.0,0.0,2561.718522433502,2.1472894924626296
AF5910F7-72AB-4D30-99E8-3FAF54587147,4,99.99896942985424,A Road,road_classification,140,risk_percentile,99.99647324397363,4.373553276062012,3.723685312271118,24,1,11,14990.6,6.75,A Road,A Road,trunk_a,trunk_a,Collapsed Dual Carriageway,A46,False,True,True,True,False,False,Rural,Larger rural: Nearer to a major town or city,False,False,,-1.913142458895188,52.138257594979564,2026-07-04T12:45:06+00:00,data/models/risk_scores.parquet,0.1.0,E01032388,LSOA2021,England,IoD 2025,within,0.0,7,8,7,1,0,0,3.0,0.0,173.56717302928243,1.0443836331989094
980A4752-91AD-4B78-8D85-FC7BC10F4106,5,99.99862590647233,A Road,road_classification,142,risk_percentile,99.9964224992826,4.36696355342865,3.6345075130462647,39,2,4,17666.8,6.14,A Road,A Road,trunk_a,trunk_a,Collapsed Dual Carriageway,A38,False,True,True,True,False,False,Rural,Smaller rural: Nearer to a major town or city,False,False,,-1.438285284986647,53.02745133006544,2026-07-04T12:45:06+00:00,data/models/risk_scores.parquet,0.1.0,E01019448,LSOA2021,England,IoD 2025,within,0.0,8,7,8,1,0,0,3.0,0.0,146.54828039098976,1.9062769632255678
34BADB00-8728-4B0B-B6F6-B9B345697BFB,6,99.99828238309041,A Road,road_classification,144,risk_percentile,99.99637175459158,4.361387491226196,3.985095167160034,62,0,16,18922.0,2.097,A Road,A Road,trunk_a,trunk_a,Collapsed Dual Carriageway,A1,False,True,True,True,False,False,Rural,Larger rural: Nearer to a major town or city,False,False,,-1.2370830174236755,53.62566208294766,2026-07-04T12:45:06+00:00,data/models/risk_scores.parquet,0.1.0,E01011856,LSOA2021,England,IoD 2025,within,0.0,2,4,2,1,0,0,3.0,0.0,109.31358564854114,3.2478812430011965
3A4AC0CF-7824-4005-8DD7-B56E117DB95E,7,99.99793885970848,A Road,road_classification,160,risk_percentile,99.99596579706336,4.09398250579834,3.3100319385528563,19,0,7,14052.0,6.433,A Road,A Road,trunk_a,trunk_a,Collapsed Dual Carriageway,A19,False,True,True,True,False,False,Urban,Urban: Nearer to a major town or city,False,False,,-1.297720491751429,54.497405151151554,2026-07-04T12:45:06+00:00,data/models/risk_scores.parquet,0.1.0,E01012233,LSOA2021,England,IoD 2025,within,0.0,9,9,10,1,0,0,3.0,0.0,68.73137664812975,1.851628582722027
CE9DB154-EF72-4841-BE95-61741E93D84F,8,99.99759533632657,A Road,road_classification,165,risk_percentile,99.9958389353358,3.938822555541992,3.168508219718933,40,5,12,9940.3,7.408,A Road,A Road,trunk_a,trunk_a,Collapsed Dual Carriageway,A14,False,True,True,True,False,False,Rural,Smaller rural: Nearer to a major town or city,False,False,,-0.9750175560467031,52.402617646628244,2026-07-04T12:45:06+00:00,data/models/risk_scores.parquet,0.1.0,E01027005,LSOA2021,England,IoD 2025,within,0.0,7,9,10,1,0,0,3.0,0.0,24.37317763635014,1.1793057565486889
6EE4A050-5EED-45D1-847E-3F6CD0D237C2,9,99.99725181294464,A Road,road_classification,167,risk_percentile,99.99578819064476,3.930841016769409,2.3867768168449404,43,3,10,10739.5,6.793,A Road,A Road,trunk_a,trunk_a,Collapsed Dual Carriageway,A14,False,True,True,True,False,False,Rural,Larger rural: Nearer to a major town or city,False,False,,0.3540310034296775,52.24687694852664,2026-07-04T12:45:06+00:00,data/models/risk_scores.parquet,0.1.0,E01018013,LSOA2021,England,IoD 2025,within,0.0,9,9,9,1,0,0,3.0,0.0,105.94497691141193,0.035542667255665426
7D0B0A92-F0E3-4E6C-B54F-9B07CB98C51D,10,99.99690828956273,A Road,road_classification,186,risk_percentile,99.99530611608,3.587279438972473,2.30053448677063,24,2,6,9679.2,5.857,A Road,A Road,trunk_a,trunk_a,Collapsed Dual Carriageway,A14,False,True,True,True,False,False,Rural,Smaller rural: Nearer to a major town or city,False,False,,0.26360307112458753,52.21464263479652,2026-07-04T12:45:06+00:00,data/models/risk_scores.parquet,0.1.0,E01018011,LSOA2021,England,IoD 2025,within,0.0,8,9,9,1,0,0,3.0,0.0,46.29377826892581,1.2053776920501782
C608C14B-5436-4C0E-9C8B-7D252640B1C5,11,99.99656476618081,A Road,road_classification,191,risk_percentile,99.99517925435244,3.487379550933838,2.5444739818573,14,1,5,13909.6,5.733,A Road,A Road,trunk_a,trunk_a,Collapsed Dual Carriageway,A483,False,True,True,True,False,False,Rural,Smaller rural: Nearer to a major town or city,False,False,,-2.9409600091063086,53.13381869027175,2026-07-04T12:45:06+00:00,data/models/risk_scores.parquet,0.1.0,E01018335,LSOA2021,England,IoD 2025,within,0.0,7,6,5,1,0,0,3.0,0.0,84.56357351692559,0.6712961764977143
149FB3AA-24D0-437C-AF49-744AF495CB97,12,99.99622124279888,A Road,road_classification,192,risk_percentile,99.99515388200693,3.4706873893737793,2.334949791431427,22,0,7,9538.6,6.533,A Road,A Road,trunk_a,trunk_a,Collapsed Dual Carriageway,A14,False,True,True,True,False,False,Rural,Larger rural: Nearer to a major town or city,False,False,,-0.8638002052425119,52.40625601445912,2026-07-04T12:45:06+00:00,data/models/risk_scores.parquet,0.1.0,E01032974,LSOA2021,England,IoD 2025,within,0.0,7,8,8,1,0,0,3.0,0.0,13.189617519686829,1.122230232452184
EED25C47-4544-4CE8-9911-4C61EB5B4C6A,13,99.99587771941697,A Road,road_classification,195,risk_percentile,99.99507776497039,3.451068949699402,0.9097141623497009,25,2,5,8039.8,8.117,A Road,A Road,trunk_a,trunk_a,Collapsed Dual Carriageway,A1,False,True,True,True,False,False,Rural,Smaller rural: Further from a major town or city,False,False,,-0.8512762232826936,53.19908018882027,2026-07-04T12:45:06+00:00,data/models/risk_scores.parquet,0.1.0,E01028349,LSOA2021,England,IoD 2025,within,0.0,6,9,7,1,0,0,3.0,0.0,39.01673132968137,2.8197464275232282
5D60EEFF-F05C-4615-B4A7-E9E71ED162C5,14,99.99553419603505,A Road,road_classification,196,risk_percentile,99.99505239262487,3.4473196029663087,3.7003931999206543,0,0,0,18978.0,5.119,A Road,A Road,trunk_a,trunk_a,Collapsed Dual Carriageway,A1,False,True,True,True,False,False,Urban,Urban: Nearer to a major town or city,False,True,sparse collision history,-1.7063648025040177,55.15170311408984,2026-07-04T12:45:06+00:00,data/models/risk_scores.parquet,0.1.0,E01027455,LSOA2021,England,IoD 2025,within,0.0,10,10,9,1,0,0,3.0,0.0,710.7025117027897,1.6154547651809286
5088ECCF-1253-4615-98B0-B86A78AE9F8A,15,99.99519067265314,A Road,road_classification,200,risk_percentile,99.99495090324282,3.388079857826233,2.3194840133190153,35,2,13,5603.1,10.608,A Road,A Road,trunk_a,trunk_a,Collapsed Dual Carriageway,A11,False,True,True,True,False,False,Urban,Urban: Further from a major town or city,False,False,,0.602362041731664,52.36129525578159,2026-07-04T12:45:06+00:00,data/models/risk_scores.parquet,0.1.0,E01034564,LSOA2021,England,IoD 2025,within,0.0,6,10,9,1,0,0,3.0,0.0,7.337020600807444,1.0917597947103317
2656C791-23BE-4E18-B354-C21D0BFDC615,16,99.99484714927121,A Road,road_classification,208,risk_percentile,99.99474792447872,3.253100347518921,3.780794620513916,6,1,1,16704.2,4.195,A Road,A Road,trunk_a,trunk_a,Collapsed Dual Carriageway,A14,False,True,True,True,False,False,Rural,Larger rural: Further from a major town or city,False,False,,-0.5903197540119658,52.39050161453716,2026-07-04T12:45:06+00:00,data/models/risk_scores.parquet,0.1.0,E01027078,LSOA2021,England,IoD 2025,within,0.0,5,6,6,1,0,0,3.0,0.0,118.15277996279814,1.1028621008045452
3FACDDB6-13D8-4A24-A971-1B408BC3ECC5,17,99.9945036258893,A Road,road_classification,211,risk_percentile,99.99467180744217,3.22730758190155,5.52679123878479,13,2,3,25323.7,3.66,A Road,A Road,trunk_a,trunk_a,Collapsed Dual Carriageway,A174,False,True,True,True,False,False,Urban,Urban: Nearer to a major town or city,False,False,,-1.1482123277334169,54.55125507335735,2026-07-04T12:45:06+00:00,data/models/risk_scores.parquet,0.1.0,E01012112,LSOA2021,England,IoD 2025,within,0.0,1,1,1,1,0,0,3.0,0.0,252.35485317561682,0.09976322499228991
F8C83919-A991-4C0F-980E-148BFB912405,18,99.99416010250738,A Road,road_classification,218,risk_percentile,99.99449420102357,3.165967458486557,1.5290539145469666,50,4,14,7183.9,8.549,A Road,A Road,trunk_a,trunk_a,Collapsed Dual Carriageway,A180,False,True,True,True,False,False,Rural,Smaller rural: Nearer to a major town or city,False,False,,-0.3483971959973247,53.601771622763266,2026-07-04T12:45:06+00:00,data/models/risk_scores.parquet,0.1.0,E01013309,LSOA2021,England,IoD 2025,within,0.0,5,6,6,1,0,0,3.0,0.0,26.63626889889992,0.07051137216351494
1EAC12A0-7280-42C7-84ED-993A69D02C8F,19,99.99381657912546,A Road,road_classification,222,risk_percentile,99.99439271164152,3.084033173322678,2.610269641876221,41,6,5,10490.1,7.489,A Road,A Road,trunk_a,trunk_a,Collapsed Dual Carriageway,A50,False,True,True,True,False,False,Rural,Smaller rural: Nearer to a major town or city,False,False,,-1.5009432054440817,52.86628851071192,2026-07-04T12:45:06+00:00,data/models/risk_scores.parquet,0.1.0,E01019834,LSOA2021,England,IoD 2025,within,0.0,7,7,7,1,0,0,3.0,0.0,39.71284299972974,0.3330350041685003
FDF6363C-95EA-40F6-9DCF-87DAC74DC92F,20,99.99347305574354,A Road,road_classification,223,risk_percentile,99.994367339296,3.0703988790512087,3.747254967689514,42,0,10,17287.3,4.039,A Road,A Road,trunk_a,trunk_a,Collapsed Dual Carriageway,A38,False,True,True,True,False,False,Rural,Smaller rural: Nearer to a major town or city,False,False,,-1.4521232428968909,52.974318525525455,2026-07-04T12:45:06+00:00,data/models/risk_scores.parquet,0.1.0,E01019670,LSOA2021,England,IoD 2025,within,0.0,8,9,8,1,0,0,3.0,0.0,168.41828120764887,2.1091239841809686
D4BB3DD4-0E97-4836-A859-49562A809C14,21,99.99312953236162,A Road,road_classification,233,risk_percentile,99.99411361584087,2.9321962118148805,3.722850131988525,15,1,3,23341.0,3.178,A Road,A Road,other_urban,urban_a_road,Collapsed Dual Carriageway,A617,False,False,True,True,False,False,Urban,Urban: Nearer to a major town or city,False,False,,-1.4017140364579426,53.2212724934346,2026-07-04T12:45:06+00:00,data/models/risk_scores.parquet,0.1.0,E01019547,LSOA2021,England,IoD 2025,within,0.0,2,2,1,1,0,0,3.0,0.0,1514.9605995502236,1.5670579046076019
63B3AEB7-27BA-45D3-905B-27440A6623FC,22,99.9927860089797,A Road,road_classification,234,risk_percentile,99.99408824349536,2.93108971118927,2.734002113342285,21,1,4,11724.3,4.534,A Road,A Road,trunk_a,trunk_a,Collapsed Dual Carriageway,A63,False,True,True,True,False,False,Rural,Larger rural: Nearer to a major town or city,False,False,,-0.635299404647825,53.764590035103595,2026-07-04T12:45:06+00:00,data/models/risk_scores.parquet,0.1.0,E01012969,LSOA2021,England,IoD 2025,within,0.0,7,8,8,1,0,0,3.0,0.0,565.4301319416976,0.19551109273872871
9913B226-31D4-4EC4-BD1F-8133E9268100,23,99.99244248559778,A Road,road_classification,235,risk_percentile,99.99406287114985,2.9220641613006593,2.7342682123184203,19,2,5,11223.8,5.063,A Road,A Road,trunk_a,trunk_a,Collapsed Dual Carriageway,A42,False,True,True,True,False,False,Rural,Smaller rural: Nearer to a major town or city,False,False,,-1.520567614731769,52.70919732866358,2026-07-04T12:45:06+00:00,data/models/risk_scores.parquet,0.1.0,E01025954,LSOA2021,England,IoD 2025,within,0.0,6,7,7,1,0,0,3.0,0.0,47.78249419973837,0.14293399577632612
D42ADB91-8839-4B11-8708-E5749D315CC1,24,99.99209896221586,A Road,road_classification,237,risk_percentile,99.99401212645881,2.9059197664260865,2.506302332878113,9,0,4,10514.9,5.048,A Road,A Road,trunk_a,trunk_a,Collapsed Dual Carriageway,A42,False,True,True,True,False,False,Rural,Smaller rural: Nearer to a major town or city,False,False,,-1.341016970129659,52.80188325034351,2026-07-04T12:45:06+00:00,data/models/risk_scores.parquet,0.1.0,E01025923,LSOA2021,England,IoD 2025,within,0.0,7,8,8,1,0,0,3.0,0.0,47.936372556706694,0.4429323296226139
207F717C-C2B2-4F2E-B941-B630910E47E6,25,99.99175543883393,A Road,road_classification,241,risk_percentile,99.99391063707677,2.8170536160469055,1.3193138778209685,49,3,11,7552.4,11.654,A Road,A Road,trunk_a,trunk_a,Collapsed Dual Carriageway,A50,False,True,True,True,False,False,Rural,Larger rural: Nearer to a major town or city,False,False,,-1.9761724846316786,52.93642629289612,2026-07-04T12:45:06+00:00,data/models/risk_scores.parquet,0.1.0,E01029791,LSOA2021,England,IoD 2025,within,0.0,7,8,8,1,0,0,3.0,0.0,53.25173895969955,0.9263974991020063
423AC19A-2D59-4C16-BF5A-BBFAA1D150B6,26,99.99141191545202,A Road,road_classification,244,risk_percentile,99.99383452004022,2.782871866226196,1.8440719962120056,15,1,3,9310.5,5.693,A Road,A Road,trunk_a,trunk_a,Collapsed Dual Carriageway,A14,False,True,True,True,False,False,Rural,Smaller rural: Nearer to a major town or city,False,False,,0.4884184745215439,52.27469444676573,2026-07-04T12:45:06+00:00,data/models/risk_scores.parquet,0.1.0,E01018035,LSOA2021,England,IoD 2025,within,0.0,6,5,6,1,0,0,3.0,0.0,63.602330747862794,0.002069711649801236
2B1D5B22-2A7D-4E53-999E-1260CA043B5A,27,99.9910683920701,A Road,road_classification,249,risk_percentile,99.99370765831266,2.6969305276870728,2.2562469720840452,23,2,2,8679.2,5.648,A Road,A Road,trunk_a,trunk_a,Collapsed Dual Carriageway,A14,False,True,True,True,False,False,Rural,Larger rural: Nearer to a major town or city,False,False,,0.9357530192098237,52.21660631363243,2026-07-04T12:45:06+00:00,data/models/risk_scores.parquet,0.1.0,E01030056,LSOA2021,England,IoD 2025,within,0.0,5,6,6,1,0,0,3.0,0.0,44.90388228121558,0.4697339680333394
A5F19EBE-69DB-4E7F-BED6-A4C574F54CB6,28,99.99072486868819,A Road,road_classification,251,risk_percentile,99.99365691362162,2.6876316547393797,4.626935720443726,0,0,0,16966.2,4.24,A Road,A Road,trunk_a,trunk_a,Collapsed Dual Carriageway,A421,False,True,True,True,False,False,Rural,Smaller rural: Nearer to a major town or city,False,True,sparse collision history,-0.33206369498197363,52.17470528546015,2026-07-04T12:45:06+00:00,data/models/risk_scores.parquet,0.1.0,E01017542,LSOA2021,England,IoD 2025,within,0.0,4,6,6,1,0,0,3.0,0.0,115.69135266311774,1.130804036397401
2A68556E-890B-47A2-9318-12A0500D58A6,29,99.99038134530626,A Road,road_classification,252,risk_percentile,99.9936315412761,2.68539035320282,4.238397455215454,7,0,2,17174.0,4.54,A Road,A Road,trunk_a,trunk_a,Collapsed Dual Carriageway,A5,False,True,True,True,False,False,Urban,Urban: Nearer to a major town or city,False,False,,-0.839500002012477,52.05764067515784,2026-07-04T12:45:06+00:00,data/models/risk_scores.parquet,0.1.0,E01016817,LSOA2021,England,IoD 2025,within,0.0,5,6,5,1,0,0,3.0,0.0,3418.2148337652307,0.47283920765502385
763B2105-C711-45EB-86FB-3B83F6636A56,30,99.99003782192435,A Road,road_classification,253,risk_percentile,99.9936061689306,2.6787108898162844,2.397510051727295,12,1,0,16961.8,2.177,A Road,A Road,trunk_a,trunk_a,Collapsed Dual Carriageway,A1,False,True,True,True,False,False,Urban,Urban: Nearer to a major town or city,False,False,,-0.52287452405809,52.664961998341624,2026-07-04T12:45:06+00:00,data/models/risk_scores.parquet,0.1.0,E01026356,LSOA2021,England,IoD 2025,within,0.0,10,9,10,1,0,0,3.0,0.0,1336.2236125567294,2.8663032628766683
07DE5B08-8356-4B4C-AFC4-5D54ED87B47D,31,99.98969429854243,A Road,road_classification,257,risk_percentile,99.99350467954854,2.659070074558258,2.9258620262146,38,1,8,10811.6,3.374,A Road,A Road,other_unknown,other_unknown,Collapsed Dual Carriageway,A15,False,False,True,True,False,False,,,False,False,,-0.4502692903738323,53.702877097482634,2026-07-04T12:45:06+00:00,data/models/risk_scores.parquet,0.1.0,,,,,unmatched,,,,,0,0,0,3.0,0.0,,2.0038912804277764
3D25BEF7-5F9F-4D48-BFB6-E99850F2F8D5,32,99.98935077516052,A Road,road_classification,264,risk_percentile,99.99332707312995,2.595128893852234,1.8188313364982605,27,1,3,8796.4,5.233,A Road,A Road,trunk_a,trunk_a,Collapsed Dual Carriageway,A180,False,True,True,True,False,False,Urban,Urban: Nearer to a major town or city,False,False,,-0.23988758653045897,53.60747576707645,2026-07-04T12:45:06+00:00,data/models/risk_scores.parquet,0.1.0,E01013180,LSOA2021,England,IoD 2025,within,0.0,6,6,5,1,0,0,3.0,0.0,66.39891062301221,0.05211123618383007
36DAE1F2-CE3F-4410-BE51-98B9C5AEE180,33,99.98900725177859,A Road,road_classification,267,risk_percentile,99.9932509560934,2.564705014228821,3.7052809238433837,12,1,3,16199.0,4.19,A Road,A Road,trunk_a,trunk_a,Collapsed Dual Carriageway,A47,False,True,True,True,False,False,Rural,Smaller rural: Nearer to a major town or city,False,False,,-0.34800387420266715,52.578144013778804,2026-07-04T12:45:06+00:00,data/models/risk_scores.parquet,0.1.0,E01015627,LSOA2021,England,IoD 2025,within,0.0,7,8,7,1,0,0,3.0,0.0,186.02150931923688,0.8747248213911017
D0C87EF7-58CE-4A6A-AD80-A5320EEBA660,34,99.98866372839667,A Road,road_classification,271,risk_percentile,99.99314946671134,2.5207715749740602,2.4143208980560305,0,0,0,11795.6,4.528,A Road,A Road,trunk_a,trunk_a,Collapsed Dual Carriageway,A421,False,True,True,True,False,False,Rural,Larger rural: Nearer to a major town or city,False,True,sparse collision history,-0.5282704880293801,52.08240122843253,2026-07-04T12:45:06+00:00,data/models/risk_scores.parquet,0.1.0,E01034425,LSOA2021,England,IoD 2025,within,0.0,8,8,8,1,0,0,3.0,0.0,80.12822362881172,0.25249365690151104
437C230D-E3A6-470E-AD47-33FAC995AAAA,35,99.98832020501476,A Road,road_classification,272,risk_percentile,99.99312409436584,2.5171136617660523,2.397852432727814,11,0,4,13954.7,4.299,A Road,A Road,trunk_a,trunk_a,Collapsed Dual Carriageway,A64,False,True,True,True,False,False,Urban,Urban: Further from a major town or city,False,False,,-0.8061521705682654,54.14077034850568,2026-07-04T12:45:06+00:00,data/models/risk_scores.parquet,0.1.0,E01027786,LSOA2021,England,IoD 2025,within,0.0,10,9,9,1,0,0,3.0,0.0,403.5454331924243,0.3148660724220047
FD41428A-9593-430C-86C5-95852C06283B,36,99.98797668163284,A Road,road_classification,273,risk_percentile,99.99309872202032,2.508596420288086,1.276330578327179,9,1,0,7604.4,6.325,A Road,A Road,trunk_a,trunk_a,Collapsed Dual Carriageway,A5,False,True,True,True,False,False,Urban,Urban: Nearer to a major town or city,False,False,,-2.5918383116411157,52.69309800561088,2026-07-04T12:45:06+00:00,data/models/risk_scores.parquet,0.1.0,E01014202,LSOA2021,England,IoD 2025,within,0.0,7,6,7,1,0,0,2.5,0.0,24.583949209488484,0.3696359376642798
57F562BB-1463-473C-8D66-4AB3B3895727,37,99.98763315825092,A Road,road_classification,274,risk_percentile,99.99307334967482,2.4926634073257445,2.6902987480163576,3,0,1,12289.1,4.508,A Road,A Road,trunk_a,trunk_a,Collapsed Dual Carriageway,A19,False,True,True,True,False,False,Urban,Urban: Nearer to a major town or city,False,False,,-1.411941841040522,54.85441468262888,2026-07-04T12:45:06+00:00,data/models/risk_scores.parquet,0.1.0,E01008765,LSOA2021,England,IoD 2025,within,0.0,7,8,6,1,0,0,3.0,0.0,80.04251720239701,0.3949129611239446
823296D9-ACE0-4E29-807C-1249C8619928,38,99.98728963486899,A Road,road_classification,277,risk_percentile,99.99299723263827,2.4887402772903444,1.6193217873573302,10,1,3,10613.7,2.918,A Road,A Road,trunk_a,trunk_a,Collapsed Dual Carriageway,A1,False,True,True,True,False,False,Rural,Larger rural: Nearer to a major town or city,False,False,,-0.905591023805366,53.24447381631988,2026-07-04T12:45:06+00:00,data/models/risk_scores.parquet,0.1.0,E01028007,LSOA2021,England,IoD 2025,within,0.0,7,8,7,1,0,0,2.5,0.0,74.97602971107634,2.81925208809096
2ED97B7F-256A-4E47-ACA4-2852302E265D,39,99.98694611148707,A Road,road_classification,281,risk_percentile,99.99289574325621,2.448191285133362,3.3436529636383057,4,0,1,18170.5,3.747,A Road,A Road,trunk_a,trunk_a,Collapsed Dual Carriageway,A43,False,True,True,True,False,False,Rural,Larger rural: Nearer to a major town or city,False,False,,-1.0136004516958181,52.09709678192232,2026-07-04T12:45:06+00:00,data/models/risk_scores.parquet,0.1.0,E01027295,LSOA2021,England,IoD 2025,within,0.0,9,8,10,1,0,0,3.0,0.0,229.04593744216297,1.0811727101534268
2C749580-9358-4D5D-99F5-DB691C76B52A,40,99.98660258810516,A Road,road_classification,282,risk_percentile,99.99287037091071,2.4476582288742064,2.893039608001709,7,0,1,15498.0,3.217,A Road,A Road,trunk_a,trunk_a,Collapsed Dual Carriageway,A14,False,True,True,True,False,False,Urban,Urban: Nearer to a major town or city,False,False,,0.999571275075744,52.19686113260909,2026-07-04T12:45:06+00:00,data/models/risk_scores.parquet,0.1.0,E01030076,LSOA2021,England,IoD 2025,within,0.0,6,6,6,1,0,0,3.0,0.0,1476.3641574743922,0.4580841077325868
59FFE4B6-01EB-478C-A8DE-17370D48427D,41,99.98625906472324,A Road,road_classification,284,risk_percentile,99.99281962621967,2.4440665006637574,1.63923579454422,11,0,2,7200.8,6.596,A Road,A Road,other_rural,rural_a_road,Single Carriageway,A16,False,False,True,False,False,False,Rural,Larger rural: Nearer to a major town or city,False,False,,-0.12609686234743123,52.71576673500668,2026-07-04T12:45:06+00:00,data/models/risk_scores.parquet,0.1.0,E01026239,LSOA2021,England,IoD 2025,within,0.0,5,6,7,1,0,0,2.5,0.0,5.53733747260864,0.5708644369048586
2A6BB0C7-8CC4-43DC-85A8-547844C6A96B,42,99.98591554134131,A Road,road_classification,286,risk_percentile,99.99276888152865,2.4293649911880495,2.901445174217224,11,1,2,12349.9,4.539,A Road,A Road,trunk_a,trunk_a,Collapsed Dual Carriageway,A64,False,True,True,True,False,False,Urban,Urban: Nearer to a major town or city,False,False,,-1.0332128651636623,53.93516955591562,2026-07-04T12:45:06+00:00,data/models/risk_scores.parquet,0.1.0,E01013378,LSOA2021,England,IoD 2025,within,0.0,9,10,10,1,0,0,3.0,0.0,21.706532491214578,0.3053027887767056
21E03A85-DEB5-451F-B805-0013EEAFD372,43,99.9855720179594,A Road,road_classification,288,risk_percentile,99.99271813683762,2.4263105154037476,1.8620473265647888,25,0,4,11756.5,3.291,A Road,A Road,trunk_a,trunk_a,Collapsed Dual Carriageway,A1,False,True,True,True,False,False,Urban,Urban: Nearer to a major town or city,False,False,,-0.7681860665060977,53.06403174020455,2026-07-04T12:45:06+00:00,data/models/risk_scores.parquet,0.1.0,E01028286,LSOA2021,England,IoD 2025,within,0.0,5,4,3,1,0,0,3.0,0.0,48.5580026042103,2.558613823199698
379969BD-6649-412B-9661-3797BD4BCE7D,44,99.98522849457748,A Road,road_classification,289,risk_percentile,99.9926927644921,2.411321258544922,2.5450469493865966,19,1,4,11173.4,4.29,A Road,A Road,trunk_a,trunk_a,Collapsed Dual Carriageway,A14,False,True,True,True,False,False,Rural,Smaller rural: Nearer to a major town or city,False,False,,1.0964071522345091,52.12585372566344,2026-07-04T12:45:06+00:00,data/models/risk_scores.parquet,0.1.0,E01030046,LSOA2021,England,IoD 2025,within,0.0,8,9,9,1,0,0,3.0,0.0,72.34044855425564,0.08217146259710816
94AA1E2F-C113-40F4-A2D8-91C18E67C456,45,99.98488497119557,A Road,road_classification,294,risk_percentile,99.99256590276454,2.3882638454437255,2.6154404401779177,27,1,8,7920.8,5.175,A Road,A Road,trunk_a,trunk_a,Single Carriageway,A628,False,True,True,False,False,False,Rural,Smaller rural: Nearer to a major town or city,False,False,,-1.752802121982029,53.50208718288284,2026-07-04T12:45:06+00:00,data/models/risk_scores.parquet,0.1.0,E01007426,LSOA2021,England,IoD 2025,within,0.0,6,8,7,1,0,0,3.0,0.0,11.730150688520542,0.9433829212812341
1D5ABAAF-1D73-4BD2-B47B-D874C03DCCEF,46,99.98454144781364,A Road,road_classification,295,risk_percentile,99.99254053041902,2.380921149253845,2.2744518399238585,23,3,6,9241.2,5.151,A Road,A Road,trunk_a,trunk_a,Collapsed Dual Carriageway,A590,False,True,True,True,False,False,Rural,Smaller rural: Further from a major town or city,False,False,,-2.74100455831815,54.254300354923636,2026-07-04T12:45:06+00:00,data/models/risk_scores.parquet,0.1.0,E01019383,LSOA2021,England,IoD 2025,within,0.0,9,10,10,1,0,0,3.0,0.0,45.05176133546599,0.006289629411235605
4776E358-BA4D-4948-9DAE-9919EFC64E74,47,99.98419792443173,A Road,road_classification,299,risk_percentile,99.99243904103697,2.33639053106308,3.7978811264038086,13,2,2,21873.2,2.024,A Road,A Road,trunk_a,trunk_a,Collapsed Dual Carriageway,A1,False,True,True,True,False,False,Urban,Urban: Further from a major town or city,False,False,,-0.6736251584512026,52.90696126086281,2026-07-04T12:45:06+00:00,data/models/risk_scores.parquet,0.1.0,E01026308,LSOA2021,England,IoD 2025,within,0.0,1,1,1,1,0,0,3.0,0.0,603.3383911064632,0.08502512009754538
2CB0ECD7-C8F1-4C7B-874C-C496FE90F4F4,48,99.98385440104981,A Road,road_classification,303,risk_percentile,99.99233755165491,2.2991162300109864,2.847613883018494,12,2,4,11823.5,3.633,A Road,A Road,trunk_a,trunk_a,Collapsed Dual Carriageway,A14,False,True,True,True,False,False,Rural,Smaller rural: Further from a major town or city,False,False,,-0.652504495457998,52.37989481970185,2026-07-04T12:45:06+00:00,data/models/risk_scores.parquet,0.1.0,E01027090,LSOA2021,England,IoD 2025,within,0.0,6,8,7,1,0,0,3.0,0.0,44.0467485243715,0.0466995756411948
E56501E8-3ACB-46DD-B6B1-397BF24F3499,49,99.9835108776679,A Road,road_classification,304,risk_percentile,99.99231217930941,2.298280680179596,3.7184925079345703,16,3,6,15008.1,4.878,A Road,A Road,other_rural,rural_a_road,Single Carriageway,A45,False,False,True,False,False,False,Rural,Smaller rural: Nearer to a major town or city,False,False,,-1.0517066501526897,52.23928309997866,2026-07-04T12:45:06+00:00,data/models/risk_scores.parquet,0.1.0,E01027011,LSOA2021,England,IoD 2025,within,0.0,8,9,9,1,0,0,3.0,0.0,619.6159664032726,2.4659194664065103
89D775E5-B175-45FA-9009-D353F84D302F,50,99.98316735428597,A Road,road_classification,308,risk_percentile,99.99221068992735,2.267302307486534,2.2131142258644103,8,0,3,10842.0,5.057,A Road,A Road,other_rural,rural_a_road,Collapsed Dual Carriageway,A6,False,False,True,True,False,False,Rural,Smaller rural: Further from a major town or city,False,False,,-1.9447057035186306,53.33376082735503,2026-07-04T12:45:06+00:00,data/models/risk_scores.parquet,0.1.0,E01019713,LSOA2021,England,IoD 2025,within,0.0,8,9,9,1,0,0,3.0,0.0,1222.426874463216,1.592665678792287
C360E145-3D18-4F09-91FC-DC83F5DBFCC0,51,99.98282383090405,A Road,road_classification,309,risk_percentile,99.99218531758184,2.265018892288208,2.7963308095932007,34,1,5,18382.7,2.259,A Road,A Road,trunk_a,trunk_a,Collapsed Dual Carriageway,A14,False,True,True,True,False,False,Rural,Larger rural: Nearer to a major town or city,False,False,,0.042942123973239044,52.24809030525939,2026-07-04T12:45:06+00:00,data/models/risk_scores.parquet,0.1.0,E01018237,LSOA2021,England,IoD 2025,within,0.0,8,8,7,1,0,0,3.0,0.0,173.11362217974207,1.9041562941015835
8052BE32-C298-4EBE-9DDB-BFA080ED1AE0,52,99.98248030752214,A Road,road_classification,310,risk_percentile,99.99215994523632,2.2504968643188477,3.3925841808319093,18,2,5,21336.2,3.731,A Road,A Road,other_urban,urban_a_road,Collapsed Dual Carriageway,A435,False,False,True,True,False,False,Urban,Urban: Nearer to a major town or city,False,False,,-1.8927155820092798,52.389398663507365,2026-07-04T12:45:06+00:00,data/models/risk_scores.parquet,0.1.0,E01032134,LSOA2021,England,IoD 2025,within,0.0,8,8,7,1,0,0,3.0,0.0,217.9219128802535,0.05813920735873074
7E90F309-C9E6-4DF8-B923-884C83F21BA8,53,99.98213678414021,A Road,road_classification,312,risk_percentile,99.9921092005453,2.236323672533035,1.5615366697311401,7,1,1,7935.8,5.875,A Road,A Road,other_rural,rural_a_road,Collapsed Dual Carriageway,A43,False,False,True,True,False,False,Rural,Larger rural: Further from a major town or city,False,False,,-0.7029474677470667,52.46053762714224,2026-07-04T12:45:06+00:00,data/models/risk_scores.parquet,0.1.0,E01027103,LSOA2021,England,IoD 2025,within,0.0,7,8,7,1,0,0,3.0,0.0,11.342775802361794,0.04696099348445615
7690F876-035D-46DE-857E-67DC3E721594,54,99.9817932607583,A Road,road_classification,313,risk_percentile,99.99208382819978,2.23526816368103,2.5180632710456847,27,1,6,14470.5,3.169,A Road,A Road,trunk_a,trunk_a,Collapsed Dual Carriageway,A38,False,True,True,True,False,False,Rural,Smaller rural: Nearer to a major town or city,False,False,,-1.4086583923891587,53.07490662222379,2026-07-04T12:45:06+00:00,data/models/risk_scores.parquet,0.1.0,E01019477,LSOA2021,England,IoD 2025,within,0.0,7,7,6,1,0,0,3.0,0.0,42.1519359441006,1.9064126421547667
BC721C31-1FED-4E00-BF14-948D1CA05EFA,55,99.98144973737637,A Road,road_classification,316,risk_percentile,99.99200771116324,2.2161648273468018,3.0150853872299193,22,2,1,8415.8,4.899,A Road,A Road,trunk_a,trunk_a,Collapsed Dual Carriageway,A50,False,True,True,True,False,False,Rural,Smaller rural: Nearer to a major town or city,False,False,,-1.6667592538301461,52.880274606987854,2026-07-04T12:45:06+00:00,data/models/risk_scores.parquet,0.1.0,E01019866,LSOA2021,England,IoD 2025,within,0.0,5,9,8,1,0,0,3.0,0.0,47.02036484686029,0.3962862919269322
83AFCD43-51C2-4FA0-A77F-08AAFBA378A4,56,99.98110621399445,A Road,road_classification,321,risk_percentile,99.99188084943567,2.1871793985366823,3.348453998565674,16,0,4,17928.5,3.49,A Road,A Road,trunk_a,trunk_a,Collapsed Dual Carriageway,A64,False,True,True,True,False,False,Rural,Smaller rural: Nearer to a major town or city,False,False,,-1.2883865394891383,53.87001134734094,2026-07-04T12:45:06+00:00,data/models/risk_scores.parquet,0.1.0,E01027922,LSOA2021,England,IoD 2025,within,0.0,10,10,10,1,0,0,3.0,0.0,23.438062761413885,0.5900675068005995
21DBA0EE-5184-491F-A3C7-5690A82EA9D2,57,99.98076269061254,A Road,road_classification,325,risk_percentile,99.99177936005363,2.161309611797333,3.1652183294296266,16,0,7,14459.3,3.774,A Road,A Road,trunk_a,trunk_a,Collapsed Dual Carriageway,A47,False,True,True,True,False,False,Rural,Smaller rural: Nearer to a major town or city,False,False,,1.3517142655509913,52.618510799149824,2026-07-04T12:45:06+00:00,data/models/risk_scores.parquet,0.1.0,E01026929,LSOA2021,England,IoD 2025,within,0.0,8,9,8,1,0,0,3.0,0.0,24.853289571267585,0.4215439090527403
E9883B5D-DADB-450D-A485-429777EF6B98,58,99.98041916723062,A Road,road_classification,327,risk_percentile,99.99172861536259,2.158853590488434,3.8850891828536986,0,0,0,15720.7,3.403,A Road,A Road,trunk_a,trunk_a,Collapsed Dual Carriageway,A1,False,True,True,True,False,False,Rural,Smaller rural: Nearer to a major town or city,False,True,sparse collision history,-1.648535717145002,55.0824709536365,2026-07-04T12:45:06+00:00,data/models/risk_scores.parquet,0.1.0,E01027473,LSOA2021,England,IoD 2025,within,0.0,8,10,10,1,0,0,3.0,0.0,10.252548338231648,1.6288820516944353
E0CF7313-50A3-458E-A7E6-6C4AC60F0149,59,99.98007564384869,A Road,road_classification,329,risk_percentile,99.99167787067157,2.155435311794281,3.6864426851272585,16,2,4,20878.4,2.938,A Road,A Road,trunk_a,trunk_a,Collapsed Dual Carriageway,A42,False,True,True,True,False,False,Urban,Urban: Nearer to a major town or city,False,False,,-1.4669184551719443,52.73607186169106,2026-07-04T12:45:06+00:00,data/models/risk_scores.parquet,0.1.0,E01025914,LSOA2021,England,IoD 2025,within,0.0,10,10,10,1,0,0,3.0,0.0,409.29472522426585,0.6924589225650291
995E6DB5-5C02-4060-BC39-2E266F664143,60,99.97973212046678,A Road,road_classification,331,risk_percentile,99.99162712598054,2.1507059812545775,2.4943119525909423,19,0,4,10875.6,3.064,A Road,A Road,trunk_a,trunk_a,Collapsed Dual Carriageway,A1,False,True,True,True,False,False,Rural,Smaller rural: Nearer to a major town or city,False,False,,-0.8033378203952961,53.1046344549941,2026-07-04T12:45:06+00:00,data/models/risk_scores.parquet,0.1.0,E01028337,LSOA2021,England,IoD 2025,within,0.0,8,10,9,1,0,0,3.0,0.0,27.39553598200175,2.901348110924834
756C7C18-C287-46CB-A8B8-74F7C04E05A2,61,99.97938859708486,A Road,road_classification,332,risk_percentile,99.99160175363502,2.1433714270591735,3.096346950531006,11,0,1,10377.8,2.694,A Road,A Road,trunk_a,trunk_a,Collapsed Dual Carriageway,A1,False,True,True,True,False,False,Rural,Smaller rural: Nearer to a major town or city,False,False,,-0.6053094987453228,52.74894139754511,2026-07-04T12:45:06+00:00,data/models/risk_scores.parquet,0.1.0,E01013790,LSOA2021,England,IoD 2025,within,0.0,6,10,10,1,0,0,3.0,0.0,25.60284259102905,2.7334234032412335
EAFBE259-AA2A-430C-911C-792E642388EB,62,99.97904507370295,A Road,road_classification,339,risk_percentile,99.99142414721643,2.1238977313041687,3.177735161781311,37,1,3,21723.3,2.941,A Road,A Road,trunk_a,trunk_a,Collapsed Dual Carriageway,A14,False,True,True,True,False,False,Rural,Smaller rural: Nearer to a major town or city,False,False,,1.1651529647285122,52.02624643391293,2026-07-04T12:45:06+00:00,data/models/risk_scores.parquet,0.1.0,E01029879,LSOA2021,England,IoD 2025,nearest_fallback,231.8600108127086,7,7,7,1,0,0,2.5,0.0,34.67666049790137,0.06850624085438517
797DB1F7-59D8-4B3E-9FC1-830B6DD06973,63,99.97870155032102,A Road,road_classification,340,risk_percentile,99.99139877487092,2.116562032699585,2.904726767539978,0,0,0,23940.5,3.165,A Road,A Road,trunk_a,trunk_a,Collapsed Dual Carriageway,A5,False,True,True,True,False,False,Urban,Urban: Nearer to a major town or city,False,True,sparse collision history,-0.763969034672033,52.02422027250685,2026-07-04T12:45:06+00:00,data/models/risk_scores.parquet,0.1.0,E01016775,LSOA2021,England,IoD 2025,within,0.0,8,6,7,1,0,0,2.5,0.0,311.0083005813152,0.3997960865447594
D61D8593-6B17-4CB8-993C-1D2DF3FDDB75,64,99.9783580269391,A Road,road_classification,341,risk_percentile,99.99137340252541,2.116426932811737,1.9270808100700378,6,2,1,8187.7,5.003,A Road,A Road,trunk_a,trunk_a,Collapsed Dual Carriageway,A46,False,True,True,True,False,False,Rural,Smaller rural: Nearer to a major town or city,False,False,,-1.87949204421176,52.182200776306914,2026-07-04T12:45:06+00:00,data/models/risk_scores.parquet,0.1.0,E01031189,LSOA2021,England,IoD 2025,within,0.0,6,7,6,1,0,0,3.0,0.0,29.55194883500646,0.007805611937074889
9B7133A4-1631-43EE-8CC6-6A33EC90CE9D,65,99.97801450355719,A Road,road_classification,344,risk_percentile,99.99129728548887,2.1075597643852233,2.6702620506286623,22,1,7,12903.5,3.847,A Road,A Road,other_urban,urban_a_road,Collapsed Dual Carriageway,A629,False,False,True,True,False,False,Urban,Urban: Nearer to a major town or city,False,False,,-1.9242035706073792,53.88938666551521,2026-07-04T12:45:06+00:00,data/models/risk_scores.parquet,0.1.0,E01010643,LSOA2021,England,IoD 2025,within,0.0,6,8,7,1,0,0,3.0,0.0,37.448690623964374,1.9232510380743364
ED003DB9-7586-4925-8294-71F4D31F0DFF,66,99.97767098017528,A Road,road_classification,347,risk_percentile,99.99122116845233,2.0914180517196654,2.5639058351516724,12,2,3,11107.7,3.981,A Road,A Road,trunk_a,trunk_a,Collapsed Dual Carriageway,A11,False,True,True,True,False,False,Rural,Smaller rural: Nearer to a major town or city,False,False,,0.3034806565701697,52.19888197562777,2026-07-04T12:45:06+00:00,data/models/risk_scores.parquet,0.1.0,E01018011,LSOA2021,England,IoD 2025,within,0.0,8,9,9,1,0,0,3.0,0.0,46.29377826892581,0.8452338431143762
AB259639-FA71-423D-969D-35C8F84E66CC,67,99.97732745679335,A Road,road_classification,349,risk_percentile,99.9911704237613,2.079918694496155,3.9608567714691163,12,0,2,11631.7,3.626,A Road,A Road,trunk_a,trunk_a,Collapsed Dual Carriageway,A50,False,True,True,True,False,False,Rural,Smaller rural: Nearer to a major town or city,False,False,,-1.8040454544941849,52.902553976501714,2026-07-04T12:45:06+00:00,data/models/risk_scores.parquet,0.1.0,E01019629,LSOA2021,England,IoD 2025,within,0.0,6,10,10,1,0,0,3.0,0.0,38.7311551940463,0.9097649689943705
945EDCF3-9640-4FF8-A362-9112165A4F5B,68,99.97698393341142,A Road,road_classification,351,risk_percentile,99.99111967907027,2.067617654800415,2.2450156807899475,16,0,4,13871.4,3.133,A Road,A Road,trunk_a,trunk_a,Collapsed Dual Carriageway,A14,False,True,True,True,False,False,Rural,Smaller rural: Nearer to a major town or city,False,False,,0.192921439222775,52.21995868697616,2026-07-04T12:45:06+00:00,data/models/risk_scores.parquet,0.1.0,E01018297,LSOA2021,England,IoD 2025,within,0.0,8,7,8,1,0,0,3.0,0.0,63.70414738606304,0.8424880554129135
878633F0-A561-497A-B2D3-B5FE64F00B8C,69,99.9766404100295,A Road,road_classification,352,risk_percentile,99.99109430672476,2.064822855591774,3.3318132877349855,18,1,5,21003.0,3.661,A Road,A Road,trunk_a,trunk_a,Collapsed Dual Carriageway,A46,False,True,True,True,False,False,Urban,Urban: Nearer to a major town or city,False,False,,-1.16292128419092,52.68232321652528,2026-07-04T12:45:06+00:00,data/models/risk_scores.parquet,0.1.0,E01013615,LSOA2021,England,IoD 2025,within,0.0,6,5,7,1,0,0,2.5,0.0,1175.4114370628624,0.019615299395582497
6BB8A4EC-34A6-4896-8AE6-88CE317F7BF0,70,99.97629688664759,A Road,road_classification,354,risk_percentile,99.99104356203374,2.050659453868866,4.255284547805786,11,3,1,16015.8,3.244,A Road,A Road,trunk_a,trunk_a,Single Carriageway,A45,False,True,True,False,False,False,Urban,Urban: Nearer to a major town or city,False,False,,-0.5638640153631702,52.3445376206714,2026-07-04T12:45:06+00:00,data/models/risk_scores.parquet,0.1.0,E01027054,LSOA2021,England,IoD 2025,within,0.0,7,8,8,1,0,0,3.0,0.0,146.43225449986136,0.38820279796037016
0E9A3EB2-95D7-4E99-B03A-C0F91E34FE1A,71,99.97595336326567,A Road,road_classification,356,risk_percentile,99.9909928173427,2.0463016748428347,1.7048145532608032,16,2,4,9697.9,4.692,A Road,A Road,trunk_a,trunk_a,Collapsed Dual Carriageway,A14,False,True,True,True,False,False,Urban,Urban: Nearer to a major town or city,False,False,,1.0514477457824445,52.17028707958378,2026-07-04T12:45:06+00:00,data/models/risk_scores.parquet,0.1.0,E01030081,LSOA2021,England,IoD 2025,within,0.0,6,5,7,1,0,0,3.0,0.0,45.89538047312425,0.45953642402564365
1FB6AD1C-7654-4635-8DE2-79284A563A6B,72,99.97560983988375,A Road,road_classification,357,risk_percentile,99.9909674449972,2.0460273146629335,1.9095287561416625,32,2,5,11398.5,3.862,A Road,A Road,trunk_a,trunk_a,Collapsed Dual Carriageway,A55,False,True,True,True,False,False,Rural,Smaller rural: Nearer to a major town or city,False,False,,-2.8817040085362713,53.16290588045357,2026-07-04T12:45:06+00:00,data/models/risk_scores.parquet,0.1.0,E01018335,LSOA2021,England,IoD 2025,within,0.0,7,6,5,1,0,0,3.0,0.0,24.26844782580412,0.009240771567632386
0BF801A4-3809-439A-AE6B-31C9CF3C1A75,73,99.97526631650183,A Road,road_classification,359,risk_percentile,99.99091670030616,2.040055787563324,3.533944320678711,29,1,6,18666.5,3.164,A Road,A Road,trunk_a,trunk_a,Collapsed Dual Carriageway,A19,False,True,True,True,False,False,Rural,Smaller rural: Nearer to a major town or city,False,False,,-1.3153796675129346,54.61098164099653,2026-07-04T12:45:06+00:00,data/models/risk_scores.parquet,0.1.0,E01033480,LSOA2021,England,IoD 2025,within,0.0,10,10,10,1,0,0,3.0,0.0,5895.482289134595,0.7707702825350923
69E17F9B-954C-4B16-9160-5AE1573AA216,74,99.97492279311992,A Road,road_classification,362,risk_percentile,99.99084058326963,2.032053291797638,4.414814567565918,27,3,4,18071.0,2.497,A Road,A Road,trunk_a,trunk_a,Single Carriageway,A46,False,True,True,False,False,False,Urban,Urban: Nearer to a major town or city,False,False,,-0.829283916595922,53.07552710713121,2026-07-04T12:45:06+00:00,data/models/risk_scores.parquet,0.1.0,E01028311,LSOA2021,England,IoD 2025,within,0.0,1,1,1,1,0,0,3.0,0.0,186.9949149235306,0.06268686533580149
B310B8D6-3B4F-4304-81BD-D4648B4C49E5,75,99.974579269738,A Road,road_classification,364,risk_percentile,99.99078983857859,2.0271753072738647,2.259769082069397,27,1,5,15336.9,3.466,A Road,A Road,trunk_a,trunk_a,Collapsed Dual Carriageway,A47,False,True,True,True,False,False,Urban,Urban: Nearer to a major town or city,False,False,,1.2484385766722257,52.59112218323717,2026-07-04T12:45:06+00:00,data/models/risk_scores.parquet,0.1.0,E01026881,LSOA2021,England,IoD 2025,within,0.0,8,6,6,1,0,0,3.0,0.0,67.50069562635015,0.012602609216938948
A0EF54FA-237C-4490-A04A-68A179CA4F6F,76,99.97423574635607,A Road,road_classification,365,risk_percentile,99.99076446623309,2.0177549481391908,1.766585147380829,6,0,4,14058.0,1.906,A Road,A Road,other_urban,urban_a_road,Collapsed Dual Carriageway,A41,False,False,True,True,False,False,Urban,Urban: Nearer to a major town or city,False,False,,-3.00113504202549,53.36974999266055,2026-07-04T12:45:06+00:00,data/models/risk_scores.parquet,0.1.0,E01007290,LSOA2021,England,IoD 2025,within,0.0,1,1,1,1,0,0,2.5,0.0,3315.9880815466267,4.3875278674990184e-05
9A407898-5FD7-4447-9273-4A2455EA83C5,77,99.97389222297416,A Road,road_classification,366,risk_percentile,99.99073909388757,2.015764093399048,2.885439705848694,25,0,3,14750.8,2.487,A Road,A Road,trunk_a,trunk_a,Collapsed Dual Carriageway,A63,False,True,True,True,False,False,Urban,Urban: Nearer to a major town or city,False,False,,-0.3968786885152325,53.724053122627986,2026-07-04T12:45:06+00:00,data/models/risk_scores.parquet,0.1.0,E01012889,LSOA2021,England,IoD 2025,within,0.0,1,1,1,1,0,0,3.0,0.0,226.1665961572295,0.0006758431112378276
774AB85D-5BA5-4E1E-9A87-B2C06DA7CE80,78,99.97354869959224,A Road,road_classification,367,risk_percentile,99.99071372154205,2.010843884944916,2.000452733039856,23,0,2,9905.3,4.131,A Road,A Road,trunk_a,trunk_a,Collapsed Dual Carriageway,A63,False,True,True,True,False,False,Urban,Urban: Nearer to a major town or city,False,False,,-0.573024615983075,53.74654136026784,2026-07-04T12:45:06+00:00,data/models/risk_scores.parquet,0.1.0,E01034757,LSOA2021,England,IoD 2025,within,0.0,9,9,9,1,0,0,3.0,0.0,52.34225960283696,0.7071522688840071
0C94874C-B9CE-42E2-B3D5-DFF1BD0E6358,79,99.97320517621033,A Road,road_classification,368,risk_percentile,99.99068834919655,2.004256285727024,2.319601023197174,24,1,3,17700.2,5.522,A Road,A Road,other_urban,urban_a_road,Collapsed Dual Carriageway,A61,False,False,True,True,False,False,Urban,Urban: Nearer to a major town or city,False,False,,-1.4723607199410345,53.29138924517539,2026-07-04T12:45:06+00:00,data/models/risk_scores.parquet,0.1.0,E01019785,LSOA2021,England,IoD 2025,within,0.0,10,10,10,1,0,0,3.0,0.0,1707.744424223683,1.5513542299102028
6699B15C-2B5E-41CB-BC63-8B1E6B69C9BE,80,99.9728616528284,A Road,road_classification,374,risk_percentile,99.99053611512346,1.9864989280700684,4.6017533302307125,0,0,0,28453.7,2.394,A Road,A Road,trunk_a,trunk_a,Collapsed Dual Carriageway,A1,False,True,True,True,False,False,Urban,Urban: Nearer to a major town or city,False,True,sparse collision history,-1.632333991998489,55.049460818231275,2026-07-04T12:45:06+00:00,data/models/risk_scores.parquet,0.1.0,E01008579,LSOA2021,England,IoD 2025,within,0.0,10,10,9,1,0,0,3.0,0.0,2448.9118617733257,1.6330060723742734
82B8E8DF-7B13-41BB-B97F-32DB1D2F5F25,81,99.97251812944648,A Road,road_classification,375,risk_percentile,99.99051074277794,1.963280236721039,2.432643973827362,18,0,4,10740.1,3.588,A Road,A Road,trunk_a,trunk_a,Collapsed Dual Carriageway,A47,False,True,True,True,False,False,Rural,Smaller rural: Nearer to a major town or city,False,False,,1.003348177359512,52.681578841362935,2026-07-04T12:45:06+00:00,data/models/risk_scores.parquet,0.1.0,E01026479,LSOA2021,England,IoD 2025,within,0.0,5,6,6,1,0,0,3.0,0.0,38.64149032058998,1.5274040032160914
C599344D-4260-4D18-85E4-E5DEB1702789,82,99.97217460606456,A Road,road_classification,378,risk_percentile,99.99043462574141,1.9543923377990722,4.725675058364868,12,1,6,23901.2,2.317,A Road,A Road,other_urban,urban_a_road,Single Carriageway,A57,False,False,True,False,False,False,Urban,Urban: Nearer to a major town or city,False,False,,-1.3739440978422763,53.350973869182994,2026-07-04T12:45:06+00:00,data/models/risk_scores.parquet,0.1.0,E01033279,LSOA2021,England,IoD 2025,within,0.0,2,2,2,1,0,0,3.0,0.0,1191.4884792481398,0.029381318933447014
0454476B-85D7-48C1-A19E-9A92440C30CA,83,99.97183108268264,A Road,road_classification,380,risk_percentile,99.99038388105038,1.9526862621307373,2.806501340866089,8,0,5,14224.2,1.847,A Road,A Road,trunk_a,trunk_a,Collapsed Dual Carriageway,A1,False,True,True,True,False,False,Rural,Smaller rural: Further from a major town or city,False,False,,-0.6112030912964387,52.77221504096743,2026-07-04T12:45:06+00:00,data/models/risk_scores.parquet,0.1.0,E01026338,LSOA2021,England,IoD 2025,within,0.0,5,7,6,1,0,0,3.0,0.0,198.66396305232516,2.747030517940965
6A3D2D1E-D14A-4D89-B29D-1D4D615A5080,84,99.97148755930073,A Road,road_classification,385,risk_percentile,99.99025701932281,1.9272698402404784,4.373437762260437,2,0,0,25685.1,2.639,A Road,A Road,other_urban,urban_a_road,Collapsed Dual Carriageway,A59,False,False,True,True,False,False,Urban,Urban: Nearer to a major town or city,False,False,,-3.00631063062156,53.41355453783522,2026-07-04T12:45:06+00:00,data/models/risk_scores.parquet,0.1.0,E01033751,LSOA2021,England,IoD 2025,nearest_fallback,198.5906293952372,3,6,7,1,0,0,2.0,0.0,4471.60209359291,0.18712982631514644
4925DBAB-6623-437A-BBC1-5B8532844A88,85,99.9711440359188,A Road,road_classification,388,risk_percentile,99.99018090228627,1.920261311531067,2.2580212593078612,20,1,2,14249.7,3.205,A Road,A Road,trunk_a,trunk_a,Collapsed Dual Carriageway,A55,False,True,True,True,False,False,Rural,Smaller rural: Nearer to a major town or city,False,False,,-2.942950916478084,53.158889445066926,2026-07-04T12:45:06+00:00,data/models/risk_scores.parquet,0.1.0,E01018335,LSOA2021,England,IoD 2025,within,0.0,7,6,5,1,0,0,3.0,0.0,24.26844782580412,0.37838225876363435
8620C2C5-CC9B-465D-BEE2-A8C0131E7D12,86,99.97080051253688,A Road,road_classification,390,risk_percentile,99.99013015759525,1.9038290500640869,2.683267831802368,11,1,1,14590.8,3.807,A Road,A Road,other_rural,rural_a_road,Single Carriageway,A59,False,False,True,False,False,False,Rural,Smaller rural: Nearer to a major town or city,False,False,,-2.422266188155279,53.8215578301887,2026-07-04T12:45:06+00:00,data/models/risk_scores.parquet,0.1.0,E01025319,LSOA2021,England,IoD 2025,within,0.0,9,10,10,1,0,0,2.5,0.0,128.5471962452079,0.3367271616701936
C3897DEE-6B08-4486-9049-260AC97CEF4B,87,99.97045698915497,A Road,road_classification,391,risk_percentile,99.99010478524973,1.9035491228103638,2.260494256019592,18,0,6,13610.8,3.313,A Road,A Road,trunk_a,trunk_a,Collapsed Dual Carriageway,A64,False,True,True,True,False,False,Urban,Urban: Nearer to a major town or city,False,False,,-1.019416917274825,53.97421658868064,2026-07-04T12:45:06+00:00,data/models/risk_scores.parquet,0.1.0,E01013419,LSOA2021,England,IoD 2025,within,0.0,8,7,7,1,0,0,3.0,0.0,106.22215568774948,0.05127164719789202
CEDAA153-1D1C-4B81-B92E-D3DBF2CF8F27,88,99.97011346577305,A Road,road_classification,394,risk_percentile,99.9900286682132,1.8880350828170775,2.64641797542572,26,1,4,15680.8,2.758,A Road,A Road,trunk_a,trunk_a,Collapsed Dual Carriageway,A63,False,True,True,True,False,False,Rural,Larger rural: Nearer to a major town or city,False,False,,-0.4939502018635122,53.725152627489564,2026-07-04T12:45:06+00:00,data/models/risk_scores.parquet,0.1.0,E01013088,LSOA2021,England,IoD 2025,within,0.0,10,10,10,1,0,0,3.0,0.0,403.2992717268997,0.7071851830936625
53DA59B8-E7A0-4E1B-8765-C49AC27DF783,89,99.96976994239112,A Road,road_classification,395,risk_percentile,99.99000329586768,1.8860733270645142,2.5632673263549806,16,1,2,18775.7,1.671,A Road,A Road,trunk_a,trunk_a,Collapsed Dual Carriageway,A1,False,True,True,True,False,False,Urban,Urban: Nearer to a major town or city,False,False,,-0.7786646279811997,53.086572439665524,2026-07-04T12:45:06+00:00,data/models/risk_scores.parquet,0.1.0,E01028304,LSOA2021,England,IoD 2025,within,0.0,3,2,2,1,0,0,3.0,0.0,314.5179167724196,2.5586181327869073
F097AA80-1A73-4DF5-8004-3AE2AE8CC16D,90,99.96942641900921,A Road,road_classification,398,risk_percentile,99.98992717883114,1.88170086145401,2.2630502820014953,17,1,3,14414.3,3.609,A Road,A Road,other_urban,urban_a_road,Collapsed Dual Carriageway,A500,False,False,True,True,False,False,Urban,Urban: Nearer to a major town or city,False,False,,-2.4633710369692428,53.06541959563502,2026-07-04T12:45:06+00:00,data/models/risk_scores.parquet,0.1.0,E01018505,LSOA2021,England,IoD 2025,within,0.0,10,10,10,1,0,0,3.0,0.0,370.57547840591906,0.08761590173701722
17EF254E-2CE3-4783-9825-8E32B5DF4952,91,99.9690828956273,A Road,road_classification,400,risk_percentile,99.98987643414011,1.8790840983390809,4.0744990587234495,16,1,2,22906.6,2.788,A Road,A Road,trunk_a,trunk_a,Collapsed Dual Carriageway,A64,False,True,True,True,False,False,Rural,Larger rural: Nearer to a major town or city,False,False,,-1.0939765048439936,53.927280230929895,2026-07-04T12:45:06+00:00,data/models/risk_scores.parquet,0.1.0,E01013340,LSOA2021,England,IoD 2025,within,0.0,10,10,10,1,0,0,3.0,0.0,221.8942489613686,0.12286466558913874
E91FF4A7-B01A-46B1-A9DC-2BA14EAB3FDD,92,99.96873937224538,A Road,road_classification,402,risk_percentile,99.98982568944909,1.876432764530182,2.299380624294281,27,0,6,11513.8,2.089,A Road,A Road,trunk_a,trunk_a,Collapsed Dual Carriageway,A1,False,True,True,True,False,False,Rural,Smaller rural: Further from a major town or city,False,False,,-0.7079078241740508,52.96859672435367,2026-07-04T12:45:06+00:00,data/models/risk_scores.parquet,0.1.0,E01026365,LSOA2021,England,IoD 2025,within,0.0,7,9,8,1,0,0,3.0,0.0,66.930239014617,2.768382477576654
A7516B09-B4F0-4906-947F-2ED4B3CF0821,93,99.96839584886345,A Road,road_classification,405,risk_percentile,99.98974957241255,1.8695550441741944,1.4270815968513488,18,3,5,8876.9,4.445,A Road,A Road,other_urban,urban_a_road,Collapsed Dual Carriageway,A15,False,False,True,True,False,False,Urban,Urban: Nearer to a major town or city,False,False,,-0.45037420097611547,53.65721597099781,2026-07-04T12:45:06+00:00,data/models/risk_scores.parquet,0.1.0,E01013257,LSOA2021,England,IoD 2025,within,0.0,9,9,9,1,0,0,3.0,0.0,14.412930745192428,1.4448035076323407
467064F3-5F3D-4D4B-BADE-22E42FED6707,94,99.96805232548154,A Road,road_classification,406,risk_percentile,99.98972420006703,1.8659627079963683,2.066925811767578,7,0,1,9792.9,3.487,A Road,A Road,trunk_a,trunk_a,Collapsed Dual Carriageway,A14,False,True,True,True,False,False,Rural,Smaller rural: Nearer to a major town or city,False,False,,-0.04760896918549207,52.28498640801329,2026-07-04T12:45:06+00:00,data/models/risk_scores.parquet,0.1.0,E01018277,LSOA2021,England,IoD 2025,within,0.0,8,9,9,1,0,0,3.0,0.0,22.53896851447161,0.004860084662989386
B98457B7-928C-4A37-9C45-5E1EDD733DF7,95,99.96770880209962,A Road,road_classification,407,risk_percentile,99.98969882772151,1.8621381878852845,4.333683943748474,13,1,4,24651.0,2.092,A Road,A Road,trunk_a,trunk_a,Collapsed Dual Carriageway,A38,False,True,True,True,False,False,Urban,Urban: Nearer to a major town or city,False,False,,-1.491244441768688,52.94066825420305,2026-07-04T12:45:06+00:00,data/models/risk_scores.parquet,0.1.0,E01013529,LSOA2021,England,IoD 2025,within,0.0,6,6,7,1,0,0,3.0,0.0,2368.5939992280623,2.2096784426150924
5571DF35-1F56-4AF8-AEBC-E7E32AAADD85,96,99.96736527871771,A Road,road_classification,409,risk_percentile,99.98964808303049,1.8603854775428772,2.732740616798401,24,0,3,12629.0,3.091,A Road,A Road,trunk_a,trunk_a,Collapsed Dual Carriageway,A5,False,True,True,True,False,False,Rural,Smaller rural: Nearer to a major town or city,False,False,,-2.7807951205196604,52.68399687304199,2026-07-04T12:45:06+00:00,data/models/risk_scores.parquet,0.1.0,E01028955,LSOA2021,England,IoD 2025,within,0.0,4,5,4,1,0,0,3.0,0.0,97.36957871855076,0.08051633707082949
AF104A1F-13C3-44A1-BAAC-0CEFBD5671B1,97,99.96702175533578,A Road,road_classification,414,risk_percentile,99.98952122130292,1.838821578025818,3.8972235202789305,8,1,4,15678.5,2.855,A Road,A Road,trunk_a,trunk_a,Single Carriageway,A616,False,True,True,False,False,False,Urban,Urban: Nearer to a major town or city,False,False,,-1.5975636722427866,53.48746234816151,2026-07-04T12:45:06+00:00,data/models/risk_scores.parquet,0.1.0,E01008144,LSOA2021,England,IoD 2025,within,0.0,6,7,6,1,0,0,3.0,0.0,201.4316586996742,0.37679606488064726
85BEBA2A-B5AB-47BE-A1DD-3B7636ED3073,98,99.96667823195385,A Road,road_classification,418,risk_percentile,99.98941973192088,1.8266165494918822,1.944066572189331,7,1,3,11972.2,1.916,A Road,A Road,trunk_a,trunk_a,Collapsed Dual Carriageway,A1,False,True,True,True,False,False,Urban,Urban: Nearer to a major town or city,False,False,,-0.5464865313385592,52.68239888288387,2026-07-04T12:45:06+00:00,data/models/risk_scores.parquet,0.1.0,E01013805,LSOA2021,England,IoD 2025,within,0.0,7,8,6,1,0,0,3.0,0.0,41.15643398051178,2.869209030089504
3884EC2A-94F7-4F25-9594-A795BE6FD5F5,99,99.96633470857194,A Road,road_classification,419,risk_percentile,99.98939435957536,1.8241111040115356,6.736959218978882,19,0,4,36485.5,0.928,A Road,A Road,trunk_a,trunk_a,Single Carriageway,A47,False,True,True,False,False,False,Urban,Urban: Further from a major town or city,False,False,,1.71556014604588,52.61188947390357,2026-07-04T12:45:06+00:00,data/models/risk_scores.parquet,0.1.0,E01026635,LSOA2021,England,IoD 2025,nearest_fallback,72.13026542413252,1,1,1,1,0,0,3.0,0.0,326.63371548539664,0.5486870332501332
F97064ED-C237-4D44-BAF3-9F3175BB3508,100,99.96599118519002,A Road,road_classification,422,risk_percentile,99.98931824253881,1.8185470938682555,3.9849226474761963,12,0,6,17701.6,2.964,A Road,A Road,other_urban,urban_a_road,Single Carriageway,A6,False,False,True,False,False,False,Urban,Urban: Further from a major town or city,False,False,,-0.836119325898459,52.435483791078454,2026-07-04T12:45:06+00:00,data/models/risk_scores.parquet,0.1.0,E01027094,LSOA2021,England,IoD 2025,within,0.0,8,8,7,1,0,0,3.5,0.0,1008.045506657176,0.13767673614707668
08FD9A0B-E2ED-42CA-BBA7-A64A5A92C4EC,1,100.0,B Road,road_classification,526,risk_percentile,99.98667951860541,1.4943192601203918,5.951243352890015,3,1,1,14710.7,1.942,B Road,B Road,other_urban,urban_b_road,Single Carriageway,B6082,False,False,False,False,False,False,Urban,Urban: Nearer to a major town or city,False,False,,-1.4270974628690862,53.430618660301164,2026-07-04T12:45:06+00:00,data/models/risk_scores.parquet,0.1.0,E01007856,LSOA2021,England,IoD 2025,within,0.0,1,1,1,1,0,0,3.0,0.522,1532.9779532451973,0.7172272221395799
903A6F71-6F14-4C5A-9C21-4FC7FE00BEF3,2,99.99939043717846,B Road,road_classification,833,risk_percentile,99.97889020853276,1.1033860981464385,5.472902584075928,3,0,1,12769.7,0.983,B Road,B Road,other_urban,urban_b_road,Single Carriageway,B5155,False,False,False,False,False,False,Urban,Urban: Nearer to a major town or city,False,False,,-2.7152865275324034,53.33224475483482,2026-07-04T12:45:06+00:00,data/models/risk_scores.parquet,0.1.0,E01012402,LSOA2021,England,IoD 2025,within,0.0,1,1,1,1,0,0,3.5,0.293,5517.560434956765,1.5864504163889284
C784F8EB-237F-4372-A437-594EEB8C2426,3,99.99878087435691,B Road,road_classification,1020,risk_percentile,99.97414557992175,0.9832740962505341,3.892660903930664,18,0,6,8982.9,2.108,B Road,B Road,other_urban,urban_b_road,Single Carriageway,B6117,False,False,False,False,False,False,Urban,Urban: Nearer to a major town or city,False,False,,-1.59582109540223,53.660533546419245,2026-07-04T12:45:06+00:00,data/models/risk_scores.parquet,0.1.0,E01011256,LSOA2021,England,IoD 2025,within,0.0,1,2,1,1,0,0,3.0,0.0,199.4665909072282,2.436832358671377
346B75A1-6B87-4E5B-999E-75DAD35E68A6,4,99.99817131153537,B Road,road_classification,1158,risk_percentile,99.97064419624088,0.911072826385498,5.521964740753174,4,1,2,21215.6,0.785,B Road,B Road,other_urban,urban_b_road,Collapsed Dual Carriageway,B4121,False,False,False,True,False,False,Urban,Urban: Nearer to a major town or city,False,False,,-1.978158292795245,52.448586577614634,2026-07-04T12:45:06+00:00,data/models/risk_scores.parquet,0.1.0,E01009258,LSOA2021,England,IoD 2025,within,0.0,1,1,1,1,0,0,3.0,1.042,1698.063034332838,1.262394520720295
FC2665C5-0AD2-4683-9A2F-CA9B985B9951,5,99.99756174871382,B Road,road_classification,1207,risk_percentile,99.96940095131073,0.8939333260059357,5.540185880661011,4,0,2,11219.9,1.822,B Road,B Road,other_rural,rural_b_road,Single Carriageway,B6179,False,False,False,False,False,False,Rural,Smaller rural: Nearer to a major town or city,False,False,,-1.4516596039043757,52.980208356451726,2026-07-04T12:45:06+00:00,data/models/risk_scores.parquet,0.1.0,E01019670,LSOA2021,England,IoD 2025,within,0.0,8,9,8,1,0,0,3.5,0.7689999999999999,1740.1420022179786,0.3313314284129725
F10D4083-55D5-4094-94CB-CACA05C2D7DF,6,99.99695218589227,B Road,road_classification,1298,risk_percentile,99.96709206786899,0.8638019740581513,4.37230875492096,12,0,5,10937.1,1.626,B Road,B Road,other_rural,rural_b_road,Single Carriageway,B6273,False,False,False,False,False,False,Rural,Larger rural: Nearer to a major town or city,False,False,,-1.355520976625189,53.596242925944374,2026-07-04T12:45:06+00:00,data/models/risk_scores.parquet,0.1.0,E01011865,LSOA2021,England,IoD 2025,within,0.0,1,2,1,1,0,0,3.0,0.0,356.01821496096375,2.2750202623030282
C10AB286-2FC8-446B-B9B9-3CF56FD88CD2,7,99.99634262307073,B Road,road_classification,1353,risk_percentile,99.96569658886575,0.8472895801067353,5.63586916923523,4,0,1,14857.9,0.267,B Road,B Road,other_urban,urban_b_road,Single Carriageway,B4516,False,False,False,False,False,False,Urban,Urban: Nearer to a major town or city,False,False,,-1.8522780454156562,52.48790461040314,2026-07-04T12:45:06+00:00,data/models/risk_scores.parquet,0.1.0,E01034932,LSOA2021,England,IoD 2025,within,0.0,1,1,2,1,0,0,3.5,1.106,19168.54001459208,0.024357293967871393
7350A90C-A59A-4E33-9CB6-2C8DC36278FD,8,99.9957330602492,B Road,road_classification,1358,risk_percentile,99.96556972713819,0.8444076180458069,2.398443174362183,3,0,1,4812.1,2.547,B Road,B Road,other_rural,rural_b_road,Single Carriageway,B1211,False,False,False,False,False,False,Rural,Larger rural: Nearer to a major town or city,False,False,,-0.29434841892976993,53.59829862264621,2026-07-04T12:45:06+00:00,data/models/risk_scores.parquet,0.1.0,E01032683,LSOA2021,England,IoD 2025,within,0.0,7,7,7,1,0,0,3.5,1.9120000000000001,20.465074771047114,0.46928977514408576
13D3D399-A12C-4CDD-8D44-A0F24E325EF3,9,99.99512349742764,B Road,road_classification,1448,risk_percentile,99.96328621604196,0.8196008861064911,2.652765488624573,2,0,0,6137.7,2.75,B Road,B Road,other_rural,rural_b_road,Single Carriageway,B6001,False,False,False,False,False,False,Rural,Smaller rural: Nearer to a major town or city,False,False,,-1.6418583891619394,53.308338064992455,2026-07-04T12:45:06+00:00,data/models/risk_scores.parquet,0.1.0,E01019615,LSOA2021,England,IoD 2025,within,0.0,7,7,7,1,0,0,3.0,1.358,71.75560331190472,0.04974507399952837
B8BC385E-1068-4734-8AF8-FD237F3FC9A5,10,99.9945139346061,B Road,road_classification,1449,risk_percentile,99.96326084369646,0.8194887578487396,4.146777081489563,5,0,1,13970.0,0.269,B Road,B Road,other_urban,urban_b_road,Single Carriageway,B5136,False,False,False,False,False,False,Urban,Urban: Nearer to a major town or city,False,False,,-3.0090973330794983,53.37507462983407,2026-07-04T12:45:06+00:00,data/models/risk_scores.parquet,0.1.0,E01007295,LSOA2021,England,IoD 2025,within,0.0,1,1,2,1,0,0,3.5,0.078,2715.2882785232523,2.537038201982649
EBFD11B4-E4E9-4A4A-8C81-91C6E5FAC5D3,11,99.99390437178455,B Road,road_classification,1458,risk_percentile,99.96303249258683,0.8181607007980347,5.92125096321106,3,0,1,21348.7,0.177,B Road,B Road,other_urban,urban_b_road,Single Carriageway,B5254,False,False,False,False,False,False,Urban,Urban: Nearer to a major town or city,False,False,,-2.717404073518559,53.7538698575706,2026-07-04T12:45:06+00:00,data/models/risk_scores.parquet,0.1.0,E01025289,LSOA2021,England,IoD 2025,nearest_fallback,11.533427283784087,2,3,2,1,0,0,3.5,0.332,3661.198520965863,2.746629832018021
686018EB-5425-4D7B-A7D4-A759D1922DDB,12,99.993294808963,B Road,road_classification,1512,risk_percentile,99.9616623859291,0.8059290885925293,4.598158073425293,0,0,0,11443.6,1.625,B Road,B Road,other_urban,urban_b_road,Single Carriageway,B6241,False,False,False,False,False,False,Urban,Urban: Nearer to a major town or city,False,True,sparse collision history,-2.7377463120010366,53.771706429765814,2026-07-04T12:45:06+00:00,data/models/risk_scores.parquet,0.1.0,E01025233,LSOA2021,England,IoD 2025,within,0.0,7,8,7,1,0,0,3.0,0.339,1540.2322202963783,0.10066385321577705
17375E51-36BB-4F43-B98A-F998174BFA12,13,99.99268524614146,B Road,road_classification,1580,risk_percentile,99.9599370664342,0.7910118043422699,2.192600667476654,17,0,4,5440.0,0.11,B Road,B Road,other_urban,urban_b_road,Single Carriageway,B5117,False,False,False,False,False,False,Urban,Urban: Nearer to a major town or city,False,False,,-2.225990730558493,53.456791112991596,2026-07-04T12:45:06+00:00,data/models/risk_scores.parquet,0.1.0,E01005284,LSOA2021,England,IoD 2025,within,0.0,3,7,9,1,0,0,3.0,0.548,20977.088377327997,2.8085943040738566
5F91ABF6-7218-47AC-8A74-DB47F2E43BC9,14,99.99207568331992,B Road,road_classification,1722,risk_percentile,99.95633419337128,0.7676203727722168,6.365029764175415,1,0,0,14425.6,1.499,B Road,B Road,other_urban,urban_b_road,Single Carriageway,B1287,False,False,False,False,False,False,Urban,Urban: Nearer to a major town or city,False,True,sparse collision history,-1.354447138898399,54.83212625249244,2026-07-04T12:45:06+00:00,data/models/risk_scores.parquet,0.1.0,E01020749,LSOA2021,England,IoD 2025,within,0.0,1,2,1,1,0,0,3.0,1.0170000000000001,4537.927923408546,0.023869699797024534
492151C7-BC31-44A1-9ADC-E8B450E2FDD6,15,99.99146612049837,B Road,road_classification,1773,risk_percentile,99.95504020375007,0.759376460313797,2.854977583885193,9,0,0,10113.8,0.167,B Road,B Road,other_urban,urban_b_road,Single Carriageway,B4135,False,False,False,False,False,False,Urban,Urban: Nearer to a major town or city,False,False,,-1.9389832617179186,52.48884023838427,2026-07-04T12:45:06+00:00,data/models/risk_scores.parquet,0.1.0,E01009346,LSOA2021,England,IoD 2025,within,0.0,1,1,1,1,0,0,3.5,0.0,14413.819212084958,1.6151233281567474
D0D1099C-9867-46E8-B572-86879E49100F,16,99.99085655767684,B Road,road_classification,1812,risk_percentile,99.95405068227505,0.7526337683200837,2.8667239785194396,8,0,2,9839.0,1.685,B Road,B Road,other_urban,urban_b_road,Single Carriageway,B4112,False,False,False,False,False,False,Urban,Urban: Nearer to a major town or city,False,False,,-1.540653171948023,52.51632139813883,2026-07-04T12:45:06+00:00,data/models/risk_scores.parquet,0.1.0,E01031090,LSOA2021,England,IoD 2025,within,0.0,1,1,1,1,0,0,3.0,4.145,285.6081379622092,0.2892318315406388
F51BB526-1832-4DAE-84B1-4BB09C613E81,17,99.9902469948553,B Road,road_classification,1930,risk_percentile,99.95105674550446,0.7341926693916321,4.709127593040466,4,0,2,10094.2,0.144,B Road,B Road,other_urban,urban_b_road,Single Carriageway,B5093,False,False,False,False,False,False,Urban,Urban: Nearer to a major town or city,False,False,,-2.2241807482970692,53.43666671628896,2026-07-04T12:45:06+00:00,data/models/risk_scores.parquet,0.1.0,E01005271,LSOA2021,England,IoD 2025,within,0.0,3,5,6,1,0,0,4.0,0.7049999999999998,11115.350823818277,0.20421245384634734
F37C43EF-AE7D-4736-8913-AE7243764E32,18,99.98963743203375,B Road,road_classification,1941,risk_percentile,99.95077764970381,0.7327148616313934,5.484603500366211,0,0,0,11923.0,1.251,B Road,B Road,other_urban,urban_b_road,Single Carriageway,B6524,False,False,False,False,False,False,Urban,Urban: Nearer to a major town or city,False,True,sparse collision history,-1.6990081573354148,55.1546108314279,2026-07-04T12:45:06+00:00,data/models/risk_scores.parquet,0.1.0,E01027458,LSOA2021,England,IoD 2025,within,0.0,9,10,5,1,0,0,4.0,0.926,644.8038781169173,0.1396410084599952
2CD094EB-4E3B-44A2-BD71-1AA5E2BCA79C,19,99.9890278692122,B Road,road_classification,1992,risk_percentile,99.94948366008262,0.7263180196285248,2.8700141429901125,8,1,1,9982.9,0.163,B Road,B Road,other_urban,urban_b_road,Single Carriageway,B5179,False,False,False,False,False,False,Urban,Urban: Nearer to a major town or city,False,False,,-2.926203931672563,53.399132414352955,2026-07-04T12:45:06+00:00,data/models/risk_scores.parquet,0.1.0,E01006721,LSOA2021,England,IoD 2025,within,0.0,1,1,1,1,0,0,3.5,0.8000000000000002,12505.218863279379,0.9767239447509091
2554C670-2549-4A03-BDD9-BAEEA68CC19B,20,99.98841830639066,B Road,road_classification,2005,risk_percentile,99.94915381959095,0.7250188112258911,2.094439423084259,2,0,0,5574.9,2.844,B Road,B Road,other_rural,rural_b_road,Single Carriageway,B1368,False,False,False,False,False,False,Rural,Smaller rural: Nearer to a major town or city,False,False,,0.04468319677440335,52.04551517064619,2026-07-04T12:45:06+00:00,data/models/risk_scores.parquet,0.1.0,E01018268,LSOA2021,England,IoD 2025,within,0.0,8,9,9,1,0,0,2.5,0.813,31.254999281196483,0.8116630886414826
34D5072E-AF0D-4170-BEB1-0A0EC1FFEA6E,21,99.98780874356912,B Road,road_classification,2046,risk_percentile,99.9481135534249,0.7206623196601868,3.5716001749038697,7,0,1,10238.0,1.285,B Road,B Road,other_urban,urban_b_road,Single Carriageway,B6161,False,False,False,False,False,False,Urban,Urban: Nearer to a major town or city,False,False,,-1.5819555656122406,54.0026276946033,2026-07-04T12:45:06+00:00,data/models/risk_scores.parquet,0.1.0,E01027722,LSOA2021,England,IoD 2025,within,0.0,9,8,9,1,0,0,3.5,0.0,1699.2519671139705,2.133407961583032
EDEC9C03-F989-4DDE-8278-3D1EF241439F,22,99.98719918074757,B Road,road_classification,2048,risk_percentile,99.94806280873388,0.7205709338188171,4.453946614265442,13,0,3,9226.4,0.118,B Road,B Road,other_urban,urban_b_road,Single Carriageway,B384,False,False,False,False,False,False,Urban,Urban: Nearer to a major town or city,False,False,,-1.9347794320577574,52.44480520734802,2026-07-04T12:45:06+00:00,data/models/risk_scores.parquet,0.1.0,E01009289,LSOA2021,England,IoD 2025,within,0.0,5,9,10,1,0,0,3.5,0.368,21000.228523111076,1.2093852986597617
D9AE138E-3ED4-4F36-B93E-E44B27031266,23,99.98658961792603,B Road,road_classification,2118,risk_percentile,99.94628674454793,0.7112678170204163,4.050791025161743,9,0,4,8547.3,1.992,B Road,B Road,other_urban,urban_b_road,Single Carriageway,B4102,False,False,False,False,False,False,Urban,Urban: Nearer to a major town or city,False,False,,-1.5223026366880086,52.50926894723313,2026-07-04T12:45:06+00:00,data/models/risk_scores.parquet,0.1.0,E01031050,LSOA2021,England,IoD 2025,within,0.0,4,5,4,1,0,0,3.0,3.0279999999999996,361.56433198188046,0.4767897481741999
2C0FE8BE-3A9F-43A2-8809-E9EB777CC43B,24,99.98598005510448,B Road,road_classification,2148,risk_percentile,99.94552557418253,0.7071167528629303,4.474773621559143,7,0,1,11146.2,0.175,B Road,B Road,other_urban,urban_b_road,Single Carriageway,B684,False,False,False,False,False,False,Urban,Urban: Nearer to a major town or city,False,False,,-1.1466616059104415,52.9615923818711,2026-07-04T12:45:06+00:00,data/models/risk_scores.parquet,0.1.0,E01013961,LSOA2021,England,IoD 2025,within,0.0,3,4,5,1,0,0,4.0,0.114,5990.355472029814,0.04555166396637908
A3A1FDD9-0B7A-4279-8803-79EF7817031F,25,99.98537049228293,B Road,road_classification,2162,risk_percentile,99.94517036134533,0.7057408094406128,1.148693209886551,2,0,0,3156.0,3.565,B Road,B Road,other_rural,rural_b_road,Single Carriageway,B1381,False,False,False,False,False,False,Rural,Larger rural: Further from a major town or city,False,False,,0.06265436427281518,52.366456153492365,2026-07-04T12:45:06+00:00,data/models/risk_scores.parquet,0.1.0,E01018056,LSOA2021,England,IoD 2025,within,0.0,5,5,6,1,0,0,2.5,0.138,6.000866964964023,1.0084694387743458
02BC9E64-391C-475F-8513-6360A3739152,26,99.98476092946139,B Road,road_classification,2173,risk_percentile,99.94489126554468,0.7047875106334687,3.5293664216995237,4,0,0,12839.9,0.22,B Road,B Road,other_urban,urban_b_road,Single Carriageway,B5155,False,False,False,False,False,False,Urban,Urban: Nearer to a major town or city,False,False,,-2.707124454663934,53.33002928772235,2026-07-04T12:45:06+00:00,data/models/risk_scores.parquet,0.1.0,E01012396,LSOA2021,England,IoD 2025,within,0.0,1,1,1,1,0,0,3.5,0.073,3950.4698351782654,1.5874535998081292
CABCBCCB-D26A-403B-B7BE-72638F3E9EAD,27,99.98415136663985,B Road,road_classification,2175,risk_percentile,99.94484052085366,0.7047110080718995,5.173982191085815,13,0,1,9529.7,0.139,B Road,B Road,other_urban,urban_b_road,Single Carriageway,B5093,False,False,False,False,False,False,Urban,Urban: Nearer to a major town or city,False,False,,-2.218614200834973,53.44197032163521,2026-07-04T12:45:06+00:00,data/models/risk_scores.parquet,0.1.0,E01005185,LSOA2021,England,IoD 2025,within,0.0,4,10,10,1,0,0,3.5,0.0,7104.493101112028,2.8113982104633544
CAF34E8B-3893-4AB0-B324-805057C7F9DD,28,99.9835418038183,B Road,road_classification,2202,risk_percentile,99.9441554675248,0.7022909283638,3.5564286947250365,1,0,0,12949.5,1.177,B Road,B Road,other_urban,urban_b_road,Single Carriageway,B1380,False,False,False,False,False,False,Urban,Urban: Nearer to a major town or city,False,True,sparse collision history,-1.2824140392999506,54.51729251146228,2026-07-04T12:45:06+00:00,data/models/risk_scores.parquet,0.1.0,E01012283,LSOA2021,England,IoD 2025,within,0.0,1,1,1,1,0,0,2.5,0.09,539.529836808057,0.06811353943839979
582893CE-E4E3-4C9A-B510-199C45185FC3,29,99.98293224099676,B Road,road_classification,2214,risk_percentile,99.94385099937864,0.7003003031015396,2.746761429309845,2,0,2,11823.6,1.896,B Road,B Road,other_urban,urban_b_road,Single Carriageway,B5367,False,False,False,False,False,False,Urban,Urban: Nearer to a major town or city,False,False,,-2.2661812377436723,53.02470586069565,2026-07-04T12:45:06+00:00,data/models/risk_scores.parquet,0.1.0,E01029593,LSOA2021,England,IoD 2025,within,0.0,4,3,3,1,0,0,3.0,1.8209999999999997,418.16759607113636,1.263793290846927
2411249C-3025-45C1-8D5D-2B35A84FC4C5,30,99.98232267817522,B Road,road_classification,2248,risk_percentile,99.94298833963117,0.6976313889026642,3.7939991474151613,14,0,1,14881.7,0.088,B Road,B Road,other_urban,urban_b_road,Single Carriageway,B4128,False,False,False,False,False,False,Urban,Urban: Nearer to a major town or city,False,False,,-1.843727370703392,52.47827816807255,2026-07-04T12:45:06+00:00,data/models/risk_scores.parquet,0.1.0,E01034935,LSOA2021,England,IoD 2025,within,0.0,1,1,1,1,0,0,3.5,1.952,14622.65534019535,1.0138743909184091
AA9ADDD1-98C6-49A9-AD7C-57190900EF16,31,99.98171311535367,B Road,road_classification,2348,risk_percentile,99.94045110507982,0.6886246502399445,3.890261006355286,3,0,2,10548.5,1.426,B Road,B Road,other_urban,urban_b_road,Single Carriageway,B6428,False,False,False,False,False,False,Urban,Urban: Nearer to a major town or city,False,False,,-1.4857696730209569,53.5933316173128,2026-07-04T12:45:06+00:00,data/models/risk_scores.parquet,0.1.0,E01007439,LSOA2021,England,IoD 2025,within,0.0,7,8,7,1,0,0,3.0,0.0,1528.154945746051,1.1659748449608325
20AB2E37-034B-4B3D-BC28-EECB1559AAE6,32,99.98110355253212,B Road,road_classification,2371,risk_percentile,99.93986754113301,0.6860359996557236,1.6580384850502015,6,0,1,3961.5,3.823,B Road,B Road,other_rural,rural_b_road,Single Carriageway,B1397,False,False,False,False,False,False,Rural,Smaller rural: Further from a major town or city,False,False,,-0.32312611289135734,52.85050935409239,2026-07-04T12:45:06+00:00,data/models/risk_scores.parquet,0.1.0,E01026290,LSOA2021,England,IoD 2025,within,0.0,5,7,5,1,0,0,3.0,3.495,25.240091212867757,0.10741286041572562
BE042587-EF9C-467F-8C46-3E0401CCE4F2,33,99.98049398971058,B Road,road_classification,2385,risk_percentile,99.93951232829582,0.6847265839576722,3.3871065616607665,4,0,0,12582.0,0.188,B Road,B Road,other_urban,urban_b_road,Single Carriageway,B4144,False,False,False,False,False,False,Urban,Urban: Nearer to a major town or city,False,False,,-1.9201060340564289,52.50183433409112,2026-07-04T12:45:06+00:00,data/models/risk_scores.parquet,0.1.0,E01009355,LSOA2021,England,IoD 2025,within,0.0,1,1,1,1,0,0,3.5,0.154,4121.045543455022,0.8317029558950809
F0CA7430-5A7A-487C-91DD-47B8312693B9,34,99.97988442688903,B Road,road_classification,2419,risk_percentile,99.93864966854836,0.6809698104858398,2.483096170425415,2,0,0,9825.1,0.149,B Road,B Road,other_urban,urban_b_road,Single Carriageway,B6117,False,False,False,False,False,False,Urban,Urban: Nearer to a major town or city,False,False,,-1.6309101891922242,53.67426588742016,2026-07-04T12:45:06+00:00,data/models/risk_scores.parquet,0.1.0,E01011261,LSOA2021,England,IoD 2025,within,0.0,2,1,3,1,0,0,3.5,1.626,9601.069169958908,2.407323667193351
84DE36A0-966F-425B-BE91-2338863E4611,35,99.97927486406749,B Road,road_classification,2440,risk_percentile,99.93811684929258,0.6791723638772964,6.405052757263183,16,0,3,15049.2,0.386,B Road,B Road,other_urban,urban_b_road,Single Carriageway,B4145,False,False,False,False,False,False,Urban,Urban: Nearer to a major town or city,False,False,,-1.8558814899743297,52.471642180458446,2026-07-04T12:45:06+00:00,data/models/risk_scores.parquet,0.1.0,E01009332,LSOA2021,England,IoD 2025,within,0.0,1,1,1,1,0,0,4.0,0.644,3862.108871566775,0.05429308342227844
597074BB-32B3-4E3F-BB66-E62E38F43490,36,99.97866530124595,B Road,road_classification,2463,risk_percentile,99.93753328534576,0.6769276618957519,2.711372447013855,12,0,5,10017.7,0.159,B Road,B Road,other_urban,urban_b_road,Single Carriageway,B4144,False,False,False,False,False,False,Urban,Urban: Nearer to a major town or city,False,False,,-1.9169972501273291,52.50260734225325,2026-07-04T12:45:06+00:00,data/models/risk_scores.parquet,0.1.0,E01008907,LSOA2021,England,IoD 2025,within,0.0,1,1,1,1,0,0,3.5,0.39599999999999996,11018.931258721308,2.235447998685921
BCBC0E5C-AEC5-4B77-8A4F-AE19AC280FF0,37,99.9780557384244,B Road,road_classification,2476,risk_percentile,99.93720344485409,0.6761196553707123,3.4716991901397707,0,0,0,9855.9,1.782,B Road,B Road,other_urban,urban_b_road,Single Carriageway,B1325,False,False,False,False,False,False,Urban,Urban: Nearer to a major town or city,False,True,sparse collision history,-1.4892897260542584,55.053414510337255,2026-07-04T12:45:06+00:00,data/models/risk_scores.parquet,0.1.0,E01008549,LSOA2021,England,IoD 2025,within,0.0,10,10,10,1,0,0,3.0,0.0,148.7118412579269,0.16643089547503737
3C6D6D98-6B54-4770-9B71-5D7089B0B9FB,38,99.97744617560286,B Road,road_classification,2551,risk_percentile,99.93530051894058,0.6699978590011597,2.322811508178711,9,0,4,5147.6,3.021,B Road,B Road,other_rural,rural_b_road,Single Carriageway,B1249,False,False,False,False,False,False,Rural,Smaller rural: Further from a major town or city,False,False,,-0.45392438102978183,54.122304448335164,2026-07-04T12:45:06+00:00,data/models/risk_scores.parquet,0.1.0,E01012990,LSOA2021,England,IoD 2025,within,0.0,4,6,6,1,0,0,3.0,6.587,12.800890630040909,1.1334345573307552
531F3B6B-1918-4F51-9A82-E2424951C767,39,99.97683661278131,B Road,road_classification,2589,risk_percentile,99.93433636981108,0.6676612317562103,3.741641902923584,1,0,1,6988.9,1.617,B Road,B Road,other_rural,rural_b_road,Single Carriageway,B4455,False,False,False,False,False,False,Rural,Smaller rural: Nearer to a major town or city,False,True,sparse collision history,-1.3445902427077918,52.432069535137224,2026-07-04T12:45:06+00:00,data/models/risk_scores.parquet,0.1.0,E01031160,LSOA2021,England,IoD 2025,within,0.0,7,8,8,1,0,0,3.5,4.532,45.36725725106929,1.7827792179441329
C9956399-EC90-4070-968F-0CF6C423F8D9,40,99.97622704995976,B Road,road_classification,2620,risk_percentile,99.93354982710015,0.6638563930988312,3.34322829246521,2,0,1,12644.7,0.18,B Road,B Road,other_urban,urban_b_road,Single Carriageway,B5211,False,False,False,False,False,False,Urban,Urban: Nearer to a major town or city,False,False,,-2.353699671987621,53.47479582115125,2026-07-04T12:45:06+00:00,data/models/risk_scores.parquet,0.1.0,E01005602,LSOA2021,England,IoD 2025,within,0.0,1,1,1,1,0,0,3.5,0.703,3868.0175085475253,1.6022412058355946
0F83951D-0E3B-4C4F-9E8E-F34FDA142301,41,99.97561748713822,B Road,road_classification,2665,risk_percentile,99.93240807155205,0.6590382158756256,3.8880970001220705,16,0,3,12913.1,0.169,B Road,B Road,other_urban,urban_b_road,Single Carriageway,B4145,False,False,False,False,False,False,Urban,Urban: Nearer to a major town or city,False,False,,-1.855577760554103,52.47440500025433,2026-07-04T12:45:06+00:00,data/models/risk_scores.parquet,0.1.0,E01009344,LSOA2021,England,IoD 2025,within,0.0,1,1,1,1,0,0,3.5,1.085,12903.510507534784,0.05284702869226866
B0331340-6E5E-4D3F-A47D-46FD754F8016,42,99.97500792431669,B Road,road_classification,2718,risk_percentile,99.93106333723983,0.6555025398731231,4.682254457473755,2,0,1,10093.5,1.204,B Road,B Road,other_urban,urban_b_road,Single Carriageway,B1280,False,False,False,False,False,False,Urban,Urban: Nearer to a major town or city,False,False,,-1.3863196283286245,54.74405364541902,2026-07-04T12:45:06+00:00,data/models/risk_scores.parquet,0.1.0,E01020761,LSOA2021,England,IoD 2025,within,0.0,1,2,1,1,0,0,3.5,0.108,119.21102870340974,1.1306687134362077
5AF7FB7F-EB03-44C8-B4F6-853A13D8D4B7,43,99.97439836149513,B Road,road_classification,2746,risk_percentile,99.93035291156545,0.6530294798314571,4.130431437492371,4,0,1,14173.4,0.226,B Road,B Road,other_urban,urban_b_road,Single Carriageway,B6219,False,False,False,False,False,False,Urban,Urban: Nearer to a major town or city,False,False,,-2.291590679882721,53.58673833470057,2026-07-04T12:45:06+00:00,data/models/risk_scores.parquet,0.1.0,E01005029,LSOA2021,England,IoD 2025,within,0.0,2,2,3,1,0,0,3.5,0.464,5309.796545535543,3.08256892545326
1C80925B-E0C4-4D71-84D1-DD26EAD0BD25,44,99.9737887986736,B Road,road_classification,2792,risk_percentile,99.92918578367183,0.6493736445903778,4.994712686538696,9,0,0,14661.5,0.39,B Road,B Road,other_urban,urban_b_road,Single Carriageway,B6178,False,False,False,False,False,False,Urban,Urban: Nearer to a major town or city,False,False,,-2.1804250602634796,53.45201626602531,2026-07-04T12:45:06+00:00,data/models/risk_scores.parquet,0.1.0,E01005195,LSOA2021,England,IoD 2025,within,0.0,1,1,1,1,0,0,3.5,0.8360000000000003,2305.222530179024,0.0939897948196479
EA7F0705-5592-41E6-A409-A82AE504823B,45,99.97317923585204,B Road,road_classification,2798,risk_percentile,99.92903354959874,0.6486111551523208,2.127295035123825,7,0,5,7120.7,2.537,B Road,B Road,other_rural,rural_b_road,Single Carriageway,B1222,False,False,False,False,False,False,Rural,Smaller rural: Nearer to a major town or city,False,False,,-1.1129714007784455,53.85230480741576,2026-07-04T12:45:06+00:00,data/models/risk_scores.parquet,0.1.0,E01027902,LSOA2021,England,IoD 2025,within,0.0,7,7,7,1,0,0,3.0,3.9459999999999997,56.88078424418832,0.26237638456299334
A792640A-F529-42EA-9FA8-7FA688A6DDA7,46,99.97256967303049,B Road,road_classification,2814,risk_percentile,99.92862759207053,0.6468672633171082,3.7645785570144654,5,0,1,12123.0,0.226,B Road,B Road,other_urban,urban_b_road,Single Carriageway,B6222,False,False,False,False,False,False,Urban,Urban: Nearer to a major town or city,False,False,,-2.2794982708997886,53.597545122675285,2026-07-04T12:45:06+00:00,data/models/risk_scores.parquet,0.1.0,E01004959,LSOA2021,England,IoD 2025,within,0.0,1,1,2,1,0,0,3.5,0.531,6395.8888681821645,0.49779213686207796
92D3B238-3305-4774-A664-CEFEDFC8DC85,47,99.97196011020895,B Road,road_classification,2977,risk_percentile,99.92449189975183,0.6341576755046845,3.5266722202301026,13,0,3,9097.0,0.175,B Road,B Road,other_urban,urban_b_road,Single Carriageway,B6416,False,False,False,False,False,False,Urban,Urban: Nearer to a major town or city,False,False,,-1.102005371700169,52.636405571059306,2026-07-04T12:45:06+00:00,data/models/risk_scores.parquet,0.1.0,E01013662,LSOA2021,England,IoD 2025,within,0.0,3,3,6,1,0,0,4.0,0.616,5563.386373542043,0.01325058910086269
41DEEFD7-6694-48D1-BE6F-42883FF1C1B5,48,99.97135054738742,B Road,road_classification,3038,risk_percentile,99.92294418667551,0.6290924608707428,3.528899574279785,1,0,0,13354.3,0.113,B Road,B Road,other_urban,urban_b_road,Single Carriageway,B6187,False,False,False,False,False,False,Urban,Urban: Nearer to a major town or city,False,True,sparse collision history,-2.265217710150627,53.504287886119435,2026-07-04T12:45:06+00:00,data/models/risk_scores.parquet,0.1.0,E01005650,LSOA2021,England,IoD 2025,within,0.0,1,1,2,1,0,0,3.5,0.362,13394.747748112035,1.5962470898052474
004EE907-575D-49DA-936F-AEEEA05D8064,49,99.97074098456586,B Road,road_classification,3039,risk_percentile,99.92291881433,0.6290433287620545,1.9489237904548644,11,0,4,5173.7,0.088,B Road,B Road,other_urban,urban_b_road,Single Carriageway,B5117,False,False,False,False,False,False,Urban,Urban: Nearer to a major town or city,False,False,,-2.2252370912135135,53.455550183288054,2026-07-04T12:45:06+00:00,data/models/risk_scores.parquet,0.1.0,E01005284,LSOA2021,England,IoD 2025,within,0.0,3,7,9,1,0,0,3.0,0.412,20977.088377327997,2.809084927834399
002C8B09-3344-4D89-A26E-E7ADF573A7BC,50,99.97013142174433,B Road,road_classification,3122,risk_percentile,99.92081290965238,0.6230713605880738,4.8752141952514645,13,1,4,12615.7,1.306,B Road,B Road,other_urban,urban_b_road,Single Carriageway,B4114,False,False,False,False,False,False,Urban,Urban: Nearer to a major town or city,False,False,,-1.6958530889259384,52.50486858117417,2026-07-04T12:45:06+00:00,data/models/risk_scores.parquet,0.1.0,E01031021,LSOA2021,England,IoD 2025,within,0.0,4,5,4,1,0,0,3.0,0.7720000000000001,588.7365259003786,0.39847773808921894
FECB6FE2-602F-4236-85DF-8DE07174BA91,51,99.96952185892279,B Road,road_classification,3158,risk_percentile,99.91989950521389,0.6208266377449035,3.0787421226501466,2,0,1,12467.9,0.185,B Road,B Road,other_urban,urban_b_road,Single Carriageway,B4514,False,False,False,False,False,False,Urban,Urban: Nearer to a major town or city,False,False,,-1.8270618606494968,52.44199238878927,2026-07-04T12:45:06+00:00,data/models/risk_scores.parquet,0.1.0,E01009020,LSOA2021,England,IoD 2025,within,0.0,2,1,1,1,0,0,3.5,0.35100000000000003,7983.173864846093,0.04400170621769822
CD90671E-9919-4CB0-B557-2B828953C0C2,52,99.96891229610124,B Road,road_classification,3167,risk_percentile,99.91967115410428,0.6201277852058411,3.231703782081604,4,0,1,9976.6,0.195,B Road,B Road,other_urban,urban_b_road,Single Carriageway,B5179,False,False,False,False,False,False,Urban,Urban: Nearer to a major town or city,False,False,,-2.9253386640971715,53.40063677712814,2026-07-04T12:45:06+00:00,data/models/risk_scores.parquet,0.1.0,E01006727,LSOA2021,England,IoD 2025,within,0.0,3,4,3,1,0,0,3.5,0.9630000000000002,12180.575113794515,0.8903715853850303
D5FEB93C-1E2E-4075-B4F2-2C0D95B6E037,53,99.96830273327969,B Road,road_classification,3185,risk_percentile,99.91921445188503,0.6190721809864044,4.0851609945297245,0,0,0,14454.0,0.212,B Road,B Road,other_urban,urban_b_road,Single Carriageway,B4110,False,False,False,False,False,False,Urban,Urban: Nearer to a major town or city,False,True,sparse collision history,-1.5062965336269951,52.41701643150916,2026-07-04T12:45:06+00:00,data/models/risk_scores.parquet,0.1.0,E01009574,LSOA2021,England,IoD 2025,within,0.0,1,1,1,1,0,0,3.5,0.46799999999999997,2347.1035577462744,0.253352178327219
5644A010-D409-48A4-852B-14CCA2EE65FB,54,99.96769317045815,B Road,road_classification,3198,risk_percentile,99.91888461139335,0.6182394444942474,3.8920353412628175,16,0,1,14037.3,0.166,B Road,B Road,other_urban,urban_b_road,Single Carriageway,B4140,False,False,False,False,False,False,Urban,Urban: Nearer to a major town or city,False,False,,-1.8906661108070004,52.5089998423743,2026-07-04T12:45:06+00:00,data/models/risk_scores.parquet,0.1.0,E01009061,LSOA2021,England,IoD 2025,within,0.0,1,1,1,1,0,0,3.5,0.346,8534.801556892575,0.08926458609607167
442F0629-E5B1-4F67-B9A9-6BFA59E00A52,55,99.9670836076366,B Road,road_classification,3201,risk_percentile,99.91880849435681,0.6180082499980927,5.559891176223755,0,0,0,28590.8,0.339,B Road,B Road,other_urban,urban_b_road,Single Carriageway,B1307,False,False,False,False,False,False,Urban,Urban: Nearer to a major town or city,False,True,sparse collision history,-1.6083058270341548,54.966748704553055,2026-07-04T12:45:06+00:00,data/models/risk_scores.parquet,0.1.0,E01008166,LSOA2021,England,IoD 2025,nearest_fallback,36.342651659882556,3,5,4,1,0,0,2.0,0.147,1275.934488679652,1.3929099061420878
F23CC2CA-0A9E-42C4-9D8F-22853B90A3D1,56,99.96647404481506,B Road,road_classification,3209,risk_percentile,99.9186055155927,0.617533141374588,4.034996032714844,3,0,1,13628.4,0.226,B Road,B Road,other_urban,urban_b_road,Single Carriageway,B5219,False,False,False,False,False,False,Urban,Urban: Nearer to a major town or city,False,False,,-2.2567074287053757,53.45929483495127,2026-07-04T12:45:06+00:00,data/models/risk_scores.parquet,0.1.0,E01006109,LSOA2021,England,IoD 2025,within,0.0,1,1,1,1,0,0,3.5,0.704,4884.686759844407,0.35365643186354684
825326C6-3EC0-440D-A41B-6A962C8D0F40,57,99.96586448199352,B Road,road_classification,3258,risk_percentile,99.91736227066254,0.6150462985038757,5.105175161361695,9,0,2,14869.7,0.438,B Road,B Road,other_urban,urban_b_road,Single Carriageway,B6452,False,False,False,False,False,False,Urban,Urban: Nearer to a major town or city,False,False,,-2.180620633433707,53.614872858874236,2026-07-04T12:45:06+00:00,data/models/risk_scores.parquet,0.1.0,E01005592,LSOA2021,England,IoD 2025,within,0.0,1,1,1,1,0,0,3.5,0.632,1512.9802751087564,0.3402147108495047
29B56169-BC8D-4D70-97CF-F872A1AF7A78,58,99.96525491917197,B Road,road_classification,3281,risk_percentile,99.91677870671573,0.6132838129997253,3.6829099893569945,1,0,0,12842.3,0.157,B Road,B Road,other_urban,urban_b_road,Single Carriageway,B5046,False,False,False,False,False,False,Urban,Urban: Nearer to a major town or city,False,True,sparse collision history,-2.1894185875739565,53.01972732289418,2026-07-04T12:45:06+00:00,data/models/risk_scores.parquet,0.1.0,E01014281,LSOA2021,England,IoD 2025,within,0.0,1,1,2,1,0,0,3.5,0.40700000000000003,8002.523103180923,0.17135338596182811
7FBA7085-C243-453F-9F2E-E8F8AA1A9258,59,99.96464535635042,B Road,road_classification,3300,risk_percentile,99.91629663215097,0.6119475126266479,2.6971128940582276,2,0,0,10256.6,1.514,B Road,B Road,other_urban,urban_b_road,Single Carriageway,B692,False,False,False,False,False,False,Urban,Urban: Nearer to a major town or city,False,False,,-0.9708328554576564,52.95631595932317,2026-07-04T12:45:06+00:00,data/models/risk_scores.parquet,0.1.0,E01028360,LSOA2021,England,IoD 2025,within,0.0,9,7,8,1,0,0,3.0,0.059,928.9970111047502,0.026593176894007305
9DF236F0-8C73-4F41-828C-BE838D4F5ABE,60,99.96403579352888,B Road,road_classification,3344,risk_percentile,99.91518024894837,0.6092668890953064,3.462852668762207,6,0,0,11062.5,0.119,B Road,B Road,other_urban,urban_b_road,Single Carriageway,B4100,False,False,False,False,False,False,Urban,Urban: Nearer to a major town or city,False,False,,-1.8924345913426839,52.47983410808562,2026-07-04T12:45:06+00:00,data/models/risk_scores.parquet,0.1.0,E01033620,LSOA2021,England,IoD 2025,within,0.0,3,6,4,1,0,0,3.5,0.679,1411.8203348455659,1.237936379265477
3A679354-C0B6-45CE-8C05-E49795B20D04,61,99.96342623070734,B Road,road_classification,3357,risk_percentile,99.9148504084567,0.6085402429103851,3.192116951942444,6,0,1,11327.6,0.154,B Road,B Road,other_urban,urban_b_road,Single Carriageway,B6280,False,False,False,False,False,False,Urban,Urban: Nearer to a major town or city,False,False,,-1.537259516727841,54.52329146655896,2026-07-04T12:45:06+00:00,data/models/risk_scores.parquet,0.1.0,E01012304,LSOA2021,England,IoD 2025,within,0.0,1,1,1,1,0,0,3.5,0.8099999999999999,9774.407903398203,0.09588744363696866
158A06F0-CC2D-44C7-8260-338CB1064A97,62,99.96281666788579,B Road,road_classification,3382,risk_percentile,99.91421609981886,0.6070023059844971,3.9018771171569826,5,1,0,10822.4,0.211,B Road,B Road,other_urban,urban_b_road,Single Carriageway,B6186,False,False,False,False,False,False,Urban,Urban: Nearer to a major town or city,False,False,,-2.2774531212606424,53.49126311797756,2026-07-04T12:45:06+00:00,data/models/risk_scores.parquet,0.1.0,E01033981,LSOA2021,England,IoD 2025,within,0.0,3,5,6,1,0,0,3.5,0.27799999999999997,2928.7127469102384,1.5951307943915214
C071DAA9-8676-4579-B399-D1F3A3C9FE83,63,99.96220710506425,B Road,road_classification,3398,risk_percentile,99.91381014229064,0.6059833228588104,2.8276495218276976,6,0,1,11208.2,0.184,B Road,B Road,other_urban,urban_b_road,Single Carriageway,B6008,False,False,False,False,False,False,Urban,Urban: Nearer to a major town or city,False,False,,-1.206040038017677,52.98239872160877,2026-07-04T12:45:06+00:00,data/models/risk_scores.parquet,0.1.0,E01013825,LSOA2021,England,IoD 2025,within,0.0,2,1,2,1,0,0,3.5,0.388,6386.237959809915,0.1917223078042174
150055DB-7092-41A7-BA11-F03EB894211D,64,99.96159754224271,B Road,road_classification,3513,risk_percentile,99.9108923225566,0.599009844660759,3.1281524658203126,1,0,0,9158.9,0.148,B Road,B Road,other_urban,urban_b_road,Single Carriageway,B6192,False,False,False,False,False,False,Urban,Urban: Nearer to a major town or city,False,True,sparse collision history,-2.1235843617378865,53.528832220020746,2026-07-04T12:45:06+00:00,data/models/risk_scores.parquet,0.1.0,E01005435,LSOA2021,England,IoD 2025,within,0.0,1,1,2,1,0,0,4.0,0.406,7491.2710061155,1.018281048470011
A314C807-BDF4-4311-A301-84A667C69160,65,99.96098797942116,B Road,road_classification,3517,risk_percentile,99.91079083317454,0.5987823784351349,2.385370874404907,3,0,2,8660.2,0.191,B Road,B Road,other_urban,urban_b_road,Single Carriageway,B5136,False,False,False,False,False,False,Urban,Urban: Nearer to a major town or city,False,False,,-3.0035806710509276,53.368474258767165,2026-07-04T12:45:06+00:00,data/models/risk_scores.parquet,0.1.0,E01007290,LSOA2021,England,IoD 2025,within,0.0,1,1,1,1,0,0,3.5,0.937,6905.997547851396,2.539040538714706
D6EFABE0-B384-425A-9089-5BFE4258C4AF,66,99.96037841659961,B Road,road_classification,3542,risk_percentile,99.9101565245367,0.5974612712860108,3.708502459526062,6,0,2,11853.4,0.184,B Road,B Road,other_urban,urban_b_road,Single Carriageway,B686,False,False,False,False,False,False,Urban,Urban: Nearer to a major town or city,False,False,,-1.1335756053043617,52.95571405341933,2026-07-04T12:45:06+00:00,data/models/risk_scores.parquet,0.1.0,E01035500,LSOA2021,England,IoD 2025,within,0.0,3,4,5,1,0,0,3.5,0.261,1573.0076789794734,0.17315171827255346
A73F5D72-09B5-4573-9421-FC0A0F82982E,67,99.95976885377807,B Road,road_classification,3552,risk_percentile,99.90990280108157,0.5971326351165771,3.0987399101257322,3,0,0,7231.6,1.528,B Road,B Road,other_rural,rural_b_road,Single Carriageway,B6265,False,False,False,False,False,False,Rural,Larger rural: Nearer to a major town or city,False,False,,-1.375903038364007,54.08411106492662,2026-07-04T12:45:06+00:00,data/models/risk_scores.parquet,0.1.0,E01027644,LSOA2021,England,IoD 2025,within,0.0,6,5,7,1,0,0,3.5,1.065,40.15070023993846,0.49536084834688887
40ACB57A-34B6-4CC1-9A4A-DC881954933F,68,99.95915929095652,B Road,road_classification,3571,risk_percentile,99.90942072651681,0.5961532533168793,5.774053716659546,12,0,2,14435.7,0.661,B Road,B Road,other_urban,urban_b_road,Single Carriageway,B5178,False,False,False,False,False,False,Urban,Urban: Nearer to a major town or city,False,False,,-2.866082370481647,53.39589760130612,2026-07-04T12:45:06+00:00,data/models/risk_scores.parquet,0.1.0,E01006770,LSOA2021,England,IoD 2025,within,0.0,2,2,2,1,0,0,3.5,1.4669999999999999,4141.892958627292,0.5797492590619711
91C22F5A-3A4A-4B2A-B1CF-22698BA28BEE,69,99.95854972813498,B Road,road_classification,3589,risk_percentile,99.90896402429757,0.595218551158905,3.2998472929000853,0,0,0,11911.8,0.174,B Road,B Road,other_urban,urban_b_road,Single Carriageway,B1272,False,False,False,False,False,False,Urban,Urban: Nearer to a major town or city,False,True,sparse collision history,-1.2271505766135196,54.57218443069621,2026-07-04T12:45:06+00:00,data/models/risk_scores.parquet,0.1.0,E01035190,LSOA2021,England,IoD 2025,within,0.0,1,1,1,1,0,0,3.5,0.729,7858.918065984402,0.3762380389012386
106A4660-14DB-4987-99D6-C6BD3BDB3FA9,70,99.95794016531345,B Road,road_classification,3595,risk_percentile,99.90881179022449,0.594885578751564,3.563263750076294,3,0,1,9544.2,0.167,B Road,B Road,other_urban,urban_b_road,Single Carriageway,B6388,False,False,False,False,False,False,Urban,Urban: Nearer to a major town or city,False,False,,-1.4689183114641189,53.36504877165923,2026-07-04T12:45:06+00:00,data/models/risk_scores.parquet,0.1.0,E01008108,LSOA2021,England,IoD 2025,within,0.0,3,4,5,1,0,0,4.0,0.0,2740.238157403975,0.5539300560148228
1A491874-E4B9-4203-8CCF-1FA496E05E39,71,99.9573306024919,B Road,road_classification,3630,risk_percentile,99.90792375813152,0.5930056035518646,3.184758019447327,10,0,0,10346.4,1.2,B Road,B Road,other_rural,rural_b_road,Single Carriageway,B5008,False,False,False,False,False,False,Rural,Larger rural: Nearer to a major town or city,False,False,,-1.5560238911034718,52.843185935966666,2026-07-04T12:45:06+00:00,data/models/risk_scores.parquet,0.1.0,E01019869,LSOA2021,England,IoD 2025,within,0.0,10,10,10,1,0,0,3.0,0.7080000000000001,330.27976428591245,3.403387446740837
87538679-541B-494D-B869-04D6F09EB687,72,99.95672103967036,B Road,road_classification,3639,risk_percentile,99.9076954070219,0.5926583170890808,4.089880967140198,4,0,1,13736.8,1.058,B Road,B Road,other_urban,urban_b_road,Single Carriageway,B5253,False,False,False,False,False,False,Urban,Urban: Nearer to a major town or city,False,False,,-2.7209846737113472,53.69642882162764,2026-07-04T12:45:06+00:00,data/models/risk_scores.parquet,0.1.0,E01025415,LSOA2021,England,IoD 2025,within,0.0,5,6,4,1,0,0,2.5,1.463,3172.728257496539,0.17536223760663744
F8D2AA66-33B2-49D5-A8CC-24CB236065A6,73,99.9561114768488,B Road,road_classification,3653,risk_percentile,99.90734019418471,0.5917888760566712,4.674684977531433,0,0,0,10150.2,0.12,B Road,B Road,other_urban,urban_b_road,Collapsed Dual Carriageway,B5093,False,False,True,True,False,False,Urban,Urban: Nearer to a major town or city,False,True,sparse collision history,-2.2176140821245203,53.442496991745365,2026-07-04T12:45:06+00:00,data/models/risk_scores.parquet,0.1.0,E01005185,LSOA2021,England,IoD 2025,within,0.0,4,10,10,1,0,0,3.5,0.0,7104.493101112028,2.1941347022458055
F7990F6A-E769-45FD-973E-84B766ED33B9,74,99.95550191402725,B Road,road_classification,3766,risk_percentile,99.90447311914168,0.585220468044281,1.2403958976268767,11,0,3,2848.1,2.871,B Road,B Road,other_rural,rural_b_road,Single Carriageway,B6054,False,False,False,False,False,False,Rural,Smaller rural: Nearer to a major town or city,False,False,,-1.5809688238281407,53.29953165678392,2026-07-04T12:45:06+00:00,data/models/risk_scores.parquet,0.1.0,E01019770,LSOA2021,England,IoD 2025,within,0.0,7,7,8,1,0,0,3.0,0.0,13.825084168772074,0.2951900988770876
21FD2773-B8B9-4B41-B687-2539D64DE10F,75,99.95489235120571,B Road,road_classification,3795,risk_percentile,99.90373732112178,0.5837002635002136,4.675581455230713,1,0,0,14603.9,0.759,B Road,B Road,other_urban,urban_b_road,Single Carriageway,B6057,False,False,False,False,False,False,Urban,Urban: Nearer to a major town or city,False,True,sparse collision history,-1.4689579658048926,53.31797478247889,2026-07-04T12:45:06+00:00,data/models/risk_scores.parquet,0.1.0,E01008081,LSOA2021,England,IoD 2025,within,0.0,1,1,1,1,0,0,3.0,0.062,2380.5164418112363,0.060017148696595926
9896608A-26DD-462A-B2BF-B0DBC781D13B,76,99.95428278838418,B Road,road_classification,3862,risk_percentile,99.90203737397239,0.5806081861257553,3.5912411212921143,5,0,0,16771.7,0.126,B Road,B Road,other_urban,urban_b_road,Single Carriageway,B4145,False,False,False,False,False,False,Urban,Urban: Nearer to a major town or city,False,False,,-1.8576974874898784,52.468761178025595,2026-07-04T12:45:06+00:00,data/models/risk_scores.parquet,0.1.0,E01009380,LSOA2021,England,IoD 2025,within,0.0,1,1,1,1,0,0,3.0,0.394,14378.149746803872,1.2664101811864923
1AAB54E9-7AC5-4DEA-B49B-EE17A56E69A1,77,99.95367322556262,B Road,road_classification,3865,risk_percentile,99.90196125693585,0.5805448591709137,3.882115364074707,6,0,3,15987.3,0.175,B Road,B Road,other_urban,urban_b_road,Single Carriageway,B4128,False,False,False,False,False,False,Urban,Urban: Nearer to a major town or city,False,False,,-1.8376138091579124,52.47960221758387,2026-07-04T12:45:06+00:00,data/models/risk_scores.parquet,0.1.0,E01009197,LSOA2021,England,IoD 2025,within,0.0,1,1,2,1,0,0,3.0,2.0250000000000004,6888.193397428254,1.008340828063585
7D544622-2192-43F7-AB45-968D88F0FD39,78,99.95306366274109,B Road,road_classification,3876,risk_percentile,99.9016821611352,0.5799790501594544,3.7786112785339356,4,0,0,8489.7,0.114,B Road,B Road,other_urban,urban_b_road,Single Carriageway,B6416,False,False,False,False,False,False,Urban,Urban: Nearer to a major town or city,False,False,,-1.1008305662006441,52.637488955855304,2026-07-04T12:45:06+00:00,data/models/risk_scores.parquet,0.1.0,E01013658,LSOA2021,England,IoD 2025,within,0.0,2,3,7,1,0,0,4.0,0.502,11915.819705977307,0.009335172573021478
6ABD4772-B35D-47DC-B12B-60967B706EAD,79,99.95245409991954,B Road,road_classification,3893,risk_percentile,99.90125083126146,0.5790209889411926,3.598568296432495,1,0,0,11793.0,0.141,B Road,B Road,other_urban,urban_b_road,Single Carriageway,B4145,False,False,False,False,False,False,Urban,Urban: Nearer to a major town or city,False,True,sparse collision history,-1.8573012390915717,52.48530481775634,2026-07-04T12:45:06+00:00,data/models/risk_scores.parquet,0.1.0,E01009192,LSOA2021,England,IoD 2025,within,0.0,1,1,2,1,0,0,3.5,1.125,15349.246401849936,0.018215850582447943
D0F3923E-65A2-4367-A54B-278229CA8647,80,99.95184453709798,B Road,road_classification,3894,risk_percentile,99.90122545891596,0.5789964526891709,2.3810351967811583,10,0,4,6127.8,1.768,B Road,B Road,other_rural,rural_b_road,Single Carriageway,B5476,False,False,False,False,False,False,Rural,Smaller rural: Further from a major town or city,False,False,,-2.680711498628903,52.94509026607687,2026-07-04T12:45:06+00:00,data/models/risk_scores.parquet,0.1.0,E01028893,LSOA2021,England,IoD 2025,within,0.0,5,6,6,1,0,0,3.0,0.376,91.02691204059954,3.320007827331383
135F88F1-27AC-413C-95C8-90DA35C277EF,81,99.95123497427645,B Road,road_classification,3895,risk_percentile,99.90120008657044,0.578935170173645,3.1623555421829224,0,0,0,10615.9,0.169,B Road,B Road,other_urban,urban_b_road,Single Carriageway,B1405,False,False,False,False,False,False,Urban,Urban: Nearer to a major town or city,False,True,sparse collision history,-1.4278497961033891,54.90535348168257,2026-07-04T12:45:06+00:00,data/models/risk_scores.parquet,0.1.0,E01008762,LSOA2021,England,IoD 2025,within,0.0,1,1,1,1,0,0,3.5,1.1140000000000003,11253.869031457003,0.020345326111016596
33D5E262-9BF7-4BDB-B084-4EADD9A6E365,82,99.95062541145491,B Road,road_classification,3899,risk_percentile,99.9010985971884,0.5788245439529419,4.2779943466186525,20,0,6,12135.9,0.721,B Road,B Road,other_urban,urban_b_road,Single Carriageway,B573,False,False,False,False,False,False,Urban,Urban: Nearer to a major town or city,False,False,,-0.6788283650151102,52.29267991974374,2026-07-04T12:45:06+00:00,data/models/risk_scores.parquet,0.1.0,E01027314,LSOA2021,England,IoD 2025,within,0.0,2,3,4,1,0,0,3.0,0.0,1035.888704874724,2.035765836486085
C814E0A4-EC6D-46F0-A864-6496CA080299,83,99.95001584863336,B Road,road_classification,3904,risk_percentile,99.90097173546081,0.5787283718585968,5.789859819412231,11,1,3,15627.0,0.755,B Road,B Road,other_urban,urban_b_road,Single Carriageway,B6157,False,False,False,False,False,False,Urban,Urban: Nearer to a major town or city,False,False,,-1.6121368492522647,53.81743831859137,2026-07-04T12:45:06+00:00,data/models/risk_scores.parquet,0.1.0,E01011324,LSOA2021,England,IoD 2025,within,0.0,1,2,2,1,0,0,3.0,0.35100000000000003,1769.6621925519385,0.10181474736000111
6330DE26-993B-4F30-8831-7D6C70A2987D,84,99.94940628581182,B Road,road_classification,3968,risk_percentile,99.89934790534795,0.5750032097101212,3.0280792236328127,4,0,0,12358.1,0.133,B Road,B Road,other_urban,urban_b_road,Single Carriageway,B6144,False,False,False,False,False,False,Urban,Urban: Nearer to a major town or city,False,False,,-1.7712949678766408,53.80114491880214,2026-07-04T12:45:06+00:00,data/models/risk_scores.parquet,0.1.0,E01010843,LSOA2021,England,IoD 2025,within,0.0,1,1,1,1,0,0,3.5,0.354,6191.830905194645,1.9226695570379022
33238C50-E741-47F4-858E-08289140D178,85,99.94879672299028,B Road,road_classification,3972,risk_percentile,99.8992464159659,0.57485910654068,4.092634510993958,16,0,7,12232.3,0.401,B Road,B Road,other_urban,urban_b_road,Single Carriageway,B5117,False,False,False,False,False,False,Urban,Urban: Nearer to a major town or city,False,False,,-2.2342055980728786,53.46680631835668,2026-07-04T12:45:06+00:00,data/models/risk_scores.parquet,0.1.0,E01034115,LSOA2021,England,IoD 2025,within,0.0,4,4,6,1,0,0,3.5,0.22299999999999998,2517.096118021991,2.846024167890415
D793129E-2C15-48A8-B474-7A4BE56FB87A,86,99.94818716016873,B Road,road_classification,4006,risk_percentile,99.89838375621845,0.5732954114675521,3.2849068641662598,3,0,1,11015.0,0.178,B Road,B Road,other_urban,urban_b_road,Single Carriageway,B6190,False,False,False,False,False,False,Urban,Urban: Nearer to a major town or city,False,False,,-2.1432074070668583,53.530562889411,2026-07-04T12:45:06+00:00,data/models/risk_scores.parquet,0.1.0,E01005342,LSOA2021,England,IoD 2025,within,0.0,1,1,2,1,0,0,3.5,0.597,8477.926040685954,0.33266497346651674
BCF32AA1-2F03-4201-B8A8-BF2C125D3939,87,99.94757759734718,B Road,road_classification,4024,risk_percentile,99.8979270539992,0.5724933803081512,4.57748167514801,6,0,0,11651.7,0.335,B Road,B Road,other_urban,urban_b_road,Single Carriageway,B5175,False,False,False,False,False,False,Urban,Urban: Nearer to a major town or city,False,False,,-2.9470465140183992,53.38921859866821,2026-07-04T12:45:06+00:00,data/models/risk_scores.parquet,0.1.0,E01006549,LSOA2021,England,IoD 2025,within,0.0,1,2,2,1,0,0,3.5,0.087,9353.051078865974,0.04508899770940552
D51060FB-1796-4A86-9364-0786EFBAB10F,88,99.94696803452564,B Road,road_classification,4044,risk_percentile,99.89741960708893,0.5715812295675278,3.4662424087524415,1,0,0,10807.6,0.906,B Road,B Road,other_urban,urban_b_road,Single Carriageway,B6419,False,False,False,False,False,False,Urban,Urban: Nearer to a major town or city,False,True,sparse collision history,-1.3294091482448993,53.28653591709259,2026-07-04T12:45:06+00:00,data/models/risk_scores.parquet,0.1.0,E01019563,LSOA2021,England,IoD 2025,within,0.0,1,1,1,1,0,0,3.0,0.9,191.21354108827978,2.056678002289126
D8B124A9-ACA6-425F-85EB-5F8145008924,89,99.94635847170409,B Road,road_classification,4050,risk_percentile,99.89726737301585,0.5713429778814316,3.019463872909546,17,1,0,11609.0,0.146,B Road,B Road,other_urban,urban_b_road,Single Carriageway,B4210,False,False,False,False,False,False,Urban,Urban: Nearer to a major town or city,False,False,,-1.995377480866344,52.60863240811832,2026-07-04T12:45:06+00:00,data/models/risk_scores.parquet,0.1.0,E01010272,LSOA2021,England,IoD 2025,within,0.0,1,1,1,1,0,0,3.5,0.33699999999999997,8080.807872802994,1.0239250295962192
258B431E-2153-48EF-AA71-0D48E3D2D35A,90,99.94574890888255,B Road,road_classification,4077,risk_percentile,99.89658231968698,0.5700105547904968,3.1070272445678713,3,0,1,12692.3,0.158,B Road,B Road,other_urban,urban_b_road,Single Carriageway,B5136,False,False,False,False,False,False,Urban,Urban: Nearer to a major town or city,False,False,,-3.0067681401980697,53.372276297210675,2026-07-04T12:45:06+00:00,data/models/risk_scores.parquet,0.1.0,E01007290,LSOA2021,England,IoD 2025,within,0.0,1,1,1,1,0,0,3.5,0.48100000000000004,1731.8327209523543,2.5382554740790466
1A3FA16B-3774-4F0D-A5AD-5C74A882D257,91,99.94513934606101,B Road,road_classification,4112,risk_percentile,99.89569428759401,0.5687917292118072,3.129376935958862,5,1,1,11562.9,0.14,B Road,B Road,other_urban,urban_b_road,Single Carriageway,B4515,False,False,False,False,False,False,Urban,Urban: Nearer to a major town or city,False,False,,-1.9028723880844116,52.500889823237124,2026-07-04T12:45:06+00:00,data/models/risk_scores.parquet,0.1.0,E01034925,LSOA2021,England,IoD 2025,within,0.0,1,1,2,1,0,0,3.5,0.38,6325.802114083869,0.49852064900088555
811C44E1-AE59-4442-8C77-543EC72070D5,92,99.94452978323946,B Road,road_classification,4132,risk_percentile,99.89518684068375,0.5678612753748894,3.0014505863189695,5,0,0,11626.1,0.101,B Road,B Road,other_urban,urban_b_road,Single Carriageway,B4144,False,False,False,False,False,False,Urban,Urban: Nearer to a major town or city,False,False,,-1.9095055919786719,52.50298388494934,2026-07-04T12:45:06+00:00,data/models/risk_scores.parquet,0.1.0,E01008905,LSOA2021,England,IoD 2025,within,0.0,1,1,1,1,0,0,3.5,0.5619999999999999,15226.146801353794,0.725795869527186
BEB9F71B-281A-4B67-BA94-689D1E119FC5,93,99.94392022041791,B Road,road_classification,4162,risk_percentile,99.89442567031834,0.5660509675741195,2.9058183431625366,4,0,0,11694.4,0.087,B Road,B Road,other_urban,urban_b_road,Single Carriageway,B4144,False,False,False,False,False,False,Urban,Urban: Nearer to a major town or city,False,False,,-1.9111554708114225,52.5030076297129,2026-07-04T12:45:06+00:00,data/models/risk_scores.parquet,0.1.0,E01008905,LSOA2021,England,IoD 2025,within,0.0,1,1,1,1,0,0,3.5,0.6809999999999999,15226.146801353794,0.7260954314619524
B73ECFB5-30BD-4DFA-8CA0-22A847DD0A32,94,99.94331065759637,B Road,road_classification,4188,risk_percentile,99.893765989335,0.5650831371545791,4.2628191947937015,1,0,0,12920.7,0.309,B Road,B Road,other_urban,urban_b_road,Single Carriageway,B1274,False,False,False,False,False,False,Urban,Urban: Nearer to a major town or city,False,True,sparse collision history,-1.3395296761206401,54.59338363443724,2026-07-04T12:45:06+00:00,data/models/risk_scores.parquet,0.1.0,E01012273,LSOA2021,England,IoD 2025,within,0.0,1,1,1,1,0,0,3.5,0.6299999999999999,6201.034170176074,0.1472188547528317
A3674870-DFCF-4F89-846F-AE43CB68A33A,95,99.94270109477483,B Road,road_classification,4202,risk_percentile,99.8934107764978,0.5644305348396301,2.4462371468544006,2,0,1,5826.7,0.151,B Road,B Road,other_urban,urban_b_road,Single Carriageway,B4544,False,False,False,False,False,False,Urban,Urban: Nearer to a major town or city,False,False,,-1.503903444467297,52.40745323813754,2026-07-04T12:45:06+00:00,data/models/risk_scores.parquet,0.1.0,E01034744,LSOA2021,England,IoD 2025,within,0.0,3,6,7,1,0,0,3.5,0.147,8781.33286693271,0.007116197583960142
C05A3867-454A-44E4-AA90-4A11FE737C80,96,99.94209153195328,B Road,road_classification,4246,risk_percentile,99.8922943932952,0.5620982438325882,3.710826277732849,1,0,0,10363.1,0.157,B Road,B Road,other_urban,urban_b_road,Single Carriageway,B6191,False,False,False,False,False,False,Urban,Urban: Nearer to a major town or city,False,True,sparse collision history,-2.133443204889725,53.53473029521588,2026-07-04T12:45:06+00:00,data/models/risk_scores.parquet,0.1.0,E01034232,LSOA2021,England,IoD 2025,within,0.0,1,1,1,1,0,0,4.0,0.066,15475.361230109875,0.31983857018548234
BD72A851-9AB8-452E-B141-9C1489BCA92C,97,99.94148196913174,B Road,road_classification,4272,risk_percentile,99.89163471231186,0.5610209941864014,0.7257418930530548,4,0,0,3736.9,2.73,B Road,B Road,other_rural,rural_b_road,Single Carriageway,B660,False,False,False,False,False,False,Rural,Larger rural: Nearer to a major town or city,False,False,,-0.3780627835104571,52.40211337053628,2026-07-04T12:45:06+00:00,data/models/risk_scores.parquet,0.1.0,E01018192,LSOA2021,England,IoD 2025,within,0.0,6,6,6,1,0,0,3.5,4.742,12.377058078827492,0.010462937828453452
E1918915-0856-4E7E-ABAC-75F512DCA9F4,98,99.9408724063102,B Road,road_classification,4292,risk_percentile,99.89112726540158,0.5603787541389466,4.258681988716125,0,0,0,15003.7,0.864,B Road,B Road,other_urban,urban_b_road,Collapsed Dual Carriageway,B4034,False,False,False,True,False,False,Urban,Urban: Nearer to a major town or city,False,True,sparse collision history,-0.7482744927571421,52.04575300041737,2026-07-04T12:45:06+00:00,data/models/risk_scores.parquet,0.1.0,E01033499,LSOA2021,England,IoD 2025,within,0.0,2,3,2,1,0,0,3.0,0.0,1515.0009030549236,0.5625668815769533
6993EEC2-CF93-4A71-8E07-E1B812623B04,99,99.94026284348865,B Road,road_classification,4300,risk_percentile,99.89092428663747,0.560093654692173,3.249426770210266,7,0,1,13043.3,0.081,B Road,B Road,other_urban,urban_b_road,Single Carriageway,B4145,False,False,False,False,False,False,Urban,Urban: Nearer to a major town or city,False,False,,-1.8565183744493008,52.4763445649675,2026-07-04T12:45:06+00:00,data/models/risk_scores.parquet,0.1.0,E01009344,LSOA2021,England,IoD 2025,within,0.0,1,1,1,1,0,0,3.5,1.2730000000000001,15808.146564003271,0.6547236113651995
9E7F38A3-204D-421B-8B6E-FCB6D5BB0533,100,99.9396532806671,B Road,road_classification,4331,risk_percentile,99.89013774392656,0.5586562693119049,3.7473079919815064,0,0,0,15889.6,0.408,B Road,B Road,other_urban,urban_b_road,Single Carriageway,B6902,False,False,True,False,False,False,Urban,Urban: Nearer to a major town or city,False,True,sparse collision history,-1.4608415511202086,53.82919344411146,2026-07-04T12:45:06+00:00,data/models/risk_scores.parquet,0.1.0,E01011657,LSOA2021,England,IoD 2025,within,0.0,1,1,1,1,0,0,2.5,0.557,1503.5601119473843,0.3705926898771042
0AFF5EE0-3267-43D0-9EC5-CA6119303BE6,1,100.0,Classified Unnumbered,road_classification,306,risk_percentile,99.99226143461838,2.293016242980957,1.91665176153183,23,0,4,2945.7,3.048,Classified Unnumbered,Minor Road,other_urban,urban_minor,Single Carriageway,,False,False,False,False,False,False,Urban,Urban: Nearer to a major town or city,False,False,,-3.025615796607424,53.79344732862951,2026-07-04T12:45:06+00:00,data/models/risk_scores.parquet,0.1.0,E01012697,LSOA2021,England,IoD 2025,within,0.0,2,3,2,1,0,0,3.0,0.04,3581.096753170928,0.056521663816665735
D07D145D-DA08-46CC-B1BB-B0687BCE2F08,2,99.99971564007997,Classified Unnumbered,road_classification,953,risk_percentile,99.97584552707114,1.0188135504722595,0.7571973860263824,0,0,0,982.6,0.113,Classified Unnumbered,Local Road,other_urban,urban_minor,Single Carriageway,,False,False,False,False,False,False,Urban,Urban: Nearer to a major town or city,False,True,sparse collision history,-1.468026061840734,53.37526027727089,2026-07-04T12:45:06+00:00,data/models/risk_scores.parquet,0.1.0,E01033274,LSOA2021,England,IoD 2025,within,0.0,4,10,10,1,0,0,3.5,0.0,25113.277575904645,1.379681060789351
EAF1B83D-85E9-4640-B71B-197430F13013,3,99.99943128015992,Classified Unnumbered,road_classification,961,risk_percentile,99.97564254830704,1.0148638248443604,0.8294006586074829,6,0,0,1264.0,0.147,Classified Unnumbered,Minor Road,other_urban,urban_minor,Single Carriageway,,False,False,False,False,False,False,Urban,Urban: Nearer to a major town or city,False,False,,-1.5030674345991282,52.406697992328105,2026-07-04T12:45:06+00:00,data/models/risk_scores.parquet,0.1.0,E01034741,LSOA2021,England,IoD 2025,within,0.0,2,5,7,1,0,0,4.0,0.0,5512.913411538407,0.12056822424591193
7F0067FA-4223-4859-BE59-4828D208010D,4,99.9991469202399,Classified Unnumbered,road_classification,1098,risk_percentile,99.9721665369717,0.9416614174842834,1.984628975391388,9,1,3,4327.1,1.53,Classified Unnumbered,Minor Road,other_urban,urban_minor,Single Carriageway,,False,False,False,False,False,False,Urban,Urban: Nearer to a major town or city,False,False,,-1.4267321997730047,53.433705091735895,2026-07-04T12:45:06+00:00,data/models/risk_scores.parquet,0.1.0,E01007856,LSOA2021,England,IoD 2025,within,0.0,1,1,1,1,0,0,3.0,0.8839999999999999,863.1608512194349,1.0908371247929682
A8CCA6AC-F78F-49DC-853E-375412122097,5,99.99886256031985,Classified Unnumbered,road_classification,1141,risk_percentile,99.97107552611462,0.9189681708812714,0.7611572265625,1,0,1,1371.3,0.151,Classified Unnumbered,Minor Road,other_urban,urban_minor,Single Carriageway,,False,False,False,False,False,False,Urban,Urban: Nearer to a major town or city,False,True,sparse collision history,-2.243369364054006,53.475858677501115,2026-07-04T12:45:06+00:00,data/models/risk_scores.parquet,0.1.0,E01033677,LSOA2021,England,IoD 2025,within,0.0,5,10,10,1,0,0,3.5,0.0,2669.192125453077,3.052981475794013
FB0EF761-2FA3-486A-9B60-226D92C96C15,6,99.9985782003998,Classified Unnumbered,road_classification,1208,risk_percentile,99.96937557896521,0.8933813571929932,1.3038686871528626,4,0,0,2073.5,0.195,Classified Unnumbered,Minor Road,other_urban,urban_minor,Single Carriageway,,False,False,False,False,False,False,Urban,Urban: Nearer to a major town or city,False,False,,-1.1563616275062165,52.626876995236074,2026-07-04T12:45:06+00:00,data/models/risk_scores.parquet,0.1.0,E01013784,LSOA2021,England,IoD 2025,within,0.0,3,5,6,1,0,0,4.0,0.252,13047.13597832017,0.34966717070972797
86C51704-C549-48B0-8137-7A7220A0FBE8,7,99.99829384047977,Classified Unnumbered,road_classification,1238,risk_percentile,99.9686144085998,0.8824431240558624,0.549014437198639,4,0,3,1326.5,0.168,Classified Unnumbered,Minor Road,other_urban,urban_minor,Single Carriageway,,False,False,False,False,False,False,Urban,Urban: Nearer to a major town or city,False,False,,-2.7047862748467355,53.76234205385552,2026-07-04T12:45:06+00:00,data/models/risk_scores.parquet,0.1.0,E01033223,LSOA2021,England,IoD 2025,within,0.0,2,4,4,1,0,0,3.5,0.016,7206.309734027876,2.899465068623816
3A5A31FD-45A6-44F1-B4A7-8AE293CE3B7B,8,99.99800948055973,Classified Unnumbered,road_classification,1243,risk_percentile,99.96848754687224,0.8808237731456756,1.8071343541145324,13,0,0,4501.0,0.27,Classified Unnumbered,Minor Road,other_urban,urban_minor,Single Carriageway,,False,False,False,False,False,False,Urban,Urban: Nearer to a major town or city,False,False,,-1.8277513918251544,52.469784988250304,2026-07-04T12:45:06+00:00,data/models/risk_scores.parquet,0.1.0,E01009326,LSOA2021,England,IoD 2025,within,0.0,1,1,2,1,0,0,3.5,0.8790000000000002,2508.3046442776313,0.1142214085839825
FCDCDED9-785C-46B3-84D2-898F5598AEA5,9,99.99772512063969,Classified Unnumbered,road_classification,1321,risk_percentile,99.96650850392219,0.8574245929718017,0.5371682554483413,1,0,0,1566.6,0.095,Classified Unnumbered,Local Road,other_urban,urban_minor,Single Carriageway,,False,False,False,False,False,False,Urban,Urban: Nearer to a major town or city,False,True,sparse collision history,-1.4803805245133328,53.39047449531372,2026-07-04T12:45:06+00:00,data/models/risk_scores.parquet,0.1.0,E01033263,LSOA2021,England,IoD 2025,within,0.0,5,6,9,1,0,0,3.5,0.0,7573.777971647498,2.0971334498406633
4565C592-BF41-4AA1-B81D-91BA338DEDDE,10,99.99744076071966,Classified Unnumbered,road_classification,1401,risk_percentile,99.9644787162811,0.8316510379314422,2.0253549575805665,0,0,0,3854.6,0.404,Classified Unnumbered,Minor Road,other_urban,urban_minor,Single Carriageway,,False,False,False,False,False,False,Urban,Urban: Nearer to a major town or city,False,True,sparse collision history,-1.6262970486596642,54.98224436937223,2026-07-04T12:45:06+00:00,data/models/risk_scores.parquet,0.1.0,E01033556,LSOA2021,England,IoD 2025,within,0.0,3,5,5,1,0,0,3.5,0.6000000000000002,3342.682949425498,1.6850193281837955
509298E2-6F49-4AA5-A2DE-E4F4C88BF8DF,11,99.99715640079962,Classified Unnumbered,road_classification,1402,risk_percentile,99.96445334393559,0.8313986182212829,0.43227877616882326,11,0,3,1486.7,0.097,Classified Unnumbered,Minor Road,other_urban,urban_minor,Single Carriageway,,False,False,False,False,False,False,Urban,Urban: Nearer to a major town or city,False,False,,-1.781058602540414,53.7909929534234,2026-07-04T12:45:06+00:00,data/models/risk_scores.parquet,0.1.0,E01010833,LSOA2021,England,IoD 2025,within,0.0,1,1,1,1,0,0,3.5,0.0,12459.045273841612,2.2384858958578495
4435DC95-53B2-4912-8AEC-AF330489ED11,12,99.99687204087958,Classified Unnumbered,road_classification,1419,risk_percentile,99.96402201406185,0.825147557258606,0.5302116870880127,28,0,7,1234.5,0.124,Classified Unnumbered,Minor Road,other_urban,urban_minor,Single Carriageway,,False,False,False,False,False,False,Urban,Urban: Nearer to a major town or city,False,False,,-0.5426826686759911,53.22504010157549,2026-07-04T12:45:06+00:00,data/models/risk_scores.parquet,0.1.0,E01026132,LSOA2021,England,IoD 2025,within,0.0,5,8,9,1,0,0,3.5,0.0,6174.39707857453,2.8768537362924103
5A51DB11-D0F0-4185-BEEA-3FDAFAF5CAF7,13,99.99658768095955,Classified Unnumbered,road_classification,1437,risk_percentile,99.96356531184261,0.8225485622882843,0.789217609167099,8,1,2,1997.4,0.756,Classified Unnumbered,Minor Road,other_urban,urban_minor,Single Carriageway,,False,False,False,False,False,False,Urban,Urban: Further from a major town or city,False,False,,-0.7100072596993576,52.485614573275015,2026-07-04T12:45:06+00:00,data/models/risk_scores.parquet,0.1.0,E01026960,LSOA2021,England,IoD 2025,within,0.0,2,2,2,1,0,0,3.0,0.0,2945.012025349817,0.04864374559325298
55F2AA00-E09F-4758-ABE6-CFC73CDE243D,14,99.9963033210395,Classified Unnumbered,road_classification,1511,risk_percentile,99.96168775827462,0.8059819579124451,1.410166072845459,15,1,3,2513.2,0.41,Classified Unnumbered,Minor Road,other_urban,urban_minor,Single Carriageway,,False,False,False,False,False,False,Urban,Urban: Nearer to a major town or city,False,False,,-0.0679678113200073,53.56979805616298,2026-07-04T12:45:06+00:00,data/models/risk_scores.parquet,0.1.0,E01035473,LSOA2021,England,IoD 2025,within,0.0,1,1,1,1,0,0,4.0,0.3,8689.171783026504,0.03224952269353335
CDC1890D-BE44-44B7-A547-A98615DBA608,15,99.99601896111947,Classified Unnumbered,road_classification,1562,risk_percentile,99.96039376865343,0.7940393388271332,1.1810281872749329,1,0,0,2337.8,0.437,Classified Unnumbered,Minor Road,other_urban,urban_minor,Single Carriageway,,False,False,False,False,False,False,Urban,Urban: Nearer to a major town or city,False,True,sparse collision history,-1.8702167860983392,52.45355898952915,2026-07-04T12:45:06+00:00,data/models/risk_scores.parquet,0.1.0,E01009396,LSOA2021,England,IoD 2025,within,0.0,1,1,1,1,0,0,3.5,0.042,20594.55860078563,0.35739651859684707
728FA45A-EAA3-4CF2-95E7-BAE6BDA8483D,16,99.99573460119943,Classified Unnumbered,road_classification,1607,risk_percentile,99.95925201310533,0.786826366186142,0.6048606157302856,3,0,0,1860.7,0.172,Classified Unnumbered,Minor Road,other_urban,urban_minor,Single Carriageway,,False,False,False,False,False,False,Urban,Urban: Nearer to a major town or city,False,False,,-1.8761938299034011,52.46034717164017,2026-07-04T12:45:06+00:00,data/models/risk_scores.parquet,0.1.0,E01009367,LSOA2021,England,IoD 2025,within,0.0,1,1,1,1,0,0,3.5,0.0,3875.692695624818,0.7346237497224366
3135435D-E5A1-4E25-B043-1F4937CCE9C7,17,99.9954502412794,Classified Unnumbered,road_classification,1657,risk_percentile,99.95798339582966,0.7788774967193604,0.913401859998703,3,0,1,2640.9,0.254,Classified Unnumbered,Minor Road,other_urban,urban_minor,Single Carriageway,,False,False,False,False,False,False,Urban,Urban: Nearer to a major town or city,False,False,,-1.4813185716395987,53.368461556493315,2026-07-04T12:45:06+00:00,data/models/risk_scores.parquet,0.1.0,E01008107,LSOA2021,England,IoD 2025,within,0.0,2,1,2,1,0,0,3.5,0.38899999999999996,13102.848769658967,2.570223734880084
CB53FCB5-6C30-47AD-A689-D35FC76F5AFF,18,99.99516588135936,Classified Unnumbered,road_classification,1676,risk_percentile,99.9575013212649,0.7753826320171356,0.5094153702259063,7,0,0,1078.7,0.1,Classified Unnumbered,Minor Road,other_urban,urban_minor,Single Carriageway,,False,False,False,False,False,False,Urban,Urban: Nearer to a major town or city,False,False,,-1.5012685526689822,52.40669892640279,2026-07-04T12:45:06+00:00,data/models/risk_scores.parquet,0.1.0,E01034741,LSOA2021,England,IoD 2025,within,0.0,2,5,7,1,0,0,3.5,0.0,5512.913411538407,0.21161338239179311
E5CBFD83-9917-4C6A-8422-856FC83D24FF,19,99.99488152143931,Classified Unnumbered,road_classification,1707,risk_percentile,99.95671477855397,0.7702965676784516,1.3272891759872436,12,0,1,3567.4,0.901,Classified Unnumbered,Minor Road,other_urban,urban_minor,Single Carriageway,,False,False,False,False,False,False,Urban,Urban: Nearer to a major town or city,False,False,,-0.3903729432460311,53.75874776785546,2026-07-04T12:45:06+00:00,data/models/risk_scores.parquet,0.1.0,E01012795,LSOA2021,England,IoD 2025,within,0.0,3,2,2,1,0,0,3.0,1.795,2006.4075959840482,0.35552196143171094
7F1BBA04-194E-4363-857B-ACA645E211A5,20,99.99459716151928,Classified Unnumbered,road_classification,1745,risk_percentile,99.95575062942447,0.7641132235527038,1.2035096824169158,8,0,1,2808.2,0.264,Classified Unnumbered,Minor Road,other_urban,urban_minor,Single Carriageway,,False,False,False,False,False,False,Urban,Urban: Nearer to a major town or city,False,False,,-1.8692528905526284,52.46546198475133,2026-07-04T12:45:06+00:00,data/models/risk_scores.parquet,0.1.0,E01009363,LSOA2021,England,IoD 2025,within,0.0,1,1,1,1,0,0,3.5,0.466,17161.61369986921,0.463252501023531
8F8A2730-B2D9-4DA8-8939-C8B649B5DA1F,21,99.99431280159924,Classified Unnumbered,road_classification,1746,risk_percentile,99.95572525707894,0.7639225006103516,1.7863779664039612,2,0,0,4354.6,0.703,Classified Unnumbered,Minor Road,other_urban,urban_minor,Single Carriageway,,False,False,False,False,False,False,Urban,Urban: Nearer to a major town or city,False,False,,-0.2658962212477231,52.58781097531959,2026-07-04T12:45:06+00:00,data/models/risk_scores.parquet,0.1.0,E01015663,LSOA2021,England,IoD 2025,within,0.0,1,1,1,1,0,0,3.0,0.6330000000000001,4577.014163449416,0.01608088122696881
25E3C367-12C9-4D39-AE6B-089BF19FE40C,22,99.9940284416792,Classified Unnumbered,road_classification,1866,risk_percentile,99.95268057561732,0.7435387134552002,1.266762799024582,2,0,0,3658.5,0.17,Classified Unnumbered,Minor Road,other_urban,urban_minor,Single Carriageway,,False,False,False,False,False,False,Urban,Urban: Nearer to a major town or city,False,False,,-1.9760394306032054,52.39479242816697,2026-07-04T12:45:06+00:00,data/models/risk_scores.parquet,0.1.0,E01009215,LSOA2021,England,IoD 2025,within,0.0,1,1,1,1,0,0,3.5,0.7330000000000001,6673.5000975067505,0.3184526024637877
9B7D67B6-F6F2-489A-8D78-0263426E4FC3,23,99.99374408175916,Classified Unnumbered,road_classification,1879,risk_percentile,99.95235073512565,0.7413210570812225,0.6224198997020721,2,0,2,1888.6,0.21,Classified Unnumbered,Minor Road,other_urban,urban_minor,Single Carriageway,,False,False,False,False,False,False,Urban,Urban: Nearer to a major town or city,False,False,,-2.972816743472439,53.4380576086584,2026-07-04T12:45:06+00:00,data/models/risk_scores.parquet,0.1.0,E01006700,LSOA2021,England,IoD 2025,within,0.0,1,1,1,1,0,0,3.5,0.0,4436.736347140842,2.5902538163483575
73665E5E-03F0-4CA4-9077-B43CF2B1D8B2,24,99.99345972183913,Classified Unnumbered,road_classification,1909,risk_percentile,99.95158956476024,0.7370948433876038,1.515238094329834,0,0,0,3870.9,0.098,Classified Unnumbered,Minor Road,other_urban,urban_minor,Single Carriageway,,False,False,False,False,False,False,Urban,Urban: Nearer to a major town or city,False,True,sparse collision history,-1.1296521280439822,52.63381375106245,2026-07-04T12:45:06+00:00,data/models/risk_scores.parquet,0.1.0,E01034022,LSOA2021,England,IoD 2025,within,0.0,2,4,7,1,0,0,3.5,0.21100000000000002,2976.491715679445,3.678108473466957
78E35D31-3214-46C9-B09E-74F17205C6FC,25,99.99317536191909,Classified Unnumbered,road_classification,1928,risk_percentile,99.95110749019548,0.7345232009887696,1.7853641510009766,5,1,0,3767.7,0.198,Classified Unnumbered,Local Road,other_urban,urban_minor,Single Carriageway,,False,False,False,False,False,False,Urban,Urban: Nearer to a major town or city,False,False,,-1.1339503799551667,52.63700345621187,2026-07-04T12:45:06+00:00,data/models/risk_scores.parquet,0.1.0,E01034022,LSOA2021,England,IoD 2025,within,0.0,2,4,7,1,0,0,3.5,0.194,2534.3516117646445,3.3878299762694972
C4F74054-295A-4090-870D-4478479C4024,26,99.99289100199906,Classified Unnumbered,road_classification,1936,risk_percentile,99.95090451143139,0.7336107134819031,1.1710181951522827,5,0,1,2554.1,0.183,Classified Unnumbered,Minor Road,other_urban,urban_minor,Single Carriageway,,False,False,False,False,False,False,Urban,Urban: Nearer to a major town or city,False,False,,-1.8243343927206657,52.468451552863314,2026-07-04T12:45:06+00:00,data/models/risk_scores.parquet,0.1.0,E01008898,LSOA2021,England,IoD 2025,within,0.0,1,1,1,1,0,0,4.0,0.8290000000000002,9696.779248810371,0.10047177600187121
5B1B57D6-A124-43A9-B136-6C7269CE50A2,27,99.99260664207901,Classified Unnumbered,road_classification,1963,risk_percentile,99.95021945810252,0.73041051030159,0.6709650874137878,3,0,0,2373.8,0.125,Classified Unnumbered,Minor Road,other_urban,urban_minor,Single Carriageway,,False,False,False,False,False,False,Urban,Urban: Nearer to a major town or city,False,False,,-1.7826281163688171,53.79064280758661,2026-07-04T12:45:06+00:00,data/models/risk_scores.parquet,0.1.0,E01010658,LSOA2021,England,IoD 2025,within,0.0,1,1,1,1,0,0,3.5,0.0,3063.1656711343417,2.2568065203340444
63D1F56A-95A4-4021-A77E-17E026753780,28,99.99232228215898,Classified Unnumbered,road_classification,1965,risk_percentile,99.95016871341149,0.730378395318985,0.994997638463974,0,0,0,3040.6,0.855,Classified Unnumbered,Minor Road,other_urban,urban_minor,Collapsed Dual Carriageway,,False,False,False,True,False,False,Urban,Urban: Nearer to a major town or city,False,True,sparse collision history,-0.750410198405913,52.03415252983089,2026-07-04T12:45:06+00:00,data/models/risk_scores.parquet,0.1.0,E01016729,LSOA2021,England,IoD 2025,within,0.0,3,2,4,1,0,0,3.0,1.038,4618.571591122268,0.11092229124665606
4FF6DB02-1084-41D1-8ECD-B12EDA10B879,29,99.99203792223894,Classified Unnumbered,road_classification,1969,risk_percentile,99.95006722402944,0.7299533247947693,1.5178155303001404,1,0,0,4324.1,0.21,Classified Unnumbered,Minor Road,other_urban,urban_minor,Single Carriageway,,False,False,False,False,False,False,Urban,Urban: Nearer to a major town or city,False,True,sparse collision history,-1.787720763325203,52.4772201734637,2026-07-04T12:45:06+00:00,data/models/risk_scores.parquet,0.1.0,E01009514,LSOA2021,England,IoD 2025,within,0.0,1,1,1,1,0,0,3.5,1.28,3905.6581940552896,1.5014138125201353
6E26CA8C-A5A2-43F0-A493-BAADE3BB070E,30,99.99175356231889,Classified Unnumbered,road_classification,1978,risk_percentile,99.94983887291981,0.728750491142273,0.6267396807670593,4,0,0,1807.5,0.181,Classified Unnumbered,Minor Road,other_urban,urban_minor,Single Carriageway,,False,False,False,False,False,False,Urban,Urban: Nearer to a major town or city,False,False,,-0.878897518578933,52.23814928819034,2026-07-04T12:45:06+00:00,data/models/risk_scores.parquet,0.1.0,E01027224,LSOA2021,England,IoD 2025,within,0.0,3,3,3,1,0,0,3.5,0.0,9279.442461930357,0.05725662029639764
287C4800-D4B4-4B12-BA6B-BEA9D6E713CD,31,99.99146920239886,Classified Unnumbered,road_classification,2037,risk_percentile,99.94834190453452,0.7214043498039245,0.4259941607713699,5,0,0,1200.2,0.114,Classified Unnumbered,Minor Road,other_urban,urban_minor,Single Carriageway,,False,False,False,False,False,False,Urban,Urban: Nearer to a major town or city,False,False,,-1.469682374484882,53.366179241203476,2026-07-04T12:45:06+00:00,data/models/risk_scores.parquet,0.1.0,E01008108,LSOA2021,England,IoD 2025,within,0.0,3,4,5,1,0,0,3.5,0.0,10651.97944286972,1.2611723135235817
FDD99327-EF4B-4688-B2CA-999B6F039F3A,32,99.99118484247882,Classified Unnumbered,road_classification,2043,risk_percentile,99.94818967046145,0.7208388864994049,0.6083734095096588,1,0,0,1498.4,0.156,Classified Unnumbered,Minor Road,other_urban,urban_minor,Single Carriageway,,False,False,False,False,False,False,Urban,Urban: Nearer to a major town or city,False,True,sparse collision history,-2.9589324172721576,53.42997615343136,2026-07-04T12:45:06+00:00,data/models/risk_scores.parquet,0.1.0,E01006542,LSOA2021,England,IoD 2025,within,0.0,1,2,1,1,0,0,3.5,0.022,17429.956348404947,0.05314337424924204
53EAC066-E8D6-45B7-93C3-16D620E8AAB6,33,99.99090048255879,Classified Unnumbered,road_classification,2063,risk_percentile,99.94768222355117,0.7185494303703308,1.5040101051330566,3,0,1,2305.5,0.196,Classified Unnumbered,Minor Road,other_urban,urban_minor,Single Carriageway,,False,False,False,False,False,False,Urban,Urban: Nearer to a major town or city,False,False,,-1.1642579760773222,52.96180694020935,2026-07-04T12:45:06+00:00,data/models/risk_scores.parquet,0.1.0,E01013815,LSOA2021,England,IoD 2025,within,0.0,2,7,7,1,0,0,3.5,0.28200000000000003,708.067528173991,0.6578552421888882
E1C2C3B9-4FEF-4421-84E6-6237A50808B4,34,99.99061612263874,Classified Unnumbered,road_classification,2075,risk_percentile,99.94737775540501,0.7174395620822906,1.936180830001831,4,0,0,4695.7,0.364,Classified Unnumbered,Local Road,other_urban,urban_minor,Single Carriageway,,False,False,False,False,False,False,Urban,Urban: Nearer to a major town or city,False,False,,-2.91690801035221,53.43887132696185,2026-07-04T12:45:06+00:00,data/models/risk_scores.parquet,0.1.0,E01006604,LSOA2021,England,IoD 2025,within,0.0,2,2,2,1,0,0,3.5,0.9050000000000001,2862.4326858265545,0.1311722517598259
A840D400-FB6D-4004-8716-855F2C873B6A,35,99.99033176271871,Classified Unnumbered,road_classification,2081,risk_percentile,99.94722552133193,0.7167031049728394,0.8536900281906128,0,0,0,1950.3,2.716,Classified Unnumbered,Minor Road,other_rural,rural_minor,Single Carriageway,,False,False,False,False,False,False,Rural,Larger rural: Nearer to a major town or city,False,True,sparse collision history,-1.3703865166241824,53.89622012980624,2026-07-04T12:45:06+00:00,data/models/risk_scores.parquet,0.1.0,E01011707,LSOA2021,England,IoD 2025,within,0.0,7,6,6,1,0,0,3.0,0.047,221.86069579639977,0.04681063519754958
425E64EC-6D4F-47C1-9D45-6B9AC08420ED,36,99.99004740279867,Classified Unnumbered,road_classification,2133,risk_percentile,99.94590615936522,0.7097524344921112,0.3900464177131653,0,0,0,990.2,0.143,Classified Unnumbered,Minor Road,other_urban,urban_minor,Single Carriageway,,False,False,False,False,False,False,Urban,Urban: Nearer to a major town or city,False,True,sparse collision history,-2.260536149445107,53.49220208576957,2026-07-04T12:45:06+00:00,data/models/risk_scores.parquet,0.1.0,E01033986,LSOA2021,England,IoD 2025,within,0.0,3,4,6,1,0,0,3.5,0.0,8534.22121554071,0.9075931762479176
16E51577-B697-43EE-AFDF-1FA670370425,37,99.98976304287864,Classified Unnumbered,road_classification,2193,risk_percentile,99.94438381863442,0.7029122948646546,0.4549745827913284,4,0,2,1015.0,3.227,Classified Unnumbered,Minor Road,other_rural,rural_minor,Single Carriageway,,False,False,False,False,False,False,Rural,Smaller rural: Further from a major town or city,False,False,,-0.7710940438272696,52.70551356507747,2026-07-04T12:45:06+00:00,data/models/risk_scores.parquet,0.1.0,E01013809,LSOA2021,England,IoD 2025,within,0.0,8,7,7,1,0,0,3.0,0.019,56.624853418635865,0.04441298894059231
39405031-82D5-4726-A4C5-427E401C726D,38,99.9894786829586,Classified Unnumbered,road_classification,2233,risk_percentile,99.94336892481388,0.6986933290958405,1.4477709531784058,8,0,2,4298.9,0.226,Classified Unnumbered,Minor Road,other_urban,urban_minor,Single Carriageway,,False,False,False,False,False,False,Urban,Urban: Nearer to a major town or city,False,False,,-1.3183506535289367,54.56853244463931,2026-07-04T12:45:06+00:00,data/models/risk_scores.parquet,0.1.0,E01012267,LSOA2021,England,IoD 2025,within,0.0,1,1,1,1,0,0,3.5,0.068,2455.139194579067,1.8086055951221327
D22BD83B-F6E4-4239-A8FC-BAA3930E5042,39,99.98919432303856,Classified Unnumbered,road_classification,2241,risk_percentile,99.94316594604977,0.6982402086257935,0.7209297597408295,3,0,1,1606.5,0.246,Classified Unnumbered,Minor Road,other_urban,urban_minor,Single Carriageway,,False,False,False,False,False,False,Urban,Urban: Nearer to a major town or city,False,False,,-1.455875555776971,53.428683544057535,2026-07-04T12:45:06+00:00,data/models/risk_scores.parquet,0.1.0,E01008060,LSOA2021,England,IoD 2025,within,0.0,1,1,1,1,0,0,4.0,0.0,4026.4558622876702,0.7395629976621265
8BAEC9CA-7CB5-42CE-98B7-E5BD4C280540,40,99.98890996311852,Classified Unnumbered,road_classification,2258,risk_percentile,99.94273461617603,0.6969732105731964,1.8565491914749146,4,0,0,5187.9,0.213,Classified Unnumbered,Minor Road,other_urban,urban_minor,Single Carriageway,,False,False,False,False,False,False,Urban,Urban: Nearer to a major town or city,False,False,,-1.973382265472849,52.394239922783775,2026-07-04T12:45:06+00:00,data/models/risk_scores.parquet,0.1.0,E01009215,LSOA2021,England,IoD 2025,within,0.0,1,1,1,1,0,0,3.5,0.9030000000000001,2945.216771574218,0.31938897380924747
F03E49DC-D071-406F-A048-2264E83C5AAF,41,99.98862560319847,Classified Unnumbered,road_classification,2271,risk_percentile,99.94240477568435,0.6953922718763351,1.4526478111743928,6,0,1,3383.8,1.156,Classified Unnumbered,Minor Road,other_urban,urban_minor,Single Carriageway,,False,False,False,False,False,False,Urban,Urban: Nearer to a major town or city,False,False,,-2.02200425154769,52.730349147364315,2026-07-04T12:45:06+00:00,data/models/risk_scores.parquet,0.1.0,E01029390,LSOA2021,England,IoD 2025,within,0.0,2,2,1,1,0,0,4.0,1.543,1081.8996096223998,2.5128856282927052
7857618F-9AD7-4426-A2B6-D60F58B733AF,42,99.98834124327844,Classified Unnumbered,road_classification,2306,risk_percentile,99.94151674359138,0.6926600337028503,0.6360873281955719,3,0,1,1888.6,0.231,Classified Unnumbered,Minor Road,other_urban,urban_minor,Single Carriageway,,False,False,False,False,False,False,Urban,Urban: Nearer to a major town or city,False,False,,-2.9697019105072573,53.43804602014799,2026-07-04T12:45:06+00:00,data/models/risk_scores.parquet,0.1.0,E01006700,LSOA2021,England,IoD 2025,within,0.0,1,1,1,1,0,0,3.5,0.0,4436.736347140842,2.5892722336661467
8881FFF4-D9CA-4255-B82B-E48C7C4E39E5,43,99.9880568833584,Classified Unnumbered,road_classification,2326,risk_percentile,99.94100929668112,0.6910021662712097,1.9547010779380798,0,0,0,4985.2,0.428,Classified Unnumbered,Minor Road,other_urban,urban_minor,Single Carriageway,,False,False,False,False,False,False,Urban,Urban: Nearer to a major town or city,False,True,sparse collision history,-1.381326966753685,54.90249306120377,2026-07-04T12:45:06+00:00,data/models/risk_scores.parquet,0.1.0,E01008836,LSOA2021,England,IoD 2025,within,0.0,1,1,1,1,0,0,3.5,0.059,1696.458016767268,2.4560650568166915
0B2B11A6-54F0-4529-9ED3-6B18E13A73D3,44,99.98777252343837,Classified Unnumbered,road_classification,2341,risk_percentile,99.94062871149842,0.6894232630729675,1.0531741023063659,5,0,1,3109.8,0.142,Classified Unnumbered,Minor Road,other_urban,urban_minor,Single Carriageway,,False,False,False,False,False,False,Urban,Urban: Nearer to a major town or city,False,False,,-1.1517227078315218,52.64038421450179,2026-07-04T12:45:06+00:00,data/models/risk_scores.parquet,0.1.0,E01013683,LSOA2021,England,IoD 2025,within,0.0,2,2,3,1,0,0,3.5,0.35600000000000004,9104.700989380923,0.8101079425133032
97AF4C7C-73DD-404D-ABF7-4B12EFB9E4FF,45,99.98748816351832,Classified Unnumbered,road_classification,2346,risk_percentile,99.94050184977084,0.6888130903244019,0.47173925638198855,5,0,0,1474.4,0.172,Classified Unnumbered,Local Road,other_urban,urban_minor,Single Carriageway,,False,False,False,False,False,False,Urban,Urban: Nearer to a major town or city,False,False,,-2.1917319861365567,53.44245297258104,2026-07-04T12:45:06+00:00,data/models/risk_scores.parquet,0.1.0,E01005221,LSOA2021,England,IoD 2025,within,0.0,2,2,3,1,0,0,3.5,0.0,4630.182478149996,3.727193037035037
84CB0A30-75CE-417C-936F-CDD17F121A6C,46,99.98720380359829,Classified Unnumbered,road_classification,2357,risk_percentile,99.9402227539702,0.6875903904438019,1.7766690969467163,0,0,0,4871.7,0.154,Classified Unnumbered,Minor Road,other_urban,urban_minor,Single Carriageway,,False,False,False,False,False,False,Urban,Urban: Nearer to a major town or city,False,True,sparse collision history,-1.8921324429685416,52.45373866727808,2026-07-04T12:45:06+00:00,data/models/risk_scores.parquet,0.1.0,E01009182,LSOA2021,England,IoD 2025,within,0.0,1,1,1,1,0,0,3.5,0.359,15989.471769346217,0.3135967407151242
80714842-660C-4CB4-BE51-06D7E420EA42,47,99.98691944367826,Classified Unnumbered,road_classification,2372,risk_percentile,99.9398421687875,0.6859377920627594,0.950898003578186,3,0,0,2283.3,1.026,Classified Unnumbered,Minor Road,other_urban,urban_minor,Single Carriageway,,False,False,False,False,False,False,Urban,Urban: Further from a major town or city,False,False,,-0.6949941530230268,52.41218955741254,2026-07-04T12:45:06+00:00,data/models/risk_scores.parquet,0.1.0,E01027127,LSOA2021,England,IoD 2025,within,0.0,1,1,1,1,0,0,3.0,0.0,866.3938994992155,1.0006395655883566
6587E07B-5B44-4827-A4DB-4F8267B9C4AE,48,99.98663508375822,Classified Unnumbered,road_classification,2417,risk_percentile,99.93870041323939,0.6811274945735931,1.5338069796562195,3,0,0,4400.1,0.585,Classified Unnumbered,Minor Road,other_urban,urban_minor,Single Carriageway,,False,False,False,False,False,False,Urban,Urban: Further from a major town or city,False,False,,-0.70567238634642,52.397135444092285,2026-07-04T12:45:06+00:00,data/models/risk_scores.parquet,0.1.0,E01027128,LSOA2021,England,IoD 2025,within,0.0,2,2,2,1,0,0,3.0,0.137,1993.2860112822602,1.8750587158954282
B379C881-978C-408C-9656-C26C66722581,49,99.98635072383819,Classified Unnumbered,road_classification,2437,risk_percentile,99.93819296632913,0.6792434632778168,1.0551831603050232,9,0,0,2948.2,0.187,Classified Unnumbered,Minor Road,other_urban,urban_minor,Single Carriageway,,False,False,False,False,False,False,Urban,Urban: Nearer to a major town or city,False,False,,-1.2327831566884933,54.5532017623758,2026-07-04T12:45:06+00:00,data/models/risk_scores.parquet,0.1.0,E01012019,LSOA2021,England,IoD 2025,within,0.0,1,1,1,1,0,0,3.5,0.677,6484.524418141679,0.09084488792079845
018CC3D2-E8A5-4D53-98C5-BEB2DF453FBC,50,99.98606636391814,Classified Unnumbered,road_classification,2450,risk_percentile,99.93786312583744,0.6784017249941826,1.247148036956787,4,0,1,3299.7,0.178,Classified Unnumbered,Minor Road,other_urban,urban_minor,Single Carriageway,,False,False,False,False,False,False,Urban,Urban: Nearer to a major town or city,False,False,,-0.0674391843772255,53.56322058942811,2026-07-04T12:45:06+00:00,data/models/risk_scores.parquet,0.1.0,E01013142,LSOA2021,England,IoD 2025,within,0.0,1,1,1,1,0,0,3.5,0.7839999999999999,12887.415146889933,0.05464928540735941
9556416F-619E-4ED5-B4CE-FF7C05FE55FA,51,99.9857820039981,Classified Unnumbered,road_classification,2505,risk_percentile,99.9364676468342,0.6735739946365357,0.840236759185791,0,0,0,3135.3,0.739,Classified Unnumbered,Minor Road,other_urban,urban_minor,Single Carriageway,,False,False,False,False,False,False,Urban,Urban: Nearer to a major town or city,False,True,sparse collision history,-1.4645767085131596,54.929237481072775,2026-07-04T12:45:06+00:00,data/models/risk_scores.parquet,0.1.0,E01008840,LSOA2021,England,IoD 2025,within,0.0,2,1,1,1,0,0,2.5,0.036,3966.79131923241,0.7570987926753898
8219BFF3-C0FB-4558-83B1-9F5F88E81070,52,99.98549764407805,Classified Unnumbered,road_classification,2516,risk_percentile,99.93618855103355,0.6727222919464111,0.5859360873699189,4,0,1,1458.1,0.031,Classified Unnumbered,Minor Road,other_urban,urban_minor,Single Carriageway,,False,False,False,False,False,False,Urban,Urban: Nearer to a major town or city,False,False,,-1.1373367198596303,52.61990603284128,2026-07-04T12:45:06+00:00,data/models/risk_scores.parquet,0.1.0,E01013648,LSOA2021,England,IoD 2025,within,0.0,3,6,9,1,0,0,4.0,0.0,3106.947048975937,2.384483704457306
4E35E196-3F45-45EE-9121-26BC03EF73D1,53,99.98521328415802,Classified Unnumbered,road_classification,2519,risk_percentile,99.93611243399701,0.6726301372051239,0.8411285281181335,4,0,0,1894.1,0.124,Classified Unnumbered,Minor Road,other_urban,urban_minor,Single Carriageway,,False,False,False,False,False,False,Urban,Urban: Nearer to a major town or city,False,False,,-2.239922494915502,53.46707139895431,2026-07-04T12:45:06+00:00,data/models/risk_scores.parquet,0.1.0,E01005210,LSOA2021,England,IoD 2025,within,0.0,3,5,6,1,0,0,3.5,0.22200000000000003,13935.173635689538,0.8071961188795375
F8D9CE54-D9EE-4B6C-A648-EE742C1C2687,54,99.98492892423798,Classified Unnumbered,road_classification,2548,risk_percentile,99.93537663597712,0.6701476469635963,1.8205191016197204,10,0,3,2975.0,0.203,Classified Unnumbered,Minor Road,other_urban,urban_minor,Single Carriageway,,False,False,False,False,False,False,Urban,Urban: Nearer to a major town or city,False,False,,-1.8308780369300988,52.486858017649666,2026-07-04T12:45:06+00:00,data/models/risk_scores.parquet,0.1.0,E01009488,LSOA2021,England,IoD 2025,within,0.0,1,1,1,1,0,0,4.5,1.1320000000000001,13029.19286944229,0.10393308375040727
F632B24E-7811-454D-84B8-9C71B87DE04C,55,99.98464456431795,Classified Unnumbered,road_classification,2568,risk_percentile,99.93486918906686,0.6691769897937775,0.518266361951828,6,0,0,1328.9,0.15,Classified Unnumbered,Minor Road,other_urban,urban_minor,Single Carriageway,,False,False,False,False,False,False,Urban,Urban: Nearer to a major town or city,False,False,,-1.8839782088393318,52.46186739659044,2026-07-04T12:45:06+00:00,data/models/risk_scores.parquet,0.1.0,E01009367,LSOA2021,England,IoD 2025,within,0.0,1,1,1,1,0,0,4.0,0.0,6654.004196770181,1.429839777633793
91C940FB-8716-4C92-BBFD-CB0CF4F8DDC7,56,99.98436020439792,Classified Unnumbered,road_classification,2606,risk_percentile,99.93390503993734,0.6654149949550628,0.3386094272136688,2,0,1,869.9,0.081,Classified Unnumbered,Minor Road,other_urban,urban_minor,Single Carriageway,,False,False,False,False,False,False,Urban,Urban: Nearer to a major town or city,False,False,,-2.2417869066240397,53.4684248540366,2026-07-04T12:45:06+00:00,data/models/risk_scores.parquet,0.1.0,E01005210,LSOA2021,England,IoD 2025,within,0.0,3,5,6,1,0,0,3.5,0.0,13935.173635689538,0.973767697984711
6A4A84B4-E1CD-41CF-927B-2125BFCD2EA1,57,99.98407584447787,Classified Unnumbered,road_classification,2611,risk_percentile,99.93377817820978,0.6646541833877564,0.5248480856418609,2,0,0,1671.1,0.19,Classified Unnumbered,Minor Road,other_urban,urban_minor,Single Carriageway,,False,False,False,False,False,False,Urban,Urban: Nearer to a major town or city,False,False,,-2.3318606153519874,53.519493068047495,2026-07-04T12:45:06+00:00,data/models/risk_scores.parquet,0.1.0,E01005670,LSOA2021,England,IoD 2025,within,0.0,2,2,2,1,0,0,3.5,0.0,3882.5826228785995,2.4450209430097236
D1CCD9C0-F43C-4233-AC0C-13EBB1B708A8,58,99.98379148455784,Classified Unnumbered,road_classification,2626,risk_percentile,99.93339759302707,0.66341472864151,1.2246601819992065,0,0,0,2749.5,0.116,Classified Unnumbered,Minor Road,other_urban,urban_minor,Single Carriageway,,False,False,False,False,False,False,Urban,Urban: Nearer to a major town or city,False,True,sparse collision history,-1.1399624997558009,52.62499548241011,2026-07-04T12:45:06+00:00,data/models/risk_scores.parquet,0.1.0,E01013648,LSOA2021,England,IoD 2025,within,0.0,3,6,9,1,0,0,3.0,0.349,12287.034123938665,0.04230366383772156
A829EF4C-4DCB-4BD1-95D5-4F2DA0055713,59,99.9835071246378,Classified Unnumbered,road_classification,2650,risk_percentile,99.93278865673474,0.6606077373027801,0.6990044057369232,12,0,2,2318.3,0.296,Classified Unnumbered,Minor Road,other_urban,urban_minor,Single Carriageway,,False,False,False,False,False,False,Urban,Urban: Nearer to a major town or city,False,False,,-0.25527771629197354,52.58334352120769,2026-07-04T12:45:06+00:00,data/models/risk_scores.parquet,0.1.0,E01015599,LSOA2021,England,IoD 2025,within,0.0,2,2,3,1,0,0,3.0,0.0,2471.584506609444,1.9435813317348292
2F01BEC6-7A76-4B72-B7B3-14FE3CE65DA7,60,99.98322276471777,Classified Unnumbered,road_classification,2659,risk_percentile,99.93256030562513,0.6598066210746765,1.037790584564209,10,0,1,2926.3,0.167,Classified Unnumbered,Minor Road,other_urban,urban_minor,Single Carriageway,,False,False,False,False,False,False,Urban,Urban: Nearer to a major town or city,False,False,,-1.4912406956340087,52.898725356068034,2026-07-04T12:45:06+00:00,data/models/risk_scores.parquet,0.1.0,E01013570,LSOA2021,England,IoD 2025,within,0.0,1,1,2,1,0,0,3.5,0.279,5708.988714008007,0.09203058517663129
36239B39-CB6C-490D-B0BE-397F5AE7E1A4,61,99.98293840479772,Classified Unnumbered,road_classification,2662,risk_percentile,99.93248418858859,0.6595623731613159,1.390679121017456,12,0,2,2574.3,0.35,Classified Unnumbered,Minor Road,other_urban,urban_minor,Single Carriageway,,False,False,False,False,False,False,Urban,Urban: Nearer to a major town or city,False,False,,-0.3737279777511866,53.7387162186768,2026-07-04T12:45:06+00:00,data/models/risk_scores.parquet,0.1.0,E01012893,LSOA2021,England,IoD 2025,within,0.0,1,1,1,1,0,0,4.0,0.422,9366.092556629179,0.01958759433278995
2E60B587-EC64-4119-BFDF-975E1C30711C,62,99.98265404487768,Classified Unnumbered,road_classification,2673,risk_percentile,99.93220509278794,0.6585280358791351,0.7692302405834198,4,0,0,1102.3,0.191,Classified Unnumbered,Minor Road,other_urban,urban_minor,Single Carriageway,,False,False,False,False,False,False,Urban,Urban: Nearer to a major town or city,False,False,,-2.973485448913134,53.40104878590573,2026-07-04T12:45:06+00:00,data/models/risk_scores.parquet,0.1.0,E01034406,LSOA2021,England,IoD 2025,within,0.0,6,10,10,1,0,0,4.0,0.0,5306.878324914722,0.014843174540168612
0A91FF55-02B5-416C-932E-130CECF41246,63,99.98236968495763,Classified Unnumbered,road_classification,2679,risk_percentile,99.93205285871485,0.6582441423088312,0.6495682895183563,4,0,1,1773.0,0.234,Classified Unnumbered,Minor Road,other_urban,urban_minor,Single Carriageway,,False,False,False,False,False,False,Urban,Urban: Nearer to a major town or city,False,False,,-1.462696508061507,52.90320503553283,2026-07-04T12:45:06+00:00,data/models/risk_scores.parquet,0.1.0,E01013591,LSOA2021,England,IoD 2025,within,0.0,1,1,1,1,0,0,3.5,0.0,11017.207985674711,2.2856057433925265
416961A3-CC4A-4706-A2BE-CCAD7298F1E1,64,99.9820853250376,Classified Unnumbered,road_classification,2689,risk_percentile,99.93179913525972,0.6575843453407287,1.1537435472011566,2,0,1,2111.3,0.062,Classified Unnumbered,Minor Road,other_urban,urban_minor,Single Carriageway,,False,False,False,False,False,False,Urban,Urban: Nearer to a major town or city,False,False,,-1.1422370336191363,52.6254851756642,2026-07-04T12:45:06+00:00,data/models/risk_scores.parquet,0.1.0,E01013648,LSOA2021,England,IoD 2025,within,0.0,3,6,9,1,0,0,3.5,0.54,28055.7096857479,0.043959997622396677
0FCCCB62-D14F-46B4-BD36-CB424C958BA2,65,99.98180096511757,Classified Unnumbered,road_classification,2704,risk_percentile,99.93141855007703,0.6564618825912476,1.425265944004059,3,0,1,3329.5,0.156,Classified Unnumbered,Minor Road,other_urban,urban_minor,Single Carriageway,,False,False,False,False,False,False,Urban,Urban: Nearer to a major town or city,False,False,,-1.7400395075340789,53.82236683226474,2026-07-04T12:45:06+00:00,data/models/risk_scores.parquet,0.1.0,E01010605,LSOA2021,England,IoD 2025,within,0.0,1,1,1,1,0,0,4.0,0.853,7558.841265729225,0.07677752891165884
ABE4ED3D-6F7C-4E31-9F74-3727C374FA6A,66,99.98151660519753,Classified Unnumbered,road_classification,2723,risk_percentile,99.93093647551227,0.6548805594444275,1.0428052067756652,4,0,2,3784.6,0.222,Classified Unnumbered,Minor Road,other_urban,urban_minor,Collapsed Dual Carriageway,,False,False,False,True,False,False,Urban,Urban: Nearer to a major town or city,False,False,,-1.974120001629112,52.58077213995938,2026-07-04T12:45:06+00:00,data/models/risk_scores.parquet,0.1.0,E01010370,LSOA2021,England,IoD 2025,within,0.0,1,1,1,1,0,0,3.5,0.8150000000000002,3738.2205879105504,2.812723108769073
526C9F96-F509-4BF7-BE7E-1C8CB5DEEC58,67,99.9812322452775,Classified Unnumbered,road_classification,2739,risk_percentile,99.93053051798405,0.6535636126995087,1.161988115310669,4,0,0,2907.1,0.22,Classified Unnumbered,Minor Road,other_urban,urban_minor,Single Carriageway,,False,False,False,False,False,False,Urban,Urban: Nearer to a major town or city,False,False,,-1.4692489022829078,53.36807492602074,2026-07-04T12:45:06+00:00,data/models/risk_scores.parquet,0.1.0,E01008108,LSOA2021,England,IoD 2025,within,0.0,3,4,5,1,0,0,3.5,0.045,3247.4787895194804,1.249802911748114
22708FE2-A900-46CD-8996-DDBB5EBDC49C,68,99.98094788535745,Classified Unnumbered,road_classification,2742,risk_percentile,99.93045440094751,0.6532562851905823,0.4510627031326294,4,0,0,1099.6,0.166,Classified Unnumbered,Minor Road,other_urban,urban_minor,Single Carriageway,,False,False,False,False,False,False,Urban,Urban: Nearer to a major town or city,False,False,,-1.9807131237748665,52.568773776365056,2026-07-04T12:45:06+00:00,data/models/risk_scores.parquet,0.1.0,E01010344,LSOA2021,England,IoD 2025,within,0.0,1,1,1,1,0,0,4.0,0.0,7845.142651408451,1.1155707173992917
4BBFF7FE-EF3B-4D3B-BEF9-8C398537BC05,69,99.98066352543742,Classified Unnumbered,road_classification,2767,risk_percentile,99.92982009230967,0.6514295600354671,0.8471486747264863,2,0,1,2287.1,0.148,Classified Unnumbered,Minor Road,other_urban,urban_minor,Single Carriageway,,False,False,False,False,False,False,Urban,Urban: Nearer to a major town or city,False,False,,-0.23407484525134445,52.5791073293029,2026-07-04T12:45:06+00:00,data/models/risk_scores.parquet,0.1.0,E01015612,LSOA2021,England,IoD 2025,within,0.0,1,1,2,1,0,0,3.5,1.1500000000000001,14122.441526379422,1.358471477535766
652E44FC-B01F-437F-9EE4-ACBF64815EF6,70,99.98037916551738,Classified Unnumbered,road_classification,2779,risk_percentile,99.9295156241635,0.6504933178424835,1.0148173570632935,7,0,3,2055.4,0.151,Classified Unnumbered,Minor Road,other_urban,urban_minor,Single Carriageway,,False,False,False,False,False,False,Urban,Urban: Nearer to a major town or city,False,False,,-1.157123721274697,52.62372030060481,2026-07-04T12:45:06+00:00,data/models/risk_scores.parquet,0.1.0,E01013641,LSOA2021,England,IoD 2025,within,0.0,2,3,4,1,0,0,4.0,0.193,8886.760399118288,0.34336643790812305
8127BD5D-4895-4CC6-AB7C-6793E092B986,71,99.98009480559735,Classified Unnumbered,road_classification,2793,risk_percentile,99.92916041132631,0.6492102146148682,1.4250227332115173,2,0,0,4161.8,0.183,Classified Unnumbered,Minor Road,other_urban,urban_minor,Single Carriageway,,False,False,False,False,False,False,Urban,Urban: Nearer to a major town or city,False,False,,-2.198424992267812,53.52370077901341,2026-07-04T12:45:06+00:00,data/models/risk_scores.parquet,0.1.0,E01005138,LSOA2021,England,IoD 2025,within,0.0,1,1,1,1,0,0,3.5,0.9269999999999999,3822.710900665576,0.28584313067369943
75C0C59F-C362-42E0-AA49-99AB21FF6567,72,99.9798104456773,Classified Unnumbered,road_classification,2802,risk_percentile,99.9289320602167,0.6483135038986803,0.960366028547287,3,0,1,2806.0,0.189,Classified Unnumbered,Minor Road,other_urban,urban_minor,Single Carriageway,,False,False,False,False,False,False,Urban,Urban: Nearer to a major town or city,False,False,,-1.4857693194623345,53.35213824746003,2026-07-04T12:45:06+00:00,data/models/risk_scores.parquet,0.1.0,E01008046,LSOA2021,England,IoD 2025,within,0.0,4,4,6,1,0,0,3.5,0.0,5519.245370146179,2.601791476166688
C5B67AF0-10CA-4960-9C7E-85DCD31E7AF3,73,99.97952608575727,Classified Unnumbered,road_classification,2807,risk_percentile,99.92880519848913,0.6478733241558075,1.3582589626312256,0,0,0,4043.8,0.189,Classified Unnumbered,Minor Road,other_urban,urban_minor,Single Carriageway,,False,False,False,False,False,False,Urban,Urban: Nearer to a major town or city,False,True,sparse collision history,-1.5055152004702206,55.00408254253153,2026-07-04T12:45:06+00:00,data/models/risk_scores.parquet,0.1.0,E01008509,LSOA2021,England,IoD 2025,within,0.0,2,2,2,1,0,0,3.5,0.452,2581.571735400372,0.27904209706863137
A9763B31-702C-4A84-B432-FB0D266A19E5,74,99.97924172583723,Classified Unnumbered,road_classification,2816,risk_percentile,99.9285768473795,0.6465490221977234,1.406973671913147,4,0,2,4382.6,0.482,Classified Unnumbered,Minor Road,other_urban,urban_minor,Single Carriageway,,False,False,False,False,False,False,Urban,Urban: Nearer to a major town or city,False,False,,-2.2338498978089216,53.52428958853203,2026-07-04T12:45:06+00:00,data/models/risk_scores.parquet,0.1.0,E01005104,LSOA2021,England,IoD 2025,within,0.0,2,1,2,1,0,0,3.0,0.72,2346.0847233084805,0.29169660581241985
EED2B7C2-87CC-4676-B140-ACB124C1A6C1,75,99.97895736591718,Classified Unnumbered,road_classification,2854,risk_percentile,99.92761269824999,0.6431694447994232,1.1108262419700623,1,0,1,3279.9,0.139,Classified Unnumbered,Minor Road,other_urban,urban_minor,Single Carriageway,,False,False,False,False,False,False,Urban,Urban: Nearer to a major town or city,False,True,sparse collision history,-0.09856858888610844,53.570429697469606,2026-07-04T12:45:06+00:00,data/models/risk_scores.parquet,0.1.0,E01013220,LSOA2021,England,IoD 2025,within,0.0,1,1,1,1,0,0,3.5,0.42700000000000005,10505.036236507069,0.1371937705387412
82C7FF83-94D8-4BDE-9218-3417389FA081,76,99.97867300599715,Classified Unnumbered,road_classification,2916,risk_percentile,99.92603961282815,0.6386661410331727,1.1261050403118134,0,0,0,2473.0,0.308,Classified Unnumbered,Minor Road,other_urban,urban_minor,Single Carriageway,,False,False,False,False,False,False,Urban,Urban: Nearer to a major town or city,False,True,sparse collision history,-1.969281199969932,52.48692015458002,2026-07-04T12:45:06+00:00,data/models/risk_scores.parquet,0.1.0,E01010057,LSOA2021,England,IoD 2025,within,0.0,2,2,3,1,0,0,3.5,0.187,15569.034031415815,0.14516711243449293
94960200-51CD-4497-9776-9D680D3F8F9D,77,99.97838864607711,Classified Unnumbered,road_classification,2945,risk_percentile,99.92530381480826,0.6361197113990784,1.0593465745449067,13,0,2,3590.6,0.116,Classified Unnumbered,Minor Road,other_urban,urban_minor,Single Carriageway,,False,False,False,False,False,False,Urban,Urban: Nearer to a major town or city,False,False,,-1.8535407202729257,52.467907376762774,2026-07-04T12:45:06+00:00,data/models/risk_scores.parquet,0.1.0,E01009329,LSOA2021,England,IoD 2025,within,0.0,1,1,1,1,0,0,3.5,0.559,8016.452985105933,2.479408439102668
62298359-F8A3-4711-809D-1E57A27F7CF0,78,99.97810428615708,Classified Unnumbered,road_classification,2948,risk_percentile,99.92522769777172,0.6359388291835785,2.0912513613700865,1,0,0,4571.8,0.527,Classified Unnumbered,Minor Road,other_urban,urban_minor,Single Carriageway,,False,False,False,False,False,False,Urban,Urban: Nearer to a major town or city,False,True,sparse collision history,-1.1973074279728335,54.55505327036466,2026-07-04T12:45:06+00:00,data/models/risk_scores.parquet,0.1.0,E01012075,LSOA2021,England,IoD 2025,within,0.0,1,1,1,1,0,0,3.5,1.0130000000000001,1415.2958297325586,0.22223481604527578
80E6FEBA-3A26-4FD4-BE94-7C4048A1975E,79,99.97781992623703,Classified Unnumbered,road_classification,2949,risk_percentile,99.92520232542621,0.6358443796634674,1.0794414937496186,6,0,0,2112.6,0.137,Classified Unnumbered,Minor Road,other_urban,urban_minor,Single Carriageway,,False,False,False,False,False,False,Urban,Urban: Nearer to a major town or city,False,False,,-2.7118359036451842,53.770918132500185,2026-07-04T12:45:06+00:00,data/models/risk_scores.parquet,0.1.0,E01025274,LSOA2021,England,IoD 2025,within,0.0,2,3,4,1,0,0,4.0,0.262,13848.418574181665,0.08072620789652024
7C5CBC5C-15FF-4571-BF80-987FE75F53EB,80,99.977535566317,Classified Unnumbered,road_classification,2953,risk_percentile,99.92510083604415,0.6354633927345276,0.9507220387458801,6,0,1,2215.3,0.139,Classified Unnumbered,Minor Road,other_urban,urban_minor,Single Carriageway,,False,False,False,False,False,False,Urban,Urban: Nearer to a major town or city,False,False,,-2.6800850645242944,53.76584128517875,2026-07-04T12:45:06+00:00,data/models/risk_scores.parquet,0.1.0,E01025297,LSOA2021,England,IoD 2025,within,0.0,1,1,1,1,0,0,4.0,0.294,14471.10041797137,0.5941040463371927
FBDB4FBC-0615-4199-B515-37716ECB752D,81,99.97725120639696,Classified Unnumbered,road_classification,2962,risk_percentile,99.92487248493454,0.6350006744265556,1.3281259775161742,1,0,0,2820.3,0.194,Classified Unnumbered,Minor Road,other_urban,urban_minor,Single Carriageway,,False,False,False,False,False,False,Urban,Urban: Nearer to a major town or city,False,True,sparse collision history,-1.8535510758437668,52.47350528225698,2026-07-04T12:45:06+00:00,data/models/risk_scores.parquet,0.1.0,E01009344,LSOA2021,England,IoD 2025,within,0.0,1,1,1,1,0,0,4.0,1.03,10500.700736073484,0.06749523446953283
8319DFEA-9B7C-4BE4-BE0D-773C0586BC9E,82,99.97696684647693,Classified Unnumbered,road_classification,2976,risk_percentile,99.92451727209735,0.6343123316764832,1.2646000325679778,3,0,1,3382.6,0.209,Classified Unnumbered,Minor Road,other_urban,urban_minor,Single Carriageway,,False,False,False,False,False,False,Urban,Urban: Nearer to a major town or city,False,False,,-1.1937702878062784,54.55275750502399,2026-07-04T12:45:06+00:00,data/models/risk_scores.parquet,0.1.0,E01012084,LSOA2021,England,IoD 2025,within,0.0,1,1,1,1,0,0,3.5,0.804,7707.859135861081,0.2146730572185046
84F48571-515B-4C2D-ABB3-2E3B83FE38C6,83,99.97668248655688,Classified Unnumbered,road_classification,2993,risk_percentile,99.92408594222361,0.6323288083076477,1.7659915566444397,5,0,1,4381.2,0.373,Classified Unnumbered,Minor Road,other_urban,urban_minor,Single Carriageway,,False,False,False,False,False,False,Urban,Urban: Nearer to a major town or city,False,False,,-2.1831004950666104,53.0423391516089,2026-07-04T12:45:06+00:00,data/models/risk_scores.parquet,0.1.0,E01014249,LSOA2021,England,IoD 2025,within,0.0,1,1,1,1,0,0,3.5,0.22299999999999998,1690.8017748784412,0.3549529595776004
5A011B87-EFDD-408D-8728-A27DE4F6523E,84,99.97639812663685,Classified Unnumbered,road_classification,2999,risk_percentile,99.92393370815054,0.6320211231708527,1.3250131249427795,2,0,0,4019.8,0.7,Classified Unnumbered,Minor Road,other_urban,urban_minor,Single Carriageway,,False,False,False,False,False,False,Urban,Urban: Nearer to a major town or city,False,False,,-1.530653048177818,52.92974738325009,2026-07-04T12:45:06+00:00,data/models/risk_scores.parquet,0.1.0,E01013553,LSOA2021,England,IoD 2025,within,0.0,3,2,2,1,0,0,3.0,0.163,3398.4176382159503,0.0972248642753966
B7CB6072-BF16-4A83-B2F8-8D2D05E894B1,85,99.97611376671681,Classified Unnumbered,road_classification,3008,risk_percentile,99.92370535704092,0.6311746500432491,0.551095375418663,0,0,0,2046.7,0.09,Classified Unnumbered,Minor Road,other_urban,urban_minor,Single Carriageway,,False,False,False,False,False,False,Urban,Urban: Nearer to a major town or city,False,True,sparse collision history,-1.4524686666806252,53.41319991126488,2026-07-04T12:45:06+00:00,data/models/risk_scores.parquet,0.1.0,E01007948,LSOA2021,England,IoD 2025,within,0.0,1,1,1,1,0,0,3.5,0.02,4471.282272810292,1.3650493079559889
F77A1F74-CC46-4815-A0BE-668C44518B56,86,99.97582940679676,Classified Unnumbered,road_classification,3017,risk_percentile,99.92347700593129,0.6304520100355149,1.2929161310195922,1,0,0,3080.4,0.194,Classified Unnumbered,Minor Road,other_urban,urban_minor,Single Carriageway,,False,False,False,False,False,False,Urban,Urban: Nearer to a major town or city,False,True,sparse collision history,-2.2634265873385355,53.491569013535866,2026-07-04T12:45:06+00:00,data/models/risk_scores.parquet,0.1.0,E01005610,LSOA2021,England,IoD 2025,within,0.0,3,4,6,1,0,0,3.5,0.18699999999999997,4014.9814005279673,0.17792253552370704
FB68A8C8-F5BC-4333-8587-3BB5AE5CBF0C,87,99.97554504687673,Classified Unnumbered,road_classification,3018,risk_percentile,99.92345163358578,0.6304458439350128,1.448662793636322,1,0,1,4211.0,0.223,Classified Unnumbered,Minor Road,other_urban,urban_minor,Single Carriageway,,False,False,False,False,False,False,Urban,Urban: Nearer to a major town or city,False,True,sparse collision history,-1.2304026533063386,54.5562459544879,2026-07-04T12:45:06+00:00,data/models/risk_scores.parquet,0.1.0,E01033469,LSOA2021,England,IoD 2025,within,0.0,1,1,1,1,0,0,3.5,0.44299999999999995,4232.796292332389,2.170272508858924
2D6F51DB-0DF4-44DD-AC06-435D57A1BA81,88,99.97526068695669,Classified Unnumbered,road_classification,3027,risk_percentile,99.92322328247616,0.6297993838787079,1.2843099296092988,1,0,0,3056.6,0.162,Classified Unnumbered,Minor Road,other_urban,urban_minor,Single Carriageway,,False,False,False,False,False,False,Urban,Urban: Nearer to a major town or city,False,True,sparse collision history,-1.4943818511146916,52.42835066801664,2026-07-04T12:45:06+00:00,data/models/risk_scores.parquet,0.1.0,E01009570,LSOA2021,England,IoD 2025,within,0.0,1,2,2,1,0,0,3.5,0.6709999999999999,13007.029361766883,0.055284667996561995
F74450F4-817F-4C2B-84AA-30F451659802,89,99.97497632703666,Classified Unnumbered,road_classification,3054,risk_percentile,99.92253822914729,0.6276799738407135,0.9412434518337249,2,0,1,2095.9,0.182,Classified Unnumbered,Local Road,other_urban,urban_minor,Single Carriageway,,False,False,False,False,False,False,Urban,Urban: Nearer to a major town or city,False,False,,-2.954338564083003,53.40446540005435,2026-07-04T12:45:06+00:00,data/models/risk_scores.parquet,0.1.0,E01006751,LSOA2021,England,IoD 2025,within,0.0,3,3,4,1,0,0,4.0,0.24899999999999997,8666.910307084107,0.18489996966675387
EB220B03-10B6-4944-A59B-393A6359F8D5,90,99.97469196711661,Classified Unnumbered,road_classification,3058,risk_percentile,99.92243673976525,0.6273544192314148,1.5318138957023621,4,0,2,3229.3,0.474,Classified Unnumbered,Minor Road,other_urban,urban_minor,Single Carriageway,,False,False,False,False,False,False,Urban,Urban: Nearer to a major town or city,False,False,,1.2417732053256019,52.6347735756793,2026-07-04T12:45:06+00:00,data/models/risk_scores.parquet,0.1.0,E01026867,LSOA2021,England,IoD 2025,within,0.0,1,1,2,1,0,0,3.5,0.41800000000000004,6654.710812113742,0.16634768778474984
2ED6FD28-3CE2-4596-A179-C41D9B6DF8DE,91,99.97440760719658,Classified Unnumbered,road_classification,3061,risk_percentile,99.9223606227287,0.6269402086734772,1.2439223289489747,1,0,0,3960.8,0.177,Classified Unnumbered,Minor Road,other_urban,urban_minor,Single Carriageway,,False,False,False,False,False,False,Urban,Urban: Nearer to a major town or city,False,True,sparse collision history,-1.8709637731086042,52.498501690646464,2026-07-04T12:45:06+00:00,data/models/risk_scores.parquet,0.1.0,E01009201,LSOA2021,England,IoD 2025,within,0.0,1,1,1,1,0,0,3.5,0.605,2162.7332392854137,1.582800046942778
D7363FCE-1FD9-4842-8B5B-63877475AE5C,92,99.97412324727655,Classified Unnumbered,road_classification,3068,risk_percentile,99.9221830163101,0.6266708910465241,0.9952560782432556,8,0,1,3144.3,0.106,Classified Unnumbered,Minor Road,other_urban,urban_minor,Single Carriageway,,False,False,False,False,False,False,Urban,Urban: Nearer to a major town or city,False,False,,-1.848147938357973,52.4664800762253,2026-07-04T12:45:06+00:00,data/models/risk_scores.parquet,0.1.0,E01009337,LSOA2021,England,IoD 2025,within,0.0,1,1,2,1,0,0,3.5,0.5509999999999999,13572.523496365464,2.4778455363240006
48D453FE-0B3F-4CA5-BD42-81E5E28DA82A,93,99.97383888735651,Classified Unnumbered,road_classification,3071,risk_percentile,99.92210689927357,0.6265240848064423,1.2404364407062531,0,0,0,3499.5,0.268,Classified Unnumbered,Minor Road,other_urban,urban_minor,Single Carriageway,,False,False,False,False,False,False,Urban,Urban: Nearer to a major town or city,False,True,sparse collision history,-1.8005579610330769,53.75883339562545,2026-07-04T12:45:06+00:00,data/models/risk_scores.parquet,0.1.0,E01010850,LSOA2021,England,IoD 2025,within,0.0,1,1,1,1,0,0,3.5,0.086,3308.209923284997,1.8340385492616285
4356CE4D-4504-45E6-B7DB-1C2C8A3E350F,94,99.97355452743648,Classified Unnumbered,road_classification,3089,risk_percentile,99.92165019705432,0.6255811631679535,1.2203915297985077,5,0,3,3429.9,0.194,Classified Unnumbered,Minor Road,other_urban,urban_minor,Single Carriageway,,False,False,False,False,False,False,Urban,Urban: Nearer to a major town or city,False,False,,-2.6848321728244593,53.44625795332357,2026-07-04T12:45:06+00:00,data/models/risk_scores.parquet,0.1.0,E01006816,LSOA2021,England,IoD 2025,within,0.0,1,1,1,1,0,0,3.5,0.576,6827.96250839311,0.31634923812277094
C912D6F8-E8EB-4616-971F-5FF8AF234FBA,95,99.97327016751643,Classified Unnumbered,road_classification,3094,risk_percentile,99.92152333532675,0.625471156835556,0.3752049207687378,0,0,0,1606.4,0.014,Classified Unnumbered,Minor Road,other_urban,urban_minor,Single Carriageway,,False,False,False,False,False,False,Urban,Urban: Nearer to a major town or city,False,True,sparse collision history,-1.134053488843439,52.62460184938613,2026-07-04T12:45:06+00:00,data/models/risk_scores.parquet,0.1.0,E01013648,LSOA2021,England,IoD 2025,within,0.0,3,6,9,1,0,0,3.0,0.0,14789.110824615096,2.382770203130161
F3187131-3AF6-442D-87DB-1C8F319EF01A,96,99.97298580759639,Classified Unnumbered,road_classification,3099,risk_percentile,99.92139647359919,0.6250475671142339,0.9989137589931488,2,0,0,2608.0,0.152,Classified Unnumbered,Minor Road,other_urban,urban_minor,Single Carriageway,,False,False,False,False,False,False,Urban,Urban: Nearer to a major town or city,False,False,,-0.2439605732972615,52.58339540835485,2026-07-04T12:45:06+00:00,data/models/risk_scores.parquet,0.1.0,E01015601,LSOA2021,England,IoD 2025,within,0.0,1,1,3,1,0,0,3.5,0.6190000000000001,10013.96160559652,0.06201932322181956
79EE2987-1F56-4E1B-BD39-8C4DE85F086A,97,99.97270144767634,Classified Unnumbered,road_classification,3141,risk_percentile,99.92033083508763,0.621863254904747,1.0608847439289093,5,0,2,1942.0,2.271,Classified Unnumbered,Minor Road,other_urban,urban_minor,Single Carriageway,,False,False,False,False,False,False,Urban,Urban: Nearer to a major town or city,False,False,,-1.6014721071574332,54.63745909719498,2026-07-04T12:45:06+00:00,data/models/risk_scores.parquet,0.1.0,E01020815,LSOA2021,England,IoD 2025,within,0.0,4,4,4,1,0,0,3.0,2.147,128.72466144385425,0.1629568822420982
DB442812-3F2D-44DA-A5B1-69EF077C0F13,98,99.97241708775631,Classified Unnumbered,road_classification,3150,risk_percentile,99.920102483978,0.6213658183813096,1.233618003129959,1,0,0,3541.5,0.18,Classified Unnumbered,Minor Road,other_urban,urban_minor,Single Carriageway,,False,False,False,False,False,False,Urban,Urban: Nearer to a major town or city,False,True,sparse collision history,-2.1142916810698664,52.61183259582424,2026-07-04T12:45:06+00:00,data/models/risk_scores.parquet,0.1.0,E01010483,LSOA2021,England,IoD 2025,within,0.0,1,1,1,1,0,0,3.5,0.9590000000000002,4523.708231306821,0.13754542651106216
A99B1AD3-7912-4457-B900-EEA088B86021,99,99.97213272783627,Classified Unnumbered,road_classification,3159,risk_percentile,99.91987413286839,0.6207709774374962,1.2947487115859986,12,0,1,3314.3,0.263,Classified Unnumbered,Minor Road,other_urban,urban_minor,Single Carriageway,,False,False,False,False,False,False,Urban,Urban: Nearer to a major town or city,False,False,,-0.6522082440861713,53.58649012668046,2026-07-04T12:45:06+00:00,data/models/risk_scores.parquet,0.1.0,E01013330,LSOA2021,England,IoD 2025,within,0.0,1,1,2,1,0,0,3.5,0.7879999999999999,2608.8129932276743,0.5646224459000369
847E683A-EA34-4838-830A-BD6E6950AEA9,100,99.97184836791624,Classified Unnumbered,road_classification,3191,risk_percentile,99.91906221781196,0.6189674079418183,0.4194289892911911,1,0,0,1155.7,0.269,Classified Unnumbered,Minor Road,other_urban,urban_minor,Single Carriageway,,False,False,False,False,False,False,Urban,Urban: Nearer to a major town or city,False,True,sparse collision history,-1.968210826232351,52.489420996744364,2026-07-04T12:45:06+00:00,data/models/risk_scores.parquet,0.1.0,E01010057,LSOA2021,England,IoD 2025,within,0.0,2,2,3,1,0,0,3.0,0.014,18932.1336501769,0.1179116545671607
A57DAB69-A505-453A-86E9-6B5D8D6AF484,1,100.0,Motorway,road_classification,1,risk_percentile,100.0,17.601787567138672,5.626795244216919,137,1,19,39171.8,10.633,Motorway,Motorway,motorway,motorway,Collapsed Dual Carriageway,M6,True,True,True,True,False,False,Rural,Smaller rural: Nearer to a major town or city,False,False,motorway calibration caveat,-2.3969353092045442,53.25159995937812,2026-07-04T12:45:06+00:00,data/models/risk_scores.parquet,0.1.0,E01018722,LSOA2021,England,IoD 2025,within,0.0,7,9,8,1,0,0,3.0,0.0,54.531685501838304,1.8479321499134826
77BE17EE-137D-4878-9924-01726CD60C0A,2,99.98604521350823,Motorway,road_classification,2,risk_percentile,99.99997462765448,17.405050563812257,4.856356573104859,90,5,24,31557.0,16.221,Motorway,Motorway,motorway,motorway,Collapsed Dual Carriageway,M1,True,True,True,True,False,False,Rural,Smaller rural: Nearer to a major town or city,False,False,motorway calibration caveat,-1.1882066786403442,52.52632421965726,2026-07-04T12:45:06+00:00,data/models/risk_scores.parquet,0.1.0,E01025777,LSOA2021,England,IoD 2025,within,0.0,8,9,10,1,0,0,3.0,0.0,88.56780222242678,0.677051903346245
C88EE264-D645-4EEB-B759-332F064347E4,3,99.97209042701647,Motorway,road_classification,3,risk_percentile,99.99994925530898,17.056262969970703,5.774023962020874,69,1,9,45836.7,8.959,Motorway,Motorway,motorway,motorway,Collapsed Dual Carriageway,M6,True,True,True,True,False,False,Rural,Smaller rural: Nearer to a major town or city,False,False,motorway calibration caveat,-2.209118021054218,52.934584153123865,2026-07-04T12:45:06+00:00,data/models/risk_scores.parquet,0.1.0,E01029749,LSOA2021,England,IoD 2025,within,0.0,7,8,8,1,0,0,3.0,0.0,101.63594513500824,2.0140573105945583
BBB307EC-410E-4741-B22C-9DE761845549,4,99.9581356405247,Motorway,road_classification,4,risk_percentile,99.99992388296346,15.489150714874267,5.745337963104248,57,6,16,31522.6,16.045,Motorway,Motorway,motorway,motorway,Collapsed Dual Carriageway,M40,True,True,True,True,False,False,Rural,Smaller rural: Further from a major town or city,False,False,motorway calibration caveat,-1.3896787197875236,52.130076149952664,2026-07-04T12:45:06+00:00,data/models/risk_scores.parquet,0.1.0,E01031194,LSOA2021,England,IoD 2025,within,0.0,6,8,9,1,0,0,3.0,0.0,45.6810695579001,1.1890286595600599
CD5E5752-A199-46E0-A8E6-BF680BE4D1E3,5,99.94418085403294,Motorway,road_classification,5,risk_percentile,99.99989851061795,14.47223777770996,4.197769546508789,85,2,5,49892.4,4.846,Motorway,Motorway,motorway,motorway,Collapsed Dual Carriageway,M6,True,True,True,True,False,False,Urban,Urban: Nearer to a major town or city,False,False,motorway calibration caveat,-2.0276499360523177,52.61196056560659,2026-07-04T12:45:06+00:00,data/models/risk_scores.parquet,0.1.0,E01010400,LSOA2021,England,IoD 2025,within,0.0,1,1,1,1,0,0,2.5,0.0,5465.061505396535,1.4085961565736769
6BD1F007-9650-4D84-88D9-40BADED164DB,6,99.93022606754116,Motorway,road_classification,6,risk_percentile,99.99987313827243,14.002048206329345,7.388808012008667,104,0,18,61859.4,7.765,Motorway,Motorway,motorway,motorway,Collapsed Dual Carriageway,M56,True,True,True,True,False,False,Rural,Larger rural: Nearer to a major town or city,False,False,motorway calibration caveat,-2.7515178622154326,53.288541034010024,2026-07-04T12:45:06+00:00,data/models/risk_scores.parquet,0.1.0,E01018689,LSOA2021,England,IoD 2025,within,0.0,6,7,6,1,0,0,3.0,0.0,20.071392002035388,0.4513671340865998
C58A74B8-5ACF-4AE3-A415-F1C3EC186D70,7,99.91627128104939,Motorway,road_classification,7,risk_percentile,99.99984776592692,13.732717800140382,4.398197484016419,110,5,16,33596.5,11.595,Motorway,Motorway,motorway,motorway,Collapsed Dual Carriageway,M6,True,True,True,True,False,False,Rural,Smaller rural: Nearer to a major town or city,False,False,motorway calibration caveat,-1.3333160728664475,52.427221681645236,2026-07-04T12:45:06+00:00,data/models/risk_scores.parquet,0.1.0,E01031160,LSOA2021,England,IoD 2025,within,0.0,7,8,8,1,0,0,3.0,0.0,45.36725725106929,0.4751992281605303
16B613FC-2995-42B1-83E0-AC7F83065EEC,8,99.90231649455762,Motorway,road_classification,8,risk_percentile,99.99982239358141,13.165591144561768,6.832633686065674,85,5,15,35733.3,13.866,Motorway,Motorway,motorway,motorway,Collapsed Dual Carriageway,M40,True,True,True,True,False,False,Rural,Smaller rural: Nearer to a major town or city,False,False,motorway calibration caveat,-1.6976121469849033,52.302227530665945,2026-07-04T12:45:06+00:00,data/models/risk_scores.parquet,0.1.0,E01031281,LSOA2021,England,IoD 2025,within,0.0,7,10,10,1,0,0,3.0,0.0,40.77890677219508,0.673649751000049
151C3468-CD42-4DC9-9DB4-0B03FE374503,9,99.88836170806586,Motorway,road_classification,9,risk_percentile,99.99979702123589,13.093913459777832,6.566560411453247,59,2,14,61454.5,6.82,Motorway,Motorway,motorway,motorway,Collapsed Dual Carriageway,M6,True,True,True,True,False,False,Urban,Urban: Nearer to a major town or city,False,False,motorway calibration caveat,-2.687490039003932,53.6637440491756,2026-07-04T12:45:06+00:00,data/models/risk_scores.parquet,0.1.0,E01024971,LSOA2021,England,IoD 2025,within,0.0,8,8,7,1,0,0,3.0,0.0,738.176776124484,2.359635774613247
F454DAB1-296B-4FDB-8F67-2FA30FF33EBD,10,99.87440692157409,Motorway,road_classification,10,risk_percentile,99.99977164889037,13.071753406524659,6.496121835708618,77,4,11,50646.3,6.419,Motorway,Motorway,motorway,motorway,Collapsed Dual Carriageway,M6,True,True,True,True,False,False,Rural,Smaller rural: Nearer to a major town or city,False,False,motorway calibration caveat,-2.461895685396129,53.328903146261695,2026-07-04T12:45:06+00:00,data/models/risk_scores.parquet,0.1.0,E01018598,LSOA2021,England,IoD 2025,within,0.0,8,10,10,1,0,0,3.0,0.0,35.33595707716308,1.8059511141692943
0E4A9C14-C13E-4F70-9A16-6306AE5D3296,11,99.86045213508234,Motorway,road_classification,11,risk_percentile,99.99974627654487,12.63068447113037,5.444727087020874,46,2,9,39512.4,10.689,Motorway,Motorway,motorway,motorway,Collapsed Dual Carriageway,M42,True,True,True,True,False,False,Rural,Larger rural: Nearer to a major town or city,False,False,motorway calibration caveat,-1.5949373409992722,52.646467319188396,2026-07-04T12:45:06+00:00,data/models/risk_scores.parquet,0.1.0,E01031035,LSOA2021,England,IoD 2025,within,0.0,4,5,5,1,0,0,3.0,0.0,58.350097533754756,0.4304892958347144
BF145B8F-DF6F-4D8F-88E4-3943C5A72A44,12,99.84649734859057,Motorway,road_classification,12,risk_percentile,99.99972090419935,12.443841552734375,4.699515914916992,73,0,17,44387.6,7.469,Motorway,Motorway,motorway,motorway,Collapsed Dual Carriageway,M6,True,True,True,True,False,False,Rural,Larger rural: Nearer to a major town or city,False,False,motorway calibration caveat,-2.101018545861634,52.72829905596578,2026-07-04T12:45:06+00:00,data/models/risk_scores.parquet,0.1.0,E01029655,LSOA2021,England,IoD 2025,within,0.0,6,6,5,1,0,0,3.0,0.0,1079.2082724702639,1.7089805456383207
22CC6D97-4AD1-412F-A51D-5851D2B3FBD9,13,99.83254256209881,Motorway,road_classification,13,risk_percentile,99.99969553185383,12.42685489654541,6.135186052322387,107,3,18,42921.3,8.304,Motorway,Motorway,motorway,motorway,Collapsed Dual Carriageway,M18,True,True,True,True,False,False,Rural,Smaller rural: Nearer to a major town or city,False,False,motorway calibration caveat,-1.2048623258907105,53.45618190599068,2026-07-04T12:45:06+00:00,data/models/risk_scores.parquet,0.1.0,E01007613,LSOA2021,England,IoD 2025,within,0.0,6,8,8,1,0,0,3.0,0.0,144.8248920029617,0.38162021232243154
AAEFE2E4-F785-4CFB-B265-0424D640F2F2,14,99.81858777560704,Motorway,road_classification,14,risk_percentile,99.99967015950833,12.170173072814942,4.043887948989868,78,3,14,31437.5,10.957,Motorway,Motorway,motorway,motorway,Collapsed Dual Carriageway,M1,True,True,True,True,False,False,Rural,Smaller rural: Nearer to a major town or city,False,False,motorway calibration caveat,-1.0763613253828428,52.26192380740351,2026-07-04T12:45:06+00:00,data/models/risk_scores.parquet,0.1.0,E01027011,LSOA2021,England,IoD 2025,within,0.0,8,9,9,1,0,0,3.0,0.0,27.28039885522824,0.5098245274296359
0D020305-A2B7-49D2-B614-B4C44316D9AB,15,99.80463298911528,Motorway,road_classification,15,risk_percentile,99.99964478716281,11.831523132324218,4.700717830657959,93,6,9,50210.9,5.266,Motorway,Motorway,motorway,motorway,Collapsed Dual Carriageway,M6,True,True,True,True,False,False,Rural,Smaller rural: Nearer to a major town or city,False,False,motorway calibration caveat,-2.366078204936325,53.17704300243236,2026-07-04T12:45:06+00:00,data/models/risk_scores.parquet,0.1.0,E01034668,LSOA2021,England,IoD 2025,within,0.0,7,6,9,1,0,0,3.0,0.0,24.21636603521781,1.8471673913606237
756626D6-5192-44E6-90B9-292B3A15D742,16,99.7906782026235,Motorway,road_classification,16,risk_percentile,99.9996194148173,11.501904964447021,5.22787880897522,32,2,6,47041.7,8.115,Motorway,Motorway,motorway,motorway,Collapsed Dual Carriageway,M1,True,True,True,True,False,False,Rural,Larger rural: Nearer to a major town or city,False,False,motorway calibration caveat,-1.2591925401087853,52.66208051005336,2026-07-04T12:45:06+00:00,data/models/risk_scores.parquet,0.1.0,E01025848,LSOA2021,England,IoD 2025,within,0.0,6,6,6,1,0,0,3.0,0.0,98.13761759312264,0.6783953579746596
A0E0E728-BB7C-4FAD-93A3-30DDA7DE2974,17,99.77672341613173,Motorway,road_classification,17,risk_percentile,99.99959404247178,11.405715179443359,4.738526964187622,72,2,10,47681.4,8.214,Motorway,Motorway,motorway,motorway,Collapsed Dual Carriageway,M5,True,True,True,True,False,False,Urban,Urban: Nearer to a major town or city,False,False,motorway calibration caveat,-2.134860816314929,52.25063488019267,2026-07-04T12:45:06+00:00,data/models/risk_scores.parquet,0.1.0,E01034328,LSOA2021,England,IoD 2025,within,0.0,8,6,9,1,0,0,3.0,0.0,2082.3122343964187,1.2069163854764695
41A19ED6-5441-400A-8F13-095A42A69E0B,18,99.76276862963996,Motorway,road_classification,18,risk_percentile,99.99956867012627,11.357196044921874,6.528564071655273,49,4,13,54950.2,7.485,Motorway,Motorway,motorway,motorway,Collapsed Dual Carriageway,M62,True,True,True,True,False,False,Urban,Urban: Nearer to a major town or city,False,False,motorway calibration caveat,-2.430058405954017,53.45459298778324,2026-07-04T12:45:06+00:00,data/models/risk_scores.parquet,0.1.0,E01005643,LSOA2021,England,IoD 2025,within,0.0,5,6,5,1,0,0,3.0,0.0,63.410237483402696,0.3746472752441759
218B87AC-FEC7-46FA-8088-37A0CE992738,19,99.7488138431482,Motorway,road_classification,19,risk_percentile,99.99954329778076,10.866410541534425,4.529985070228577,59,2,10,26219.2,12.371,Motorway,Motorway,motorway,motorway,Collapsed Dual Carriageway,M62,True,True,True,True,False,False,Rural,Smaller rural: Further from a major town or city,False,False,motorway calibration caveat,-0.7748031428974264,53.75467198290163,2026-07-04T12:45:06+00:00,data/models/risk_scores.parquet,0.1.0,E01013020,LSOA2021,England,IoD 2025,within,0.0,7,10,9,1,0,0,3.0,0.0,31.905349666235676,0.3300537349841516
BAB55927-2103-4F9F-8EB8-5E16536ABC13,20,99.73485905665643,Motorway,road_classification,20,risk_percentile,99.99951792543524,10.766004753112792,5.792991876602173,42,4,3,29161.9,12.147,Motorway,Motorway,motorway,motorway,Collapsed Dual Carriageway,M6,True,True,True,True,False,False,Rural,Smaller rural: Nearer to a major town or city,False,False,motorway calibration caveat,-2.8235234949956127,54.7494486584635,2026-07-04T12:45:06+00:00,data/models/risk_scores.parquet,0.1.0,E01019316,LSOA2021,England,IoD 2025,within,0.0,6,9,9,1,0,0,3.0,0.0,21.898339690295455,2.2241594110728924
2551CDE5-7DB7-4CEE-B9D6-249EAEA45841,21,99.72090427016467,Motorway,road_classification,21,risk_percentile,99.99949255308974,10.63648338317871,6.199451446533203,9,0,3,58560.2,5.808,Motorway,Motorway,motorway,motorway,Collapsed Dual Carriageway,M6,True,True,True,True,False,False,Urban,Urban: Nearer to a major town or city,False,False,motorway calibration caveat,-2.6984092432478928,53.56072663129682,2026-07-04T12:45:06+00:00,data/models/risk_scores.parquet,0.1.0,E01006396,LSOA2021,England,IoD 2025,within,0.0,8,9,7,1,0,0,3.0,0.0,188.77585772169715,2.3507983298301887
D4178A17-E84A-4B2E-8904-3052B12EBCED,22,99.7069494836729,Motorway,road_classification,22,risk_percentile,99.99946718074422,10.287041568756104,5.628584480285644,94,3,12,44484.3,8.182,Motorway,Motorway,motorway,motorway,Collapsed Dual Carriageway,M42,True,True,True,True,False,False,Rural,Larger rural: Nearer to a major town or city,False,False,motorway calibration caveat,-1.6848634207315185,52.57311035365341,2026-07-04T12:45:06+00:00,data/models/risk_scores.parquet,0.1.0,E01031034,LSOA2021,England,IoD 2025,within,0.0,8,9,8,1,0,0,3.0,0.0,2763.5197780047147,0.49926457061842655
F8DAA031-5405-495A-BF94-995E345CDC1A,23,99.69299469718113,Motorway,road_classification,23,risk_percentile,99.9994418083987,9.9338303565979,6.051137113571167,92,3,16,49770.7,7.817,Motorway,Motorway,motorway,motorway,Collapsed Dual Carriageway,M61,True,True,True,True,False,False,Rural,Larger rural: Nearer to a major town or city,False,False,motorway calibration caveat,-2.5968297982814925,53.63642863403531,2026-07-04T12:45:06+00:00,data/models/risk_scores.parquet,0.1.0,E01024973,LSOA2021,England,IoD 2025,within,0.0,8,9,8,1,0,0,3.0,0.0,103.43578241165808,0.2647130848531547
991E831D-1D21-4EA0-8341-982287A13656,24,99.67903991068937,Motorway,road_classification,24,risk_percentile,99.9994164360532,9.641866111755371,4.090467381477356,48,5,6,39593.7,9.264,Motorway,Motorway,motorway,motorway,Collapsed Dual Carriageway,M69,True,True,True,True,False,False,Urban,Urban: Nearer to a major town or city,False,False,motorway calibration caveat,-1.264436390442768,52.57328345249034,2026-07-04T12:45:06+00:00,data/models/risk_scores.parquet,0.1.0,E01025621,LSOA2021,England,IoD 2025,within,0.0,8,9,9,1,0,0,2.5,0.0,59.813708112636704,0.36851354833096983
6D5519F9-1BB1-4FF0-8C3C-08D8428420A8,25,99.66508512419759,Motorway,road_classification,25,risk_percentile,99.99939106370768,9.462113952636718,6.1529981136322025,123,0,18,57216.1,5.066,Motorway,Motorway,motorway,motorway,Collapsed Dual Carriageway,M6,True,True,True,True,False,False,Urban,Urban: Nearer to a major town or city,False,False,motorway calibration caveat,-1.8259045993382381,52.507113348169604,2026-07-04T12:45:06+00:00,data/models/risk_scores.parquet,0.1.0,E01009102,LSOA2021,England,IoD 2025,within,0.0,1,1,1,1,0,0,3.0,0.0,190.53959918680695,0.021309042457779488
FF57F9AF-338D-4728-BCDE-AABF26089A84,26,99.65113033770582,Motorway,road_classification,26,risk_percentile,99.99936569136216,9.284569692611694,4.22643461227417,59,1,5,60484.3,1.663,Motorway,Motorway,motorway,motorway,Collapsed Dual Carriageway,M6,True,True,True,True,False,False,Urban,Urban: Nearer to a major town or city,False,False,motorway calibration caveat,-1.9881582130758613,52.56258172714298,2026-07-04T12:45:06+00:00,data/models/risk_scores.parquet,0.1.0,E01010336,LSOA2021,England,IoD 2025,within,0.0,2,1,3,1,0,0,3.0,0.0,1631.0260930088768,1.294368536176001
41907D38-3A53-4D70-98FA-035837CB8F24,27,99.63717555121406,Motorway,road_classification,27,risk_percentile,99.99934031901665,9.217169141769409,3.219002842903137,125,0,14,36186.1,4.91,Motorway,Motorway,motorway,motorway,Collapsed Dual Carriageway,M62,True,True,True,True,False,False,Urban,Urban: Nearer to a major town or city,False,False,motorway calibration caveat,-1.6859824308105917,53.74360334844809,2026-07-04T12:45:06+00:00,data/models/risk_scores.parquet,0.1.0,E01011051,LSOA2021,England,IoD 2025,within,0.0,9,8,9,1,0,0,3.0,0.0,1233.8058984573697,0.000690279595798661
07E13017-66B1-462C-8A91-6171375AF51C,28,99.6232207647223,Motorway,road_classification,28,risk_percentile,99.99931494667113,9.113903284072876,3.548578715324402,50,2,3,36406.4,7.704,Motorway,Motorway,motorway,motorway,Collapsed Dual Carriageway,M1,True,True,True,True,False,False,Urban,Urban: Nearer to a major town or city,False,False,motorway calibration caveat,-1.2464020212679003,53.02672688422761,2026-07-04T12:45:06+00:00,data/models/risk_scores.parquet,0.1.0,E01028123,LSOA2021,England,IoD 2025,within,0.0,9,9,8,1,0,0,3.0,0.0,60.10811611035441,0.5649669478187442
CE4B5E8C-87EF-48BE-927C-F2E6721831F2,29,99.60926597823054,Motorway,road_classification,29,risk_percentile,99.99928957432562,8.912602376937866,7.170274925231934,28,0,5,51739.3,6.956,Motorway,Motorway,motorway,motorway,Collapsed Dual Carriageway,M56,True,True,True,True,False,False,Rural,Smaller rural: Nearer to a major town or city,False,False,motorway calibration caveat,-2.4423919514986174,53.36205287305713,2026-07-04T12:45:06+00:00,data/models/risk_scores.parquet,0.1.0,E01018598,LSOA2021,England,IoD 2025,within,0.0,8,10,10,1,0,0,3.0,0.0,35.33595707716308,0.47652941203220844
434328CF-D36E-494E-9A70-DE06436F07A6,30,99.59531119173877,Motorway,road_classification,30,risk_percentile,99.99926420198011,8.780403423309327,6.475227880477905,39,2,8,71132.1,3.95,Motorway,Motorway,motorway,motorway,Collapsed Dual Carriageway,M6,True,True,True,True,False,False,Urban,Urban: Nearer to a major town or city,False,False,motorway calibration caveat,-1.4636306635143361,52.44958576773615,2026-07-04T12:45:06+00:00,data/models/risk_scores.parquet,0.1.0,E01009584,LSOA2021,England,IoD 2025,within,0.0,3,3,3,1,0,0,3.0,0.0,694.2171521612637,0.39402008396646454
EEDCD4A3-3046-4C4E-8DAE-2DF46525E19F,31,99.581356405247,Motorway,road_classification,31,risk_percentile,99.99923882963459,8.655248880386353,6.968814039230347,106,1,15,45926.1,7.339,Motorway,Motorway,motorway,motorway,Collapsed Dual Carriageway,M6,True,True,True,True,False,False,Rural,Smaller rural: Nearer to a major town or city,False,False,motorway calibration caveat,-2.338800691430463,53.10378968600815,2026-07-04T12:45:06+00:00,data/models/risk_scores.parquet,0.1.0,E01018418,LSOA2021,England,IoD 2025,within,0.0,5,8,5,1,0,0,3.0,0.0,58.834036093883334,0.13895607113932354
2A1D9459-B462-4DB0-BF41-86804EB9C5CF,32,99.56740161875524,Motorway,road_classification,32,risk_percentile,99.99921345728909,8.519312191009522,5.194326734542846,68,0,15,29954.8,8.821,Motorway,Motorway,motorway,motorway,Collapsed Dual Carriageway,M6,True,True,True,True,False,False,Rural,Smaller rural: Nearer to a major town or city,False,False,motorway calibration caveat,-2.7760268379627053,54.02702922365367,2026-07-04T12:45:06+00:00,data/models/risk_scores.parquet,0.1.0,E01025107,LSOA2021,England,IoD 2025,within,0.0,6,9,8,1,0,0,3.0,0.0,49.10318702118013,2.4445946643431897
F5E342B6-EE33-4F30-92BD-1A5670B41BE4,33,99.55344683226348,Motorway,road_classification,33,risk_percentile,99.99918808494357,8.431634998321533,6.775865840911865,30,1,5,62007.5,6.021,Motorway,Motorway,motorway,motorway,Collapsed Dual Carriageway,M1,True,True,True,True,False,False,Urban,Urban: Nearer to a major town or city,False,False,motorway calibration caveat,-1.3042981216472755,52.88449648286393,2026-07-04T12:45:06+00:00,data/models/risk_scores.parquet,0.1.0,E01019699,LSOA2021,England,IoD 2025,within,0.0,2,2,1,1,0,0,3.0,0.0,5608.640723748117,0.8402035386132034
E78C89BB-6620-4E02-ACF0-32A0DB3FD4E7,34,99.53949204577171,Motorway,road_classification,34,risk_percentile,99.99916271259805,8.27525281906128,6.615055894851684,24,0,3,49359.2,6.939,Motorway,Motorway,motorway,motorway,Collapsed Dual Carriageway,M54,True,True,True,True,False,False,Rural,Smaller rural: Nearer to a major town or city,False,False,motorway calibration caveat,-2.3515952846366512,52.6722492381523,2026-07-04T12:45:06+00:00,data/models/risk_scores.parquet,0.1.0,E01035069,LSOA2021,England,IoD 2025,within,0.0,7,8,10,1,0,0,3.0,0.0,1823.5701722144386,0.03861170075250839
7D0A97CD-91D8-4539-B67A-9DB02A915549,35,99.52553725927993,Motorway,road_classification,35,risk_percentile,99.99913734025255,8.126928281784057,11.057842350006103,44,0,7,67001.1,4.705,Motorway,Motorway,motorway,motorway,Collapsed Dual Carriageway,M56,True,True,True,True,False,False,Rural,Smaller rural: Nearer to a major town or city,False,False,motorway calibration caveat,-2.3351855066052822,53.35782877100891,2026-07-04T12:45:06+00:00,data/models/risk_scores.parquet,0.1.0,E01018648,LSOA2021,England,IoD 2025,within,0.0,5,8,10,1,0,0,3.0,0.0,39.20608278527422,0.3783649332186867
4B818A59-CDB7-4D6E-890A-784A15A382F8,36,99.51158247278816,Motorway,road_classification,36,risk_percentile,99.99911196790703,8.089555501937866,5.150580310821534,60,2,13,53781.3,4.354,Motorway,Motorway,motorway,motorway,Collapsed Dual Carriageway,M1,True,True,True,True,False,False,Rural,Larger rural: Nearer to a major town or city,False,False,motorway calibration caveat,-1.2859627232673883,53.33808336146625,2026-07-04T12:45:06+00:00,data/models/risk_scores.parquet,0.1.0,E01007751,LSOA2021,England,IoD 2025,within,0.0,5,5,5,1,0,0,3.0,0.0,638.0748048097299,1.2442142664718407
6BAD7912-5476-4960-A9B3-1813DA27F57D,37,99.4976276862964,Motorway,road_classification,37,risk_percentile,99.99908659556152,8.067043685913086,7.680968475341797,41,1,9,78402.8,3.858,Motorway,Motorway,motorway,motorway,Collapsed Dual Carriageway,M56,True,True,True,True,False,False,Urban,Urban: Nearer to a major town or city,False,False,motorway calibration caveat,-2.6722997301327402,53.315043165525005,2026-07-04T12:45:06+00:00,data/models/risk_scores.parquet,0.1.0,E01012440,LSOA2021,England,IoD 2025,within,0.0,6,7,5,1,0,0,3.0,0.0,689.3476143986093,0.4450804265353287
FF77B84F-94AB-4C44-9046-8A8DDEB159E7,38,99.48367289980463,Motorway,road_classification,38,risk_percentile,99.999061223216,7.931652212142945,4.038642263412475,42,0,15,35684.0,8.571,Motorway,Motorway,motorway,motorway,Collapsed Dual Carriageway,M18,True,True,True,True,False,False,Rural,Smaller rural: Nearer to a major town or city,False,False,motorway calibration caveat,-1.063811839251141,53.50345014683207,2026-07-04T12:45:06+00:00,data/models/risk_scores.parquet,0.1.0,E01007603,LSOA2021,England,IoD 2025,within,0.0,8,8,8,1,0,0,3.0,0.0,3741.7578719781623,0.3707186857067358
0FABB328-D2DC-46A5-905A-B7CA3EE7B6E3,39,99.46971811331287,Motorway,road_classification,39,risk_percentile,99.99903585087048,7.928603410720825,6.3265305519104,29,0,5,57834.6,4.205,Motorway,Motorway,motorway,motorway,Collapsed Dual Carriageway,M6,True,True,True,True,False,False,Rural,Larger rural: Nearer to a major town or city,False,False,motorway calibration caveat,-2.6889384624882435,53.6112605861536,2026-07-04T12:45:06+00:00,data/models/risk_scores.parquet,0.1.0,E01024922,LSOA2021,England,IoD 2025,within,0.0,6,7,6,1,0,0,3.0,0.0,126.22147793662946,2.359629695179825
A9B8EF1C-FC42-4E4B-9DFB-8C218F5D2FDB,40,99.4557633268211,Motorway,road_classification,40,risk_percentile,99.99901047852498,7.9006531715393065,2.798164415359497,32,1,6,22939.1,10.771,Motorway,Motorway,motorway,motorway,Collapsed Dual Carriageway,A1(M),True,True,True,True,False,False,Rural,Larger rural: Nearer to a major town or city,False,False,motorway calibration caveat,-1.103760045316302,53.4360792535648,2026-07-04T12:45:06+00:00,data/models/risk_scores.parquet,0.1.0,E01007614,LSOA2021,England,IoD 2025,within,0.0,7,7,6,1,0,0,3.0,0.0,2019.006154659156,2.4693129264193967
8CC05F29-A196-4BCB-B4DF-A6CCB3B97367,41,99.44180854032933,Motorway,road_classification,41,risk_percentile,99.99898510617946,7.83594446182251,3.2393349409103394,47,5,10,37387.3,5.363,Motorway,Motorway,motorway,motorway,Collapsed Dual Carriageway,M1,True,True,True,True,False,False,Rural,Smaller rural: Nearer to a major town or city,False,False,motorway calibration caveat,-0.8641347860428513,52.16665589374084,2026-07-04T12:45:06+00:00,data/models/risk_scores.parquet,0.1.0,E01027274,LSOA2021,England,IoD 2025,within,0.0,8,7,9,1,0,0,3.0,0.0,46.909530106814024,1.2465652420760889
24AF1E1C-0DB6-4D30-B224-27D1B0EABB9A,42,99.42785375383757,Motorway,road_classification,42,risk_percentile,99.99895973383394,7.593416833877564,3.817905402183533,0,0,0,34634.7,6.561,Motorway,Motorway,motorway,motorway,Collapsed Dual Carriageway,M1,True,True,True,True,False,False,Rural,Smaller rural: Nearer to a major town or city,False,True,motorway calibration caveat; sparse collision history,-0.6539929908543289,52.042208822592684,2026-07-04T12:45:06+00:00,data/models/risk_scores.parquet,0.1.0,E01033814,LSOA2021,England,IoD 2025,within,0.0,9,10,10,1,0,0,3.0,0.0,26.341847402756542,1.0063262373167865
37AB5FAC-FF77-422B-9403-425E4D656BEA,43,99.4138989673458,Motorway,road_classification,43,risk_percentile,99.99893436148844,7.538807809352875,4.867569077014923,53,2,9,42597.4,7.63,Motorway,Motorway,motorway,motorway,Collapsed Dual Carriageway,M6,True,True,True,True,False,False,Rural,Smaller rural: Nearer to a major town or city,False,False,motorway calibration caveat,-2.7271151408127885,53.84276496343804,2026-07-04T12:45:06+00:00,data/models/risk_scores.parquet,0.1.0,E01025281,LSOA2021,England,IoD 2025,within,0.0,9,10,10,1,0,0,3.0,0.0,159.93697778691222,0.8260615888806534
85BCEDAB-65D1-488B-8047-BCD694C1635A,44,99.39994418085402,Motorway,road_classification,44,risk_percentile,99.99890898914292,7.4127710342407225,4.311361336708069,31,1,6,47855.6,4.015,Motorway,Motorway,motorway,motorway,Collapsed Dual Carriageway,M1,True,True,True,True,False,False,Rural,Smaller rural: Nearer to a major town or city,False,False,motorway calibration caveat,-1.3279238655187702,53.22104500845296,2026-07-04T12:45:06+00:00,data/models/risk_scores.parquet,0.1.0,E01019822,LSOA2021,England,IoD 2025,within,0.0,4,4,4,1,0,0,3.0,0.0,35.50498550301509,1.322876804856213
090F3992-DAA5-4C05-92CD-370E6D81B928,45,99.38598939436226,Motorway,road_classification,45,risk_percentile,99.9988836167974,7.382628977298737,4.4192809700965885,59,2,13,38559.6,6.397,Motorway,Motorway,motorway,motorway,Collapsed Dual Carriageway,M62,True,True,True,True,False,False,Urban,Urban: Nearer to a major town or city,False,False,motorway calibration caveat,-2.066461988652033,53.6212865041498,2026-07-04T12:45:06+00:00,data/models/risk_scores.parquet,0.1.0,E01005561,LSOA2021,England,IoD 2025,within,0.0,4,5,6,1,0,0,3.0,0.0,22.329128262084115,0.39382007362242205
94335A1E-00A6-4E4F-8FD4-63CCAED8C1D8,46,99.37203460787049,Motorway,road_classification,46,risk_percentile,99.9988582444519,7.3054969787597654,4.904954195022583,47,1,8,45367.1,5.884,Motorway,Motorway,motorway,motorway,Collapsed Dual Carriageway,M1,True,True,True,True,False,False,Urban,Urban: Nearer to a major town or city,False,False,motorway calibration caveat,-1.5374491460687143,53.575699652874654,2026-07-04T12:45:06+00:00,data/models/risk_scores.parquet,0.1.0,E01007386,LSOA2021,England,IoD 2025,within,0.0,8,9,8,1,0,0,3.0,0.0,834.8536739905365,0.600122665130354
660269A5-A6E7-4843-95B8-AC767E2F2D19,47,99.35807982137874,Motorway,road_classification,47,risk_percentile,99.99883287210638,7.252322483062744,8.217477178573608,21,1,5,81521.3,4.043,Motorway,Motorway,motorway,motorway,Collapsed Dual Carriageway,M66,True,True,True,True,False,False,Urban,Urban: Nearer to a major town or city,False,False,motorway calibration caveat,-2.2805365416039143,53.61347042246348,2026-07-04T12:45:06+00:00,data/models/risk_scores.parquet,0.1.0,E01004956,LSOA2021,England,IoD 2025,within,0.0,2,2,2,1,0,0,3.0,0.0,263.22654969951304,0.24439785405492537
F10F8702-FE12-445C-92AF-A056C06755F0,48,99.34412503488697,Motorway,road_classification,48,risk_percentile,99.99880749976087,7.232211446762085,3.6472431421279907,26,2,5,34956.9,8.354,Motorway,Motorway,motorway,motorway,Collapsed Dual Carriageway,A1(M),True,True,True,True,False,False,Rural,Larger rural: Nearer to a major town or city,False,False,motorway calibration caveat,-1.5324133077058046,54.83570952924744,2026-07-04T12:45:06+00:00,data/models/risk_scores.parquet,0.1.0,E01020610,LSOA2021,England,IoD 2025,within,0.0,8,8,7,1,0,0,3.0,0.0,96.92790753482473,0.1123104647897768
E7A1EA53-2BEE-4100-9E7D-FEFFF35EB2E5,49,99.3301702483952,Motorway,road_classification,49,risk_percentile,99.99878212741535,7.196603870391845,6.370699119567871,29,1,9,47689.9,6.006,Motorway,Motorway,motorway,motorway,Collapsed Dual Carriageway,M5,True,True,True,True,False,False,Rural,Smaller rural: Nearer to a major town or city,False,False,motorway calibration caveat,-2.0386335161464157,52.40433300222763,2026-07-04T12:45:06+00:00,data/models/risk_scores.parquet,0.1.0,E01032169,LSOA2021,England,IoD 2025,within,0.0,6,8,7,1,0,0,3.0,0.0,78.3525789170592,0.13770044333126996
76058281-58AF-4A71-8267-F81E867C4907,50,99.31621546190344,Motorway,road_classification,50,risk_percentile,99.99875675506983,7.131827020645142,3.9366995811462404,49,1,9,27252.5,7.212,Motorway,Motorway,motorway,motorway,Collapsed Dual Carriageway,A1(M),True,True,True,True,False,False,Rural,Smaller rural: Nearer to a major town or city,False,False,motorway calibration caveat,-1.38746565874277,54.046313151689155,2026-07-04T12:45:06+00:00,data/models/risk_scores.parquet,0.1.0,E01027647,LSOA2021,England,IoD 2025,within,0.0,7,9,9,1,0,0,3.0,0.0,31.626629959672115,2.535090853142287
99069138-304C-420F-A7E4-4A2DAF9B17A8,51,99.30226067541167,Motorway,road_classification,51,risk_percentile,99.99873138272433,7.129487991333008,3.5244738817214967,12,2,4,44438.2,4.208,Motorway,Motorway,motorway,motorway,Collapsed Dual Carriageway,M6,True,True,True,True,False,False,Urban,Urban: Nearer to a major town or city,False,False,motorway calibration caveat,-2.7780105523028653,54.67194015606252,2026-07-04T12:45:06+00:00,data/models/risk_scores.parquet,0.1.0,E01019335,LSOA2021,England,IoD 2025,within,0.0,6,5,5,1,0,0,3.0,0.0,152.22340882866158,2.2269861561182434
903E7BF6-5AC1-4971-BA87-18FD9C2CAFB3,52,99.28830588891991,Motorway,road_classification,52,risk_percentile,99.99870601037881,7.089200115203857,5.460244083404541,6,1,0,54596.6,4.046,Motorway,Motorway,motorway,motorway,Collapsed Dual Carriageway,M6,True,True,True,True,False,False,Urban,Urban: Nearer to a major town or city,False,False,motorway calibration caveat,-2.6833363050483716,53.51425316509652,2026-07-04T12:45:06+00:00,data/models/risk_scores.parquet,0.1.0,E01006401,LSOA2021,England,IoD 2025,within,0.0,8,9,8,1,0,0,3.0,0.0,164.51082708609528,2.355303645872351
5E8C13D6-200A-40A9-951A-64013835DBEA,53,99.27435110242814,Motorway,road_classification,53,risk_percentile,99.9986806380333,7.088480043411255,2.4587688207626344,25,0,5,20878.7,10.194,Motorway,Motorway,motorway,motorway,Collapsed Dual Carriageway,M180,True,True,True,True,False,False,Rural,Smaller rural: Nearer to a major town or city,False,False,motorway calibration caveat,-0.8968430774995098,53.575316721451905,2026-07-04T12:45:06+00:00,data/models/risk_scores.parquet,0.1.0,E01013242,LSOA2021,England,IoD 2025,within,0.0,8,9,8,1,0,0,3.0,0.0,17.715772974648058,0.07978198348568113
406F96D0-C992-4459-A2AB-AD315B153BB5,54,99.26039631593636,Motorway,road_classification,54,risk_percentile,99.99865526568779,7.055081176757812,4.2367347240447994,49,1,5,45481.0,5.175,Motorway,Motorway,motorway,motorway,Collapsed Dual Carriageway,M6,True,True,True,True,False,False,Rural,Smaller rural: Nearer to a major town or city,False,False,motorway calibration caveat,-2.157385519323958,52.84997489662531,2026-07-04T12:45:06+00:00,data/models/risk_scores.parquet,0.1.0,E01029743,LSOA2021,England,IoD 2025,within,0.0,9,8,10,1,0,0,3.0,0.0,39.36502239565664,2.014063182955849
CFF22889-760B-43FC-9EAE-5B60F7E6B4C5,55,99.2464415294446,Motorway,road_classification,55,risk_percentile,99.99862989334227,7.047100019454956,4.491351795196533,44,1,12,23305.6,9.546,Motorway,Motorway,motorway,motorway,Collapsed Dual Carriageway,M6,True,True,True,True,False,False,Rural,Smaller rural: Further from a major town or city,False,False,motorway calibration caveat,-2.676253118428448,54.2727204195736,2026-07-04T12:45:06+00:00,data/models/risk_scores.parquet,0.1.0,E01019394,LSOA2021,England,IoD 2025,within,0.0,6,10,10,1,0,0,3.0,0.0,24.462125908947144,0.48432616129235084
3D1AA056-8532-4D96-854B-EA7F821AAE07,56,99.23248674295283,Motorway,road_classification,56,risk_percentile,99.99860452099676,7.022886323928833,3.9320064306259157,26,1,7,41605.2,5.856,Motorway,Motorway,motorway,motorway,Collapsed Dual Carriageway,M1,True,True,True,True,False,False,Rural,Smaller rural: Nearer to a major town or city,False,False,motorway calibration caveat,-1.2892515209843975,52.788766257678,2026-07-04T12:45:06+00:00,data/models/risk_scores.parquet,0.1.0,E01025944,LSOA2021,England,IoD 2025,within,0.0,9,9,9,1,0,0,3.0,0.0,59.19016013770838,0.7597767990414686
81F2674A-8504-4517-88B9-AB79D20BE50D,57,99.21853195646106,Motorway,road_classification,57,risk_percentile,99.99857914865125,7.02100019454956,4.264020037651062,47,0,7,42602.2,3.589,Motorway,Motorway,motorway,motorway,Collapsed Dual Carriageway,A1(M),True,True,True,True,False,False,Urban,Urban: Nearer to a major town or city,False,False,motorway calibration caveat,-1.215457813896418,53.55957333394769,2026-07-04T12:45:06+00:00,data/models/risk_scores.parquet,0.1.0,E01007587,LSOA2021,England,IoD 2025,within,0.0,3,3,4,1,0,0,3.0,0.0,91.01123441624313,2.5583434782577945
6D651E0A-7046-4439-9CA0-C36E79EAB08D,58,99.2045771699693,Motorway,road_classification,58,risk_percentile,99.99855377630573,6.764426136016846,2.7806705713272093,67,0,7,44737.3,1.299,Motorway,Motorway,motorway,motorway,Collapsed Dual Carriageway,M6,True,True,True,True,False,False,Urban,Urban: Nearer to a major town or city,False,False,motorway calibration caveat,-2.0123411556444704,52.57369048891783,2026-07-04T12:45:06+00:00,data/models/risk_scores.parquet,0.1.0,E01010367,LSOA2021,England,IoD 2025,within,0.0,2,1,2,1,0,0,3.0,0.0,1017.5933679075968,1.4054528794174985
51B77212-CDD7-4457-8504-6BA687512DAD,59,99.19062238347753,Motorway,road_classification,59,risk_percentile,99.99852840396022,6.755918836593628,3.921787905693054,56,3,12,17166.6,13.13,Motorway,Motorway,motorway,motorway,Collapsed Dual Carriageway,M6,True,True,True,True,False,False,Rural,Smaller rural: Further from a major town or city,False,False,motorway calibration caveat,-2.6008655143961397,54.38106810343357,2026-07-04T12:45:06+00:00,data/models/risk_scores.parquet,0.1.0,E01019394,LSOA2021,England,IoD 2025,within,0.0,6,10,10,1,0,0,3.0,0.0,11.02449955841059,0.48241208345155795
67A3AC19-C318-4965-93DC-C0601F5ADF64,60,99.17666759698577,Motorway,road_classification,60,risk_percentile,99.9985030316147,6.63876428604126,5.349585103988647,119,5,15,52955.6,8.245,Motorway,Motorway,motorway,motorway,Collapsed Dual Carriageway,M6,True,True,True,True,False,False,Rural,Smaller rural: Nearer to a major town or city,False,False,motorway calibration caveat,-1.611426948969529,52.46919931140856,2026-07-04T12:45:06+00:00,data/models/risk_scores.parquet,0.1.0,E01031028,LSOA2021,England,IoD 2025,within,0.0,5,7,7,1,0,0,3.0,0.0,40.76572036645406,0.4003239481571178
2DD7E56D-D0E9-428E-AEA0-5016D38C627F,61,99.162712810494,Motorway,road_classification,61,risk_percentile,99.99847765926918,6.637514877319336,7.1773693561553955,39,2,10,59836.4,5.527,Motorway,Motorway,motorway,motorway,Collapsed Dual Carriageway,M62,True,True,True,True,False,False,Urban,Urban: Nearer to a major town or city,False,False,motorway calibration caveat,-2.6935598165246732,53.41108450007367,2026-07-04T12:45:06+00:00,data/models/risk_scores.parquet,0.1.0,E01006898,LSOA2021,England,IoD 2025,within,0.0,2,3,2,1,0,0,3.0,0.0,38.493706503351994,0.10169437478606608
8FCCFCCE-1BE2-4075-83AA-FD5506003FF0,62,99.14875802400223,Motorway,road_classification,62,risk_percentile,99.99845228692368,6.599260044097901,6.722584342956543,11,0,2,59246.2,4.367,Motorway,Motorway,motorway,motorway,Collapsed Dual Carriageway,M56,True,True,True,True,False,False,Rural,Smaller rural: Nearer to a major town or city,False,False,motorway calibration caveat,-2.9004751430289124,53.24901161167124,2026-07-04T12:45:06+00:00,data/models/risk_scores.parquet,0.1.0,E01018360,LSOA2021,England,IoD 2025,within,0.0,8,9,10,1,0,0,3.0,0.0,32.24099667017143,0.43795490663664133
AEBB0B1A-07D9-46BE-870F-C2D0C5326F1C,63,99.13480323751047,Motorway,road_classification,63,risk_percentile,99.99842691457816,6.582594156265259,5.39945273399353,72,1,4,64151.8,3.208,Motorway,Motorway,motorway,motorway,Collapsed Dual Carriageway,M6,True,True,True,True,False,False,Urban,Urban: Nearer to a major town or city,False,False,motorway calibration caveat,-2.506744992768371,53.38084669188398,2026-07-04T12:45:06+00:00,data/models/risk_scores.parquet,0.1.0,E01012515,LSOA2021,England,IoD 2025,within,0.0,7,7,6,1,0,0,3.0,0.0,79.06627039323018,1.7712902752445947
39CF90FF-E52B-4C69-A1CB-B27EB41F23F8,64,99.1208484510187,Motorway,road_classification,64,risk_percentile,99.99840154223266,6.545556735992432,4.070239067077637,52,0,7,43475.9,6.139,Motorway,Motorway,motorway,motorway,Collapsed Dual Carriageway,M42,True,True,True,True,False,False,Urban,Urban: Nearer to a major town or city,False,False,motorway calibration caveat,-1.9979242146471383,52.356027142298494,2026-07-04T12:45:06+00:00,data/models/risk_scores.parquet,0.1.0,E01032144,LSOA2021,England,IoD 2025,within,0.0,10,10,9,1,0,0,3.0,0.0,513.1702712461667,0.019006925262316694
13B5A690-3803-4959-8DC5-F86D0946D4B7,65,99.10689366452694,Motorway,road_classification,65,risk_percentile,99.99837616988714,6.54165210723877,3.1251471996307374,35,1,7,30558.6,7.055,Motorway,Motorway,motorway,motorway,Collapsed Dual Carriageway,A1(M),True,True,True,True,False,False,Rural,Smaller rural: Nearer to a major town or city,False,False,motorway calibration caveat,-1.4146973179055067,54.11455795196271,2026-07-04T12:45:06+00:00,data/models/risk_scores.parquet,0.1.0,E01027687,LSOA2021,England,IoD 2025,within,0.0,8,7,8,1,0,0,3.0,0.0,107.39833826382781,2.584125720629724
3FA6EAAB-8BD7-4800-B27B-A19322B45AE3,66,99.09293887803517,Motorway,road_classification,66,risk_percentile,99.99835079754162,6.534225368499756,5.282262468338013,50,1,5,48685.6,6.229,Motorway,Motorway,motorway,motorway,Collapsed Dual Carriageway,M6,True,True,True,True,False,False,Urban,Urban: Nearer to a major town or city,False,False,motorway calibration caveat,-2.1351460813131156,52.787280627715575,2026-07-04T12:45:06+00:00,data/models/risk_scores.parquet,0.1.0,E01029715,LSOA2021,England,IoD 2025,within,0.0,3,3,2,1,0,0,3.0,0.0,1601.5948450674123,0.0012100387088666625
1B58983D-8886-4391-87F7-B516D1358F6B,67,99.0789840915434,Motorway,road_classification,67,risk_percentile,99.99832542519611,6.439687347412109,5.540032815933228,44,0,8,64693.6,2.552,Motorway,Motorway,motorway,motorway,Collapsed Dual Carriageway,M6,True,True,True,True,False,False,Urban,Urban: Nearer to a major town or city,False,False,motorway calibration caveat,-2.647291258524944,53.779529051572894,2026-07-04T12:45:06+00:00,data/models/risk_scores.parquet,0.1.0,E01025286,LSOA2021,England,IoD 2025,within,0.0,1,1,1,1,0,0,3.0,0.0,98.45331027519833,0.8747802031166687
7D11F9A8-C24C-4098-9D52-9C37B61053FB,68,99.06502930505164,Motorway,road_classification,68,risk_percentile,99.9983000528506,6.433695363998413,2.2962090611457824,22,2,2,16157.7,9.927,Motorway,Motorway,motorway,motorway,Collapsed Dual Carriageway,M180,True,True,True,True,False,False,Rural,Larger rural: Nearer to a major town or city,False,False,motorway calibration caveat,-0.6367465608749603,53.54663669726025,2026-07-04T12:45:06+00:00,data/models/risk_scores.parquet,0.1.0,E01013324,LSOA2021,England,IoD 2025,within,0.0,6,9,6,1,0,0,3.0,0.0,8.931226230931648,0.0844277142991792
85BDA202-BE9B-4117-A4DC-6564DC7FE24C,69,99.05107451855987,Motorway,road_classification,69,risk_percentile,99.99827468050509,6.417928695678711,3.5854238748550413,7,3,2,22356.7,9.696,Motorway,Motorway,motorway,motorway,Collapsed Dual Carriageway,M45,True,True,True,True,False,False,Rural,Smaller rural: Nearer to a major town or city,False,False,motorway calibration caveat,-1.2175574301166043,52.333717283917714,2026-07-04T12:45:06+00:00,data/models/risk_scores.parquet,0.1.0,E01035400,LSOA2021,England,IoD 2025,within,0.0,6,10,10,1,0,0,2.5,0.0,76.85660564158133,0.5986968583970796
781B41A8-2D3E-4304-BD4E-20A334272872,70,99.0371197320681,Motorway,road_classification,70,risk_percentile,99.99824930815957,6.379531955718994,5.543824100494385,87,0,14,58097.1,3.124,Motorway,Motorway,motorway,motorway,Collapsed Dual Carriageway,M6,True,True,True,True,False,False,Urban,Urban: Nearer to a major town or city,False,False,motorway calibration caveat,-1.8843229138663269,52.523929110454795,2026-07-04T12:45:06+00:00,data/models/risk_scores.parquet,0.1.0,E01009239,LSOA2021,England,IoD 2025,within,0.0,1,1,1,1,0,0,3.0,0.0,413.68262668448256,0.0617357152673807
652842B4-E310-4661-AE3C-EB781ED08090,71,99.02316494557634,Motorway,road_classification,71,risk_percentile,99.99822393581405,6.367299127578735,3.547770619392395,17,1,4,33800.4,7.567,Motorway,Motorway,motorway,motorway,Collapsed Dual Carriageway,A1(M),True,True,True,True,False,False,Urban,Urban: Nearer to a major town or city,False,False,motorway calibration caveat,-1.5328563312250776,54.61578457379727,2026-07-04T12:45:06+00:00,data/models/risk_scores.parquet,0.1.0,E01020833,LSOA2021,England,IoD 2025,within,0.0,4,4,3,1,0,0,3.0,0.0,55.970267746225744,0.6895652908369364
8D135F48-79A9-4244-B95E-01CC3A5CC046,72,99.00921015908457,Motorway,road_classification,72,risk_percentile,99.99819856346855,6.359113073348999,3.9813206672668455,12,1,0,57014.9,4.185,Motorway,Motorway,motorway,motorway,Collapsed Dual Carriageway,M69,True,True,True,True,False,False,Urban,Urban: Nearer to a major town or city,False,False,motorway calibration caveat,-1.3328408216958063,52.52788351548914,2026-07-04T12:45:06+00:00,data/models/risk_scores.parquet,0.1.0,E01025833,LSOA2021,England,IoD 2025,within,0.0,9,7,8,1,0,0,3.0,0.0,140.52849695622223,0.3657594356753041
B57D7988-AAE4-4708-A1F2-872888B46973,73,98.9952553725928,Motorway,road_classification,73,risk_percentile,99.99817319112303,6.338864469528199,3.5199571371078493,36,2,8,59055.2,3.28,Motorway,Motorway,motorway,motorway,Collapsed Dual Carriageway,M6,True,True,True,True,False,False,Urban,Urban: Nearer to a major town or city,False,False,motorway calibration caveat,-1.215431685495991,52.40628905254504,2026-07-04T12:45:06+00:00,data/models/risk_scores.parquet,0.1.0,E01035028,LSOA2021,England,IoD 2025,within,0.0,7,4,7,1,0,0,3.0,0.0,209.57359526822455,0.4745477863868216
D785434E-FF36-4F19-9FFD-905732F3EE71,74,98.98130058610103,Motorway,road_classification,74,risk_percentile,99.99814781877751,6.291442060470581,3.682357120513916,60,0,9,31229.0,7.221,Motorway,Motorway,motorway,motorway,Collapsed Dual Carriageway,M5,True,True,True,True,False,False,Rural,Smaller rural: Nearer to a major town or city,False,False,motorway calibration caveat,-2.0972966260478483,52.31910446854541,2026-07-04T12:45:06+00:00,data/models/risk_scores.parquet,0.1.0,E01032176,LSOA2021,England,IoD 2025,within,0.0,8,9,9,1,0,0,3.0,0.0,25.638600527523053,0.17203758366636762
33187CCA-D057-4D85-B49D-32659F07E667,75,98.96734579960926,Motorway,road_classification,75,risk_percentile,99.998122446432,6.271337652206421,3.73337607383728,41,0,8,34136.3,6.252,Motorway,Motorway,motorway,motorway,Collapsed Dual Carriageway,M5,True,True,True,True,False,False,Rural,Larger rural: Nearer to a major town or city,False,False,motorway calibration caveat,-2.1952388271759977,52.136408372097996,2026-07-04T12:45:06+00:00,data/models/risk_scores.parquet,0.1.0,E01032191,LSOA2021,England,IoD 2025,within,0.0,7,7,8,1,0,0,3.0,0.0,71.05792133686745,1.2262074348052245
7DF260FC-718C-44EE-9978-BDFF0576CE14,76,98.9533910131175,Motorway,road_classification,76,risk_percentile,99.99809707408649,6.219992733001709,5.314117956161499,31,0,3,47471.7,4.056,Motorway,Motorway,motorway,motorway,Collapsed Dual Carriageway,M1,True,True,True,True,False,False,Urban,Urban: Nearer to a major town or city,False,False,motorway calibration caveat,-1.3109025964627183,53.26494221729463,2026-07-04T12:45:06+00:00,data/models/risk_scores.parquet,0.1.0,E01019564,LSOA2021,England,IoD 2025,within,0.0,6,8,6,1,0,0,3.0,0.0,132.93578831910904,1.2486818411095113
F06B8D66-F3DA-4960-A54C-7DEF6134079E,77,98.93943622662573,Motorway,road_classification,77,risk_percentile,99.99807170174097,6.196783399581909,2.8624248027801515,37,1,7,34458.9,5.368,Motorway,Motorway,motorway,motorway,Collapsed Dual Carriageway,M18,True,True,True,True,False,False,Urban,Urban: Nearer to a major town or city,False,False,motorway calibration caveat,-0.9995317481653657,53.56486103723489,2026-07-04T12:45:06+00:00,data/models/risk_scores.parquet,0.1.0,E01007560,LSOA2021,England,IoD 2025,within,0.0,6,5,5,1,0,0,3.0,0.0,510.27463802212685,0.3731728003826262
1F613B25-A517-4BE8-AE2E-03EFE2EB342D,78,98.92548144013396,Motorway,road_classification,78,risk_percentile,99.99804632939546,6.162687635421753,5.078228187561035,47,1,11,63668.0,3.594,Motorway,Motorway,motorway,motorway,Collapsed Dual Carriageway,M56,True,True,True,True,False,False,Rural,Smaller rural: Nearer to a major town or city,False,False,motorway calibration caveat,-2.541038455398096,53.342965094796526,2026-07-04T12:45:06+00:00,data/models/risk_scores.parquet,0.1.0,E01012448,LSOA2021,England,IoD 2025,within,0.0,9,8,10,1,0,0,3.0,0.0,52.19289932858046,0.3945503820470846
6AD32E2E-0045-4C18-9BC4-D8EAD6616287,79,98.9115266536422,Motorway,road_classification,79,risk_percentile,99.99802095704995,6.1361839294433596,5.735863256454468,37,0,3,57940.5,4.023,Motorway,Motorway,motorway,motorway,Collapsed Dual Carriageway,M56,True,True,True,True,False,False,Urban,Urban: Nearer to a major town or city,False,False,motorway calibration caveat,-2.6080718669374785,53.33135338983728,2026-07-04T12:45:06+00:00,data/models/risk_scores.parquet,0.1.0,E01012503,LSOA2021,England,IoD 2025,within,0.0,9,10,10,1,0,0,3.0,0.0,73.11674437409516,0.37525516445502793
8A1C9DB4-C939-4526-8B20-18397C65509A,80,98.89757186715043,Motorway,road_classification,80,risk_percentile,99.99799558470444,6.061094474792481,8.187655210494995,33,0,5,62482.3,3.444,Motorway,Motorway,motorway,motorway,Collapsed Dual Carriageway,M56,True,True,True,True,False,False,Urban,Urban: Nearer to a major town or city,False,False,motorway calibration caveat,-2.8304326392054633,53.256697441016236,2026-07-04T12:45:06+00:00,data/models/risk_scores.parquet,0.1.0,E01018337,LSOA2021,England,IoD 2025,within,0.0,3,6,5,1,0,0,3.0,0.0,68.24581613650045,0.4380289542330051
4A89A4D9-70BB-4904-B437-9CF31E34FAC4,81,98.88361708065867,Motorway,road_classification,81,risk_percentile,99.99797021235892,5.977915287017822,3.2534483909606933,31,1,4,32078.3,6.64,Motorway,Motorway,motorway,motorway,Collapsed Dual Carriageway,M11,True,True,True,True,False,False,Urban,Urban: Nearer to a major town or city,False,False,motorway calibration caveat,0.11961265491598008,52.12860696131416,2026-07-04T12:45:06+00:00,data/models/risk_scores.parquet,0.1.0,E01018291,LSOA2021,England,IoD 2025,within,0.0,8,8,8,1,0,0,3.0,0.0,71.71120076826647,0.03867481136214113
66913C4F-8B1B-4DEC-9C95-5431056DD058,82,98.8696622941669,Motorway,road_classification,82,risk_percentile,99.9979448400134,5.946094560623169,3.6714870929718018,16,1,6,21353.1,11.206,Motorway,Motorway,motorway,motorway,Collapsed Dual Carriageway,M50,True,True,True,True,False,False,Rural,Smaller rural: Nearer to a major town or city,False,False,motorway calibration caveat,-2.2815100892647724,52.00263519524679,2026-07-04T12:45:06+00:00,data/models/risk_scores.parquet,0.1.0,E01032198,LSOA2021,England,IoD 2025,within,0.0,5,9,8,1,0,0,2.5,0.0,66.93338595197713,0.15502279635837335
30AD26CC-D79B-4450-BF87-9D58F4596332,83,98.85570750767513,Motorway,road_classification,83,risk_percentile,99.9979194676679,5.931120681762695,2.9979941844940186,30,2,4,33845.8,6.454,Motorway,Motorway,motorway,motorway,Collapsed Dual Carriageway,A1(M),True,True,True,True,False,False,Rural,Larger rural: Nearer to a major town or city,False,False,motorway calibration caveat,-1.5259464367893223,54.76209553817216,2026-07-04T12:45:06+00:00,data/models/risk_scores.parquet,0.1.0,E01020732,LSOA2021,England,IoD 2025,within,0.0,10,9,9,1,0,0,3.0,0.0,32.51645324185583,0.700092259937299
981AEB74-1BC1-41F3-B11A-10657C1B899E,84,98.84175272118337,Motorway,road_classification,84,risk_percentile,99.99789409532238,5.914994478225708,4.6128258228302,52,0,9,46148.3,5.125,Motorway,Motorway,motorway,motorway,Collapsed Dual Carriageway,M1,True,True,True,True,False,False,Urban,Urban: Nearer to a major town or city,False,False,motorway calibration caveat,-1.492773649509682,53.52021422132535,2026-07-04T12:45:06+00:00,data/models/risk_scores.parquet,0.1.0,E01007459,LSOA2021,England,IoD 2025,within,0.0,5,6,3,1,0,0,3.0,0.0,89.5766202176811,0.6128437062422765
281D6267-2D78-4FE4-9F33-010E381BCB61,85,98.8277979346916,Motorway,road_classification,85,risk_percentile,99.99786872297688,5.90435528755188,5.358040809631348,24,1,4,50705.2,4.019,Motorway,Motorway,motorway,motorway,Collapsed Dual Carriageway,M62,True,True,True,True,False,False,Urban,Urban: Nearer to a major town or city,False,False,motorway calibration caveat,-1.2284456675541309,53.693729580237985,2026-07-04T12:45:06+00:00,data/models/risk_scores.parquet,0.1.0,E01011803,LSOA2021,England,IoD 2025,within,0.0,2,3,3,1,0,0,3.0,0.0,104.69354963282011,0.12538933545830827
4F5611CC-2518-4C89-964F-27E486332C97,86,98.81384314819984,Motorway,road_classification,86,risk_percentile,99.99784335063136,5.888072538375854,3.9376532077789306,36,0,7,49556.1,3.519,Motorway,Motorway,motorway,motorway,Collapsed Dual Carriageway,M62,True,True,True,True,False,False,Urban,Urban: Nearer to a major town or city,False,False,motorway calibration caveat,-1.3621628124317455,53.706257419282565,2026-07-04T12:45:06+00:00,data/models/risk_scores.parquet,0.1.0,E01034267,LSOA2021,England,IoD 2025,within,0.0,8,7,9,1,0,0,3.0,0.0,1158.0406292133366,0.08532990043937032
B82A1801-A804-45B6-905C-C12BE0A4EA2E,87,98.79988836170807,Motorway,road_classification,87,risk_percentile,99.99781797828584,5.881350708007813,5.5470301628112795,20,1,0,49695.6,5.12,Motorway,Motorway,motorway,motorway,Collapsed Dual Carriageway,M53,True,True,True,True,False,False,Rural,Smaller rural: Nearer to a major town or city,False,False,motorway calibration caveat,-2.999986954689108,53.31468005861705,2026-07-04T12:45:06+00:00,data/models/risk_scores.parquet,0.1.0,E01007144,LSOA2021,England,IoD 2025,within,0.0,6,9,7,1,0,0,2.5,0.0,31.36952986418391,0.03379127706976967
7D825471-D96C-4088-8944-D911334AF54B,88,98.7859335752163,Motorway,road_classification,88,risk_percentile,99.99779260594033,5.739881181716919,4.538234734535218,32,0,3,47792.2,4.314,Motorway,Motorway,motorway,motorway,Collapsed Dual Carriageway,M1,True,True,True,True,False,False,Urban,Urban: Nearer to a major town or city,False,False,motorway calibration caveat,-1.2953379123638387,53.08210670890653,2026-07-04T12:45:06+00:00,data/models/risk_scores.parquet,0.1.0,E01027947,LSOA2021,England,IoD 2025,within,0.0,5,5,5,1,0,0,3.0,0.0,88.88586718284091,0.5076668338166939
1B7D8DB3-EC61-47BD-8B3C-70D434E0CAE9,89,98.77197878872454,Motorway,road_classification,89,risk_percentile,99.99776723359481,5.704476690292358,3.4693976402282716,20,1,2,35653.9,4.533,Motorway,Motorway,motorway,motorway,Collapsed Dual Carriageway,A1(M),True,True,True,True,False,False,Rural,Larger rural: Nearer to a major town or city,False,False,motorway calibration caveat,-0.26393171081896594,52.40570664699457,2026-07-04T12:45:06+00:00,data/models/risk_scores.parquet,0.1.0,E01018192,LSOA2021,England,IoD 2025,within,0.0,6,6,6,1,0,0,3.0,0.0,25.049205653560332,2.236105035657665
B7D25184-7C64-4565-9B2D-159816BF385C,90,98.75802400223277,Motorway,road_classification,90,risk_percentile,99.9977418612493,5.676410055160522,4.0299440145492555,64,1,11,46204.8,3.469,Motorway,Motorway,motorway,motorway,Collapsed Dual Carriageway,M62,True,True,True,True,False,False,Urban,Urban: Nearer to a major town or city,False,False,motorway calibration caveat,-1.8893196133043226,53.64910577383826,2026-07-04T12:45:06+00:00,data/models/risk_scores.parquet,0.1.0,E01011205,LSOA2021,England,IoD 2025,within,0.0,7,7,8,1,0,0,3.0,0.0,313.48818968480305,0.2727104040532073
5F413324-A2FB-4DAC-87C8-3C2E62AC28F5,91,98.744069215741,Motorway,road_classification,91,risk_percentile,99.99771648890379,5.675620126724243,3.257839488983154,20,0,7,27541.4,6.553,Motorway,Motorway,motorway,motorway,Collapsed Dual Carriageway,A1(M),True,True,True,True,False,False,Rural,Smaller rural: Nearer to a major town or city,False,False,motorway calibration caveat,-1.6145151817084589,54.52646778497937,2026-07-04T12:45:06+00:00,data/models/risk_scores.parquet,0.1.0,E01012334,LSOA2021,England,IoD 2025,within,0.0,7,8,7,1,0,0,3.0,0.0,124.71647073919681,1.8386840903900195
BDE150E0-A286-456E-B793-A0B66316EA33,92,98.73011442924923,Motorway,road_classification,92,risk_percentile,99.99769111655827,5.668053674697876,3.7056870222091676,48,0,11,38353.6,5.182,Motorway,Motorway,motorway,motorway,Collapsed Dual Carriageway,M6,True,True,True,True,False,False,Rural,Smaller rural: Further from a major town or city,False,False,motorway calibration caveat,-2.7633066786852836,54.104555605822526,2026-07-04T12:45:06+00:00,data/models/risk_scores.parquet,0.1.0,E01025130,LSOA2021,England,IoD 2025,within,0.0,8,9,8,1,0,0,3.0,0.0,155.64381044151165,2.4703766621103447
24DEA564-8D4E-41A2-965D-21760BCB2095,93,98.71615964275746,Motorway,road_classification,93,risk_percentile,99.99766574421275,5.652529764175415,4.37882821559906,60,1,8,49483.6,4.616,Motorway,Motorway,motorway,motorway,Collapsed Dual Carriageway,M65,True,True,True,True,False,False,Urban,Urban: Nearer to a major town or city,False,False,motorway calibration caveat,-2.521480078850999,53.71415396334922,2026-07-04T12:45:06+00:00,data/models/risk_scores.parquet,0.1.0,E01012609,LSOA2021,England,IoD 2025,within,0.0,9,9,8,1,0,0,3.0,0.0,205.84381510486085,0.03928661949978305
211671D5-0D9E-4119-AC90-8AB5BDFC89C4,94,98.7022048562657,Motorway,road_classification,94,risk_percentile,99.99764037186725,5.644902658462525,5.6945549011230465,29,2,6,41923.3,5.018,Motorway,Motorway,motorway,motorway,Collapsed Dual Carriageway,M1,True,True,True,True,False,False,Urban,Urban: Nearer to a major town or city,False,False,motorway calibration caveat,-1.2866963414552133,52.94058587543347,2026-07-04T12:45:06+00:00,data/models/risk_scores.parquet,0.1.0,E01019656,LSOA2021,England,IoD 2025,within,0.0,7,10,8,1,0,0,3.0,0.0,79.55793775244997,0.5505472305320098
56A5F964-AF60-437F-81DF-2BD9A89CAF1E,95,98.68825006977393,Motorway,road_classification,95,risk_percentile,99.99761499952173,5.593322658538819,2.5973739862442016,45,1,10,23100.2,9.775,Motorway,Motorway,motorway,motorway,Collapsed Dual Carriageway,M180,True,True,True,True,False,False,Rural,Smaller rural: Nearer to a major town or city,False,False,motorway calibration caveat,-0.4863383402919241,53.56465196761913,2026-07-04T12:45:06+00:00,data/models/risk_scores.parquet,0.1.0,E01013269,LSOA2021,England,IoD 2025,within,0.0,8,8,7,1,0,0,3.0,0.0,54.215497671425155,0.05149824769501526
1C2CFBA6-441D-4A61-A277-DA84E8F445FF,96,98.67429528328216,Motorway,road_classification,96,risk_percentile,99.99758962717623,5.547057390213013,4.033129620552063,87,0,10,40566.5,5.393,Motorway,Motorway,motorway,motorway,Collapsed Dual Carriageway,M62,True,True,True,True,False,False,Urban,Urban: Nearer to a major town or city,False,False,motorway calibration caveat,-1.7920647847063875,53.6813098171379,2026-07-04T12:45:06+00:00,data/models/risk_scores.parquet,0.1.0,E01011046,LSOA2021,England,IoD 2025,within,0.0,9,9,9,1,0,0,3.0,0.0,786.2617003478108,0.1673970028975644
125399AD-1A16-48E7-8074-6A0E88E1CB7A,97,98.6603404967904,Motorway,road_classification,97,risk_percentile,99.9975642548307,5.444676351547241,5.005192565917969,29,0,9,50218.3,3.316,Motorway,Motorway,motorway,motorway,Collapsed Dual Carriageway,M5,True,True,True,True,False,False,Urban,Urban: Nearer to a major town or city,False,False,motorway calibration caveat,-1.997612898789057,52.50404442194527,2026-07-04T12:45:06+00:00,data/models/risk_scores.parquet,0.1.0,E01010019,LSOA2021,England,IoD 2025,within,0.0,1,1,2,1,0,0,3.0,0.0,2734.5816502297803,0.0021261495343082443
F2CA43A9-273C-45A1-AB08-5E441F3CFAFA,98,98.64638571029863,Motorway,road_classification,98,risk_percentile,99.99753888248519,5.432147789001465,4.429518485069275,19,0,3,30863.1,5.359,Motorway,Motorway,motorway,motorway,Collapsed Dual Carriageway,M6,True,True,True,True,False,False,Rural,Smaller rural: Nearer to a major town or city,False,False,motorway calibration caveat,-3.0133104933273143,54.97451212678367,2026-07-04T12:45:06+00:00,data/models/risk_scores.parquet,0.1.0,E01019228,LSOA2021,England,IoD 2025,within,0.0,4,6,7,1,0,0,3.0,0.0,10.461379734336308,2.6542071673184497
BCAC0015-7097-4FB4-AB03-B927F5449F47,99,98.63243092380687,Motorway,road_classification,99,risk_percentile,99.99751351013968,5.429545521736145,3.3916160345077513,9,0,2,27145.5,6.555,Motorway,Motorway,motorway,motorway,Collapsed Dual Carriageway,M62,True,True,True,True,False,False,Rural,Smaller rural: Nearer to a major town or city,False,False,motorway calibration caveat,-1.1030096535109468,53.68879516607651,2026-07-04T12:45:06+00:00,data/models/risk_scores.parquet,0.1.0,E01027924,LSOA2021,England,IoD 2025,within,0.0,7,9,8,1,0,0,3.0,0.0,36.86532320649852,0.13986361062666564
09DF6292-6E2B-4BF9-ACD5-C40CD88B09E7,100,98.6184761373151,Motorway,road_classification,100,risk_percentile,99.99748813779416,5.4278545618057255,3.38906786441803,23,1,4,35217.7,5.351,Motorway,Motorway,motorway,motorway,Collapsed Dual Carriageway,M6,True,True,True,True,False,False,Rural,Smaller rural: Nearer to a major town or city,False,False,motorway calibration caveat,-2.9109263719806098,54.919762617709694,2026-07-04T12:45:06+00:00,data/models/risk_scores.parquet,0.1.0,E01019240,LSOA2021,England,IoD 2025,within,0.0,8,8,8,1,0,0,3.0,0.0,43.14030822335985,0.020423804345613146
4BF2A456-6CE4-4067-9A46-FCC7BEB385DA,1,100.0,Not Classified,road_classification,30479,risk_percentile,99.22670165343965,0.2734242990612984,1.9744834780693055,0,0,0,2337.4,0.889,Not Classified,Restricted Local Access Road,other_urban,urban_minor,Single Carriageway,,False,False,False,False,False,False,Urban,Urban: Nearer to a major town or city,False,True,sparse collision history,1.1593645003151332,52.04938918256043,2026-07-04T12:45:06+00:00,data/models/risk_scores.parquet,0.1.0,E01033122,LSOA2021,England,IoD 2025,nearest_fallback,29.134451506073447,1,1,2,1,0,0,3.0,0.093,48152.98183307183,0.3755490997471809
B8280E56-0EB6-4C35-BBA2-C26DFD16B5F7,2,99.99974971780684,Not Classified,road_classification,49338,risk_percentile,98.7482045894006,0.21627052426338195,1.6057740211486817,0,0,0,1673.2,0.148,Not Classified,Restricted Local Access Road,other_urban,urban_minor,Single Carriageway,,False,False,False,False,False,False,Urban,Urban: Nearer to a major town or city,False,True,sparse collision history,-1.5453472958130758,53.79517312582046,2026-07-04T12:45:06+00:00,data/models/risk_scores.parquet,0.1.0,E01033010,LSOA2021,England,IoD 2025,within,0.0,3,10,10,1,0,0,3.5,0.558,1007.524699505446,1.6307333840641802
6ADB0FCA-7E56-4B07-BD9C-CD111EF2F8B2,3,99.99949943561366,Not Classified,road_classification,52993,risk_percentile,98.65546866654877,0.20838234722614288,1.9009325623512268,0,0,0,4273.3,0.56,Not Classified,Local Road,other_urban,urban_minor,Single Carriageway,,False,False,False,False,False,False,Urban,Urban: Nearer to a major town or city,False,True,sparse collision history,-0.7347300444821413,52.02633599559091,2026-07-04T12:45:06+00:00,data/models/risk_scores.parquet,0.1.0,E01016845,LSOA2021,England,IoD 2025,within,0.0,1,1,1,1,0,0,3.0,0.063,1972.73271162111,0.18293867150860763
42EA64CE-7D23-4258-A8F4-97D37217DC25,4,99.99924915342048,Not Classified,road_classification,53055,risk_percentile,98.65389558112693,0.20825445875525475,1.9040040850639344,0,0,0,3798.5,0.761,Not Classified,Local Road,other_urban,urban_minor,Single Carriageway,,False,False,False,False,False,False,Urban,Urban: Nearer to a major town or city,False,True,sparse collision history,-2.179419689478816,53.62952906049668,2026-07-04T12:45:06+00:00,data/models/risk_scores.parquet,0.1.0,E01005496,LSOA2021,England,IoD 2025,within,0.0,1,1,1,1,0,0,3.0,0.6250000000000001,3087.6622302391584,0.6545691434563531
65467DF2-B57A-4922-AF69-13F8355AC504,5,99.9989988712273,Not Classified,road_classification,62193,risk_percentile,98.42204308782459,0.1906327039003372,1.611308753490448,0,0,0,3535.1,0.669,Not Classified,Minor Road,other_urban,urban_minor,Single Carriageway,,False,False,False,False,False,False,Urban,Urban: Nearer to a major town or city,False,True,sparse collision history,-2.2631454239005215,53.366518638766046,2026-07-04T12:45:06+00:00,data/models/risk_scores.parquet,0.1.0,E01005318,LSOA2021,England,IoD 2025,within,0.0,1,3,1,1,0,0,2.5,0.042,1843.7709104335777,0.6172120680544753
00AA1778-141F-4DE1-A8F2-8EDA2A45EEF6,6,99.99874858903414,Not Classified,road_classification,66920,risk_percentile,98.3021080105823,0.18296961039304732,1.968179965019226,0,0,0,4077.6,1.738,Not Classified,Local Road,other_rural,rural_minor,Single Carriageway,,False,False,False,False,False,False,Rural,Larger rural: Nearer to a major town or city,False,True,sparse collision history,-1.331762605623035,53.13946705710511,2026-07-04T12:45:06+00:00,data/models/risk_scores.parquet,0.1.0,E01019522,LSOA2021,England,IoD 2025,within,0.0,4,4,3,1,0,0,3.0,0.7169999999999999,965.9716925430831,3.88856258235037
EDD5AE62-2B9E-4A1B-B0D8-51F1BECF6AC3,7,99.99849830684097,Not Classified,road_classification,68093,risk_percentile,98.27234624929496,0.18105152249336243,1.8585447907447814,1,0,0,3956.3,0.128,Not Classified,Local Access Road,other_urban,urban_minor,Shared Use Carriageway,,False,False,False,False,False,False,Urban,Urban: Nearer to a major town or city,False,True,sparse collision history,-1.7543490201541332,53.793942960998415,2026-07-04T12:45:06+00:00,data/models/risk_scores.parquet,0.1.0,E01033690,LSOA2021,England,IoD 2025,within,0.0,1,4,2,1,0,0,3.5,0.089,2985.6345904091468,3.786508813360329
C3F1A420-CF8F-4231-B302-5F2DE06E1E35,8,99.9982480246478,Not Classified,road_classification,69189,risk_percentile,98.24453815861217,0.17938886433839799,1.7738386869430542,0,0,0,3729.4,0.276,Not Classified,Restricted Local Access Road,other_urban,urban_minor,Single Carriageway,,False,False,False,False,False,False,Urban,Urban: Nearer to a major town or city,False,True,sparse collision history,-1.5117808012189955,53.804827579996015,2026-07-04T12:45:06+00:00,data/models/risk_scores.parquet,0.1.0,E01011347,LSOA2021,England,IoD 2025,within,0.0,1,1,1,1,0,0,3.5,0.802,3564.962783535915,0.6297497545652705
663878D2-59F6-4CEA-BA8F-A6A9CD1D4971,9,99.99799774245461,Not Classified,road_classification,74491,risk_percentile,98.11001398269961,0.17180067747831346,1.1546448111534118,0,0,0,3593.9,0.358,Not Classified,Secondary Access Road,other_urban,urban_minor,Single Carriageway,,False,False,False,False,False,False,Urban,Urban: Nearer to a major town or city,False,True,sparse collision history,-1.775525247627416,53.78378145537929,2026-07-04T12:45:06+00:00,data/models/risk_scores.parquet,0.1.0,E01010839,LSOA2021,England,IoD 2025,within,0.0,1,1,1,1,0,0,2.5,0.041,2721.426415791387,0.33023074698058286
50E1546E-2244-4CB8-90CC-7841E4CC1641,10,99.99774746026145,Not Classified,road_classification,76342,risk_percentile,98.06304977115413,0.1692875176668167,1.7131752967834473,0,0,0,1620.9,0.091,Not Classified,Local Access Road,other_urban,urban_minor,Shared Use Carriageway,,False,False,False,False,False,False,Urban,Urban: Nearer to a major town or city,False,True,sparse collision history,-1.5428980415998808,53.797792265101634,2026-07-04T12:45:06+00:00,data/models/risk_scores.parquet,0.1.0,E01033010,LSOA2021,England,IoD 2025,within,0.0,3,10,10,1,0,0,4.0,0.35100000000000003,1007.524699505446,0.9059827990050778
92C72BBC-62DF-465A-B470-89387E430EFF,11,99.99749717806827,Not Classified,road_classification,80121,risk_percentile,97.96716767745862,0.16437593400478362,1.4113331317901612,2,0,0,2751.2,0.405,Not Classified,Restricted Local Access Road,other_urban,urban_minor,Single Carriageway,,False,False,False,False,False,False,Urban,Urban: Nearer to a major town or city,False,False,,-1.7964028329071486,52.51670973628193,2026-07-04T12:45:06+00:00,data/models/risk_scores.parquet,0.1.0,E01009101,LSOA2021,England,IoD 2025,within,0.0,1,1,1,1,0,0,3.5,0.035,2383.7660147330866,0.08484527013177608
DB4E826D-D036-4EAD-A55C-819C4A3D24B1,12,99.99724689587511,Not Classified,road_classification,82202,risk_percentile,97.91436782644503,0.1617495223879814,1.4765069127082824,1,0,0,1693.2,0.099,Not Classified,Local Access Road,other_urban,urban_minor,Shared Use Carriageway,,False,False,False,False,False,False,Urban,Urban: Nearer to a major town or city,False,True,sparse collision history,-1.543049734269345,53.797364926901594,2026-07-04T12:45:06+00:00,data/models/risk_scores.parquet,0.1.0,E01033010,LSOA2021,England,IoD 2025,within,0.0,3,10,10,1,0,0,3.5,0.404,1007.524699505446,0.9066996642276203
F438CB69-A46C-48DB-8EBF-66E80BCF0C2D,13,99.99699661368192,Not Classified,road_classification,83152,risk_percentile,97.89026409820721,0.160595166683197,1.5581977009773254,0,0,0,3594.9,0.25,Not Classified,Restricted Local Access Road,other_urban,urban_minor,Single Carriageway,,False,False,False,False,False,False,Urban,Urban: Nearer to a major town or city,False,True,sparse collision history,-1.3130210828088906,54.55856490806812,2026-07-04T12:45:06+00:00,data/models/risk_scores.parquet,0.1.0,E01012262,LSOA2021,England,IoD 2025,within,0.0,1,1,1,1,0,0,3.5,0.11399999999999999,1364.2731003666897,1.2426756151976115
B4C714CE-7FEB-4DBA-BBDE-E5D209EB32F7,14,99.99674633148875,Not Classified,road_classification,84256,risk_percentile,97.86225302876032,0.15922291055321694,1.0732946574687958,0,0,0,2184.9,0.264,Not Classified,Secondary Access Road,other_urban,urban_minor,Single Carriageway,,False,False,False,False,False,False,Urban,Urban: Nearer to a major town or city,False,True,sparse collision history,-3.017792407776533,53.3731437282719,2026-07-04T12:45:06+00:00,data/models/risk_scores.parquet,0.1.0,E01007296,LSOA2021,England,IoD 2025,within,0.0,1,1,1,1,0,0,3.5,0.672,14998.598580799335,2.5472858025253946
4F3590B5-A05A-43B0-ACA3-2B20E009C722,15,99.99649604929559,Not Classified,road_classification,87454,risk_percentile,97.78111226780815,0.15551844239234924,1.0235021114349365,16,0,4,1928.2,0.602,Not Classified,Local Access Road,other_urban,urban_minor,Single Carriageway,,False,False,False,False,False,False,Urban,Urban: Nearer to a major town or city,False,False,,-0.02529458570893341,53.558875333489,2026-07-04T12:45:06+00:00,data/models/risk_scores.parquet,0.1.0,E01013129,LSOA2021,England,IoD 2025,within,0.0,1,2,2,1,0,0,3.0,0.0,2228.4010501760235,0.1096355640294575
889C9207-12AF-4256-AEC4-C7C921D31691,16,99.99624576710241,Not Classified,road_classification,90368,risk_percentile,97.70717725298182,0.15234613716602324,1.58921058177948,0,0,0,3720.8,0.149,Not Classified,Restricted Local Access Road,other_urban,urban_minor,Single Carriageway,,False,False,False,False,False,False,Urban,Urban: Nearer to a major town or city,False,True,sparse collision history,-1.1309364904193486,52.637782949385354,2026-07-04T12:45:06+00:00,data/models/risk_scores.parquet,0.1.0,E01034022,LSOA2021,England,IoD 2025,within,0.0,2,4,7,1,0,0,3.0,0.28700000000000003,3474.409065075556,4.12803271313394
EAEB1153-2C07-41D9-8E4E-744CD87BFA0D,17,99.99599548490924,Not Classified,road_classification,94172,risk_percentile,97.61066085064847,0.1483081966638565,2.006062996387482,0,0,0,4009.4,0.847,Not Classified,Restricted Local Access Road,other_urban,urban_minor,Single Carriageway,,False,False,False,False,False,False,Urban,Urban: Nearer to a major town or city,False,True,sparse collision history,-3.0814449775665937,53.41167209010934,2026-07-04T12:45:06+00:00,data/models/risk_scores.parquet,0.1.0,E01007204,LSOA2021,England,IoD 2025,within,0.0,1,1,1,1,0,0,3.0,0.289,818.1099980593514,0.13795546715328438
86995FA0-919E-40FE-9491-A1F7291FE282,18,99.99574520271605,Not Classified,road_classification,95739,risk_percentile,97.57090238522883,0.14668604284524916,1.4563729286193847,0,0,0,4408.2,0.483,Not Classified,Restricted Local Access Road,other_urban,urban_minor,Single Carriageway,,False,False,False,False,False,False,Urban,Urban: Nearer to a major town or city,False,True,sparse collision history,-0.45027262658399236,52.13300338359734,2026-07-04T12:45:06+00:00,data/models/risk_scores.parquet,0.1.0,E01017519,LSOA2021,England,IoD 2025,within,0.0,2,2,3,1,0,0,2.5,0.032,411.45103364435096,2.603864235184594
FD9F1A68-2E6D-4AC1-91FC-A1EED1285223,19,99.99549492052289,Not Classified,road_classification,96452,risk_percentile,97.5528119028777,0.14599028825759888,1.786726474761963,0,0,0,2778.1,0.958,Not Classified,Local Road,other_urban,urban_minor,Single Carriageway,,False,False,False,False,False,False,Urban,Urban: Nearer to a major town or city,False,True,sparse collision history,-2.4651073878566394,53.52852126632141,2026-07-04T12:45:06+00:00,data/models/risk_scores.parquet,0.1.0,E01006288,LSOA2021,England,IoD 2025,within,0.0,1,1,1,1,0,0,3.5,0.1,265.787341494722,0.14999605687773393
CFC6678F-A71F-41D1-A457-D7CA27A341B1,20,99.99524463832972,Not Classified,road_classification,100207,risk_percentile,97.45753874547452,0.1422591209411621,1.5811505675315858,0,0,0,3504.7,0.105,Not Classified,Local Access Road,other_urban,urban_minor,Shared Use Carriageway,,False,False,False,False,False,False,Urban,Urban: Nearer to a major town or city,False,True,sparse collision history,-1.7545566983229401,53.79448683464076,2026-07-04T12:45:06+00:00,data/models/risk_scores.parquet,0.1.0,E01033690,LSOA2021,England,IoD 2025,within,0.0,1,4,2,1,0,0,3.5,0.089,2985.6345904091468,3.120169266064004
830873E2-CE83-4F7C-AAC4-9BD892E835A4,21,99.99499435613654,Not Classified,road_classification,100404,risk_percentile,97.45254039340837,0.1420792430639267,1.480470609664917,0,0,0,3761.6,0.144,Not Classified,Restricted Local Access Road,other_urban,urban_minor,Single Carriageway,,False,False,False,False,False,False,Urban,Urban: Nearer to a major town or city,False,True,sparse collision history,-1.5140391716204322,53.80452289041971,2026-07-04T12:45:06+00:00,data/models/risk_scores.parquet,0.1.0,E01011349,LSOA2021,England,IoD 2025,within,0.0,1,1,1,1,0,0,3.5,0.802,2662.64456656144,0.3674580451275635
812CB585-9242-4D07-9B14-C86AEB0B0E1C,22,99.99474407394338,Not Classified,road_classification,101709,risk_percentile,97.41942948251325,0.14080875143408775,1.828984522819519,2,0,0,2577.6,0.557,Not Classified,Restricted Local Access Road,other_urban,urban_minor,Single Carriageway,,False,False,False,False,False,False,Urban,Urban: Nearer to a major town or city,False,False,,-2.7015281286554624,53.77149473237888,2026-07-04T12:45:06+00:00,data/models/risk_scores.parquet,0.1.0,E01025275,LSOA2021,England,IoD 2025,within,0.0,1,2,2,1,0,0,4.0,0.0,614.1976543900986,5.311767700061591
62A57FB6-23E4-4A95-BCE7-1F7BDD3ED825,23,99.99449379175019,Not Classified,road_classification,103003,risk_percentile,97.38659766741878,0.13959223330020903,1.3574575543403626,0,0,0,3590.0,0.284,Not Classified,Local Road,other_urban,urban_minor,Single Carriageway,,False,False,False,False,False,False,Urban,Urban: Nearer to a major town or city,False,True,sparse collision history,-1.5454999397190803,53.741154116978024,2026-07-04T12:45:06+00:00,data/models/risk_scores.parquet,0.1.0,E01011492,LSOA2021,England,IoD 2025,within,0.0,1,1,1,1,0,0,3.0,0.261,2763.0712910150223,0.3203187565243159
6BA90B14-3293-40F2-B3D4-1485BD090573,24,99.99424350955702,Not Classified,road_classification,103326,risk_percentile,97.37840239981793,0.139289952814579,1.407031500339508,1,0,0,3371.6,0.42,Not Classified,Local Road,other_urban,urban_minor,Single Carriageway,,False,False,False,False,False,False,Urban,Urban: Nearer to a major town or city,False,True,sparse collision history,-3.023523471115754,53.39017093951632,2026-07-04T12:45:06+00:00,data/models/risk_scores.parquet,0.1.0,E01007128,LSOA2021,England,IoD 2025,within,0.0,1,1,1,1,0,0,3.0,0.099,1666.8263248313804,0.13374153656337154
6006A302-469E-42A6-9A6F-C506DA485F4D,25,99.99399322736386,Not Classified,road_classification,104153,risk_percentile,97.35741947007827,0.13848090171813965,1.2051485061645508,0,0,0,3762.8,0.307,Not Classified,Local Road,other_urban,urban_minor,Single Carriageway,,False,False,False,False,False,False,Urban,Urban: Nearer to a major town or city,False,True,sparse collision history,-1.5163374122553281,53.80165911000359,2026-07-04T12:45:06+00:00,data/models/risk_scores.parquet,0.1.0,E01011348,LSOA2021,England,IoD 2025,within,0.0,1,1,2,1,0,0,2.5,0.405,1798.7182829456851,0.641703995022613
1E2049E8-E28F-494C-ACC4-463E9DD7BE0A,26,99.99374294517068,Not Classified,road_classification,105617,risk_percentile,97.3202743562465,0.13717593550682067,1.5228668689727782,0,0,0,2632.5,0.243,Not Classified,Local Road,other_urban,urban_minor,Single Carriageway,,False,False,False,False,False,False,Urban,Urban: Nearer to a major town or city,False,True,sparse collision history,-1.2003651714486023,53.56269385151623,2026-07-04T12:45:06+00:00,data/models/risk_scores.parquet,0.1.0,E01007466,LSOA2021,England,IoD 2025,within,0.0,1,1,2,1,0,0,4.0,0.287,2143.652612541688,0.09883249712920421
5AEBA6AE-2FA1-4034-B81E-478D9FB088F3,27,99.99349266297752,Not Classified,road_classification,108660,risk_percentile,97.24306630884894,0.13449098393321038,1.5831318616867065,0,0,0,2078.9,0.13,Not Classified,Restricted Local Access Road,other_urban,urban_minor,Shared Use Carriageway,,False,False,False,False,False,False,Urban,Urban: Nearer to a major town or city,False,True,sparse collision history,-1.5392435488689913,53.7982729809276,2026-07-04T12:45:06+00:00,data/models/risk_scores.parquet,0.1.0,E01033010,LSOA2021,England,IoD 2025,within,0.0,3,10,10,1,0,0,3.0,0.179,1940.4079595369724,0.6888815057709188
3E1E1A5B-2673-42FD-AA56-619DA419BB8E,28,99.99324238078432,Not Classified,road_classification,109488,risk_percentile,97.22205800676376,0.13375349566340447,0.9603559970855713,1,0,0,2109.2,0.157,Not Classified,Local Road,other_urban,urban_minor,Single Carriageway,,False,False,False,False,False,False,Urban,Urban: Nearer to a major town or city,False,True,sparse collision history,-1.7727244084471774,53.809572320119145,2026-07-04T12:45:06+00:00,data/models/risk_scores.parquet,0.1.0,E01010676,LSOA2021,England,IoD 2025,within,0.0,1,1,1,1,0,0,3.5,0.321,17810.754008957447,0.874008618640342
16F9FC95-4F14-4E4C-851F-0B878DCE5D2E,29,99.99299209859116,Not Classified,road_classification,112026,risk_percentile,97.15766299385051,0.13161610811948776,1.3205992102622985,1,0,0,3212.7,0.167,Not Classified,Local Road,other_urban,urban_minor,Single Carriageway,,False,False,False,False,False,False,Urban,Urban: Nearer to a major town or city,False,True,sparse collision history,-1.9839482602222256,52.581296771696394,2026-07-04T12:45:06+00:00,data/models/risk_scores.parquet,0.1.0,E01033896,LSOA2021,England,IoD 2025,within,0.0,1,1,1,1,0,0,3.5,0.846,2119.3148576996336,0.34256960609175346
FB4F4198-112B-4129-B6E3-392A46212CEE,30,99.992741816398,Not Classified,road_classification,112584,risk_percentile,97.14350522505397,0.1311371959745884,1.3370732426643372,0,0,0,1693.2,0.07,Not Classified,Local Access Road,other_urban,urban_minor,Shared Use Carriageway,,False,False,False,False,False,False,Urban,Urban: Nearer to a major town or city,False,True,sparse collision history,-1.5416812559787436,53.79774553551868,2026-07-04T12:45:06+00:00,data/models/risk_scores.parquet,0.1.0,E01033010,LSOA2021,England,IoD 2025,within,0.0,3,10,10,1,0,0,3.5,0.35100000000000003,1007.524699505446,0.9048503964527278
4F76868D-F4B4-46D7-8416-AC8A535716DE,31,99.99249153420482,Not Classified,road_classification,114985,risk_percentile,97.08258622347607,0.12927136868238448,1.4595492243766786,1,0,0,2993.7,0.273,Not Classified,Secondary Access Road,other_urban,urban_minor,Single Carriageway,,False,False,False,False,False,False,Urban,Urban: Nearer to a major town or city,False,True,sparse collision history,-1.5657278386193143,53.77078425467689,2026-07-04T12:45:06+00:00,data/models/risk_scores.parquet,0.1.0,E01011315,LSOA2021,England,IoD 2025,within,0.0,2,2,3,1,0,0,3.5,0.644,2457.9918391480337,0.10554629132500735
C90CBA21-AE92-46CE-AB39-FDD9067285D3,32,99.99224125201164,Not Classified,road_classification,115876,risk_percentile,97.05997946362355,0.12858265191316604,1.4260609149932861,0,0,0,3861.5,0.194,Not Classified,Local Access Road,other_urban,urban_minor,Shared Use Carriageway,,False,False,False,False,False,False,Urban,Urban: Nearer to a major town or city,False,True,sparse collision history,-1.983164797281325,52.58471571177182,2026-07-04T12:45:06+00:00,data/models/risk_scores.parquet,0.1.0,E01010368,LSOA2021,England,IoD 2025,within,0.0,1,1,1,1,0,0,3.5,0.359,641.7801093887048,4.22536361636415
3EFF4DEA-0BE2-49B5-9F41-FAC74AE0D1B8,33,99.99199096981847,Not Classified,road_classification,116553,risk_percentile,97.0428023857109,0.1280207358300686,0.7544993937015534,0,0,0,2135.2,0.155,Not Classified,Secondary Access Road,other_urban,urban_minor,Single Carriageway,,False,False,False,False,False,False,Urban,Urban: Nearer to a major town or city,False,True,sparse collision history,-1.7824550318324615,53.79373472629706,2026-07-04T12:45:06+00:00,data/models/risk_scores.parquet,0.1.0,E01010833,LSOA2021,England,IoD 2025,within,0.0,1,1,1,1,0,0,3.5,0.0,1163.8956850092804,3.4848952883974507
42F9FB01-D9B6-4908-A8E4-26B7210408E7,34,99.9917406876253,Not Classified,road_classification,117310,risk_percentile,97.02359552015719,0.12747261449694633,1.2073491215705872,1,0,0,3172.8,0.124,Not Classified,Secondary Access Road,other_urban,urban_minor,Single Carriageway,,False,False,False,False,False,False,Urban,Urban: Nearer to a major town or city,False,True,sparse collision history,-1.511482370008189,53.80811941067574,2026-07-04T12:45:06+00:00,data/models/risk_scores.parquet,0.1.0,E01011433,LSOA2021,England,IoD 2025,within,0.0,1,1,1,1,0,0,3.5,0.9610000000000001,7893.2287994477965,2.1394958580083725
C79E8CEE-7D3B-46C3-8682-58313D7E33AA,35,99.99149040543213,Not Classified,road_classification,119497,risk_percentile,96.96810620051917,0.12576270401477813,0.902164077758789,1,0,0,2212.4,0.288,Not Classified,Local Road,other_urban,urban_minor,Single Carriageway,,False,False,False,False,False,False,Urban,Urban: Nearer to a major town or city,False,True,sparse collision history,-1.9606256000530933,52.48798937902682,2026-07-04T12:45:06+00:00,data/models/risk_scores.parquet,0.1.0,E01010061,LSOA2021,England,IoD 2025,within,0.0,1,1,2,1,0,0,3.0,0.111,5345.292019852419,0.28402127272227334
BA50FAA1-01C9-4082-901A-5CEA48C40C6B,36,99.99124012323895,Not Classified,road_classification,119809,risk_percentile,96.96019002871896,0.12553482130169868,1.417984712123871,0,0,0,3340.2,0.147,Not Classified,Local Access Road,other_urban,urban_minor,Shared Use Carriageway,,False,False,False,False,False,False,Urban,Urban: Nearer to a major town or city,False,True,sparse collision history,-2.1580630306787096,53.41182527547942,2026-07-04T12:45:06+00:00,data/models/risk_scores.parquet,0.1.0,E01033947,LSOA2021,England,IoD 2025,within,0.0,1,2,2,1,0,0,3.5,0.17,2404.47982093431,1.2604540881132735
0F8FC99F-EC95-42C6-9750-FD2838515C92,37,99.99098984104577,Not Classified,road_classification,119986,risk_percentile,96.95569912356306,0.12541037946939468,1.8214048743247986,0,0,0,3642.1,0.823,Not Classified,Restricted Local Access Road,other_urban,urban_minor,Single Carriageway,,False,False,False,False,False,False,Urban,Urban: Nearer to a major town or city,False,True,sparse collision history,-1.5454419610981163,54.767580142417025,2026-07-04T12:45:06+00:00,data/models/risk_scores.parquet,0.1.0,E01020724,LSOA2021,England,IoD 2025,within,0.0,1,1,1,1,0,0,3.0,0.479,301.5404386520119,0.3848580141170046
0E1C5949-5E71-4290-BC84-F417F4E214E6,38,99.99073955885261,Not Classified,road_classification,120503,risk_percentile,96.94258162093259,0.12502902820706369,1.2000605940818787,0,0,0,2813.7,1.746,Not Classified,Restricted Local Access Road,other_urban,urban_minor,Single Carriageway,,False,False,False,False,False,False,Urban,Urban: Nearer to a major town or city,False,True,sparse collision history,-0.9191226570607834,52.26226828873216,2026-07-04T12:45:06+00:00,data/models/risk_scores.parquet,0.1.0,E01027243,LSOA2021,England,IoD 2025,within,0.0,2,2,3,1,0,0,2.0,1.028,635.2286169213937,0.028326308926739964
55886202-0456-470E-854A-59D62E8E1AFF,39,99.99048927665943,Not Classified,road_classification,120544,risk_percentile,96.94154135476654,0.12500110715627671,1.5088297963142394,0,0,0,3916.8,0.146,Not Classified,Local Road,other_urban,urban_minor,Single Carriageway,,False,False,False,False,False,False,Urban,Urban: Nearer to a major town or city,False,True,sparse collision history,-1.5290621420904578,52.77667343703397,2026-07-04T12:45:06+00:00,data/models/risk_scores.parquet,0.1.0,E01019842,LSOA2021,England,IoD 2025,within,0.0,2,3,2,1,0,0,3.5,0.147,1303.4604144020516,2.793420936054447
685554E3-F8A7-4E26-8C03-64EDA5413433,40,99.99023899446627,Not Classified,road_classification,121739,risk_percentile,96.91122140187791,0.12411053851246834,1.7240249276161195,0,0,0,5183.8,0.267,Not Classified,Restricted Local Access Road,other_urban,urban_minor,Single Carriageway,,False,False,False,False,False,False,Urban,Urban: Nearer to a major town or city,False,True,sparse collision history,-1.8474016191056537,52.50646107672646,2026-07-04T12:45:06+00:00,data/models/risk_scores.parquet,0.1.0,E01009400,LSOA2021,England,IoD 2025,within,0.0,1,1,1,1,0,0,3.0,0.174,670.2172580351643,2.419064942903751
D1A1059B-E27C-4849-BC72-6D5884BE6963,41,99.98998871227309,Not Classified,road_classification,122642,risk_percentile,96.88831017387922,0.12344096153974533,1.9278976559638976,0,0,0,3815.6,0.826,Not Classified,Restricted Local Access Road,other_urban,urban_minor,Single Carriageway,,False,False,False,False,False,False,Urban,Urban: Nearer to a major town or city,False,True,sparse collision history,-1.5491913635086894,54.77170960763467,2026-07-04T12:45:06+00:00,data/models/risk_scores.parquet,0.1.0,E01020724,LSOA2021,England,IoD 2025,within,0.0,1,1,1,1,0,0,3.0,0.598,301.5404386520119,0.20978769429603106
F3D90827-E7FF-4CAA-81AB-91E5E83CA08B,42,99.98973843007991,Not Classified,road_classification,123158,risk_percentile,96.87521804359426,0.12306113094091416,1.5716540694236756,2,0,0,3501.4,0.081,Not Classified,Local Road,other_urban,urban_minor,Single Carriageway,,False,False,False,False,False,False,Urban,Urban: Nearer to a major town or city,False,False,,-1.7551941793947068,53.79607928964519,2026-07-04T12:45:06+00:00,data/models/risk_scores.parquet,0.1.0,E01033690,LSOA2021,England,IoD 2025,within,0.0,1,4,2,1,0,0,3.5,0.16399999999999998,2985.6345904091468,0.8694151877438545
3A0CD9DC-E14A-4C3C-AF1D-A3F3CDC2F784,43,99.98948814788675,Not Classified,road_classification,124459,risk_percentile,96.84220862208119,0.12211383432149887,0.6374726891517639,3,1,1,1750.0,1.119,Not Classified,Restricted Local Access Road,other_urban,urban_minor,Single Carriageway,,False,False,False,False,False,False,Urban,Urban: Nearer to a major town or city,False,False,,-3.0204429295585404,53.41477027007376,2026-07-04T12:45:06+00:00,data/models/risk_scores.parquet,0.1.0,E01007277,LSOA2021,England,IoD 2025,within,0.0,1,1,1,1,0,0,2.0,0.14200000000000002,3294.6934467204856,0.05620624446565924
D1590D37-0205-471E-AF38-291E0904E6A3,44,99.98923786569357,Not Classified,road_classification,124692,risk_percentile,96.83629686557656,0.12196306809782982,2.3061952590942383,0,0,0,3878.7,0.824,Not Classified,Local Road,other_urban,urban_minor,Single Carriageway,,False,False,False,False,False,False,Urban,Urban: Nearer to a major town or city,False,True,sparse collision history,-1.3554662714854095,53.4568459247657,2026-07-04T12:45:06+00:00,data/models/risk_scores.parquet,0.1.0,E01007783,LSOA2021,England,IoD 2025,within,0.0,2,2,1,1,0,0,3.5,0.7050000000000001,497.1511119474302,0.17469298241435646
9479EEE1-3BE1-4DD9-83DE-535A159B50A2,45,99.9889875835004,Not Classified,road_classification,125881,risk_percentile,96.806129146761,0.12110218927264213,0.7776757180690765,0,0,0,1955.7,0.136,Not Classified,Local Road,other_urban,urban_minor,Single Carriageway,,False,False,False,False,False,False,Urban,Urban: Nearer to a major town or city,False,True,sparse collision history,-2.1174881507778576,53.534329697225296,2026-07-04T12:45:06+00:00,data/models/risk_scores.parquet,0.1.0,E01005459,LSOA2021,England,IoD 2025,within,0.0,1,1,1,1,0,0,3.5,0.14,13854.548924997085,2.4355353628930874
307D343B-25B0-44DB-A727-7D2BF12B2FD4,46,99.98873730130722,Not Classified,road_classification,126453,risk_percentile,96.79161616512728,0.12069284692406654,1.7733449339866638,1,0,0,4728.9,0.397,Not Classified,Restricted Local Access Road,other_urban,urban_minor,Single Carriageway,,False,False,False,False,False,False,Urban,Urban: Nearer to a major town or city,False,True,sparse collision history,-1.8501345018801918,52.504125548585506,2026-07-04T12:45:06+00:00,data/models/risk_scores.parquet,0.1.0,E01009202,LSOA2021,England,IoD 2025,within,0.0,1,1,1,1,0,0,3.0,0.441,662.483112935747,2.4190091786509766
B9A1F053-9612-44AD-8354-99CA6D1E052D,47,99.98848701911405,Not Classified,road_classification,128421,risk_percentile,96.74168338915672,0.11936858370900154,1.0854434669017792,0,0,0,3296.3,0.229,Not Classified,Local Road,other_urban,urban_minor,Single Carriageway,,False,False,False,False,False,False,Urban,Urban: Nearer to a major town or city,False,True,sparse collision history,-1.9130625292768406,53.87240345611983,2026-07-04T12:45:06+00:00,data/models/risk_scores.parquet,0.1.0,E01010728,LSOA2021,England,IoD 2025,within,0.0,1,2,2,1,0,0,2.5,0.123,3849.9529170700293,0.3129406804837189
E22838AB-33AC-4CB5-9525-166DF957CF2B,48,99.98823673692088,Not Classified,road_classification,129399,risk_percentile,96.71686923524452,0.1186957411468029,1.665806198120117,0,0,0,3870.5,0.36,Not Classified,Local Road,other_urban,urban_minor,Single Carriageway,,False,False,False,False,False,False,Urban,Urban: Nearer to a major town or city,False,True,sparse collision history,-1.831261500669333,52.45688475345891,2026-07-04T12:45:06+00:00,data/models/risk_scores.parquet,0.1.0,E01008889,LSOA2021,England,IoD 2025,within,0.0,1,2,1,1,0,0,3.0,0.297,1662.428518923531,0.5983516906656454
4E467C72-89E1-402F-9C37-25BB66B4A415,49,99.9879864547277,Not Classified,road_classification,130310,risk_percentile,96.69375502848173,0.11809299141168594,1.214571863412857,0,0,0,3893.9,0.16,Not Classified,Local Road,other_urban,urban_minor,Single Carriageway,,False,False,False,False,False,False,Urban,Urban: Nearer to a major town or city,False,True,sparse collision history,-2.6991755671174342,53.3300053539681,2026-07-04T12:45:06+00:00,data/models/risk_scores.parquet,0.1.0,E01012408,LSOA2021,England,IoD 2025,within,0.0,1,1,1,1,0,0,3.0,0.081,1048.5629345404013,0.7236860997295809
EE63EE69-1CB6-499C-95B5-968802A8D8B3,50,99.98773617253454,Not Classified,road_classification,131536,risk_percentile,96.66264853288217,0.11722798347473144,0.6435843199491501,1,0,0,1958.9,0.114,Not Classified,Local Road,other_urban,urban_minor,Single Carriageway,,False,False,False,False,False,False,Urban,Urban: Nearer to a major town or city,False,True,sparse collision history,-1.7143937605785708,53.824088877906895,2026-07-04T12:45:06+00:00,data/models/risk_scores.parquet,0.1.0,E01010653,LSOA2021,England,IoD 2025,within,0.0,1,1,1,1,0,0,3.5,0.0,3167.4278115091333,3.6845609107910495
1B8A350A-B728-4A69-AD0A-F436BF140DA6,51,99.98748589034136,Not Classified,road_classification,132142,risk_percentile,96.647272891501,0.11681577637791633,1.0266626358032227,1,0,0,1876.3,0.173,Not Classified,Secondary Access Road,other_urban,urban_minor,Single Carriageway,,False,False,False,False,False,False,Urban,Urban: Nearer to a major town or city,False,True,sparse collision history,-1.7058804906955616,53.801866485107446,2026-07-04T12:45:06+00:00,data/models/risk_scores.parquet,0.1.0,E01010627,LSOA2021,England,IoD 2025,within,0.0,1,1,2,1,0,0,4.0,0.033,6046.354455566254,0.061225938438027774
E8193562-7CE5-4464-A75F-CC09AE7F8422,52,99.98723560814818,Not Classified,road_classification,132509,risk_percentile,96.63796124069755,0.11656454056501389,1.3443126440048219,1,0,1,4290.7,0.299,Not Classified,Restricted Local Access Road,other_urban,urban_minor,Single Carriageway,,False,False,False,False,False,False,Urban,Urban: Nearer to a major town or city,False,True,sparse collision history,-1.708682643211701,53.81171475316304,2026-07-04T12:45:06+00:00,data/models/risk_scores.parquet,0.1.0,E01010826,LSOA2021,England,IoD 2025,within,0.0,1,1,1,1,0,0,2.5,1.204,1734.4439242680971,0.34441869621572313
8BB9C0DE-2F3D-4E44-A61C-6BBFBC131DBB,53,99.98698532595502,Not Classified,road_classification,134170,risk_percentile,96.59581777479963,0.11550411134958267,0.9973772287368774,0,0,0,2179.5,0.493,Not Classified,Local Road,other_urban,urban_minor,Single Carriageway,,False,False,False,False,False,False,Urban,Urban: Nearer to a major town or city,False,True,sparse collision history,-3.0263952197414214,53.42103194786734,2026-07-04T12:45:06+00:00,data/models/risk_scores.parquet,0.1.0,E01007215,LSOA2021,England,IoD 2025,within,0.0,1,1,1,1,0,0,3.0,0.14,5800.4245834968615,0.09542326706895864
730D54F8-1F34-466E-B943-1A2E297BE982,54,99.98673504376184,Not Classified,road_classification,135499,risk_percentile,96.56209792761219,0.11468458473682404,1.8292843699455261,0,0,0,4232.2,0.657,Not Classified,Restricted Local Access Road,other_urban,urban_minor,Single Carriageway,,False,False,False,False,False,False,Urban,Urban: Nearer to a major town or city,False,True,sparse collision history,-1.335528200585293,53.28789108017355,2026-07-04T12:45:06+00:00,data/models/risk_scores.parquet,0.1.0,E01019563,LSOA2021,England,IoD 2025,within,0.0,1,1,1,1,0,0,3.0,0.9,191.21354108827978,3.2650475666014334
4901CAAD-1F7B-4603-B337-266107F4B7C3,55,99.98648476156868,Not Classified,road_classification,135712,risk_percentile,96.55669361801782,0.11456312015652656,1.048136168718338,1,0,0,2837.9,0.269,Not Classified,Minor Road,other_urban,urban_minor,Single Carriageway,,False,False,False,False,False,False,Urban,Urban: Nearer to a major town or city,False,True,sparse collision history,-2.2934105333742805,53.3983670576271,2026-07-04T12:45:06+00:00,data/models/risk_scores.parquet,0.1.0,E01005117,LSOA2021,England,IoD 2025,within,0.0,1,1,1,1,0,0,3.0,0.187,2203.4873941348806,0.39114792359611383
03882C01-87FC-41C3-BAB1-1930D1F9B948,56,99.9862344793755,Not Classified,road_classification,135734,risk_percentile,96.55613542641652,0.11454982906579972,1.2594224214553833,0,0,0,3793.5,0.081,Not Classified,Restricted Local Access Road,other_urban,urban_minor,Single Carriageway,,False,False,False,False,False,False,Urban,Urban: Nearer to a major town or city,False,True,sparse collision history,-1.5138311044473223,53.803771660542886,2026-07-04T12:45:06+00:00,data/models/risk_scores.parquet,0.1.0,E01011349,LSOA2021,England,IoD 2025,within,0.0,1,1,1,1,0,0,3.5,0.802,2662.64456656144,0.629733514463163
8545D1D6-C405-425C-8DAE-27BD0771835D,57,99.98598419718232,Not Classified,road_classification,137728,risk_percentile,96.50554296946261,0.11328674927353859,1.1264921128749847,0,0,0,3008.3,0.129,Not Classified,Secondary Access Road,other_urban,urban_minor,Single Carriageway,,False,False,False,False,False,False,Urban,Urban: Nearer to a major town or city,False,True,sparse collision history,-2.7212503371224863,53.456389710103295,2026-07-04T12:45:06+00:00,data/models/risk_scores.parquet,0.1.0,E01006873,LSOA2021,England,IoD 2025,within,0.0,1,1,1,1,0,0,3.5,0.276,4460.008242855484,0.8438538871209852
6399387B-6BB1-432D-B1E1-778C93E30588,58,99.98573391498915,Not Classified,road_classification,137951,risk_percentile,96.4998849364131,0.11313617080450059,1.1243528306484223,0,0,0,2825.2,0.338,Not Classified,Local Road,other_urban,urban_minor,Single Carriageway,,False,False,False,False,False,False,Urban,Urban: Nearer to a major town or city,False,True,sparse collision history,-3.0296559417727558,53.42558738807792,2026-07-04T12:45:06+00:00,data/models/risk_scores.parquet,0.1.0,E01007215,LSOA2021,England,IoD 2025,within,0.0,1,1,1,1,0,0,3.0,0.17,2330.5328070812798,0.09050744739635627
769167CA-9002-4C55-AF24-CD6DA902D6A5,59,99.98548363279598,Not Classified,road_classification,138473,risk_percentile,96.48664057205505,0.11281395554542542,1.1657712638378144,0,0,0,2534.7,0.856,Not Classified,Restricted Local Access Road,other_urban,urban_minor,Single Carriageway,,False,False,False,False,False,False,Urban,Urban: Nearer to a major town or city,False,True,sparse collision history,-1.1789422517193946,52.627511884679585,2026-07-04T12:45:06+00:00,data/models/risk_scores.parquet,0.1.0,E01013631,LSOA2021,England,IoD 2025,within,0.0,2,2,2,1,0,0,3.0,0.0,565.2275235601566,2.127035813779541
92A0BC84-8684-4ADF-80E4-47BD54C62CBD,60,99.98523335060281,Not Classified,road_classification,138547,risk_percentile,96.48476301848706,0.11275711581110955,0.9601512134075165,0,0,0,2544.6,0.115,Not Classified,Secondary Access Road,other_urban,urban_minor,Single Carriageway,,False,False,False,False,False,False,Urban,Urban: Nearer to a major town or city,False,True,sparse collision history,-1.7985275009590107,53.63554272410778,2026-07-04T12:45:06+00:00,data/models/risk_scores.parquet,0.1.0,E01011081,LSOA2021,England,IoD 2025,within,0.0,1,1,1,1,0,0,3.5,0.352,12328.390407666742,2.157891192409071
32778EB0-F83A-4DA0-B88E-4D03B138A810,61,99.98498306840963,Not Classified,road_classification,138705,risk_percentile,96.48075418789593,0.1126528762280941,1.2734464228153228,0,0,0,3668.0,0.395,Not Classified,Restricted Local Access Road,other_urban,urban_minor,Single Carriageway,,False,False,False,False,False,False,Urban,Urban: Nearer to a major town or city,False,True,sparse collision history,-1.6957678911463288,52.630968418942864,2026-07-04T12:45:06+00:00,data/models/risk_scores.parquet,0.1.0,E01029835,LSOA2021,England,IoD 2025,within,0.0,1,2,1,1,0,0,2.5,0.064,924.6767624698628,1.2355887807962782
59D63C43-4A2A-49F5-ACC8-575226CD2E33,62,99.98473278621645,Not Classified,road_classification,139276,risk_percentile,96.46626657860772,0.11230262368917465,0.99816135764122,2,0,1,2996.6,0.127,Not Classified,Local Road,other_urban,urban_minor,Single Carriageway,,False,False,False,False,False,False,Urban,Urban: Nearer to a major town or city,False,False,,-1.9718060892826297,52.41275187785502,2026-07-04T12:45:06+00:00,data/models/risk_scores.parquet,0.1.0,E01009219,LSOA2021,England,IoD 2025,within,0.0,3,3,3,1,0,0,3.5,0.035,4956.790976582668,4.174847757222582
A7395E88-38C5-4356-96FD-6A61B1DD0DFE,63,99.98448250402329,Not Classified,road_classification,139651,risk_percentile,96.45675194904015,0.11207053847610951,0.9661137759685516,0,0,0,2405.7,0.123,Not Classified,Secondary Access Road,other_urban,urban_minor,Single Carriageway,,False,False,False,False,False,False,Urban,Urban: Nearer to a major town or city,False,True,sparse collision history,-1.7909143725714693,53.78691983026999,2026-07-04T12:45:06+00:00,data/models/risk_scores.parquet,0.1.0,E01033697,LSOA2021,England,IoD 2025,within,0.0,1,1,1,1,0,0,3.5,0.7520000000000001,9807.541697807012,0.5640005131957937
B942D9DA-03B9-429F-8B59-2642E0149372,64,99.98423222183011,Not Classified,road_classification,139921,risk_percentile,96.4499014157515,0.11189688593149186,1.532930588722229,0,0,0,3998.0,0.116,Not Classified,Local Access Road,other_urban,urban_minor,Shared Use Carriageway,,False,False,False,False,False,False,Urban,Urban: Nearer to a major town or city,False,True,sparse collision history,-1.1349696939302574,53.524162793202564,2026-07-04T12:45:06+00:00,data/models/risk_scores.parquet,0.1.0,E01007655,LSOA2021,England,IoD 2025,within,0.0,1,2,2,1,0,0,3.5,0.133,480.6202002963108,2.232816664714102
BD288D05-FDF8-44EB-8550-E895810A9256,65,99.98398193963695,Not Classified,road_classification,140932,risk_percentile,96.42424997443736,0.11126663908362389,1.6427886605262756,3,0,0,2497.1,0.133,Not Classified,Local Access Road,other_urban,urban_minor,Shared Use Carriageway,,False,False,False,False,False,False,Urban,Urban: Nearer to a major town or city,False,False,,-1.7541689983353956,53.79534170845032,2026-07-04T12:45:06+00:00,data/models/risk_scores.parquet,0.1.0,E01033690,LSOA2021,England,IoD 2025,within,0.0,1,4,2,1,0,0,4.0,0.16399999999999998,2985.6345904091468,0.07746925846967662
B24EBA2E-C510-4324-9785-570FB019C2C5,66,99.98373165744377,Not Classified,road_classification,141091,risk_percentile,96.42021577150072,0.11115949451923371,1.4061282396316528,0,0,0,3126.0,0.219,Not Classified,Restricted Local Access Road,other_urban,urban_minor,Single Carriageway,,False,False,False,False,False,False,Urban,Urban: Nearer to a major town or city,False,True,sparse collision history,-1.3737509542737054,54.893375520181976,2026-07-04T12:45:06+00:00,data/models/risk_scores.parquet,0.1.0,E01008737,LSOA2021,England,IoD 2025,within,0.0,1,1,1,1,0,0,3.5,0.7100000000000002,4189.6330481605,0.11517821890878134
66442175-D2CB-4D0E-AA18-D05EE1E66471,67,99.98348137525059,Not Classified,road_classification,141832,risk_percentile,96.40141486347521,0.11069433689117432,1.203193759918213,0,0,0,3694.6,0.176,Not Classified,Restricted Local Access Road,other_urban,urban_minor,Single Carriageway,,False,False,False,False,False,False,Urban,Urban: Nearer to a major town or city,False,True,sparse collision history,-1.2065039337373762,54.564260754682955,2026-07-04T12:45:06+00:00,data/models/risk_scores.parquet,0.1.0,E01012077,LSOA2021,England,IoD 2025,within,0.0,1,1,1,1,0,0,3.0,0.28300000000000003,2015.6283669698591,0.6371740326251508
FF4977FE-95EA-4F8D-8526-6B63F20B4ACE,68,99.98323109305743,Not Classified,road_classification,144718,risk_percentile,96.32819027432326,0.10903517231345176,0.6062637746334076,0,0,0,3416.1,1.16,Not Classified,Restricted Local Access Road,other_urban,urban_minor,Single Carriageway,,False,False,False,False,False,False,Urban,Urban: Nearer to a major town or city,False,True,sparse collision history,-0.035661363530191885,51.62108839527982,2026-07-04T12:45:06+00:00,data/models/risk_scores.parquet,0.1.0,E01033151,LSOA2021,England,IoD 2025,within,0.0,1,1,1,1,0,0,3.0,0.361,413.1235819688758,0.05456588662285496
BC0E1AE5-3468-4791-B5C2-70A9B7578C98,69,99.98298081086425,Not Classified,road_classification,145556,risk_percentile,96.30692824878295,0.10857554599642753,0.7402903199195862,0,0,0,1572.4,1.767,Not Classified,Restricted Local Access Road,other_rural,rural_minor,Single Carriageway,,False,False,False,False,False,False,Rural,Larger rural: Nearer to a major town or city,False,True,sparse collision history,-1.5328482150444735,55.08756298082417,2026-07-04T12:45:06+00:00,data/models/risk_scores.parquet,0.1.0,E01027418,LSOA2021,England,IoD 2025,within,0.0,7,6,5,1,0,0,3.0,0.0,506.6174414755849,0.1211262554017932
C0280C75-2FF3-454E-AA8A-10264E8F4E0F,70,99.98273052867108,Not Classified,road_classification,146774,risk_percentile,96.27602473194752,0.10785656124353409,0.945817232131958,1,0,0,2445.8,0.117,Not Classified,Secondary Access Road,other_urban,urban_minor,Single Carriageway,,False,False,False,False,False,False,Urban,Urban: Nearer to a major town or city,False,True,sparse collision history,-1.709168202881657,53.79458825079258,2026-07-04T12:45:06+00:00,data/models/risk_scores.parquet,0.1.0,E01010623,LSOA2021,England,IoD 2025,within,0.0,1,1,1,1,0,0,3.5,0.332,9506.814600860174,0.6150571719868578
61787BEE-75BB-47C6-A39C-69B2F5C77124,71,99.9824802464779,Not Classified,road_classification,149419,risk_percentile,96.2089148780643,0.10639068260788917,1.068990159034729,0,0,0,2356.5,0.202,Not Classified,Restricted Local Access Road,other_urban,urban_minor,Single Carriageway,,False,False,False,False,False,False,Urban,Urban: Nearer to a major town or city,False,True,sparse collision history,-1.6445967536036246,54.96954647903597,2026-07-04T12:45:06+00:00,data/models/risk_scores.parquet,0.1.0,E01008333,LSOA2021,England,IoD 2025,within,0.0,1,1,1,1,0,0,3.5,0.449,7538.009873043082,0.10648040556148451
8AE93817-26EC-4D25-A4C2-FB8131ED6619,72,99.98222996428473,Not Classified,road_classification,149514,risk_percentile,96.20650450524053,0.10634175054728985,1.466083812713623,0,0,0,3880.0,0.315,Not Classified,Secondary Access Road,other_urban,urban_minor,Single Carriageway,,False,False,False,False,False,False,Urban,Urban: Nearer to a major town or city,False,True,sparse collision history,-1.19403084354251,53.480653287033775,2026-07-04T12:45:06+00:00,data/models/risk_scores.parquet,0.1.0,E01007547,LSOA2021,England,IoD 2025,within,0.0,1,1,1,1,0,0,3.0,2.0429999999999997,3351.074994873431,3.195179413011086
F26A537F-D6FD-45CB-A0B5-4CDA5E38719B,73,99.98197968209156,Not Classified,road_classification,150188,risk_percentile,96.18940354436444,0.10596923753619195,0.856104177236557,0,0,0,3295.0,0.165,Not Classified,Secondary Access Road,other_urban,urban_minor,Single Carriageway,,False,False,False,False,False,False,Urban,Urban: Nearer to a major town or city,False,True,sparse collision history,-2.2693860672804083,53.50341850710984,2026-07-04T12:45:06+00:00,data/models/risk_scores.parquet,0.1.0,E01005650,LSOA2021,England,IoD 2025,within,0.0,1,1,2,1,0,0,2.5,0.478,4473.549865027539,2.742142065829949
4D7783CB-81E5-4EB0-9B03-F5BA1B7D91C3,74,99.98172939989838,Not Classified,road_classification,151348,risk_percentile,96.15997162356878,0.10531138405203819,1.6927046179771423,0,0,0,4844.9,0.299,Not Classified,Restricted Local Access Road,other_urban,urban_minor,Single Carriageway,,False,False,False,False,False,False,Urban,Urban: Nearer to a major town or city,False,True,sparse collision history,-1.8442282543432185,52.50617592053715,2026-07-04T12:45:06+00:00,data/models/risk_scores.parquet,0.1.0,E01009400,LSOA2021,England,IoD 2025,within,0.0,1,1,1,1,0,0,3.0,0.158,670.2172580351643,1.8104091728910525
22059815-F74A-4239-A6E8-B299CEFA15E9,75,99.9814791177052,Not Classified,road_classification,151780,risk_percentile,96.14901077030694,0.1050625540316105,0.5251633405685425,0,0,0,2600.0,0.925,Not Classified,Restricted Local Access Road,other_urban,urban_minor,Single Carriageway,,False,False,False,False,False,False,Urban,Urban: Nearer to a major town or city,False,True,sparse collision history,-0.4060745609165937,51.87905974991277,2026-07-04T12:45:06+00:00,data/models/risk_scores.parquet,0.1.0,E01015789,LSOA2021,England,IoD 2025,within,0.0,1,1,2,1,0,0,3.5,0.0,1525.7476811666875,2.3507011990827844
3914365A-9BF5-4E80-BCEB-C1842B0EC96D,76,99.98122883551204,Not Classified,road_classification,152109,risk_percentile,96.140663268633,0.10488957390189171,0.7902399182319642,0,0,0,2050.4,0.801,Not Classified,Restricted Local Access Road,other_urban,urban_minor,Guided Busway,,False,False,False,False,False,False,Urban,Urban: Nearer to a major town or city,False,True,sparse collision history,0.1142917877225844,52.169257329312806,2026-07-04T12:45:06+00:00,data/models/risk_scores.parquet,0.1.0,E01035530,LSOA2021,England,IoD 2025,within,0.0,8,7,9,1,0,0,3.0,0.075,3342.638624244585,0.16486446244133843
F4C68B1E-6272-4F50-B4CE-FDDFF76CF4D8,77,99.98097855331886,Not Classified,road_classification,152410,risk_percentile,96.13302619263344,0.10472255684435368,1.080714225769043,0,0,0,2273.0,1.087,Not Classified,Restricted Local Access Road,other_urban,urban_minor,Single Carriageway,,False,False,False,False,False,False,Urban,Urban: Nearer to a major town or city,False,True,sparse collision history,-2.709333505796053,53.68312804944616,2026-07-04T12:45:06+00:00,data/models/risk_scores.parquet,0.1.0,E01025445,LSOA2021,England,IoD 2025,within,0.0,2,2,2,1,0,0,2.5,2.3199999999999994,7014.752313016841,1.2771993019636398
883FCA77-1962-47A3-9DD6-5B5279359250,78,99.9807282711257,Not Classified,road_classification,154040,risk_percentile,96.09166926944644,0.10382879376411439,1.2378617107868195,0,0,0,3093.2,0.33,Not Classified,Local Road,other_urban,urban_minor,Single Carriageway,,False,False,False,False,False,False,Urban,Urban: Nearer to a major town or city,False,True,sparse collision history,-1.7382287662350309,53.63550436185809,2026-07-04T12:45:06+00:00,data/models/risk_scores.parquet,0.1.0,E01011004,LSOA2021,England,IoD 2025,within,0.0,1,1,1,1,0,0,3.0,0.617,3711.85551684913,0.3607911811965431
E84EDA5A-2403-4485-BED9-66105A64B21A,79,99.98047798893252,Not Classified,road_classification,156123,risk_percentile,96.03881867374183,0.10269897803664207,1.187069970369339,0,0,0,3980.9,0.373,Not Classified,Restricted Local Access Road,other_urban,urban_minor,Single Carriageway,,False,False,False,False,False,False,Urban,Urban: Nearer to a major town or city,False,True,sparse collision history,-1.8381470065680583,53.68932040927796,2026-07-04T12:45:06+00:00,data/models/risk_scores.parquet,0.1.0,E01010889,LSOA2021,England,IoD 2025,within,0.0,1,1,1,1,0,0,2.5,0.10300000000000001,530.5732198580366,2.2989190571354445
10A71BEC-E301-4318-8186-5FED9528443A,80,99.98022770673934,Not Classified,road_classification,157328,risk_percentile,96.00824499739807,0.10210621133446693,1.0631586551666259,0,0,0,1778.9,1.141,Not Classified,Restricted Local Access Road,other_rural,rural_minor,Single Carriageway,,False,False,False,False,False,False,Rural,Smaller rural: Nearer to a major town or city,False,True,sparse collision history,-1.4248812419861485,53.132042622063736,2026-07-04T12:45:06+00:00,data/models/risk_scores.parquet,0.1.0,E01019818,LSOA2021,England,IoD 2025,within,0.0,2,2,2,1,0,0,3.5,0.0,179.59650705751702,4.02075986257382
1B786E32-99A1-4064-BEB5-C28397904600,81,99.97997742454618,Not Classified,road_classification,158281,risk_percentile,95.9840651521237,0.10161002054810524,1.1204516649246217,1,0,0,1951.6,0.292,Not Classified,Local Road,other_urban,urban_minor,Single Carriageway,,False,False,False,False,False,False,Urban,Urban: Nearer to a major town or city,False,True,sparse collision history,-2.1281901367348017,53.53042725762941,2026-07-04T12:45:06+00:00,data/models/risk_scores.parquet,0.1.0,E01005462,LSOA2021,England,IoD 2025,within,0.0,2,2,2,1,0,0,4.0,0.325,3381.155830382719,0.8431321274804162
C6CBDE86-22C2-436F-B915-D403CD097CC5,82,99.979727142353,Not Classified,road_classification,158818,risk_percentile,95.97044020258295,0.10133815556764603,0.6184344261884689,0,0,0,1507.7,0.471,Not Classified,Local Road,other_urban,urban_minor,Single Carriageway,,False,False,False,False,False,False,Urban,Urban: Nearer to a major town or city,False,True,sparse collision history,-1.7971454394912103,53.63089115004636,2026-07-04T12:45:06+00:00,data/models/risk_scores.parquet,0.1.0,E01011081,LSOA2021,England,IoD 2025,within,0.0,1,1,1,1,0,0,3.0,0.0,4118.0408743355165,2.250880964133958
5B0CFFE4-B3E1-46E3-8DB7-0A0CC30A0CC4,83,99.97947686015983,Not Classified,road_classification,160694,risk_percentile,95.92284168239964,0.10040504187345504,1.3159873247146607,0,0,0,1842.2,0.047,Not Classified,Restricted Local Access Road,other_urban,urban_minor,Single Carriageway,,False,False,False,False,False,False,Urban,Urban: Nearer to a major town or city,False,True,sparse collision history,-1.5488159124118843,53.79727986176766,2026-07-04T12:45:06+00:00,data/models/risk_scores.parquet,0.1.0,E01033010,LSOA2021,England,IoD 2025,within,0.0,3,10,10,1,0,0,3.5,0.527,1007.524699505446,0.6094563868278258
691591D4-CC58-4BEC-B188-F6C851AE4A7D,84,99.97922657796666,Not Classified,road_classification,161034,risk_percentile,95.91421508492505,0.10021932870149612,0.8223447263240814,0,0,0,2267.5,0.287,Not Classified,Local Road,other_urban,urban_minor,Single Carriageway,,False,False,False,False,False,False,Urban,Urban: Nearer to a major town or city,False,True,sparse collision history,-1.9927842808605305,52.39682546943126,2026-07-04T12:45:06+00:00,data/models/risk_scores.parquet,0.1.0,E01009158,LSOA2021,England,IoD 2025,within,0.0,2,2,2,1,0,0,3.0,0.0,1506.9511602846626,0.6480304329673978
9E80BA0C-54D4-42F2-82FC-D0BE8403C628,85,99.97897629577348,Not Classified,road_classification,161482,risk_percentile,95.902848274135,0.09998557791113853,0.2607194259762764,0,0,0,313.6,3.531,Not Classified,Restricted Local Access Road,other_urban,urban_minor,Single Carriageway,,False,False,False,False,False,False,Urban,Urban: Nearer to a major town or city,True,True,low exposure; sparse collision history,-3.034106954820458,53.92383272011939,2026-07-04T12:45:06+00:00,data/models/risk_scores.parquet,0.1.0,E01025606,LSOA2021,England,IoD 2025,within,0.0,1,1,1,1,0,0,3.0,0.8000000000000002,7522.45116114858,0.0008406041191680114
78C1C14B-74B5-4317-BF33-800F96AA9CB6,86,99.97872601358031,Not Classified,road_classification,161515,risk_percentile,95.90201098673306,0.09996963813900947,0.6430989623069763,1,0,0,1804.5,0.264,Not Classified,Local Road,other_urban,urban_minor,Single Carriageway,,False,False,False,False,False,False,Urban,Urban: Nearer to a major town or city,False,True,sparse collision history,-1.8545747613869898,52.45446493829303,2026-07-04T12:45:06+00:00,data/models/risk_scores.parquet,0.1.0,E01009339,LSOA2021,England,IoD 2025,within,0.0,1,1,1,1,0,0,3.0,0.0,3277.855110820892,0.8922086683837979
348519DC-B7F3-4806-9FD8-07C46710A01F,87,99.97847573138714,Not Classified,road_classification,161564,risk_percentile,95.9007677418029,0.09994884878396988,1.4045204162597655,0,0,0,4583.2,0.2,Not Classified,Restricted Local Access Road,other_urban,urban_minor,Single Carriageway,,False,False,False,False,False,False,Urban,Urban: Nearer to a major town or city,False,True,sparse collision history,-1.8453180294430953,52.50743420360664,2026-07-04T12:45:06+00:00,data/models/risk_scores.parquet,0.1.0,E01009400,LSOA2021,England,IoD 2025,within,0.0,1,1,1,1,0,0,3.0,0.158,670.2172580351643,2.4186442015687755
7109C802-2148-4522-9C98-18E915E16244,88,99.97822544919397,Not Classified,road_classification,161598,risk_percentile,95.89990508205544,0.09993642047047616,2.161395180225372,2,0,0,3488.1,0.574,Not Classified,Local Road,other_urban,urban_minor,Single Carriageway,,False,False,False,False,False,False,Urban,Urban: Nearer to a major town or city,False,False,,-3.0391299472724755,53.3947068240004,2026-07-04T12:45:06+00:00,data/models/risk_scores.parquet,0.1.0,E01007155,LSOA2021,England,IoD 2025,within,0.0,1,2,1,1,0,0,3.5,0.314,624.9327910915983,0.07387694056988042
E4C13417-DFC4-4B70-94F2-C4BB118377BD,89,99.97797516700079,Not Classified,road_classification,161945,risk_percentile,95.89110087816225,0.09975800588726998,1.0685321509838104,1,0,0,2876.4,0.261,Not Classified,Restricted Local Access Road,other_urban,urban_minor,Single Carriageway,,False,False,False,False,False,False,Urban,Urban: Nearer to a major town or city,False,True,sparse collision history,-2.2759905968239575,53.49286629491038,2026-07-04T12:45:06+00:00,data/models/risk_scores.parquet,0.1.0,E01033981,LSOA2021,England,IoD 2025,within,0.0,3,5,6,1,0,0,2.5,0.571,2928.7127469102384,2.740838344581595
9D5FC60B-E3EE-4F36-A949-3CEC3B83E719,90,99.97772488480761,Not Classified,road_classification,162323,risk_percentile,95.88151013155814,0.09957819432020187,1.1599684417247773,0,0,0,3246.3,0.282,Not Classified,Local Access Road,other_urban,urban_minor,Single Carriageway,,False,False,False,False,False,False,Urban,Urban: Nearer to a major town or city,False,True,sparse collision history,-2.7323262086711937,53.36411413207055,2026-07-04T12:45:06+00:00,data/models/risk_scores.parquet,0.1.0,E01012424,LSOA2021,England,IoD 2025,within,0.0,1,1,1,1,0,0,3.0,0.561,1808.1709752620866,1.1475434032857046
30D75B3C-53FC-465F-B28F-0656792179DF,91,99.97747460261445,Not Classified,road_classification,162490,risk_percentile,95.8772729498574,0.09949165284633636,0.9089235961437225,0,0,0,2455.2,0.096,Not Classified,Secondary Access Road,other_urban,urban_minor,Single Carriageway,,False,False,False,False,False,False,Urban,Urban: Nearer to a major town or city,False,True,sparse collision history,-1.7909221861484912,53.787813539555955,2026-07-04T12:45:06+00:00,data/models/risk_scores.parquet,0.1.0,E01010659,LSOA2021,England,IoD 2025,within,0.0,1,1,1,1,0,0,3.5,0.7170000000000002,8919.621398436013,0.6174093869496736
08E4351A-B98C-4801-9A8D-CF645AD1423A,92,99.97722432042127,Not Classified,road_classification,163234,risk_percentile,95.85839592479535,0.09912870228290557,0.9535652160644531,0,0,0,1912.5,0.309,Not Classified,Secondary Access Road,other_urban,urban_minor,Single Carriageway,,False,False,False,False,False,False,Urban,Urban: Nearer to a major town or city,False,True,sparse collision history,-2.461065765778415,53.10413212989708,2026-07-04T12:45:06+00:00,data/models/risk_scores.parquet,0.1.0,E01018485,LSOA2021,England,IoD 2025,within,0.0,2,2,2,1,0,0,3.5,0.037,7688.207305195776,0.10996334068545284
894112C3-1B38-4358-93BF-17F4DE22AC48,93,99.97697403822811,Not Classified,road_classification,164036,risk_percentile,95.83804730369353,0.09873464852571487,1.2675686955451966,0,0,0,3849.8,0.164,Not Classified,Restricted Local Access Road,other_urban,urban_minor,Single Carriageway,,False,False,False,False,False,False,Urban,Urban: Nearer to a major town or city,False,True,sparse collision history,-0.2466346369064266,52.57458187643041,2026-07-04T12:45:06+00:00,data/models/risk_scores.parquet,0.1.0,E01015599,LSOA2021,England,IoD 2025,within,0.0,2,2,3,1,0,0,3.0,0.06,727.1858832660394,0.05997535522817077
777B0CC3-A03E-4227-9064-8BDAA20CA5EF,94,99.97672375603493,Not Classified,road_classification,164318,risk_percentile,95.83089230225872,0.0986007109284401,0.5695371687412262,0,0,0,1052.2,0.442,Not Classified,Restricted Local Access Road,other_urban,urban_minor,Single Carriageway,,False,False,False,False,False,False,Urban,Urban: Nearer to a major town or city,False,True,sparse collision history,-2.693961496044801,53.77134466661863,2026-07-04T12:45:06+00:00,data/models/risk_scores.parquet,0.1.0,E01025294,LSOA2021,England,IoD 2025,within,0.0,2,2,3,1,0,0,3.5,0.0,8429.303421531069,2.3021619782347105
CDA42091-98F7-4281-8FB1-1962AAC954A5,95,99.97647347384175,Not Classified,road_classification,164561,risk_percentile,95.82472682229894,0.09847799465060234,0.5748816668987274,0,0,0,1642.6,0.163,Not Classified,Restricted Local Access Road,other_urban,urban_minor,Single Carriageway,,False,False,False,False,False,False,Urban,Urban: Nearer to a major town or city,False,True,sparse collision history,-2.3549652341167673,53.74495585086897,2026-07-04T12:45:06+00:00,data/models/risk_scores.parquet,0.1.0,E01025037,LSOA2021,England,IoD 2025,within,0.0,2,2,2,1,0,0,3.5,0.0,2393.3980361630565,4.8253844163510635
D12602FB-8B0B-4CDC-B654-E9A801F3E201,96,99.97622319164859,Not Classified,road_classification,164750,risk_percentile,95.81993144899688,0.09838531985878944,1.6284507036209106,0,0,0,3964.2,0.156,Not Classified,Restricted Local Access Road,other_urban,urban_minor,Single Carriageway,,False,False,False,False,False,False,Urban,Urban: Nearer to a major town or city,False,True,sparse collision history,-0.32381552294860194,53.75388822485379,2026-07-04T12:45:06+00:00,data/models/risk_scores.parquet,0.1.0,E01012809,LSOA2021,England,IoD 2025,within,0.0,1,2,1,1,0,0,3.5,0.15,510.8126982163094,0.24647535648556695
A416F914-3EE1-47A8-9DCE-6E9ADE565FBF,97,99.97597290945541,Not Classified,road_classification,165313,risk_percentile,95.8056468184728,0.09809553623199463,0.5481857031583786,1,0,0,700.4,0.136,Not Classified,Restricted Local Access Road,other_urban,urban_minor,Single Carriageway,,False,False,False,False,False,False,Urban,Urban: Nearer to a major town or city,False,True,sparse collision history,-2.9878652731543345,53.40748851710096,2026-07-04T12:45:06+00:00,data/models/risk_scores.parquet,0.1.0,E01033760,LSOA2021,England,IoD 2025,within,0.0,5,10,10,1,0,0,3.5,0.0,10755.64884138311,0.017733204538769393
A8D10407-38CF-404E-BDC3-A37012C49E34,98,99.97572262726224,Not Classified,road_classification,165404,risk_percentile,95.80333793503107,0.09805594235658646,1.5129299402236938,0,0,0,4144.8,0.288,Not Classified,Restricted Local Access Road,other_urban,urban_minor,Single Carriageway,,False,False,False,False,False,False,Urban,Urban: Nearer to a major town or city,False,True,sparse collision history,-0.31097118364118526,52.54081935387467,2026-07-04T12:45:06+00:00,data/models/risk_scores.parquet,0.1.0,E01015647,LSOA2021,England,IoD 2025,within,0.0,1,1,1,1,0,0,3.0,0.584,1154.6006285955896,1.3911721730762852
3C5B2DB0-C0CC-4E29-A81A-EA6E0E6A84EE,99,99.97547234506906,Not Classified,road_classification,165584,risk_percentile,95.79877091283863,0.09796426407992839,0.927857518196106,0,0,0,2316.0,0.12,Not Classified,Restricted Local Access Road,other_urban,urban_minor,Single Carriageway,,False,False,False,False,False,False,Urban,Urban: Nearer to a major town or city,False,True,sparse collision history,-1.9851263180980747,52.41560825664202,2026-07-04T12:45:06+00:00,data/models/risk_scores.parquet,0.1.0,E01009172,LSOA2021,England,IoD 2025,within,0.0,1,1,1,1,0,0,3.5,0.9639999999999999,9017.952795073232,0.44910852467891027
B7A9894D-76AB-4652-A75E-7DDF92AD71A6,100,99.97522206287589,Not Classified,road_classification,165786,risk_percentile,95.7936456990449,0.09787707701325417,0.7950101971626282,1,0,0,2000.6,0.136,Not Classified,Local Access Road,other_urban,urban_minor,Single Carriageway,,False,False,False,False,False,False,Urban,Urban: Nearer to a major town or city,False,True,sparse collision history,-2.562376202028379,53.379423863718884,2026-07-04T12:45:06+00:00,data/models/risk_scores.parquet,0.1.0,E01012507,LSOA2021,England,IoD 2025,within,0.0,3,4,4,1,0,0,3.5,0.0,1117.1518081608667,1.7845738737526318
5D5599EF-026D-4A0C-AC67-F13AE5618484,1,100.0,Unclassified,road_classification,1567,risk_percentile,99.96026690692587,0.7926242709159851,2.0698596000671388,8,0,2,2115.1,0.151,Unclassified,Local Road,other_urban,urban_minor,Single Carriageway,,False,False,False,False,False,False,Urban,Urban: Nearer to a major town or city,False,False,,-1.5098766623692128,52.410490272021704,2026-07-04T12:45:06+00:00,data/models/risk_scores.parquet,0.1.0,E01034743,LSOA2021,England,IoD 2025,within,0.0,3,8,10,1,0,0,3.5,0.224,5038.080056247992,3.158011931266549
4E1A24B2-0704-42C0-87F5-D66FAFB4BD10,2,99.9999458428131,Unclassified,road_classification,1938,risk_percentile,99.95085376674035,0.7333100795745849,2.2674097657203673,8,0,1,1868.5,0.133,Unclassified,Local Road,other_urban,urban_minor,Single Carriageway,,False,False,False,False,False,False,Urban,Urban: Nearer to a major town or city,False,False,,-1.5111549504429709,52.4110788435923,2026-07-04T12:45:06+00:00,data/models/risk_scores.parquet,0.1.0,E01034743,LSOA2021,England,IoD 2025,within,0.0,3,8,10,1,0,0,4.0,0.091,10110.073692365215,3.7504512193824002
D670CA17-1A5E-4CBB-8BFA-4DC6D0A7D3C2,3,99.9998916856262,Unclassified,road_classification,2422,risk_percentile,99.93857355151182,0.6806629121303558,1.9589351415634155,0,0,0,1859.0,0.13,Unclassified,Local Road,other_urban,urban_minor,Single Carriageway,,False,False,False,False,False,False,Urban,Urban: Nearer to a major town or city,False,True,sparse collision history,-1.513623012424554,52.41126756877415,2026-07-04T12:45:06+00:00,data/models/risk_scores.parquet,0.1.0,E01034743,LSOA2021,England,IoD 2025,within,0.0,3,8,10,1,0,0,3.5,0.108,10110.073692365215,0.8361433065799057
DDADCCB5-282A-4B56-B151-6B73B3865A1C,4,99.9998375284393,Unclassified,road_classification,2597,risk_percentile,99.93413339104697,0.66641566157341,1.152750688791275,0,0,0,1303.5,0.091,Unclassified,Local Road,other_urban,urban_minor,Single Carriageway,,False,False,False,False,False,False,Urban,Urban: Nearer to a major town or city,False,True,sparse collision history,-1.5117349796109556,52.41201139767914,2026-07-04T12:45:06+00:00,data/models/risk_scores.parquet,0.1.0,E01034743,LSOA2021,England,IoD 2025,within,0.0,3,8,10,1,0,0,3.5,0.0,10110.073692365215,3.2456572898542513
FDFAE69E-289B-43A9-B405-A09A618DA7AF,5,99.99978337125239,Unclassified,road_classification,3195,risk_percentile,99.9189607284299,0.6183709561824798,1.8450259566307068,4,0,1,2003.2,0.108,Unclassified,Local Road,other_urban,urban_minor,Single Carriageway,,False,False,False,False,False,False,Urban,Urban: Nearer to a major town or city,False,False,,-1.5107422008105016,52.41183420088866,2026-07-04T12:45:06+00:00,data/models/risk_scores.parquet,0.1.0,E01034743,LSOA2021,England,IoD 2025,within,0.0,3,8,10,1,0,0,3.5,0.091,10110.073692365215,3.722250439857211
271B6958-2000-44D6-AA5F-FD6DEF9566F2,6,99.9997292140655,Unclassified,road_classification,3403,risk_percentile,99.91368328056308,0.6055140405893326,2.4104549646377564,12,0,3,2083.0,0.144,Unclassified,Minor Road,other_urban,urban_minor,Single Carriageway,,False,False,False,False,False,False,Urban,Urban: Nearer to a major town or city,False,False,,-1.538473354785857,53.79651621743466,2026-07-04T12:45:06+00:00,data/models/risk_scores.parquet,0.1.0,E01033010,LSOA2021,England,IoD 2025,within,0.0,3,10,10,1,0,0,3.5,0.159,1940.4079595369724,2.136454708474804
6534C4C5-3483-44D6-BCD8-3BADC7E9CC60,7,99.99967505687859,Unclassified,road_classification,4086,risk_percentile,99.89635396857737,0.569720309972763,1.5893747210502625,9,0,2,1727.2,0.112,Unclassified,Local Road,other_urban,urban_minor,Collapsed Dual Carriageway,,False,False,False,True,False,False,Urban,Urban: Nearer to a major town or city,False,False,,-1.5448751722644205,53.80036713698193,2026-07-04T12:45:06+00:00,data/models/risk_scores.parquet,0.1.0,E01033010,LSOA2021,England,IoD 2025,within,0.0,3,10,10,1,0,0,3.5,0.22699999999999998,4609.2002578252095,1.3061529292367082
CAB2B179-F04C-48F4-89E6-57CBF162ABE4,8,99.99962089969169,Unclassified,road_classification,4435,risk_percentile,99.88749901999316,0.5543469458818435,1.1933088421821594,2,0,0,1415.9,0.178,Unclassified,Local Road,other_urban,urban_minor,Single Carriageway,,False,False,False,False,False,False,Urban,Urban: Nearer to a major town or city,False,False,,-1.1362479250412245,52.62307091627206,2026-07-04T12:45:06+00:00,data/models/risk_scores.parquet,0.1.0,E01013648,LSOA2021,England,IoD 2025,within,0.0,3,6,9,1,0,0,3.5,0.0,10066.157496847836,3.5536592979372386
E67DF9F4-E91F-4586-B7F2-67D7EE48806D,9,99.99956674250478,Unclassified,road_classification,4620,risk_percentile,99.88280513607316,0.5467708885669709,3.2751862049102782,0,0,0,4114.4,1.093,Unclassified,Minor Road,other_rural,rural_minor,Single Carriageway,,False,False,False,False,False,False,Rural,Larger rural: Nearer to a major town or city,False,True,sparse collision history,-1.2635983864384248,53.388104836673655,2026-07-04T12:45:06+00:00,data/models/risk_scores.parquet,0.1.0,E01007809,LSOA2021,England,IoD 2025,within,0.0,1,1,1,1,0,0,3.5,3.686,1367.7645103099615,3.305547666475658
938D74FF-5A33-4943-A80B-77563E52F32F,10,99.99951258531787,Unclassified,road_classification,4966,risk_percentile,99.87402630452549,0.5332370877265931,1.8106918692588807,9,0,2,1507.7,0.131,Unclassified,Local Road,other_urban,urban_minor,Single Carriageway,,False,False,False,False,False,False,Urban,Urban: Nearer to a major town or city,False,False,,-1.5450670827286954,53.79887154882455,2026-07-04T12:45:06+00:00,data/models/risk_scores.parquet,0.1.0,E01033010,LSOA2021,England,IoD 2025,within,0.0,3,10,10,1,0,0,3.5,0.38499999999999995,4330.694135413237,1.1756346240544346
3786B25B-A296-44D8-95D7-78CE6B479AB3,11,99.99945842813098,Unclassified,road_classification,4972,risk_percentile,99.8738740704524,0.5331000953912735,2.305751991271973,2,0,0,2774.3,0.724,Unclassified,Local Road,other_urban,urban_minor,Single Carriageway,,False,False,False,False,False,False,Urban,Urban: Nearer to a major town or city,False,False,,-1.823551668848605,52.45182227988035,2026-07-04T12:45:06+00:00,data/models/risk_scores.parquet,0.1.0,E01008892,LSOA2021,England,IoD 2025,within,0.0,1,1,1,1,0,0,3.5,0.127,12267.746784695579,0.29677385286629765
A6EC86DE-02D7-4B63-A548-F78947F250BA,12,99.99940427094407,Unclassified,road_classification,5186,risk_percentile,99.86844438851253,0.5255650818347931,2.353221833705902,3,0,0,2940.6,0.566,Unclassified,Minor Road,other_urban,urban_minor,Single Carriageway,,False,False,False,False,False,False,Urban,Urban: Nearer to a major town or city,False,False,,-1.844342381224568,52.46825857789408,2026-07-04T12:45:06+00:00,data/models/risk_scores.parquet,0.1.0,E01009335,LSOA2021,England,IoD 2025,within,0.0,1,1,2,1,0,0,3.5,0.44399999999999995,17760.128538519322,2.9865006464924067
00ADC461-C483-43D0-96D4-0A9D90AD959D,13,99.99935011375717,Unclassified,road_classification,5971,risk_percentile,99.84852709728442,0.5022159188985824,1.8241279006004334,7,0,1,1737.4,0.087,Unclassified,Local Road,other_urban,urban_minor,Single Carriageway,,False,False,False,False,False,False,Urban,Urban: Nearer to a major town or city,False,False,,-1.5426099656531749,53.79920999718219,2026-07-04T12:45:06+00:00,data/models/risk_scores.parquet,0.1.0,E01033010,LSOA2021,England,IoD 2025,within,0.0,3,10,10,1,0,0,3.5,0.198,4609.2002578252095,1.7009732012863323
E8174A38-5DC0-4799-8E3B-9467834AE0F4,14,99.99929595657026,Unclassified,road_classification,6200,risk_percentile,99.84271683016183,0.4960471957921982,1.4957629442214966,1,0,0,1689.0,0.089,Unclassified,Local Road,other_urban,urban_minor,Single Carriageway,,False,False,False,False,False,False,Urban,Urban: Nearer to a major town or city,False,True,sparse collision history,-1.5120981513965037,52.411539191684376,2026-07-04T12:45:06+00:00,data/models/risk_scores.parquet,0.1.0,E01034743,LSOA2021,England,IoD 2025,within,0.0,3,8,10,1,0,0,3.5,0.091,10110.073692365215,3.052994965391272
AA87657D-DB10-4583-97FB-A028BC2EC4A5,15,99.99924179938337,Unclassified,road_classification,6357,risk_percentile,99.8387333719162,0.4915510416030884,2.719560217857361,5,0,1,3539.7,1.073,Unclassified,Minor Road,other_urban,urban_minor,Single Carriageway,,False,False,False,False,False,False,Urban,Urban: Nearer to a major town or city,False,False,,-1.3795209739546188,53.44834487978895,2026-07-04T12:45:06+00:00,data/models/risk_scores.parquet,0.1.0,E01007730,LSOA2021,England,IoD 2025,within,0.0,1,2,1,1,0,0,3.0,1.135,3294.278213985446,0.5258853871032934
1AF6B0BD-F83C-47E8-809D-FEA1BA2126E7,16,99.99918764219646,Unclassified,road_classification,6727,risk_percentile,99.82934560407622,0.48289014101028443,2.367960810661316,4,0,0,3047.5,0.522,Unclassified,Local Road,other_urban,urban_minor,Single Carriageway,,False,False,False,False,False,False,Urban,Urban: Nearer to a major town or city,False,False,,-1.843024381854096,52.46772033934686,2026-07-04T12:45:06+00:00,data/models/risk_scores.parquet,0.1.0,E01033642,LSOA2021,England,IoD 2025,within,0.0,1,1,2,1,0,0,3.5,0.33899999999999997,17423.13299497691,2.9865118533025883
9A3956A9-3294-4C02-BAC0-0EAE69CE0291,17,99.99913348500957,Unclassified,road_classification,6800,risk_percentile,99.82749342285373,0.4809447884559631,2.3127882838249207,1,0,0,1604.0,0.142,Unclassified,Local Access Road,other_urban,urban_minor,Shared Use Carriageway,,False,False,False,False,False,False,Urban,Urban: Nearer to a major town or city,False,True,sparse collision history,-1.5424172406249297,53.79666812404321,2026-07-04T12:45:06+00:00,data/models/risk_scores.parquet,0.1.0,E01033010,LSOA2021,England,IoD 2025,within,0.0,3,10,10,1,0,0,4.0,0.404,1007.524699505446,2.004277363427741
DC496E19-B428-4224-89D1-E4E4CA7E3751,18,99.99907932782266,Unclassified,road_classification,7021,risk_percentile,99.82188613449526,0.47581620812416076,1.688087487220764,0,0,0,1789.4,0.13,Unclassified,Local Road,other_urban,urban_minor,Single Carriageway,,False,False,False,False,False,False,Urban,Urban: Nearer to a major town or city,False,True,sparse collision history,-1.1418173498411528,52.626073677516096,2026-07-04T12:45:06+00:00,data/models/risk_scores.parquet,0.1.0,E01013648,LSOA2021,England,IoD 2025,within,0.0,3,6,9,1,0,0,3.5,0.499,18891.301348514477,0.17018730053578057
47F2B63F-F554-4F29-8333-14D3389A2E36,19,99.99902517063576,Unclassified,road_classification,7193,risk_percentile,99.81752209106693,0.47162491381168364,2.5697160959243774,2,0,1,1760.1,0.117,Unclassified,Minor Road,other_urban,urban_minor,Single Carriageway,,False,False,False,False,False,False,Urban,Urban: Nearer to a major town or city,False,False,,-1.5482099236088933,53.800805210739014,2026-07-04T12:45:06+00:00,data/models/risk_scores.parquet,0.1.0,E01033010,LSOA2021,England,IoD 2025,within,0.0,3,10,10,1,0,0,4.0,0.333,1988.1071343274148,0.11464959880486972
640A6DAE-193E-47D1-9271-211BFE0410A2,20,99.99897101344885,Unclassified,road_classification,7319,risk_percentile,99.81432517553223,0.46892903447151185,1.4902419209480287,7,0,0,1748.7,0.092,Unclassified,Local Road,other_urban,urban_minor,Single Carriageway,,False,False,False,False,False,False,Urban,Urban: Nearer to a major town or city,False,False,,-1.510780360665801,52.41008488695857,2026-07-04T12:45:06+00:00,data/models/risk_scores.parquet,0.1.0,E01034743,LSOA2021,England,IoD 2025,within,0.0,3,8,10,1,0,0,3.5,0.224,5038.080056247992,3.111063489274893
20A6D405-A1EE-4EFC-A579-64AB47691138,21,99.99891685626196,Unclassified,road_classification,7599,risk_percentile,99.80722091878846,0.463121497631073,2.3709022641181945,9,0,1,3656.3,0.56,Unclassified,Minor Road,other_urban,urban_minor,Single Carriageway,,False,False,False,False,False,False,Urban,Urban: Nearer to a major town or city,False,False,,-1.847916921889889,52.480518615203046,2026-07-04T12:45:06+00:00,data/models/risk_scores.parquet,0.1.0,E01034935,LSOA2021,England,IoD 2025,within,0.0,1,1,1,1,0,0,3.0,1.9260000000000002,15752.561568374698,1.9380217685296013
BCA0A7CC-6C8E-4CF3-A600-CA657083F4E8,22,99.99886269907505,Unclassified,road_classification,7668,risk_percentile,99.80547022694802,0.4617567598819733,2.012398838996887,7,1,1,3864.8,0.81,Unclassified,Minor Road,other_urban,urban_minor,Single Carriageway,,False,False,False,False,False,False,Urban,Urban: Nearer to a major town or city,False,False,,-1.6412230961130732,53.67601243686178,2026-07-04T12:45:06+00:00,data/models/risk_scores.parquet,0.1.0,E01011259,LSOA2021,England,IoD 2025,within,0.0,2,1,2,1,0,0,3.0,1.1149999999999998,1754.3824277334566,3.5640703033116874
8B1A7908-8A98-42AB-871A-46E948633357,23,99.99880854188815,Unclassified,road_classification,7744,risk_percentile,99.80354192868899,0.4603889971971512,1.1479888200759887,2,0,0,1097.1,0.078,Unclassified,Local Road,other_urban,urban_minor,Single Carriageway,,False,False,False,False,False,False,Urban,Urban: Nearer to a major town or city,False,False,,-1.5399904786865544,53.80060319205328,2026-07-04T12:45:06+00:00,data/models/risk_scores.parquet,0.1.0,E01033010,LSOA2021,England,IoD 2025,within,0.0,3,10,10,1,0,0,3.5,0.0,4609.2002578252095,0.448690721177909
6CF23DEB-6191-484D-BD83-0E43DEFA2275,24,99.99875438470124,Unclassified,road_classification,8159,risk_percentile,99.7930124053009,0.45214269757270814,1.8565520882606505,0,0,0,1665.8,0.097,Unclassified,Local Road,other_urban,urban_minor,Single Carriageway,,False,False,False,False,False,False,Urban,Urban: Nearer to a major town or city,False,True,sparse collision history,-1.5402041409774994,53.80043666521411,2026-07-04T12:45:06+00:00,data/models/risk_scores.parquet,0.1.0,E01033010,LSOA2021,England,IoD 2025,within,0.0,3,10,10,1,0,0,3.5,0.031,4609.2002578252095,0.45993128212942935
D716847A-4ABF-4FE5-8AB8-03AE3C5AD934,25,99.99870022751435,Unclassified,road_classification,8337,risk_percentile,99.78849612779949,0.4487108290195465,1.7971988558769225,3,0,0,2100.3,0.176,Unclassified,Local Road,other_urban,urban_minor,Single Carriageway,,False,False,False,False,False,False,Urban,Urban: Nearer to a major town or city,False,False,,-1.5140240723924852,52.40937529677388,2026-07-04T12:45:06+00:00,data/models/risk_scores.parquet,0.1.0,E01034743,LSOA2021,England,IoD 2025,within,0.0,3,8,10,1,0,0,3.0,0.257,10110.073692365215,3.7548763356579204
0C718997-91D2-4FDC-A330-C2B50F24E820,26,99.99864607032744,Unclassified,road_classification,8567,risk_percentile,99.78266048833139,0.4447204530239105,1.6366006135940552,0,0,0,1649.4,0.194,Unclassified,Local Road,other_urban,urban_minor,Single Carriageway,,False,False,False,False,False,False,Urban,Urban: Nearer to a major town or city,False,True,sparse collision history,-2.2237617463269634,53.45795533679167,2026-07-04T12:45:06+00:00,data/models/risk_scores.parquet,0.1.0,E01005284,LSOA2021,England,IoD 2025,within,0.0,3,7,9,1,0,0,3.5,0.263,4741.272005941717,0.45796407886050133
E8909D7E-AC71-4016-9E57-840CF0DB4615,27,99.99859191314053,Unclassified,road_classification,8745,risk_percentile,99.77814421082998,0.4413905918598175,2.4132004976272583,4,0,0,3951.2,0.472,Unclassified,Minor Road,other_urban,urban_minor,Single Carriageway,,False,False,False,False,False,False,Urban,Urban: Nearer to a major town or city,False,False,,-2.744286544161305,53.36334184787975,2026-07-04T12:45:06+00:00,data/models/risk_scores.parquet,0.1.0,E01012424,LSOA2021,England,IoD 2025,within,0.0,1,1,1,1,0,0,3.5,0.165,2440.401186552974,2.4671341178142265
A98DC894-8295-4FE2-9A29-25DF18CBB37E,28,99.99853775595363,Unclassified,road_classification,9000,risk_percentile,99.77167426272405,0.43692893385887144,2.6988619327545167,4,0,1,3562.7,0.547,Unclassified,Minor Road,other_urban,urban_minor,Single Carriageway,,False,False,False,False,False,False,Urban,Urban: Nearer to a major town or city,False,False,,-1.8267982425971911,52.4730506772231,2026-07-04T12:45:06+00:00,data/models/risk_scores.parquet,0.1.0,E01009326,LSOA2021,England,IoD 2025,within,0.0,1,1,2,1,0,0,3.5,1.125,2508.3046442776313,0.2721684361283815
986100AE-DA03-4758-9F3F-E73AA640B5A9,29,99.99848359876673,Unclassified,road_classification,9101,risk_percentile,99.76911165582717,0.4354371100664139,2.551785135269165,6,0,1,3044.9,0.513,Unclassified,Local Road,other_urban,urban_minor,Single Carriageway,,False,False,False,False,False,False,Urban,Urban: Nearer to a major town or city,False,False,,-1.8397581339150673,52.471984070289686,2026-07-04T12:45:06+00:00,data/models/risk_scores.parquet,0.1.0,E01033642,LSOA2021,England,IoD 2025,within,0.0,1,1,2,1,0,0,3.5,0.83,15282.425345378237,0.08848898435318851
76E66AB9-F891-487A-971E-B9D9C0B48E71,30,99.99842944157983,Unclassified,road_classification,9160,risk_percentile,99.76761468744189,0.4346686124801636,2.0310834288597106,9,0,3,2841.7,0.775,Unclassified,Local Road,other_urban,urban_minor,Single Carriageway,,False,False,False,False,False,False,Urban,Urban: Nearer to a major town or city,False,False,,-1.9011228772475066,52.31584490756097,2026-07-04T12:45:06+00:00,data/models/risk_scores.parquet,0.1.0,E01032241,LSOA2021,England,IoD 2025,within,0.0,2,2,2,1,0,0,3.5,1.101,4428.856387718374,3.8632121687471868
3544ABE8-D8FF-4830-912E-D469999D403E,31,99.99837528439292,Unclassified,road_classification,9219,risk_percentile,99.7661177190566,0.43381232023239136,1.6886828541755676,12,0,2,1418.4,0.147,Unclassified,Local Road,other_urban,urban_minor,Single Carriageway,,False,False,False,False,False,False,Urban,Urban: Nearer to a major town or city,False,False,,-1.5408603289625644,53.79901355063978,2026-07-04T12:45:06+00:00,data/models/risk_scores.parquet,0.1.0,E01033010,LSOA2021,England,IoD 2025,within,0.0,3,10,10,1,0,0,3.5,0.198,1940.4079595369724,1.4217811128250912
3B8FE981-23FB-486E-9E42-28C1F01C218D,32,99.99832112720603,Unclassified,road_classification,9222,risk_percentile,99.76604160202004,0.43373780250549315,2.4084380626678468,1,0,0,3442.7,0.158,Unclassified,Local Access Road,other_urban,urban_minor,Shared Use Carriageway,,False,False,False,False,False,False,Urban,Urban: Nearer to a major town or city,False,True,sparse collision history,-1.1351392455915363,52.63545849989437,2026-07-04T12:45:06+00:00,data/models/risk_scores.parquet,0.1.0,E01034022,LSOA2021,England,IoD 2025,within,0.0,2,4,7,1,0,0,3.5,0.235,2534.3516117646445,1.9604133537968003
C9DC715B-B846-434D-958F-EEBA869C7490,33,99.99826697001912,Unclassified,road_classification,9260,risk_percentile,99.76507745289052,0.43334663808345797,2.432513177394867,1,0,0,2959.3,0.717,Unclassified,Local Road,other_urban,urban_minor,Single Carriageway,,False,False,False,False,False,False,Urban,Urban: Further from a major town or city,False,True,sparse collision history,0.3967223741983164,52.74715527611339,2026-07-04T12:45:06+00:00,data/models/risk_scores.parquet,0.1.0,E01026699,LSOA2021,England,IoD 2025,within,0.0,1,2,1,1,0,0,3.5,0.196,3078.8041566189745,0.7265648458749464
3073338D-45E6-4C62-BD7E-CF753E81FB5E,34,99.99821281283222,Unclassified,road_classification,9360,risk_percentile,99.76254021833918,0.43159814476966857,2.49557079076767,1,0,1,1594.7,0.178,Unclassified,Local Access Road,other_urban,urban_minor,Shared Use Carriageway,,False,False,False,False,False,False,Urban,Urban: Nearer to a major town or city,False,True,sparse collision history,-1.5450848121226692,53.796566903901194,2026-07-04T12:45:06+00:00,data/models/risk_scores.parquet,0.1.0,E01033010,LSOA2021,England,IoD 2025,within,0.0,3,10,10,1,0,0,4.0,0.558,1007.524699505446,1.55654536183852
82EA9722-CEEB-4310-B0B5-5F161DA1F9DD,35,99.99815865564531,Unclassified,road_classification,10502,risk_percentile,99.73356499976276,0.415546241402626,0.9552300870418549,16,0,5,1300.9,3.955,Unclassified,Minor Road,other_urban,urban_minor,Single Carriageway,,False,False,False,False,False,False,Urban,Urban: Nearer to a major town or city,False,False,,-3.0450914331792682,53.62341444246057,2026-07-04T12:45:06+00:00,data/models/risk_scores.parquet,0.1.0,E01006973,LSOA2021,England,IoD 2025,within,0.0,7,8,5,1,0,0,2.5,0.804,690.0766275101262,0.04794749943992241
492A12BE-9329-4D66-8FFD-08D9436D164E,36,99.99810449845842,Unclassified,road_classification,10537,risk_percentile,99.7326769676698,0.41498554348945615,2.0908894181251525,10,0,0,3514.4,0.363,Unclassified,Local Road,other_urban,urban_minor,Single Carriageway,,False,False,False,False,False,False,Urban,Urban: Nearer to a major town or city,False,False,,-1.8626961603409582,52.46973749201521,2026-07-04T12:45:06+00:00,data/models/risk_scores.parquet,0.1.0,E01009379,LSOA2021,England,IoD 2025,within,0.0,1,1,1,1,0,0,3.5,0.54,4473.641549658319,2.985683370217389
2F860946-7F25-41A8-96DB-377DAC95BE55,37,99.99805034127152,Unclassified,road_classification,10640,risk_percentile,99.7300636160819,0.4135873198509216,2.210439312458038,8,0,4,2117.9,0.102,Unclassified,Minor Road,other_urban,urban_minor,Single Carriageway,,False,False,False,False,False,False,Urban,Urban: Nearer to a major town or city,False,False,,-1.5406501173009184,53.796410465917475,2026-07-04T12:45:06+00:00,data/models/risk_scores.parquet,0.1.0,E01033010,LSOA2021,England,IoD 2025,within,0.0,3,10,10,1,0,0,3.5,0.366,1007.524699505446,2.253145109330602
9A4E876E-9B53-4E76-90D1-8409D8FC9BAC,38,99.99799618408461,Unclassified,road_classification,10844,risk_percentile,99.72488765759715,0.41062902808189394,2.187490236759186,2,0,0,2834.9,0.382,Unclassified,Local Road,other_urban,urban_minor,Single Carriageway,,False,False,False,False,False,False,Urban,Urban: Nearer to a major town or city,False,False,,-1.853083625938863,52.47550001082457,2026-07-04T12:45:06+00:00,data/models/risk_scores.parquet,0.1.0,E01009333,LSOA2021,England,IoD 2025,within,0.0,1,1,1,1,0,0,3.5,1.224,24359.601824420213,1.9318259739571402
18C855D8-27FD-4FCE-92F1-9C4E569D90CA,39,99.99794202689772,Unclassified,road_classification,11071,risk_percentile,99.71912813516559,0.40746618509292604,2.420097541809082,8,0,2,2883.9,0.329,Unclassified,Minor Road,other_urban,urban_minor,Single Carriageway,,False,False,False,False,False,False,Urban,Urban: Nearer to a major town or city,False,False,,-1.8311853587267277,52.469540531292004,2026-07-04T12:45:06+00:00,data/models/risk_scores.parquet,0.1.0,E01009326,LSOA2021,England,IoD 2025,within,0.0,1,1,2,1,0,0,4.0,0.728,6301.385594548792,0.20990338055714447
DB96E7B8-BA85-4C9B-BB6A-AC5A865F626B,40,99.99788786971081,Unclassified,road_classification,11133,risk_percentile,99.71755504974375,0.4067403614521027,1.876401138305664,0,0,0,1305.9,0.248,Unclassified,Local Road,other_urban,urban_minor,Single Carriageway,,False,False,False,False,False,False,Urban,Urban: Nearer to a major town or city,False,True,sparse collision history,-1.5454162975433823,53.80388405202729,2026-07-04T12:45:06+00:00,data/models/risk_scores.parquet,0.1.0,E01033010,LSOA2021,England,IoD 2025,within,0.0,3,10,10,1,0,0,3.5,0.0,4609.2002578252095,0.851165897713283
F9B84939-20BD-40A6-B6D9-D1792C6A986E,41,99.99783371252391,Unclassified,road_classification,11193,risk_percentile,99.71603270901295,0.406019726395607,1.165503740310669,5,0,1,1852.0,0.124,Unclassified,Local Road,other_urban,urban_minor,Single Carriageway,,False,False,False,False,False,False,Urban,Urban: Nearer to a major town or city,False,False,,-1.5137922576761196,52.41035630157098,2026-07-04T12:45:06+00:00,data/models/risk_scores.parquet,0.1.0,E01034743,LSOA2021,England,IoD 2025,within,0.0,3,8,10,1,0,0,2.5,0.133,10110.073692365215,3.167626114277984
4976B557-583F-4612-A726-728F9CE01043,42,99.99777955533699,Unclassified,road_classification,11223,risk_percentile,99.71527153864753,0.4056101977825165,1.487113881111145,1,0,1,1708.2,0.112,Unclassified,Local Road,other_urban,urban_minor,Single Carriageway,,False,False,False,False,False,False,Urban,Urban: Nearer to a major town or city,False,True,sparse collision history,-1.1386251650165957,52.62275175169122,2026-07-04T12:45:06+00:00,data/models/risk_scores.parquet,0.1.0,E01013648,LSOA2021,England,IoD 2025,within,0.0,3,6,9,1,0,0,3.5,0.18,15968.528944072696,0.1209663113225802
F5A06D8A-6B58-48E1-9D85-9653E936DD1F,43,99.9977253981501,Unclassified,road_classification,11816,risk_percentile,99.70022573775803,0.39825314581394194,2.1034212708473206,0,0,0,3066.4,0.479,Unclassified,Local Road,other_urban,urban_minor,Single Carriageway,,False,False,False,False,False,False,Urban,Urban: Nearer to a major town or city,False,True,sparse collision history,-2.694393812818396,53.32742936353285,2026-07-04T12:45:06+00:00,data/models/risk_scores.parquet,0.1.0,E01012407,LSOA2021,England,IoD 2025,within,0.0,1,1,1,1,0,0,3.5,0.38400000000000006,4563.761354008601,0.7204220346641885
C508973A-8434-47D3-A5E6-16F53174F089,44,99.9976712409632,Unclassified,road_classification,12038,risk_percentile,99.69459307705404,0.3957318127155304,2.2650787591934205,4,0,1,3238.2,0.793,Unclassified,Minor Road,other_urban,urban_minor,Single Carriageway,,False,False,False,False,False,False,Urban,Urban: Nearer to a major town or city,False,False,,-1.5199107465951187,53.824542846830404,2026-07-04T12:45:06+00:00,data/models/risk_scores.parquet,0.1.0,E01011359,LSOA2021,England,IoD 2025,within,0.0,3,4,4,1,0,0,3.0,0.46399999999999997,2556.2293569788953,0.5887630723243739
1799A1DA-D84A-44A4-8ADB-5AE09ED584B1,45,99.99761708377629,Unclassified,road_classification,12138,risk_percentile,99.6920558425027,0.3945180237293243,1.7043385744094848,7,0,3,1464.7,0.13,Unclassified,Minor Road,other_urban,urban_minor,Single Carriageway,,False,False,False,False,False,False,Urban,Urban: Nearer to a major town or city,False,False,,-1.5399732827626702,53.79828619621084,2026-07-04T12:45:06+00:00,data/models/risk_scores.parquet,0.1.0,E01033010,LSOA2021,England,IoD 2025,within,0.0,3,10,10,1,0,0,3.5,0.22500000000000003,1940.4079595369724,1.0809632067842445
3FB669BD-4581-4F1C-B4D3-7B09ABD166B2,46,99.9975629265894,Unclassified,road_classification,12423,risk_percentile,99.68482472403134,0.3913405239582062,2.1225077629089357,22,0,2,3432.4,0.338,Unclassified,Minor Road,other_urban,urban_minor,Single Carriageway,,False,False,False,False,False,False,Urban,Urban: Nearer to a major town or city,False,False,,-1.7813979852371953,52.483299835167955,2026-07-04T12:45:06+00:00,data/models/risk_scores.parquet,0.1.0,E01009300,LSOA2021,England,IoD 2025,within,0.0,1,1,1,1,0,0,3.5,2.036,4206.297284821057,2.4401955726139732
13A616B6-7586-42B5-B91E-A633CADFFF96,47,99.99750876940249,Unclassified,road_classification,12526,risk_percentile,99.68221137244345,0.3900276869535446,1.891826045513153,1,0,0,2961.0,0.563,Unclassified,Local Road,other_urban,urban_minor,Single Carriageway,,False,False,False,False,False,False,Urban,Urban: Nearer to a major town or city,False,True,sparse collision history,-1.8465223304468967,52.48062863588425,2026-07-04T12:45:06+00:00,data/models/risk_scores.parquet,0.1.0,E01033649,LSOA2021,England,IoD 2025,within,0.0,1,1,1,1,0,0,3.0,2.02,13799.374818713673,1.9318283778628114
B4BB7436-C78E-44B2-84BD-A1464977301B,48,99.99745461221559,Unclassified,road_classification,12884,risk_percentile,99.67312807274962,0.3861904561519623,1.9433056235313415,5,0,1,1843.7,0.1,Unclassified,Local Road,other_urban,urban_minor,Single Carriageway,,False,False,False,False,False,False,Urban,Urban: Nearer to a major town or city,False,False,,-1.542552623471434,53.79558556593877,2026-07-04T12:45:06+00:00,data/models/risk_scores.parquet,0.1.0,E01033010,LSOA2021,England,IoD 2025,within,0.0,3,10,10,1,0,0,3.5,0.498,1007.524699505446,2.004308321587402
C0C1F89C-825C-4DB4-BB6F-6068E53C584C,49,99.99740045502868,Unclassified,road_classification,13162,risk_percentile,99.66607456069687,0.38311329782009124,1.4248431324958801,1,0,0,1642.5,0.109,Unclassified,Local Road,other_urban,urban_minor,Single Carriageway,,False,False,False,False,False,False,Urban,Urban: Nearer to a major town or city,False,True,sparse collision history,-1.1392854787989342,52.62383464298953,2026-07-04T12:45:06+00:00,data/models/risk_scores.parquet,0.1.0,E01013648,LSOA2021,England,IoD 2025,within,0.0,3,6,9,1,0,0,3.5,0.302,15968.528944072696,0.1281094595827624
3972A0C4-838C-44B5-9FAA-0CE6D3A9E77F,50,99.99734629784179,Unclassified,road_classification,13263,risk_percentile,99.6635119538,0.3822248887270689,1.4262425184249878,9,0,3,2632.7,0.63,Unclassified,Minor Road,other_urban,urban_minor,Single Carriageway,,False,False,False,False,False,False,Urban,Urban: Nearer to a major town or city,False,False,,-0.22902722860246114,52.57710358746632,2026-07-04T12:45:06+00:00,data/models/risk_scores.parquet,0.1.0,E01015612,LSOA2021,England,IoD 2025,within,0.0,1,1,2,1,0,0,2.5,0.385,10405.974113076101,0.13763727789718125
D2C618B1-1EA8-408D-A6BD-E0E306A97094,51,99.99729214065488,Unclassified,road_classification,13366,risk_percentile,99.66089860221211,0.38120692372322085,2.216880810260773,4,0,0,3919.7,0.279,Unclassified,Minor Road,other_urban,urban_minor,Single Carriageway,,False,False,False,False,False,False,Urban,Urban: Nearer to a major town or city,False,False,,-2.173330031970678,53.46265757021895,2026-07-04T12:45:06+00:00,data/models/risk_scores.parquet,0.1.0,E01005189,LSOA2021,England,IoD 2025,within,0.0,1,1,1,1,0,0,3.5,0.149,2324.003899518828,0.8235518416554694
62BBD45A-6A47-45A5-AAC3-5F2AE3FE4541,52,99.99723798346798,Unclassified,road_classification,13500,risk_percentile,99.6574987079133,0.37969074249267576,2.0309876680374144,4,0,0,3597.3,0.558,Unclassified,Local Road,other_urban,urban_minor,Single Carriageway,,False,False,False,False,False,False,Urban,Urban: Nearer to a major town or city,False,False,,-1.8513750602127554,52.464628661270524,2026-07-04T12:45:06+00:00,data/models/risk_scores.parquet,0.1.0,E01009338,LSOA2021,England,IoD 2025,within,0.0,1,1,2,1,0,0,3.0,0.6779999999999999,5521.018787464686,2.9858475363004104
BDF099AB-0FFA-46D7-886C-F0B8C5556326,53,99.99718382628107,Unclassified,road_classification,14242,risk_percentile,99.63867242754229,0.3722224563360214,2.0277286529541017,1,0,0,4115.7,0.4,Unclassified,Local Road,other_urban,urban_minor,Single Carriageway,,False,False,False,False,False,False,Urban,Urban: Nearer to a major town or city,False,True,sparse collision history,-2.385452888421003,53.58713099007083,2026-07-04T12:45:06+00:00,data/models/risk_scores.parquet,0.1.0,E01004793,LSOA2021,England,IoD 2025,within,0.0,1,1,1,1,0,0,3.0,0.847,3019.00771299142,2.643682821383908
CCEABD4E-A7F5-4C58-890E-B0A82FFDCB20,54,99.99712966909418,Unclassified,road_classification,14290,risk_percentile,99.63745455495764,0.3717367142438889,1.7088708877563477,0,0,0,1542.7,0.114,Unclassified,Local Access Road,other_urban,urban_minor,Shared Use Carriageway,,False,False,False,False,False,False,Urban,Urban: Nearer to a major town or city,False,True,sparse collision history,-1.5421240287444573,53.79828735941985,2026-07-04T12:45:06+00:00,data/models/risk_scores.parquet,0.1.0,E01033010,LSOA2021,England,IoD 2025,within,0.0,3,10,10,1,0,0,3.5,0.23700000000000002,1007.524699505446,1.3020401453022505
98D3A9C4-41CD-4185-A20F-0F08376B89F5,55,99.99707551190727,Unclassified,road_classification,14315,risk_percentile,99.6368202463198,0.37154225409030917,2.146786689758301,5,0,0,3381.5,0.355,Unclassified,Local Road,other_urban,urban_minor,Single Carriageway,,False,False,False,False,False,False,Urban,Urban: Nearer to a major town or city,False,False,,-1.5063355631592847,53.81122299397428,2026-07-04T12:45:06+00:00,data/models/risk_scores.parquet,0.1.0,E01011431,LSOA2021,England,IoD 2025,within,0.0,1,1,1,1,0,0,3.5,0.9880000000000002,7438.735413392318,2.061923652332973
491B326E-8D3A-448F-96C4-4B9369944A5E,56,99.99702135472037,Unclassified,road_classification,14369,risk_percentile,99.63545013966207,0.37110580801963805,2.139981245994568,0,0,0,3438.7,0.717,Unclassified,Local Road,other_urban,urban_minor,Single Carriageway,,False,False,False,False,False,False,Urban,Urban: Nearer to a major town or city,False,True,sparse collision history,-1.6580501948452677,54.967347420358216,2026-07-04T12:45:06+00:00,data/models/risk_scores.parquet,0.1.0,E01008291,LSOA2021,England,IoD 2025,within,0.0,1,1,1,1,0,0,3.0,0.533,2965.8530164648505,0.05447548267661763
9D13041F-8CE0-4E99-8DCF-B624CB4D2A1D,57,99.99696719753346,Unclassified,road_classification,14434,risk_percentile,99.6338009372037,0.3705213785171509,2.400302159786224,3,0,0,4115.8,0.188,Unclassified,Local Access Road,other_urban,urban_minor,Shared Use Carriageway,,False,False,False,False,False,False,Urban,Urban: Nearer to a major town or city,False,False,,-1.0799846376661306,53.96108020327202,2026-07-04T12:45:06+00:00,data/models/risk_scores.parquet,0.1.0,E01013366,LSOA2021,England,IoD 2025,within,0.0,3,5,4,1,0,0,3.5,0.15999999999999998,1996.890950493596,2.929527914226577
F45B27F4-84F6-43EE-B3F0-1FD3EC3D9563,58,99.99691304034656,Unclassified,road_classification,14772,risk_percentile,99.62522508442014,0.367244690656662,2.377045142650604,1,0,0,2459.8,0.412,Unclassified,Local Road,other_urban,urban_minor,Single Carriageway,,False,False,False,False,False,False,Urban,Urban: Nearer to a major town or city,False,True,sparse collision history,-1.8481569423723463,52.47211686676605,2026-07-04T12:45:06+00:00,data/models/risk_scores.parquet,0.1.0,E01009328,LSOA2021,England,IoD 2025,within,0.0,1,1,1,1,0,0,4.0,1.018,17902.186309404115,0.07657898719529618
3AAD874F-74CF-4C7A-B42B-8DD1E185352B,59,99.99685888315966,Unclassified,road_classification,14794,risk_percentile,99.62466689281884,0.36710827648639677,1.9668086171150208,0,0,0,3883.0,0.188,Unclassified,Local Road,other_urban,urban_minor,Single Carriageway,,False,False,False,False,False,False,Urban,Urban: Nearer to a major town or city,False,True,sparse collision history,-1.4973213744134937,53.81088677345856,2026-07-04T12:45:06+00:00,data/models/risk_scores.parquet,0.1.0,E01011340,LSOA2021,England,IoD 2025,within,0.0,1,1,1,1,0,0,3.5,1.091,2559.235884221732,2.019619045964971
CCDD2EC6-84B1-4341-B610-62325526C4EB,60,99.99680472597275,Unclassified,road_classification,14881,risk_percentile,99.62245949875917,0.36643204987049105,1.758374559879303,9,0,1,1664.2,0.107,Unclassified,Minor Road,other_urban,urban_minor,Single Carriageway,,False,False,False,False,False,False,Urban,Urban: Nearer to a major town or city,False,False,,-1.546814238300239,53.79568550644669,2026-07-04T12:45:06+00:00,data/models/risk_scores.parquet,0.1.0,E01033010,LSOA2021,England,IoD 2025,within,0.0,3,10,10,1,0,0,3.5,0.417,1007.524699505446,2.485942247197954
7453A406-6029-4EF8-AF4E-63080538B9FB,61,99.99675056878586,Unclassified,road_classification,15099,risk_percentile,99.61692832743722,0.3645088583230972,2.061689889431,0,0,0,3560.7,1.27,Unclassified,Minor Road,other_urban,urban_minor,Single Carriageway,,False,False,False,False,False,False,Urban,Urban: Nearer to a major town or city,False,True,sparse collision history,-1.3495002286015056,54.830893572851814,2026-07-04T12:45:06+00:00,data/models/risk_scores.parquet,0.1.0,E01020743,LSOA2021,England,IoD 2025,within,0.0,2,2,2,1,0,0,2.5,1.1560000000000001,1335.5430587797375,0.18428533407871095
AEC25505-9A9B-43EA-AF07-34EA44D2A34F,62,99.99669641159895,Unclassified,road_classification,15289,risk_percentile,99.61210758178966,0.36277630031108854,1.5039477944374084,7,1,1,1164.1,0.157,Unclassified,Minor Road,other_urban,urban_minor,Single Carriageway,,False,False,False,False,False,False,Urban,Urban: Nearer to a major town or city,False,False,,-1.5421028775239463,53.800631300949455,2026-07-04T12:45:06+00:00,data/models/risk_scores.parquet,0.1.0,E01033010,LSOA2021,England,IoD 2025,within,0.0,3,10,10,1,0,0,3.5,0.031,4609.2002578252095,0.07100290023205574
0353B263-3D7A-4C4F-AABA-09850A10C7D6,63,99.99664225441205,Unclassified,road_classification,15313,risk_percentile,99.61149864549733,0.3625741809606552,1.4645603537559508,1,0,0,2636.4,0.174,Unclassified,Local Road,other_urban,urban_minor,Single Carriageway,,False,False,False,False,False,False,Urban,Urban: Nearer to a major town or city,False,True,sparse collision history,-1.7862774739342937,53.807100712999016,2026-07-04T12:45:06+00:00,data/models/risk_scores.parquet,0.1.0,E01010808,LSOA2021,England,IoD 2025,within,0.0,1,1,2,1,0,0,3.5,0.6560000000000001,13421.337679311764,3.021981018061743
A757BED8-9835-4AA5-B75F-0656D1260B96,64,99.99658809722514,Unclassified,road_classification,15421,risk_percentile,99.60875843218187,0.36165596544742584,1.9005156993865966,1,0,0,3126.4,0.41,Unclassified,Minor Road,other_urban,urban_minor,Single Carriageway,,False,False,False,False,False,False,Urban,Urban: Nearer to a major town or city,False,True,sparse collision history,-1.9931450249381613,52.53984345503192,2026-07-04T12:45:06+00:00,data/models/risk_scores.parquet,0.1.0,E01009997,LSOA2021,England,IoD 2025,within,0.0,2,2,2,1,0,0,3.5,0.484,2778.4173654781903,2.1770743677582263
23EA8DDC-636A-473B-A327-B922E1199546,65,99.99653394003825,Unclassified,road_classification,15490,risk_percentile,99.60700774034144,0.3610775113105774,2.729521322250366,3,0,1,3426.7,0.278,Unclassified,Minor Road,other_urban,urban_minor,Single Carriageway,,False,False,False,False,False,False,Urban,Urban: Further from a major town or city,False,False,,-0.20180169038704782,54.084115920265205,2026-07-04T12:45:06+00:00,data/models/risk_scores.parquet,0.1.0,E01012949,LSOA2021,England,IoD 2025,within,0.0,1,2,1,1,0,0,4.0,0.095,4998.4683826092505,0.6813672249518391
BA82197E-3A92-4B65-8E2E-8393F08E69D0,66,99.99647978285134,Unclassified,road_classification,15587,risk_percentile,99.60454662282665,0.36006549596786497,1.0782020568847657,2,0,0,1193.8,0.048,Unclassified,Local Road,other_urban,urban_minor,Single Carriageway,,False,False,False,False,False,False,Urban,Urban: Nearer to a major town or city,False,False,,-1.5461471995660343,53.80335504248809,2026-07-04T12:45:06+00:00,data/models/risk_scores.parquet,0.1.0,E01033010,LSOA2021,England,IoD 2025,within,0.0,3,10,10,1,0,0,3.5,0.0,4609.2002578252095,0.8418419292019738
88458615-40F5-461C-B449-2BCA4DF3307A,67,99.99642562566444,Unclassified,road_classification,15650,risk_percentile,99.60294816505929,0.35948483645915985,0.9841089487075806,1,0,0,1447.2,0.18,Unclassified,Local Road,other_urban,urban_minor,Single Carriageway,,False,False,False,False,False,False,Urban,Urban: Nearer to a major town or city,False,True,sparse collision history,-1.1364942653668546,52.62256093938851,2026-07-04T12:45:06+00:00,data/models/risk_scores.parquet,0.1.0,E01013648,LSOA2021,England,IoD 2025,within,0.0,3,6,9,1,0,0,3.0,0.0,10066.157496847836,3.5568667887888825
0A6D0B44-B0F0-4712-8568-DCD5E40EAE95,68,99.99637146847753,Unclassified,road_classification,15697,risk_percentile,99.60175566482016,0.35901699364185335,1.9403099179267884,1,0,0,3094.6,0.295,Unclassified,Local Road,other_urban,urban_minor,Single Carriageway,,False,False,False,False,False,False,Urban,Urban: Nearer to a major town or city,False,True,sparse collision history,-1.7851569940075627,53.81239669385255,2026-07-04T12:45:06+00:00,data/models/risk_scores.parquet,0.1.0,E01010673,LSOA2021,England,IoD 2025,within,0.0,1,1,2,1,0,0,3.5,0.9959999999999999,4507.710899140672,1.270024623870431
93539AB8-AE21-4977-89A1-E6B6B20B7AC2,69,99.99631731129064,Unclassified,road_classification,15715,risk_percentile,99.60129896260091,0.3588553011417389,2.1402073383331297,4,1,1,4493.0,0.348,Unclassified,Minor Road,other_urban,urban_minor,Single Carriageway,,False,False,False,False,False,False,Urban,Urban: Nearer to a major town or city,False,False,,-1.345912416017367,53.432876813467466,2026-07-04T12:45:06+00:00,data/models/risk_scores.parquet,0.1.0,E01007767,LSOA2021,England,IoD 2025,within,0.0,2,2,3,1,0,0,3.0,0.156,1994.399845397725,2.507155530456431
2DF2C18C-3A7F-40EC-8B2A-793709C7A35A,70,99.99626315410374,Unclassified,road_classification,15884,risk_percentile,99.59701103620912,0.357440772652626,2.5921207427978517,0,0,0,2535.5,0.168,Unclassified,Local Access Road,other_urban,urban_minor,Shared Use Carriageway,,False,False,False,False,False,False,Urban,Urban: Nearer to a major town or city,False,True,sparse collision history,-1.1334639966943216,52.632773997307154,2026-07-04T12:45:06+00:00,data/models/risk_scores.parquet,0.1.0,E01032868,LSOA2021,England,IoD 2025,within,0.0,4,10,10,1,0,0,3.5,0.11,5028.865628923995,4.03630128619665
FEC7DEC8-3829-4568-A178-14CC32B33724,71,99.99620899691683,Unclassified,road_classification,16164,risk_percentile,99.58990677946535,0.35501825511455537,2.201132357120514,2,0,0,2247.0,0.131,Unclassified,Local Road,other_urban,urban_minor,Single Carriageway,,False,False,False,False,False,False,Urban,Urban: Nearer to a major town or city,False,False,,-1.5406539712538865,53.79962099779092,2026-07-04T12:45:06+00:00,data/models/risk_scores.parquet,0.1.0,E01033010,LSOA2021,England,IoD 2025,within,0.0,3,10,10,1,0,0,3.0,0.126,4609.2002578252095,0.4263334064493498
4974384A-EBD5-46F0-82AA-FF906F2B8BA4,72,99.99615483972994,Unclassified,road_classification,16174,risk_percentile,99.58965305601022,0.35496268719434737,2.3315954208374023,4,0,0,5017.7,0.402,Unclassified,Minor Road,other_urban,urban_minor,Single Carriageway,,False,False,False,False,False,False,Urban,Urban: Nearer to a major town or city,False,False,,-1.948150883466923,52.391719468877724,2026-07-04T12:45:06+00:00,data/models/risk_scores.parquet,0.1.0,E01009115,LSOA2021,England,IoD 2025,within,0.0,1,1,1,1,0,0,3.0,0.209,1641.2113131873612,3.8515243931518017
E8941C1F-3F07-4744-8337-DE2DE73908F7,73,99.99610068254303,Unclassified,road_classification,16206,risk_percentile,99.58884114095378,0.35471995174884796,3.069884204864502,1,0,0,3554.6,0.47,Unclassified,Minor Road,other_urban,urban_minor,Single Carriageway,,False,False,False,False,False,False,Urban,Urban: Nearer to a major town or city,False,True,sparse collision history,-1.8221008587741534,52.4757063661396,2026-07-04T12:45:06+00:00,data/models/risk_scores.parquet,0.1.0,E01009341,LSOA2021,England,IoD 2025,within,0.0,1,1,1,1,0,0,4.0,0.875,3734.6042505708438,0.2002595569314135
9680AC74-CE42-4809-944F-596FC0F9AE55,74,99.99604652535612,Unclassified,road_classification,16413,risk_percentile,99.58358906543249,0.3528722018003464,2.209173023700714,5,0,0,3898.5,0.267,Unclassified,Minor Road,other_urban,urban_minor,Single Carriageway,,False,False,False,False,False,False,Urban,Urban: Nearer to a major town or city,False,False,,-1.9700052221504727,52.502214791983725,2026-07-04T12:45:06+00:00,data/models/risk_scores.parquet,0.1.0,E01010052,LSOA2021,England,IoD 2025,within,0.0,1,1,2,1,0,0,3.5,0.6220000000000001,1663.9434241405183,2.01672848662279
80A5F972-A790-4F67-A7E4-5F1FACB325D7,75,99.99599236816921,Unclassified,road_classification,16414,risk_percentile,99.58356369308697,0.35285683870315554,0.9779709100723266,0,0,0,1447.2,0.176,Unclassified,Local Road,other_urban,urban_minor,Single Carriageway,,False,False,False,False,False,False,Urban,Urban: Nearer to a major town or city,False,True,sparse collision history,-1.1359868658809251,52.62357310675557,2026-07-04T12:45:06+00:00,data/models/risk_scores.parquet,0.1.0,E01013648,LSOA2021,England,IoD 2025,within,0.0,3,6,9,1,0,0,3.0,0.0,10066.157496847836,3.55360675158109
73869F74-EF3D-4507-873F-2C24E8ABC78E,76,99.99593821098232,Unclassified,road_classification,16463,risk_percentile,99.5823204481568,0.3524631798267365,2.2481801986694334,1,0,0,3903.1,0.094,Unclassified,Minor Road,other_urban,urban_minor,Single Carriageway,,False,False,False,False,False,False,Urban,Urban: Nearer to a major town or city,False,True,sparse collision history,-1.1354275784836778,52.63398401552766,2026-07-04T12:45:06+00:00,data/models/risk_scores.parquet,0.1.0,E01034022,LSOA2021,England,IoD 2025,within,0.0,2,4,7,1,0,0,3.5,0.22599999999999998,2534.3516117646445,4.0295545581647865
29236795-4EA1-4BDF-84FD-09F3ED94247B,77,99.99588405379541,Unclassified,road_classification,16512,risk_percentile,99.58107720322666,0.35212222933769227,1.4046553015708922,3,0,1,2652.1,0.158,Unclassified,Local Road,other_urban,urban_minor,Single Carriageway,,False,False,False,False,False,False,Urban,Urban: Nearer to a major town or city,False,False,,-0.8878337118184039,52.24373691870494,2026-07-04T12:45:06+00:00,data/models/risk_scores.parquet,0.1.0,E01027227,LSOA2021,England,IoD 2025,within,0.0,3,3,5,1,0,0,3.5,0.189,11784.239998532517,3.252369143438898
F4E0CD2F-AC73-45E8-B249-6EBA86A3B876,78,99.99582989660851,Unclassified,road_classification,16548,risk_percentile,99.58016379878816,0.3519080072641373,1.7953843951225281,8,0,1,1725.3,0.092,Unclassified,Local Road,other_urban,urban_minor,Single Carriageway,,False,False,False,False,False,False,Urban,Urban: Nearer to a major town or city,False,False,,-1.5457183838162354,53.79539821356787,2026-07-04T12:45:06+00:00,data/models/risk_scores.parquet,0.1.0,E01033010,LSOA2021,England,IoD 2025,within,0.0,3,10,10,1,0,0,3.5,0.42,1007.524699505446,1.5621859302233638
4D4F4668-AE9B-4C97-A922-49B79A81D21B,79,99.99577573942162,Unclassified,road_classification,16780,risk_percentile,99.57427741462904,0.3500900536775589,1.9765617966651916,0,0,0,3668.2,0.218,Unclassified,Local Road,other_urban,urban_minor,Single Carriageway,,False,False,False,False,False,False,Urban,Urban: Nearer to a major town or city,False,True,sparse collision history,-1.7876966619723689,52.477065677193636,2026-07-04T12:45:06+00:00,data/models/risk_scores.parquet,0.1.0,E01009514,LSOA2021,England,IoD 2025,within,0.0,1,1,1,1,0,0,3.5,1.28,3905.6581940552896,1.9476766171890283
E2B98C18-A251-4855-BDC2-26F60001F126,80,99.99572158223471,Unclassified,road_classification,16869,risk_percentile,99.57201927587833,0.34918082058429717,2.4277095913887026,1,0,0,3619.0,0.439,Unclassified,Local Road,other_urban,urban_minor,Single Carriageway,,False,False,False,False,False,False,Urban,Urban: Nearer to a major town or city,False,True,sparse collision history,-1.2338007536162523,54.5548908167682,2026-07-04T12:45:06+00:00,data/models/risk_scores.parquet,0.1.0,E01033469,LSOA2021,England,IoD 2025,within,0.0,1,1,1,1,0,0,3.5,0.717,2062.901671938529,0.18892711862813824
951217C9-CA83-49FA-B81E-D01BB59F2E27,81,99.99566742504781,Unclassified,road_classification,16958,risk_percentile,99.56976113712763,0.34839947521686554,1.7125263214111328,1,0,1,2578.7,0.712,Unclassified,Minor Road,other_urban,urban_minor,Single Carriageway,,False,False,False,False,False,False,Urban,Urban: Nearer to a major town or city,False,True,sparse collision history,-1.609096799518224,53.86020842275561,2026-07-04T12:45:06+00:00,data/models/risk_scores.parquet,0.1.0,E01011378,LSOA2021,England,IoD 2025,within,0.0,1,1,1,1,0,0,3.0,0.998,8709.849924002725,0.0810843103710342
EBF2FF60-69DF-407A-ACD2-5ACD4456B526,82,99.9956132678609,Unclassified,road_classification,17012,risk_percentile,99.56839103046991,0.34788731336593626,1.993208408355713,2,0,0,3309.2,0.844,Unclassified,Minor Road,other_urban,urban_minor,Single Carriageway,,False,False,False,False,False,False,Urban,Urban: Nearer to a major town or city,False,False,,-2.0942755851816806,52.45038740051591,2026-07-04T12:45:06+00:00,data/models/risk_scores.parquet,0.1.0,E01009809,LSOA2021,England,IoD 2025,within,0.0,2,2,1,1,0,0,3.0,0.818,1606.712551457169,0.24267385828772856
75E2659C-0A1D-43F0-B8A7-C94D436DC6D9,83,99.99555911067401,Unclassified,road_classification,17113,risk_percentile,99.56582842357304,0.3471874803304672,0.9557354390621186,4,0,0,1238.1,0.128,Unclassified,Local Road,other_urban,urban_minor,Single Carriageway,,False,False,False,False,False,False,Urban,Urban: Nearer to a major town or city,False,False,,-1.5466311244174318,53.80246487850736,2026-07-04T12:45:06+00:00,data/models/risk_scores.parquet,0.1.0,E01033010,LSOA2021,England,IoD 2025,within,0.0,3,10,10,1,0,0,2.5,0.0,4609.2002578252095,0.8424950947173414
31B2F57D-4B25-461D-8FB4-7C88B341E67C,84,99.9955049534871,Unclassified,road_classification,17157,risk_percentile,99.56471204037045,0.3469186395406723,1.6397873282432556,10,0,0,2497.5,0.373,Unclassified,Local Road,other_urban,urban_minor,Single Carriageway,,False,False,False,False,False,False,Urban,Urban: Nearer to a major town or city,False,False,,-1.8521665254698856,52.47562669886561,2026-07-04T12:45:06+00:00,data/models/risk_scores.parquet,0.1.0,E01009333,LSOA2021,England,IoD 2025,within,0.0,1,1,1,1,0,0,3.5,1.2750000000000001,8674.931154794538,1.9351002785075302
E4229412-F7BF-48FE-AE57-9220B73DBC3E,85,99.9954507963002,Unclassified,road_classification,17261,risk_percentile,99.56207331643704,0.3462079703807831,1.920242428779602,5,0,2,1814.0,0.091,Unclassified,Local Access Road,other_urban,urban_minor,Shared Use Carriageway,,False,False,False,False,False,False,Urban,Urban: Nearer to a major town or city,False,False,,-1.541651870433646,53.79720301170704,2026-07-04T12:45:06+00:00,data/models/risk_scores.parquet,0.1.0,E01033010,LSOA2021,England,IoD 2025,within,0.0,3,10,10,1,0,0,3.5,0.404,1007.524699505446,0.851581008604168
06F965D4-CD3D-4F19-B9CD-F64CC0E3F100,86,99.9953966391133,Unclassified,road_classification,17754,risk_percentile,99.54956475009888,0.34256369471549986,2.2929237842559815,1,0,1,2759.2,0.348,Unclassified,Local Road,other_urban,urban_minor,Single Carriageway,,False,False,False,False,False,False,Urban,Urban: Nearer to a major town or city,False,True,sparse collision history,-1.8343427461375272,52.49783917978068,2026-07-04T12:45:06+00:00,data/models/risk_scores.parquet,0.1.0,E01009478,LSOA2021,England,IoD 2025,within,0.0,1,1,1,1,0,0,4.0,0.357,10263.081338401491,0.1185171963114072
F1EF0252-DB8E-4E4B-8A34-13B639414C78,87,99.9953424819264,Unclassified,road_classification,17816,risk_percentile,99.54799166467706,0.34212633669376374,2.565438079833984,2,0,1,4743.0,1.115,Unclassified,Minor Road,other_urban,urban_minor,Single Carriageway,,False,False,False,False,False,False,Urban,Urban: Nearer to a major town or city,False,False,,-0.7961991306250905,52.253656146018116,2026-07-04T12:45:06+00:00,data/models/risk_scores.parquet,0.1.0,E01027140,LSOA2021,England,IoD 2025,within,0.0,1,1,1,1,0,0,2.5,0.404,178.93837920915178,0.056674000581766366
9C066FEE-547A-48AE-A7AE-41FD8739ECDD,88,99.99528832473949,Unclassified,road_classification,17909,risk_percentile,99.54563203654429,0.3415440022945404,4.131646919250488,1,0,1,2159.0,0.518,Unclassified,Local Road,other_urban,urban_minor,Single Carriageway,,False,False,False,False,False,False,Urban,Urban: Nearer to a major town or city,False,True,sparse collision history,-1.9305275151627965,52.439564719387704,2026-07-04T12:45:06+00:00,data/models/risk_scores.parquet,0.1.0,E01009289,LSOA2021,England,IoD 2025,within,0.0,5,9,10,1,0,0,4.0,0.853,25860.196260103494,0.20703119273395035
56D59825-580F-47F2-BB41-E8C173DF0B32,89,99.9952341675526,Unclassified,road_classification,18111,risk_percentile,99.54050682275057,0.33989791125059127,2.268842303752899,4,0,1,3906.6,0.275,Unclassified,Local Road,other_urban,urban_minor,Single Carriageway,,False,False,False,False,False,False,Urban,Urban: Nearer to a major town or city,False,False,,-1.5455648972218072,53.741796157256466,2026-07-04T12:45:06+00:00,data/models/risk_scores.parquet,0.1.0,E01011492,LSOA2021,England,IoD 2025,within,0.0,1,1,1,1,0,0,3.5,0.341,2763.0712910150223,0.2969673421231781
2E12A635-C941-499F-8564-5BD0BE656A41,90,99.99518001036569,Unclassified,road_classification,18137,risk_percentile,99.53984714176723,0.3397138923406601,0.7662593364715576,0,0,0,1340.6,0.178,Unclassified,Local Road,other_urban,urban_minor,Single Carriageway,,False,False,False,False,False,False,Urban,Urban: Nearer to a major town or city,False,True,sparse collision history,-1.1357259492164542,52.624070140813245,2026-07-04T12:45:06+00:00,data/models/risk_scores.parquet,0.1.0,E01013648,LSOA2021,England,IoD 2025,within,0.0,3,6,9,1,0,0,2.5,0.0,14789.110824615096,3.5523562215276994
9BD9846C-7FE1-4B27-9C78-D607DAB060D5,91,99.99512585317878,Unclassified,road_classification,18143,risk_percentile,99.53969490769414,0.33969506025314333,2.274641048908234,0,0,0,3903.1,0.094,Unclassified,Local Access Road,other_urban,urban_minor,Shared Use Carriageway,,False,False,False,False,False,False,Urban,Urban: Nearer to a major town or city,False,True,sparse collision history,-1.1358916454011867,52.63477888408536,2026-07-04T12:45:06+00:00,data/models/risk_scores.parquet,0.1.0,E01034022,LSOA2021,England,IoD 2025,within,0.0,2,4,7,1,0,0,3.5,0.235,2534.3516117646445,3.3538635053704655
39CF9AEB-4EF5-4FC0-A4EF-0FBF554CE50F,92,99.99507169599188,Unclassified,road_classification,18149,risk_percentile,99.53954267362106,0.3396567225456238,1.9780226945877075,7,0,3,2933.1,0.335,Unclassified,Local Road,other_urban,urban_minor,Single Carriageway,,False,False,False,False,False,False,Urban,Urban: Nearer to a major town or city,False,False,,-1.8461257229979393,52.47662265434982,2026-07-04T12:45:06+00:00,data/models/risk_scores.parquet,0.1.0,E01009331,LSOA2021,England,IoD 2025,within,0.0,1,1,3,1,0,0,3.0,1.6780000000000004,25801.59696812319,1.9480175512623776
EC92C5F4-F526-406C-837D-14CA5CEEFA78,93,99.99501753880497,Unclassified,road_classification,18213,risk_percentile,99.5379188435082,0.3391990765929222,2.186863934993744,2,0,1,4014.5,0.215,Unclassified,Local Road,other_urban,urban_minor,Single Carriageway,,False,False,False,False,False,False,Urban,Urban: Nearer to a major town or city,False,False,,-1.7931928899357912,53.79165794186943,2026-07-04T12:45:06+00:00,data/models/risk_scores.parquet,0.1.0,E01010658,LSOA2021,England,IoD 2025,within,0.0,1,1,1,1,0,0,3.5,0.733,2959.8285567634252,0.5797718243012633
8BE884DC-1528-4EB6-8590-7EEBCA6174E8,94,99.99496338161808,Unclassified,road_classification,18289,risk_percentile,99.53599054524916,0.33859128355979917,2.4054344296455383,2,0,0,3552.2,0.664,Unclassified,Minor Road,other_urban,urban_minor,Single Carriageway,,False,False,False,False,False,False,Urban,Urban: Nearer to a major town or city,False,False,,-1.8762651812994726,53.73023483362248,2026-07-04T12:45:06+00:00,data/models/risk_scores.parquet,0.1.0,E01010961,LSOA2021,England,IoD 2025,within,0.0,1,2,2,1,0,0,3.0,0.167,1510.6287773001866,0.12833849315842694
265F695F-0A87-4006-BC12-C7245CD37D29,95,99.99490922443117,Unclassified,road_classification,18354,risk_percentile,99.53434134279078,0.3381052941083908,1.8167941927909852,2,0,0,2652.9,0.093,Unclassified,Local Road,other_urban,urban_minor,Single Carriageway,,False,False,False,False,False,False,Urban,Urban: Nearer to a major town or city,False,False,,-1.5154923375038558,52.40808774313997,2026-07-04T12:45:06+00:00,data/models/risk_scores.parquet,0.1.0,E01034743,LSOA2021,England,IoD 2025,within,0.0,3,8,10,1,0,0,3.0,0.453,5038.080056247992,3.7271690311619152
4851FDE8-0FFC-4D70-BE3B-CC01036ABBE2,96,99.99485506724427,Unclassified,road_classification,18387,risk_percentile,99.53350405538885,0.3378241270780563,2.01053671836853,2,0,0,2838.1,0.56,Unclassified,Minor Road,other_urban,urban_minor,Single Carriageway,,False,False,False,False,False,False,Urban,Urban: Nearer to a major town or city,False,False,,-1.8469692539294882,53.685303879325915,2026-07-04T12:45:06+00:00,data/models/risk_scores.parquet,0.1.0,E01010889,LSOA2021,England,IoD 2025,within,0.0,1,1,1,1,0,0,3.5,0.7410000000000001,4572.757139733433,1.0474023564166492
36D1AF82-5C89-47E5-9A54-349F5222BA9E,97,99.99480091005736,Unclassified,road_classification,18462,risk_percentile,99.53160112947533,0.33736252784729004,1.3806167602539063,0,0,0,2295.1,0.278,Unclassified,Local Road,other_urban,urban_minor,Single Carriageway,,False,False,False,False,False,False,Urban,Urban: Nearer to a major town or city,False,True,sparse collision history,-1.848527972337655,52.46523882414129,2026-07-04T12:45:06+00:00,data/models/risk_scores.parquet,0.1.0,E01009337,LSOA2021,England,IoD 2025,within,0.0,1,1,2,1,0,0,3.5,0.5509999999999999,9399.636923440557,2.9858016150522646
017CE563-CC65-4C32-B8C7-CA70A13FC62A,98,99.99474675287047,Unclassified,road_classification,18498,risk_percentile,99.53068772503684,0.33715026676654813,1.9668079018592834,1,0,0,3119.8,0.321,Unclassified,Local Road,other_urban,urban_minor,Single Carriageway,,False,False,False,False,False,False,Urban,Urban: Nearer to a major town or city,False,True,sparse collision history,-1.84488882530374,52.47677769850009,2026-07-04T12:45:06+00:00,data/models/risk_scores.parquet,0.1.0,E01009331,LSOA2021,England,IoD 2025,within,0.0,1,1,3,1,0,0,3.0,1.7630000000000003,19970.26870233384,1.9469935805401415
01CF32CF-5028-4355-AC0A-B2FD272AE45A,99,99.99469259568356,Unclassified,road_classification,18768,risk_percentile,99.5238371917482,0.3348956912755966,2.739813137054443,2,0,0,3621.5,0.419,Unclassified,Local Road,other_urban,urban_minor,Single Carriageway,,False,False,False,False,False,False,Urban,Urban: Nearer to a major town or city,False,False,,-0.10315532900322735,53.55115075983972,2026-07-04T12:45:06+00:00,data/models/risk_scores.parquet,0.1.0,E01013204,LSOA2021,England,IoD 2025,within,0.0,2,2,1,1,0,0,4.0,0.078,2136.507374672198,0.21494237247318318
EE51EA8B-43C9-4E0E-A56A-B260D50A8FC8,100,99.99463843849666,Unclassified,road_classification,18901,risk_percentile,99.52046266979491,0.33401143848896026,2.1810701489448547,3,0,1,1901.2,0.286,Unclassified,Local Road,other_urban,urban_minor,Single Carriageway,,False,False,False,False,False,False,Urban,Urban: Nearer to a major town or city,False,False,,-1.9333023991040807,52.44407191719968,2026-07-04T12:45:06+00:00,data/models/risk_scores.parquet,0.1.0,E01009289,LSOA2021,England,IoD 2025,within,0.0,5,9,10,1,0,0,3.5,0.368,21000.228523111076,2.186787044905862
1AD98107-A5D4-4D13-997B-C391C3C51B08,1,100.0,Unknown,road_classification,5230,risk_percentile,99.86732800530993,0.5243857860565185,1.284270703792572,16,0,5,1317.7,0.142,Unknown,Minor Road,other_urban,urban_minor,Collapsed Dual Carriageway,,False,False,False,True,False,False,Urban,Urban: Nearer to a major town or city,False,False,,-1.545612708446374,53.80219217589674,2026-07-04T12:45:06+00:00,data/models/risk_scores.parquet,0.1.0,E01033010,LSOA2021,England,IoD 2025,within,0.0,3,10,10,1,0,0,3.0,0.0,4609.2002578252095,1.3237554128158615
9809CDC1-744F-40E0-AED8-4BF26261B3BB,2,99.99988652958685,Unknown,road_classification,21070,risk_percentile,99.46543005237613,0.31989984810352323,1.9490454554557801,1,0,0,1745.2,0.021,Unknown,Minor Road,other_urban,urban_minor,Single Carriageway,,False,False,False,False,False,False,Urban,Urban: Nearer to a major town or city,False,True,sparse collision history,-1.5389853521250725,53.80098758935159,2026-07-04T12:45:06+00:00,data/models/risk_scores.parquet,0.1.0,E01033010,LSOA2021,England,IoD 2025,within,0.0,3,10,10,1,0,0,4.0,0.02,4609.2002578252095,0.4396774290732541
93CB3DE7-FA41-4245-9314-9061422BD6DD,3,99.99977305917369,Unknown,road_classification,22677,risk_percentile,99.42465669313594,0.310749939084053,1.120133823156357,8,0,1,1104.5,0.179,Unknown,Minor Road,other_urban,urban_minor,Collapsed Dual Carriageway,,False,False,False,True,False,False,Urban,Urban: Nearer to a major town or city,False,False,,-1.5376562827001892,53.798727022467844,2026-07-04T12:45:06+00:00,data/models/risk_scores.parquet,0.1.0,E01033010,LSOA2021,England,IoD 2025,within,0.0,3,10,10,1,0,0,3.0,0.0,1940.4079595369724,1.1890509383871173
77E1EDCC-A315-49FE-8AC9-D997F2E8799E,4,99.99965958876052,Unknown,road_classification,26809,risk_percentile,99.31981816147417,0.28943317085504533,1.8951901197433472,1,0,1,1745.2,0.019,Unknown,Minor Road,other_urban,urban_minor,Single Carriageway,,False,False,False,False,False,False,Urban,Urban: Nearer to a major town or city,False,True,sparse collision history,-1.5389656518527537,53.801011654611415,2026-07-04T12:45:06+00:00,data/models/risk_scores.parquet,0.1.0,E01033010,LSOA2021,England,IoD 2025,within,0.0,3,10,10,1,0,0,4.0,0.024,4609.2002578252095,0.43883482044926014
099886A9-221A-47FA-BAAA-D5749F5FFF24,5,99.99954611834737,Unknown,road_classification,29127,risk_percentile,99.2610050645739,0.2790344387292862,1.8971290826797484,2,0,0,3194.6,0.515,Unknown,Minor Road,other_urban,urban_minor,Dual Carriageway,,False,False,False,True,False,False,Urban,Urban: Nearer to a major town or city,False,False,,-0.2663254853461925,52.59741376774949,2026-07-04T12:45:06+00:00,data/models/risk_scores.parquet,0.1.0,E01015677,LSOA2021,England,IoD 2025,within,0.0,2,2,3,1,0,0,3.0,0.0,1545.8226554899795,3.1656666491724845
3EDEBEAF-0898-4E28-9F68-7BF396064F09,6,99.99943264793421,Unknown,road_classification,38074,risk_percentile,99.03399868926464,0.24637442976236343,0.9821653366088867,0,0,0,1091.0,0.148,Unknown,Restricted Local Access Road,other_urban,urban_minor,Single Carriageway,,False,False,False,False,False,False,Urban,Urban: Nearer to a major town or city,False,True,sparse collision history,-1.140838920867112,52.63417358235092,2026-07-04T12:45:06+00:00,data/models/risk_scores.parquet,0.1.0,E01034022,LSOA2021,England,IoD 2025,within,0.0,2,4,7,1,0,0,3.5,0.0,12168.002592777177,3.2174445721114893
F8B004D3-FCB7-4DC0-B7E8-2DA0358FDC4B,7,99.99931917752106,Unknown,road_classification,47324,risk_percentile,98.79930449326478,0.2210441529750824,1.4185551404953003,7,0,3,1941.2,0.794,Unknown,Minor Road,other_urban,urban_minor,Single Carriageway,,False,False,False,False,False,False,Urban,Urban: Nearer to a major town or city,False,False,,-1.1883370521092633,53.008565688496745,2026-07-04T12:45:06+00:00,data/models/risk_scores.parquet,0.1.0,E01013879,LSOA2021,England,IoD 2025,within,0.0,1,1,1,1,0,0,3.0,0.0,1991.266065545004,1.7057118380767822
C33B18E7-3D5C-4FAB-8688-C909A9590F0E,8,99.99920570710789,Unknown,road_classification,55427,risk_percentile,98.59371237756892,0.20341619849205017,1.4217495799064637,2,0,0,1833.5,0.062,Unknown,Minor Road,other_urban,urban_minor,Collapsed Dual Carriageway,,False,False,False,True,False,False,Urban,Urban: Nearer to a major town or city,False,False,,-1.5451150243638627,53.80132799695069,2026-07-04T12:45:06+00:00,data/models/risk_scores.parquet,0.1.0,E01033010,LSOA2021,England,IoD 2025,within,0.0,3,10,10,1,0,0,3.0,0.142,4609.2002578252095,1.3197351354211508
64F09BF1-20F5-4C2E-8DE1-A004D1E15D5E,9,99.99909223669474,Unknown,road_classification,63368,risk_percentile,98.39223058184623,0.18868943601846694,1.2998648405075073,2,0,0,3354.1,0.174,Unknown,Minor Road,other_urban,urban_minor,Collapsed Dual Carriageway,,False,False,False,True,False,False,Urban,Urban: Nearer to a major town or city,False,False,,-1.90319359640099,52.507764249907694,2026-07-04T12:45:06+00:00,data/models/risk_scores.parquet,0.1.0,E01009060,LSOA2021,England,IoD 2025,within,0.0,1,1,1,1,0,0,3.0,0.125,8002.2791618207675,3.9547322634943614
73535B96-A6B7-4081-9DBC-2D1BEFDEDAF7,10,99.99897876628158,Unknown,road_classification,63824,risk_percentile,98.38066079229209,0.18790935277938842,0.7657952904701233,1,0,0,1398.2,0.117,Unknown,Restricted Local Access Road,other_urban,urban_minor,Single Carriageway,,False,False,False,False,False,False,Urban,Urban: Nearer to a major town or city,False,True,sparse collision history,-1.9013687555547256,52.468160784586246,2026-07-04T12:45:06+00:00,data/models/risk_scores.parquet,0.1.0,E01033640,LSOA2021,England,IoD 2025,within,0.0,3,2,4,1,0,0,3.5,0.0,14293.652634056889,2.2204128836960844
CBA00A27-3B8C-46E7-AC82-E25465BF57CE,11,99.99886529586843,Unknown,road_classification,64805,risk_percentile,98.35577052134335,0.18628797084093093,2.4442221999168394,1,0,0,3690.1,0.508,Unknown,Local Road,other_urban,urban_minor,Single Carriageway,,False,False,False,False,False,False,Urban,Urban: Nearer to a major town or city,False,True,sparse collision history,-1.132440516437345,53.517114948879225,2026-07-04T12:45:06+00:00,data/models/risk_scores.parquet,0.1.0,E01007530,LSOA2021,England,IoD 2025,within,0.0,1,1,2,1,0,0,3.0,0.057,2062.46225232963,2.478641853302169
A713DBB1-1025-4ED0-9ADD-487E4F59B155,12,99.99875182545527,Unknown,road_classification,65069,risk_percentile,98.34907222212777,0.18587779104709626,2.5220457196235655,0,0,0,2109.5,0.063,Unknown,Local Access Road,other_urban,urban_minor,Shared Use Carriageway,,False,False,False,False,False,False,Urban,Urban: Nearer to a major town or city,False,True,sparse collision history,-1.540691110084138,53.79769285374745,2026-07-04T12:45:06+00:00,data/models/risk_scores.parquet,0.1.0,E01033010,LSOA2021,England,IoD 2025,within,0.0,3,10,10,1,0,0,3.5,0.327,1007.524699505446,0.43162976993313507
11F68827-97FD-40EB-A438-8C6A01EC982C,13,99.99863835504212,Unknown,road_classification,65410,risk_percentile,98.34042025230768,0.18532072603702546,1.0000114798545838,0,0,0,1796.9,0.119,Unknown,Restricted Local Access Road,other_urban,urban_minor,Single Carriageway,,False,False,False,False,False,False,Urban,Urban: Nearer to a major town or city,False,True,sparse collision history,-1.8175781142298117,52.45888473675363,2026-07-04T12:45:06+00:00,data/models/risk_scores.parquet,0.1.0,E01008887,LSOA2021,England,IoD 2025,within,0.0,1,1,1,1,0,0,3.5,0.0,2641.1193983809894,0.764467113626729
2A3F455B-99F1-4642-83A8-65A9CDDD258B,14,99.99852488462896,Unknown,road_classification,67501,risk_percentile,98.28736667783896,0.18206933438777922,1.28906489610672,1,0,0,2911.5,0.285,Unknown,Minor Road,other_urban,urban_minor,Collapsed Dual Carriageway,,False,False,False,True,False,False,Urban,Urban: Nearer to a major town or city,False,True,sparse collision history,-1.9032374289480942,52.50982239005573,2026-07-04T12:45:06+00:00,data/models/risk_scores.parquet,0.1.0,E01009059,LSOA2021,England,IoD 2025,within,0.0,1,1,1,1,0,0,3.0,0.056999999999999995,8330.291299032875,4.625325575376998
0998D5A9-D331-424D-A210-5EE5CEA9DEA9,15,99.99841141421581,Unknown,road_classification,69772,risk_percentile,98.22974608117781,0.17857998013496398,2.142519783973694,0,0,0,3274.5,0.187,Unknown,Restricted Local Access Road,other_urban,urban_minor,Single Carriageway,,False,False,False,False,False,False,Urban,Urban: Nearer to a major town or city,False,True,sparse collision history,-1.8991715829323146,52.45370096246282,2026-07-04T12:45:06+00:00,data/models/risk_scores.parquet,0.1.0,E01034939,LSOA2021,England,IoD 2025,within,0.0,1,1,1,1,0,0,3.5,0.5589999999999999,4286.284453955926,0.5379857710286289
6F07EA43-17CA-412C-9A14-9833EC0689AF,16,99.99829794380264,Unknown,road_classification,72447,risk_percentile,98.1618750569292,0.1747136116027832,0.21858097612857819,6,0,2,1280.3,0.008,Unknown,Local Road,other_urban,urban_minor,Single Carriageway,,False,False,False,False,False,False,Urban,Urban: Nearer to a major town or city,False,False,,-1.19808134112084,53.56777910448504,2026-07-04T12:45:06+00:00,data/models/risk_scores.parquet,0.1.0,E01007466,LSOA2021,England,IoD 2025,within,0.0,1,1,2,1,0,0,2.5,0.0,5021.211411015606,2.0487941077117022
25CC06F5-D468-4ECE-A154-5E385503BFE9,17,99.99818447338949,Unknown,road_classification,73706,risk_percentile,98.12993127392771,0.17290038615465164,1.2702179431915284,1,0,0,2576.2,0.179,Unknown,Minor Road,other_urban,urban_minor,Collapsed Dual Carriageway,,False,False,False,True,False,False,Urban,Urban: Nearer to a major town or city,False,True,sparse collision history,-2.111577249485071,53.54395969290161,2026-07-04T12:45:06+00:00,data/models/risk_scores.parquet,0.1.0,E01005433,LSOA2021,England,IoD 2025,within,0.0,1,1,1,1,0,0,3.5,0.42800000000000005,2945.2271116147504,1.9143839506817881
C23031CE-EB89-4F5A-B094-548A6D990A61,18,99.99807100297633,Unknown,road_classification,74183,risk_percentile,98.11782866511777,0.17223487198352813,3.767339754104614,0,0,0,4093.1,0.692,Unknown,Restricted Local Access Road,other_urban,urban_minor,Single Carriageway,,False,False,False,False,False,False,Urban,Urban: Nearer to a major town or city,False,True,sparse collision history,-1.7693052442195338,53.81132994182777,2026-07-04T12:45:06+00:00,data/models/risk_scores.parquet,0.1.0,E01010679,LSOA2021,England,IoD 2025,within,0.0,1,1,1,1,0,0,3.5,0.31000000000000005,1606.0280058860849,0.3806259597088563
64F82E9F-FD12-457E-944B-5577B61EA29F,19,99.99795753256318,Unknown,road_classification,78904,risk_percentile,97.99804582194855,0.1659408241510391,0.40130099654197693,9,0,1,2113.8,0.008,Unknown,Minor Road,other_urban,urban_minor,Single Carriageway,,False,False,False,False,False,False,Urban,Urban: Nearer to a major town or city,False,False,,-1.4177527218408985,53.37281513924101,2026-07-04T12:45:06+00:00,data/models/risk_scores.parquet,0.1.0,E01008017,LSOA2021,England,IoD 2025,within,0.0,1,1,1,1,0,0,3.0,0.0,1684.3275337348982,3.491078204442383
A9E115FE-388C-4274-B3AD-70CEA470E437,20,99.99784406215001,Unknown,road_classification,80286,risk_percentile,97.9629812404489,0.16417712718248367,0.6294594705104828,0,0,0,983.9,0.065,Unknown,Local Road,other_urban,urban_minor,Single Carriageway,,False,False,False,False,False,False,Urban,Urban: Nearer to a major town or city,False,True,sparse collision history,-2.259809931885456,53.49449290806409,2026-07-04T12:45:06+00:00,data/models/risk_scores.parquet,0.1.0,E01033986,LSOA2021,England,IoD 2025,within,0.0,3,4,6,1,0,0,3.5,0.0,17094.24142942989,1.8315932795377416
88568427-7B0C-449C-91BB-055078F519FB,21,99.99773059173685,Unknown,road_classification,85991,risk_percentile,97.81823200929439,0.15718701332807541,0.819456672668457,3,0,0,915.3,0.166,Unknown,Secondary Access Road,other_urban,urban_minor,Single Carriageway,,False,False,False,False,False,False,Urban,Urban: Nearer to a major town or city,False,False,,-1.7828339402762454,53.80196856374921,2026-07-04T12:45:06+00:00,data/models/risk_scores.parquet,0.1.0,E01010813,LSOA2021,England,IoD 2025,within,0.0,1,1,1,1,0,0,4.0,0.0,18817.679513590054,0.5352607494407773
C12A3AA1-858B-4AF5-A9E3-466102C559E0,22,99.9976171213237,Unknown,road_classification,86790,risk_percentile,97.79795950522912,0.15625442415475846,1.074744737148285,0,0,0,2027.6,0.043,Unknown,Restricted Local Access Road,other_urban,urban_minor,Shared Use Carriageway,,False,False,False,False,False,False,Urban,Urban: Nearer to a major town or city,False,True,sparse collision history,-1.7531578859088746,53.79285508976521,2026-07-04T12:45:06+00:00,data/models/risk_scores.parquet,0.1.0,E01033690,LSOA2021,England,IoD 2025,within,0.0,1,4,2,1,0,0,3.5,0.0,2506.989829936217,3.793038233426115
51804C75-B2AA-4B93-81C8-9211D494DA5F,23,99.99750365091055,Unknown,road_classification,86969,risk_percentile,97.7934178553822,0.15604756027460098,0.4889706313610077,2,0,1,2138.8,0.005,Unknown,Local Road,other_urban,urban_minor,Single Carriageway,,False,False,False,False,False,False,Urban,Urban: Nearer to a major town or city,False,False,,-1.74753416962817,53.79343174426077,2026-07-04T12:45:06+00:00,data/models/risk_scores.parquet,0.1.0,E01033690,LSOA2021,England,IoD 2025,within,0.0,1,4,2,1,0,0,3.0,0.0,1432.4378481210395,4.289109610749977
B3D73028-B1B9-4E74-B362-60B00B4377E7,24,99.99739018049738,Unknown,road_classification,87609,risk_percentile,97.77717955425356,0.15533609986305236,0.16190410107374192,10,1,4,1100.3,0.005,Unknown,Minor Road,other_urban,urban_minor,Single Carriageway,,False,False,False,False,False,False,Urban,Urban: Nearer to a major town or city,False,False,,-1.162478261996648,53.502682163489105,2026-07-04T12:45:06+00:00,data/models/risk_scores.parquet,0.1.0,E01007496,LSOA2021,England,IoD 2025,within,0.0,1,1,1,1,0,0,2.5,0.0,6425.007434457183,1.9378451360787299
A6F7F7E9-5192-4F9D-AF46-D4BB37AE06E9,25,99.99727671008422,Unknown,road_classification,87767,risk_percentile,97.77317072366243,0.15513590425252916,1.3838734865188598,4,0,0,2249.3,0.499,Unknown,Minor Road,other_urban,urban_minor,Dual Carriageway,,False,False,False,True,False,False,Urban,Urban: Nearer to a major town or city,False,False,,-0.26579880340116696,52.597131724486545,2026-07-04T12:45:06+00:00,data/models/risk_scores.parquet,0.1.0,E01015661,LSOA2021,England,IoD 2025,within,0.0,2,3,2,1,0,0,3.0,0.0,1183.0473675975109,3.1295549913770753
FD292881-26AE-46C7-BBA5-CAFD62DD460F,26,99.99716323967107,Unknown,road_classification,87776,risk_percentile,97.7729423725528,0.1551234930753708,0.8610757946968078,0,0,0,1130.5,0.141,Unknown,Restricted Local Access Road,other_urban,urban_minor,Single Carriageway,,False,False,False,False,False,False,Urban,Urban: Nearer to a major town or city,False,True,sparse collision history,-2.2537573234543276,53.48440763854201,2026-07-04T12:45:06+00:00,data/models/risk_scores.parquet,0.1.0,E01033990,LSOA2021,England,IoD 2025,within,0.0,5,10,10,1,0,0,2.5,0.0,8086.07103128831,0.28775442239192417
B98418CE-F3D6-41DC-A4B9-1F4DC426615A,27,99.99704976925791,Unknown,road_classification,89484,risk_percentile,97.72960640641574,0.15333184897899627,0.5621943593025207,0,0,0,1095.9,0.075,Unknown,Minor Road,other_urban,urban_minor,Single Carriageway,,False,False,False,False,False,False,Urban,Urban: Nearer to a major town or city,False,True,sparse collision history,-1.8986764821419428,52.464826948910584,2026-07-04T12:45:06+00:00,data/models/risk_scores.parquet,0.1.0,E01008995,LSOA2021,England,IoD 2025,within,0.0,1,1,1,1,0,0,3.5,0.0,10057.73481529827,1.3294515106117424
C559BACF-D790-4279-B159-B44567782CC9,28,99.99693629884476,Unknown,road_classification,90967,risk_percentile,97.69197921801923,0.15164474919438362,1.0229733347892762,1,0,0,1486.3,0.11,Unknown,Restricted Local Access Road,other_urban,urban_minor,Single Carriageway,,False,False,False,False,False,False,Urban,Urban: Nearer to a major town or city,False,True,sparse collision history,-2.225548512080595,53.45844534568124,2026-07-04T12:45:06+00:00,data/models/risk_scores.parquet,0.1.0,E01005284,LSOA2021,England,IoD 2025,within,0.0,3,7,9,1,0,0,2.5,0.457,4741.272005941717,0.2613352062007454
9AD534C6-15B2-4288-A60B-1F1AA52A6DEA,29,99.9968228284316,Unknown,road_classification,91222,risk_percentile,97.6855092699133,0.15135953575372696,1.7330937147140504,2,0,0,3781.9,0.143,Unknown,Secondary Access Road,other_urban,urban_minor,Single Carriageway,,False,False,False,False,False,False,Urban,Urban: Nearer to a major town or city,False,False,,-1.740645821300733,53.803236492236415,2026-07-04T12:45:06+00:00,data/models/risk_scores.parquet,0.1.0,E01010829,LSOA2021,England,IoD 2025,within,0.0,1,1,2,1,0,0,3.0,0.086,4388.621725324125,4.288262019888006
89CE80E0-BE9E-4D1D-9EB7-7FC5B427FC3C,30,99.99670935801845,Unknown,road_classification,91512,risk_percentile,97.67815128971438,0.1510484643280506,2.802285671234131,6,0,4,3123.1,0.708,Unknown,Minor Road,other_urban,urban_minor,Single Carriageway,,False,False,False,False,False,False,Urban,Urban: Nearer to a major town or city,False,False,,-1.6273040972116581,53.790952648262305,2026-07-04T12:45:06+00:00,data/models/risk_scores.parquet,0.1.0,E01011726,LSOA2021,England,IoD 2025,within,0.0,2,2,2,1,0,0,3.5,0.273,2088.913596754073,0.6819993556057996
DBB31471-277D-4408-B70A-4B22F617E7A5,31,99.9965958876053,Unknown,road_classification,91873,risk_percentile,97.66899187298401,0.1506662957370281,0.747904223203659,1,0,0,1655.7,0.061,Unknown,Restricted Local Access Road,other_urban,urban_minor,Single Carriageway,,False,False,False,False,False,False,Urban,Urban: Nearer to a major town or city,False,True,sparse collision history,-2.9396889918164057,53.39515751802539,2026-07-04T12:45:06+00:00,data/models/risk_scores.parquet,0.1.0,E01006556,LSOA2021,England,IoD 2025,within,0.0,1,1,1,1,0,0,3.5,0.0,2753.1287598397093,1.437518579718503
A4ECF193-F635-452C-9EEB-6D9D9E7F97C8,32,99.99648241719214,Unknown,road_classification,92533,risk_percentile,97.6522461249451,0.14997422993183135,1.1646089673042297,0,0,0,1594.3,0.023,Unknown,Minor Road,other_urban,urban_minor,Collapsed Dual Carriageway,,False,False,False,True,False,False,Urban,Urban: Nearer to a major town or city,False,True,sparse collision history,-1.5449389851960547,53.80096437753449,2026-07-04T12:45:06+00:00,data/models/risk_scores.parquet,0.1.0,E01033010,LSOA2021,England,IoD 2025,within,0.0,3,10,10,1,0,0,3.5,0.204,4609.2002578252095,1.3260055211170734
EDB09F54-8931-4026-B665-ED91285FCE6F,33,99.99636894677897,Unknown,road_classification,93015,risk_percentile,97.64001665440759,0.14950321167707442,0.782067060470581,0,0,0,1595.7,0.077,Unknown,Minor Road,other_urban,urban_minor,Single Carriageway,,False,False,False,False,False,False,Urban,Urban: Nearer to a major town or city,False,True,sparse collision history,-1.2975516436019396,53.494809659386036,2026-07-04T12:45:06+00:00,data/models/risk_scores.parquet,0.1.0,E01007577,LSOA2021,England,IoD 2025,within,0.0,1,1,1,1,0,0,3.5,0.02,4025.557789143478,1.0876552441522753
226AACB2-6DB6-44FE-80DB-61C281FD878D,34,99.99625547636582,Unknown,road_classification,93558,risk_percentile,97.62623947079376,0.14893184825778008,0.9437614798545837,7,0,1,1224.0,0.214,Unknown,Local Road,other_urban,urban_minor,Single Carriageway,,False,False,False,False,False,False,Urban,Urban: Nearer to a major town or city,False,False,,-1.8607330819277539,52.45546968873755,2026-07-04T12:45:06+00:00,data/models/risk_scores.parquet,0.1.0,E01009339,LSOA2021,England,IoD 2025,within,0.0,1,1,1,1,0,0,3.5,0.0,19719.626273326343,0.8971027694784238
90376640-C718-48CC-B025-27BF04098E47,35,99.99614200595266,Unknown,road_classification,94118,risk_percentile,97.6120309573062,0.14836133271455765,0.798560905456543,4,0,1,1584.4,0.11,Unknown,Minor Road,other_urban,urban_minor,Single Carriageway,,False,False,False,False,False,False,Urban,Urban: Nearer to a major town or city,False,False,,-1.4185297457301258,53.37307380006529,2026-07-04T12:45:06+00:00,data/models/risk_scores.parquet,0.1.0,E01008018,LSOA2021,England,IoD 2025,within,0.0,1,1,1,1,0,0,3.5,0.0,2176.7631942838757,2.8448747268109362
EFB4E91A-803B-459F-BD27-57865203A290,36,99.99602853553951,Unknown,road_classification,95394,risk_percentile,97.57965584443099,0.14703138843178748,0.7725111901760101,5,1,0,1343.6,0.12,Unknown,Minor Road,other_urban,urban_minor,Single Carriageway,,False,False,False,False,False,False,Urban,Urban: Nearer to a major town or city,False,False,,-2.2119048505036467,53.83583172690847,2026-07-04T12:45:06+00:00,data/models/risk_scores.parquet,0.1.0,E01025224,LSOA2021,England,IoD 2025,within,0.0,1,1,2,1,0,0,3.5,0.0,2769.5030399402017,1.201156941561477
DDC271B2-98D1-41AE-B18F-148471A4D553,37,99.99591506512634,Unknown,road_classification,96042,risk_percentile,97.56321456453824,0.1463848739862442,0.2648427337408066,0,0,0,1831.9,0.005,Unknown,Minor Road,other_urban,urban_minor,Single Carriageway,,False,False,False,False,False,False,Urban,Urban: Nearer to a major town or city,False,True,sparse collision history,-1.5337880275225793,53.8000419589173,2026-07-04T12:45:06+00:00,data/models/risk_scores.parquet,0.1.0,E01033031,LSOA2021,England,IoD 2025,within,0.0,3,3,4,1,0,0,2.5,0.0,2611.9108405200764,1.8250123696096137
AF963710-0CC5-4B2F-B63E-4F52CFC6E3E8,38,99.99580159471319,Unknown,road_classification,96576,risk_percentile,97.54966573203403,0.145879615098238,2.2913724184036255,0,0,0,4101.9,0.274,Unknown,Restricted Local Access Road,other_urban,urban_minor,Single Carriageway,,False,False,False,False,False,False,Urban,Urban: Nearer to a major town or city,False,True,sparse collision history,-1.7720344026979034,53.81428179086537,2026-07-04T12:45:06+00:00,data/models/risk_scores.parquet,0.1.0,E01010679,LSOA2021,England,IoD 2025,within,0.0,1,1,1,1,0,0,3.0,0.036000000000000004,1606.0280058860849,0.6413321892658501
F6CAE73D-219D-4453-B670-7A7FAF22EA17,39,99.99568812430003,Unknown,road_classification,97829,risk_percentile,97.51787418310562,0.14460719451308252,1.840066170692444,0,0,0,1850.5,0.192,Unknown,Restricted Local Access Road,other_urban,urban_minor,Single Carriageway,,False,False,False,False,False,False,Urban,Urban: Nearer to a major town or city,False,True,sparse collision history,-2.2330453624410604,53.475286104539826,2026-07-04T12:45:06+00:00,data/models/risk_scores.parquet,0.1.0,E01033654,LSOA2021,England,IoD 2025,within,0.0,5,10,10,1,0,0,3.0,0.076,4955.218216891479,0.6596577825679721
FFD16BD7-EF83-4D3A-B393-F59C368BEE24,40,99.99557465388688,Unknown,road_classification,98011,risk_percentile,97.51325641622216,0.14441881701350212,1.4791131854057311,0,0,0,4488.8,0.128,Unknown,Restricted Local Access Road,other_urban,urban_minor,Collapsed Dual Carriageway,,False,False,False,True,False,False,Urban,Urban: Nearer to a major town or city,False,True,sparse collision history,-1.6043349636035629,54.961479510859405,2026-07-04T12:45:06+00:00,data/models/risk_scores.parquet,0.1.0,E01035612,LSOA2021,England,IoD 2025,within,0.0,1,1,1,1,0,0,3.0,0.094,1471.9219202893864,4.270051008704274
50A75308-13E3-4B7D-A4CC-42EDF21CEFBD,41,99.99546118347371,Unknown,road_classification,98152,risk_percentile,97.50967891550476,0.1442587435245514,0.15493590533733367,3,0,0,1046.6,0.005,Unknown,Minor Road,other_urban,urban_minor,Single Carriageway,,False,False,False,False,False,False,Urban,Urban: Nearer to a major town or city,False,False,,-2.102762167729598,52.593373826734855,2026-07-04T12:45:06+00:00,data/models/risk_scores.parquet,0.1.0,E01010473,LSOA2021,England,IoD 2025,within,0.0,1,1,1,1,0,0,2.5,0.0,5223.457826828991,1.390009157913814
F23042C3-0808-4078-A9FC-257FA0065E45,42,99.99534771306055,Unknown,road_classification,98943,risk_percentile,97.48960939020358,0.14348686188459397,0.7812700212001801,0,0,0,1293.9,0.079,Unknown,Local Road,other_urban,urban_minor,Single Carriageway,,False,False,False,False,False,False,Urban,Urban: Nearer to a major town or city,False,True,sparse collision history,-2.1654271124064235,53.857198212009756,2026-07-04T12:45:06+00:00,data/models/risk_scores.parquet,0.1.0,E01025227,LSOA2021,England,IoD 2025,within,0.0,1,1,1,1,0,0,4.0,0.0,3336.055791767199,1.6361124595750243
B42BFF9E-7A2C-4E0B-BE7D-17CF1E8D0C81,43,99.9952342426474,Unknown,road_classification,98973,risk_percentile,97.48884821983818,0.1434495098888874,1.461454200744629,0,0,0,2830.6,0.099,Unknown,Local Road,other_urban,urban_minor,Single Carriageway,,False,False,False,False,False,False,Urban,Urban: Further from a major town or city,False,True,sparse collision history,1.7225864732415124,52.60854188656699,2026-07-04T12:45:06+00:00,data/models/risk_scores.parquet,0.1.0,E01026597,LSOA2021,England,IoD 2025,within,0.0,1,1,1,1,0,0,3.5,0.20900000000000002,5552.9724507643205,2.4718915866540776
0F47B188-57F4-46C6-9E32-07B4663368DF,44,99.99512077223424,Unknown,road_classification,99005,risk_percentile,97.48803630478174,0.14342287108302115,0.7018746793270111,0,0,0,1453.6,0.074,Unknown,Restricted Local Access Road,other_urban,urban_minor,Single Carriageway,,False,False,False,False,False,False,Urban,Urban: Nearer to a major town or city,False,True,sparse collision history,-1.6919396011041914,54.98485014426376,2026-07-04T12:45:06+00:00,data/models/risk_scores.parquet,0.1.0,E01008345,LSOA2021,England,IoD 2025,within,0.0,1,1,1,1,0,0,3.5,0.0,3187.420348824882,1.1844646647733459
8553BCB5-6C64-4947-BC30-B2A65F1F071C,45,99.99500730182108,Unknown,road_classification,99415,risk_percentile,97.47763364312122,0.14301641210913657,0.6408791482448578,0,0,0,1337.1,0.079,Unknown,Local Road,other_urban,urban_minor,Single Carriageway,,False,False,False,False,False,False,Urban,Urban: Nearer to a major town or city,False,True,sparse collision history,-2.335025757124927,53.52080948025382,2026-07-04T12:45:06+00:00,data/models/risk_scores.parquet,0.1.0,E01005692,LSOA2021,England,IoD 2025,within,0.0,1,1,1,1,0,0,3.5,0.0,8171.922372953678,3.6446044688718775
4E97795D-A585-46AD-85DB-B0A6FBF62F72,46,99.99489383140792,Unknown,road_classification,99981,risk_percentile,97.46327289556056,0.1424806147813797,0.3160042628645897,1,0,1,1689.7,0.008,Unknown,Restricted Local Access Road,other_urban,urban_minor,Single Carriageway,,False,False,False,False,False,False,Urban,Urban: Nearer to a major town or city,False,True,sparse collision history,-1.6266487359595407,53.810606093236196,2026-07-04T12:45:06+00:00,data/models/risk_scores.parquet,0.1.0,E01011336,LSOA2021,England,IoD 2025,within,0.0,1,2,1,1,0,0,2.5,0.0,2875.852400972382,0.370536953814832
8E0707D5-4E4A-4DC1-92AC-3769FFBF052F,47,99.99478036099477,Unknown,road_classification,100291,risk_percentile,97.4554074684514,0.14219483137130737,1.926733922958374,8,0,3,2704.7,0.193,Unknown,Minor Road,other_urban,urban_minor,Single Carriageway,,False,False,False,False,False,False,Urban,Urban: Nearer to a major town or city,False,False,,-1.9636543864968279,52.40902708012842,2026-07-04T12:45:06+00:00,data/models/risk_scores.parquet,0.1.0,E01009210,LSOA2021,England,IoD 2025,within,0.0,2,2,1,1,0,0,4.0,0.91,3851.1116481729605,4.002079746919185
3C436F56-7A56-4C58-B1F4-4BB89D07AE22,48,99.99466689058161,Unknown,road_classification,103432,risk_percentile,97.37571293119349,0.13919449895620345,2.9138762950897217,0,0,0,3680.8,0.804,Unknown,Restricted Local Access Road,other_urban,urban_minor,Single Carriageway,,False,False,False,False,False,False,Urban,Urban: Nearer to a major town or city,False,True,sparse collision history,-1.8278529141778685,52.47824750745782,2026-07-04T12:45:06+00:00,data/models/risk_scores.parquet,0.1.0,E01009341,LSOA2021,England,IoD 2025,within,0.0,1,1,1,1,0,0,3.0,1.616,2032.7711532980359,1.177448226781502
06941238-2390-4CFA-97F6-6BDEC76E1D7B,49,99.99455342016846,Unknown,road_classification,103705,risk_percentile,97.3687862808683,0.13892074450850486,0.19801212847232819,2,0,0,1156.7,0.008,Unknown,Minor Road,other_urban,urban_minor,Single Carriageway,,False,False,False,False,False,False,Urban,Urban: Nearer to a major town or city,False,False,,-1.530976755148849,53.77031325721083,2026-07-04T12:45:06+00:00,data/models/risk_scores.parquet,0.1.0,E01011471,LSOA2021,England,IoD 2025,within,0.0,1,1,1,1,0,0,2.5,0.0,5254.0939192487285,0.21286163015306916
74972186-9064-494E-861B-59B376B34AA9,50,99.9944399497553,Unknown,road_classification,103782,risk_percentile,97.36683261026377,0.1388439044356346,0.9702785730361938,1,0,0,1905.3,0.068,Unknown,Restricted Local Access Road,other_urban,urban_minor,Single Carriageway,,False,False,False,False,False,False,Urban,Urban: Nearer to a major town or city,False,True,sparse collision history,-1.430982987100103,52.89752059262361,2026-07-04T12:45:06+00:00,data/models/risk_scores.parquet,0.1.0,E01013473,LSOA2021,England,IoD 2025,within,0.0,1,2,2,1,0,0,3.5,0.0,3607.572241570092,3.3761236531516
A9327D42-2AA3-465C-BA30-8FF488D31BE9,51,99.99432647934215,Unknown,road_classification,103982,risk_percentile,97.36175814116108,0.13865088894963265,0.7690556347370148,0,0,0,1629.6,0.085,Unknown,Local Access Road,other_urban,urban_minor,Single Carriageway,,False,False,False,False,False,False,Urban,Urban: Nearer to a major town or city,False,True,sparse collision history,-2.2992747754491925,53.45380117862844,2026-07-04T12:45:06+00:00,data/models/risk_scores.parquet,0.1.0,E01006187,LSOA2021,England,IoD 2025,within,0.0,3,3,3,1,0,0,3.5,0.0,5899.792717187104,3.248532263635916
77029009-8E7F-4471-92DE-CF2079B37736,52,99.994213008929,Unknown,road_classification,104044,risk_percentile,97.36018505573924,0.13858326449990271,0.9037922859191895,0,0,0,971.9,0.09,Unknown,Restricted Local Access Road,other_urban,urban_minor,Single Carriageway,,False,False,False,False,False,False,Urban,Urban: Nearer to a major town or city,False,True,sparse collision history,-2.2382824259380345,53.47488816197523,2026-07-04T12:45:06+00:00,data/models/risk_scores.parquet,0.1.0,E01033662,LSOA2021,England,IoD 2025,within,0.0,5,10,10,1,0,0,3.0,0.0,28370.604168230893,3.698549851068353
F574D000-3EA2-4D99-8149-4793903D4EA6,53,99.99409953851584,Unknown,road_classification,106163,risk_percentile,97.30642105559613,0.1366897590458393,0.8690487504005432,0,0,0,1823.3,0.027,Unknown,Local Road,other_urban,urban_minor,Single Carriageway,,False,False,False,False,False,False,Urban,Urban: Nearer to a major town or city,False,True,sparse collision history,-1.143584375237549,52.63364338899836,2026-07-04T12:45:06+00:00,data/models/risk_scores.parquet,0.1.0,E01034014,LSOA2021,England,IoD 2025,within,0.0,3,5,7,1,0,0,3.5,0.0,2440.0953580711953,3.2172937633559835
CC2113FC-A7C9-474D-89E7-A9F8C7F705EF,54,99.99398606810267,Unknown,road_classification,106265,risk_percentile,97.30383307635377,0.13661151975393296,0.9580313324928283,0,0,0,1905.3,0.065,Unknown,Restricted Local Access Road,other_urban,urban_minor,Single Carriageway,,False,False,False,False,False,False,Urban,Urban: Nearer to a major town or city,False,True,sparse collision history,-1.4318183209391686,52.89768786443388,2026-07-04T12:45:06+00:00,data/models/risk_scores.parquet,0.1.0,E01013473,LSOA2021,England,IoD 2025,within,0.0,1,2,2,1,0,0,3.5,0.0,3607.572241570092,3.376175873871334
31A728D1-1F23-4C71-B0FA-873AE1681FAE,55,99.99387259768952,Unknown,road_classification,106365,risk_percentile,97.30129584180241,0.13652739748358728,1.112937718629837,0,0,0,2005.6,0.301,Unknown,Restricted Local Access Road,other_urban,urban_minor,Single Carriageway,,False,False,False,False,False,False,Urban,Urban: Nearer to a major town or city,False,True,sparse collision history,-1.9245863042796068,52.472683341564895,2026-07-04T12:45:06+00:00,data/models/risk_scores.parquet,0.1.0,E01009143,LSOA2021,England,IoD 2025,within,0.0,1,1,1,1,0,0,3.0,0.0,3539.8955986589817,2.463819584154594
3F0BE06F-6AAB-407E-9544-7DF92D8A5D37,56,99.99375912727636,Unknown,road_classification,106409,risk_percentile,97.30017945859981,0.13648492321372033,1.6927637100219726,0,0,0,1659.4,0.08,Unknown,Secondary Access Road,other_urban,urban_minor,Single Carriageway,,False,False,False,False,False,False,Urban,Urban: Nearer to a major town or city,False,True,sparse collision history,-2.21629889119893,53.44195233150739,2026-07-04T12:45:06+00:00,data/models/risk_scores.parquet,0.1.0,E01005185,LSOA2021,England,IoD 2025,within,0.0,4,10,10,1,0,0,3.0,0.16999999999999998,16271.293627464209,0.656520342478545
9F19AE20-5743-4ADF-B936-0936AB1AB48F,57,99.99364565686321,Unknown,road_classification,106683,risk_percentile,97.29322743592913,0.13623658418655396,0.4247769683599472,1,0,0,1838.8,0.007,Unknown,Minor Road,other_urban,urban_minor,Single Carriageway,,False,False,False,False,False,False,Urban,Urban: Nearer to a major town or city,False,True,sparse collision history,-2.976564938796394,53.43039984673839,2026-07-04T12:45:06+00:00,data/models/risk_scores.parquet,0.1.0,E01034399,LSOA2021,England,IoD 2025,within,0.0,1,1,1,1,0,0,3.5,0.0,3832.7097534519585,3.8075123411287146
1C8C713B-EBE7-48DC-9949-086E273E11CE,58,99.99353218645004,Unknown,road_classification,106984,risk_percentile,97.28559035992956,0.13594557717442513,0.30269950330257417,0,0,0,2093.8,0.007,Unknown,Restricted Local Access Road,other_urban,urban_minor,Single Carriageway,,False,False,False,False,False,False,Urban,Urban: Nearer to a major town or city,False,True,sparse collision history,-1.8968316972487316,52.524421638636376,2026-07-04T12:45:06+00:00,data/models/risk_scores.parquet,0.1.0,E01009239,LSOA2021,England,IoD 2025,within,0.0,1,1,1,1,0,0,2.5,0.0,413.68262668448256,3.9554323934716082
CDDE506C-31EC-4DEF-9994-C761D2C5488D,59,99.99341871603689,Unknown,road_classification,107031,risk_percentile,97.28439785969042,0.135896173119545,2.1812862038612364,0,0,0,2855.0,0.509,Unknown,Restricted Local Access Road,other_urban,urban_minor,Single Carriageway,,False,False,False,False,False,False,Urban,Urban: Nearer to a major town or city,False,True,sparse collision history,-1.8559732476288173,52.44598717545047,2026-07-04T12:45:06+00:00,data/models/risk_scores.parquet,0.1.0,E01009391,LSOA2021,England,IoD 2025,within,0.0,1,1,1,1,0,0,3.0,0.121,13614.22022386417,0.14241805504614224
4A5A3270-7212-4CA2-86B8-A8D6C17EF0BF,60,99.99330524562373,Unknown,road_classification,107084,risk_percentile,97.2830531253782,0.13586092442274095,1.973791241645813,0,0,0,3461.9,0.13,Unknown,Restricted Local Access Road,other_urban,urban_minor,Single Carriageway,,False,False,False,False,False,False,Urban,Urban: Nearer to a major town or city,False,True,sparse collision history,-2.1869927432418046,53.47849650371835,2026-07-04T12:45:06+00:00,data/models/risk_scores.parquet,0.1.0,E01005106,LSOA2021,England,IoD 2025,within,0.0,1,1,1,1,0,0,3.5,0.547,2394.7866634988627,0.9332460863673266
F9C20A96-C4A2-4494-8826-F146DF511AC7,61,99.99319177521058,Unknown,road_classification,107833,risk_percentile,97.2640492385886,0.13519977182149887,0.8849766671657562,2,0,0,1128.4,0.162,Unknown,Restricted Local Access Road,other_urban,urban_minor,Single Carriageway,,False,False,False,False,False,False,Urban,Urban: Nearer to a major town or city,False,False,,-1.7346770754306853,53.79274923440192,2026-07-04T12:45:06+00:00,data/models/risk_scores.parquet,0.1.0,E01010606,LSOA2021,England,IoD 2025,within,0.0,1,1,1,1,0,0,4.0,0.0,5044.265336561948,0.0634898986318994
1A94CE15-16A8-4F27-B075-8650E1190D06,62,99.99307830479741,Unknown,road_classification,108312,risk_percentile,97.25189588508763,0.13476919531822204,0.8354122877120972,0,0,0,2073.8,0.078,Unknown,Local Road,other_urban,urban_minor,Single Carriageway,,False,False,False,False,False,False,Urban,Urban: Nearer to a major town or city,False,True,sparse collision history,-1.7476816774162809,53.79306480690731,2026-07-04T12:45:06+00:00,data/models/risk_scores.parquet,0.1.0,E01033690,LSOA2021,England,IoD 2025,within,0.0,1,4,2,1,0,0,2.5,0.005,2506.989829936217,4.288842036612917
BCC90A5D-942E-45CD-A3A1-A297A86A0B92,63,99.99296483438425,Unknown,road_classification,109190,risk_percentile,97.22961896572679,0.13402486965060234,1.6956697940826415,0,0,0,2453.8,0.207,Unknown,Restricted Local Access Road,other_urban,urban_minor,Single Carriageway,,False,False,False,False,False,False,Urban,Urban: Nearer to a major town or city,False,True,sparse collision history,-2.122596887987314,53.52932532151891,2026-07-04T12:45:06+00:00,data/models/risk_scores.parquet,0.1.0,E01005435,LSOA2021,England,IoD 2025,within,0.0,1,1,2,1,0,0,3.5,0.52,7491.2710061155,2.374197276990365
094C29B1-6DBF-4674-A37F-99C749DC78EC,64,99.9928513639711,Unknown,road_classification,109475,risk_percentile,97.22238784725543,0.13376413360238076,0.8418038189411163,0,0,0,1062.3,0.042,Unknown,Minor Road,other_urban,urban_minor,Single Carriageway,,False,False,False,False,False,False,Urban,Urban: Nearer to a major town or city,False,True,sparse collision history,-2.233804151462869,53.476844179131135,2026-07-04T12:45:06+00:00,data/models/risk_scores.parquet,0.1.0,E01033654,LSOA2021,England,IoD 2025,within,0.0,5,10,10,1,0,0,3.5,0.0,4955.218216891479,1.1266029275440064
D55505FA-90B7-4683-8BFF-8CE26AF164B4,65,99.99273789355794,Unknown,road_classification,109754,risk_percentile,97.21530896285716,0.1335174098610878,0.8317449450492859,0,0,0,971.9,0.067,Unknown,Restricted Local Access Road,other_urban,urban_minor,Single Carriageway,,False,False,False,False,False,False,Urban,Urban: Nearer to a major town or city,False,True,sparse collision history,-2.2383347123222435,53.47521429032924,2026-07-04T12:45:06+00:00,data/models/risk_scores.parquet,0.1.0,E01033662,LSOA2021,England,IoD 2025,within,0.0,5,10,10,1,0,0,3.0,0.0,28370.604168230893,3.6984751162580993
AE42B1AA-6BB3-4BF4-9EBA-574F6CB0F0B6,66,99.99262442314478,Unknown,road_classification,110166,risk_percentile,97.2048555565056,0.13317593261599542,2.63931143283844,0,0,0,3946.5,0.221,Unknown,Restricted Local Access Road,other_urban,urban_minor,Single Carriageway,,False,False,False,False,False,False,Urban,Urban: Nearer to a major town or city,False,True,sparse collision history,-1.7726565638386669,53.81147729551482,2026-07-04T12:45:06+00:00,data/models/risk_scores.parquet,0.1.0,E01010679,LSOA2021,England,IoD 2025,within,0.0,1,1,1,1,0,0,3.5,0.34,1606.0280058860849,0.38549597057456075
4E99C170-2307-4436-84F7-4C64613CDB6E,67,99.99251095273164,Unknown,road_classification,110423,risk_percentile,97.19833486370864,0.1329716846346855,0.6975653111934662,20,0,0,854.0,0.133,Unknown,Minor Road,other_urban,urban_minor,Single Carriageway,,False,False,False,False,False,False,Urban,Urban: Nearer to a major town or city,False,False,,-2.7132715436614587,53.77313191680129,2026-07-04T12:45:06+00:00,data/models/risk_scores.parquet,0.1.0,E01025276,LSOA2021,England,IoD 2025,within,0.0,3,3,4,1,0,0,4.0,0.0,13529.202437507887,0.36244407046686816
DAB51447-03DA-4294-BCF7-41F63D41A257,68,99.99239748231847,Unknown,road_classification,110917,risk_percentile,97.18580092502496,0.13258768990635872,0.5390793114900589,1,0,0,1215.8,0.109,Unknown,Minor Road,other_urban,urban_minor,Collapsed Dual Carriageway,,False,False,False,True,False,False,Urban,Urban: Nearer to a major town or city,False,True,sparse collision history,-2.9938658041345323,53.453409303886616,2026-07-04T12:45:06+00:00,data/models/risk_scores.parquet,0.1.0,E01007007,LSOA2021,England,IoD 2025,within,0.0,1,1,1,1,0,0,3.5,0.0,2384.995591858416,0.06934865337552835
F0C7D11C-7D7E-4E10-B5B1-FC6435FB55FF,69,99.99228401190533,Unknown,road_classification,110964,risk_percentile,97.18460842478584,0.1325458437204361,0.6566262125968934,7,0,1,1240.8,0.101,Unknown,Minor Road,other_urban,urban_minor,Single Carriageway,,False,False,False,False,False,False,Urban,Urban: Nearer to a major town or city,False,False,,-1.8216206181367718,52.51628253825782,2026-07-04T12:45:06+00:00,data/models/risk_scores.parquet,0.1.0,E01009102,LSOA2021,England,IoD 2025,within,0.0,1,1,1,1,0,0,3.5,0.0,7561.822652625622,1.7641023286363509
51E7A172-7538-45AE-B66D-7A0BC7A17EDF,70,99.99217054149216,Unknown,road_classification,111289,risk_percentile,97.17636241249396,0.13224916011095048,0.16906780153512954,2,0,0,1249.9,0.005,Unknown,Local Road,other_urban,urban_minor,Single Carriageway,,False,False,False,False,False,False,Urban,Urban: Nearer to a major town or city,False,False,,-2.14198359946005,53.5222676978554,2026-07-04T12:45:06+00:00,data/models/risk_scores.parquet,0.1.0,E01005376,LSOA2021,England,IoD 2025,within,0.0,1,1,1,1,0,0,2.5,0.0,1449.5661815072801,2.449673114145309
F1A57EB7-BED8-4E7F-8BD2-43858E197E33,71,99.992057071079,Unknown,road_classification,111400,risk_percentile,97.17354608214195,0.13214277625083923,1.6363977074623108,1,0,1,2068.7,0.125,Unknown,Minor Road,other_urban,urban_minor,Single Carriageway,,False,False,False,False,False,False,Urban,Urban: Nearer to a major town or city,False,True,sparse collision history,-1.552845721884666,53.79557807995051,2026-07-04T12:45:06+00:00,data/models/risk_scores.parquet,0.1.0,E01033008,LSOA2021,England,IoD 2025,within,0.0,5,8,10,1,0,0,3.0,0.504,17088.879957819667,2.163541850399163
C6711679-6181-4010-91D4-0DBB8EC88352,72,99.99194360066585,Unknown,road_classification,111512,risk_percentile,97.17070437944444,0.13204986602067947,3.0025151491165163,1,0,0,5109.3,0.414,Unknown,Local Road,other_urban,urban_minor,Single Carriageway,,False,False,False,False,False,False,Urban,Urban: Nearer to a major town or city,False,True,sparse collision history,-1.4474844074551905,53.38564507606032,2026-07-04T12:45:06+00:00,data/models/risk_scores.parquet,0.1.0,E01007885,LSOA2021,England,IoD 2025,within,0.0,1,1,1,1,0,0,3.0,0.132,1187.4695503473095,2.3372986347875324
D6527812-8462-4EF1-8B08-B5D0765812FC,73,99.9918301302527,Unknown,road_classification,112620,risk_percentile,97.1425918206155,0.13110548555850982,0.1316431261599064,2,0,0,945.8,0.005,Unknown,Local Road,other_urban,urban_minor,Single Carriageway,,False,False,False,False,False,False,Urban,Urban: Nearer to a major town or city,False,False,,-2.090982792905074,53.54663796143406,2026-07-04T12:45:06+00:00,data/models/risk_scores.parquet,0.1.0,E01005448,LSOA2021,England,IoD 2025,within,0.0,1,1,1,1,0,0,2.5,0.0,2552.9658774876207,2.4507040652741425
7791E911-8B83-4373-8EE3-87CCBEE6890C,74,99.99171665983953,Unknown,road_classification,113057,risk_percentile,97.13150410562609,0.13076391220092773,1.883060669898987,1,0,0,3900.1,0.165,Unknown,Local Access Road,other_urban,urban_minor,Shared Use Carriageway,,False,False,False,False,False,False,Urban,Urban: Nearer to a major town or city,False,True,sparse collision history,-1.4659219197150593,52.522842865982504,2026-07-04T12:45:06+00:00,data/models/risk_scores.parquet,0.1.0,E01031043,LSOA2021,England,IoD 2025,within,0.0,1,1,1,1,0,0,3.0,0.08299999999999999,1290.1656767000777,0.7335301612130445
8D21D353-0B2C-4630-B72D-DE9E32E50B3C,75,99.99160318942637,Unknown,road_classification,113102,risk_percentile,97.13036235007799,0.1307339698076248,0.4369371712207794,10,0,2,2145.3,0.01,Unknown,Minor Road,other_urban,urban_minor,Single Carriageway,,False,False,False,False,False,False,Urban,Urban: Nearer to a major town or city,False,False,,-1.91768584488837,52.48735208232897,2026-07-04T12:45:06+00:00,data/models/risk_scores.parquet,0.1.0,E01009347,LSOA2021,England,IoD 2025,within,0.0,1,1,1,1,0,0,3.0,0.0,2842.1873943246205,3.9222339043453327
4778CB8D-C102-44A7-9531-6CA614711310,76,99.99148971901322,Unknown,road_classification,113867,risk_percentile,97.11095250576017,0.13014674335718154,2.3403528451919557,0,0,0,3929.3,0.334,Unknown,Restricted Local Access Road,other_urban,urban_minor,Single Carriageway,,False,False,False,False,False,False,Urban,Urban: Nearer to a major town or city,False,True,sparse collision history,-1.7755179774884682,53.814903856959354,2026-07-04T12:45:06+00:00,data/models/risk_scores.parquet,0.1.0,E01010679,LSOA2021,England,IoD 2025,within,0.0,1,1,1,1,0,0,3.0,0.036000000000000004,1606.0280058860849,0.371235368948321
EF1D9454-BA0C-48FD-ABCB-72D41716553C,77,99.99137624860006,Unknown,road_classification,113917,risk_percentile,97.10968388848448,0.1300983875989914,2.1202454209327697,1,0,0,4025.8,0.194,Unknown,Restricted Local Access Road,other_urban,urban_minor,Single Carriageway,,False,False,False,False,False,False,Urban,Urban: Nearer to a major town or city,False,True,sparse collision history,-1.818124730497453,52.45710341132352,2026-07-04T12:45:06+00:00,data/models/risk_scores.parquet,0.1.0,E01008887,LSOA2021,England,IoD 2025,within,0.0,1,1,1,1,0,0,3.0,0.16899999999999998,2641.1193983809894,0.13653364020756398
C1159041-11E3-4B89-ADB6-67DA2E353423,78,99.99126277818691,Unknown,road_classification,113954,risk_percentile,97.10874511170047,0.13007097095251083,1.285762619972229,0,0,0,2060.4,0.138,Unknown,Local Access Road,other_urban,urban_minor,Single Carriageway,,False,False,False,False,False,False,Urban,Urban: Nearer to a major town or city,False,True,sparse collision history,-1.5163989916205245,52.407860574575736,2026-07-04T12:45:06+00:00,data/models/risk_scores.parquet,0.1.0,E01034743,LSOA2021,England,IoD 2025,within,0.0,3,8,10,1,0,0,2.0,0.453,5038.080056247992,3.0844441416065997
5CC5DD40-1545-44FA-81D5-E60DE73B4BAF,79,99.99114930777374,Unknown,road_classification,114161,risk_percentile,97.10349303617919,0.12992847561836243,1.807149076461792,0,0,0,3277.8,0.096,Unknown,Restricted Local Access Road,other_urban,urban_minor,Single Carriageway,,False,False,False,False,False,False,Urban,Urban: Nearer to a major town or city,False,True,sparse collision history,-2.1994449037872914,53.523419439273596,2026-07-04T12:45:06+00:00,data/models/risk_scores.parquet,0.1.0,E01005138,LSOA2021,England,IoD 2025,within,0.0,1,1,1,1,0,0,3.5,0.928,3822.710900665576,0.48634030805246986
1CE545C6-12D1-413B-BD3F-0A7879611939,80,99.99103583736058,Unknown,road_classification,114304,risk_percentile,97.09986479077077,0.12982153072953223,1.3028276205062865,0,0,0,2154.5,0.145,Unknown,Local Road,other_urban,urban_minor,Single Carriageway,,False,False,False,False,False,False,Urban,Urban: Nearer to a major town or city,False,True,sparse collision history,-2.055779377770935,52.44964700535828,2026-07-04T12:45:06+00:00,data/models/risk_scores.parquet,0.1.0,E01009733,LSOA2021,England,IoD 2025,within,0.0,1,1,1,1,0,0,3.5,0.16,6240.418512372968,0.906627931876243
2AC2E24B-B5BA-4B68-BBF0-155CA748C05A,81,99.99092236694743,Unknown,road_classification,114392,risk_percentile,97.09763202436557,0.12976081669330597,0.7008751690387726,0,0,0,1321.7,0.116,Unknown,Local Road,other_urban,urban_minor,Single Carriageway,,False,False,False,False,False,False,Urban,Urban: Nearer to a major town or city,False,True,sparse collision history,-2.0010884486875167,52.61092886272224,2026-07-04T12:45:06+00:00,data/models/risk_scores.parquet,0.1.0,E01010295,LSOA2021,England,IoD 2025,within,0.0,1,1,1,1,0,0,3.5,0.0,6918.361226674131,3.319233098492555
E7725E7B-CF1F-4C1B-BAFC-3B2BE49255DB,82,99.99080889653428,Unknown,road_classification,114874,risk_percentile,97.08540255382808,0.12935443297028543,0.9739299237728118,0,0,0,1383.7,0.079,Unknown,Local Road,other_urban,urban_minor,Single Carriageway,,False,False,False,False,False,False,Urban,Urban: Nearer to a major town or city,False,True,sparse collision history,1.276325076902052,52.64019714543236,2026-07-04T12:45:06+00:00,data/models/risk_scores.parquet,0.1.0,E01026825,LSOA2021,England,IoD 2025,within,0.0,3,4,4,1,0,0,4.0,0.0,3518.10699097851,0.2962615706692843
1FE31B9C-ECC6-41AC-9BDB-07EE7FCCDEEB,83,99.9906954261211,Unknown,road_classification,115026,risk_percentile,97.08154595731001,0.12922536581754684,0.6393127530813217,0,0,0,1529.2,0.084,Unknown,Restricted Local Access Road,other_urban,urban_minor,Single Carriageway,,False,False,False,False,False,False,Urban,Urban: Nearer to a major town or city,False,True,sparse collision history,-1.9866271438410126,52.538550396908185,2026-07-04T12:45:06+00:00,data/models/risk_scores.parquet,0.1.0,E01009996,LSOA2021,England,IoD 2025,within,0.0,2,1,1,1,0,0,3.5,0.0,1836.8805193043404,1.5530149115268967
71733805-DCAB-46F4-9D18-28F4811F9FD2,84,99.99058195570795,Unknown,road_classification,115046,risk_percentile,97.08103851039974,0.12920929491519928,0.8700331449508667,0,0,0,1706.7,0.121,Unknown,Restricted Local Access Road,other_urban,urban_minor,Single Carriageway,,False,False,False,False,False,False,Urban,Urban: Nearer to a major town or city,False,True,sparse collision history,-1.3718220557241592,53.42209128172794,2026-07-04T12:45:06+00:00,data/models/risk_scores.parquet,0.1.0,E01007677,LSOA2021,England,IoD 2025,within,0.0,1,1,1,1,0,0,3.5,0.0,1937.513247470882,2.0434266538868915
562E93E2-CE51-4CF7-B8FF-81F5E2344367,85,99.9904684852948,Unknown,road_classification,115058,risk_percentile,97.08073404225358,0.12919600903987885,2.3492778062820436,0,0,0,2866.7,0.467,Unknown,Restricted Local Access Road,other_urban,urban_minor,Single Carriageway,,False,False,False,False,False,False,Urban,Urban: Nearer to a major town or city,False,True,sparse collision history,-2.662490848959315,53.76833679078281,2026-07-04T12:45:06+00:00,data/models/risk_scores.parquet,0.1.0,E01025286,LSOA2021,England,IoD 2025,within,0.0,1,1,1,1,0,0,3.5,0.081,2115.5971463202377,0.276074729162559
AAF9ADE3-A7CF-48DD-9976-33AE8392ED53,86,99.99035501488164,Unknown,road_classification,115139,risk_percentile,97.07867888226698,0.1291388027369976,0.3110866144299507,2,0,0,748.3,0.006,Unknown,Restricted Local Access Road,other_urban,urban_minor,Single Carriageway,,False,False,False,False,False,False,Urban,Urban: Nearer to a major town or city,False,False,,-1.5432862758419243,53.804081051824035,2026-07-04T12:45:06+00:00,data/models/risk_scores.parquet,0.1.0,E01033010,LSOA2021,England,IoD 2025,within,0.0,3,10,10,1,0,0,2.5,0.0,4609.2002578252095,0.021896851052658716
BF9D11A4-D4FB-4563-A238-857DBB981AC4,87,99.99024154446849,Unknown,road_classification,115370,risk_percentile,97.07281787045338,0.12895525321364404,0.5742074400186539,0,0,0,1128.8,0.157,Unknown,Secondary Access Road,other_urban,urban_minor,Single Carriageway,,False,False,False,False,False,False,Urban,Urban: Nearer to a major town or city,False,True,sparse collision history,-2.1027253894265745,52.978383342496414,2026-07-04T12:45:06+00:00,data/models/risk_scores.parquet,0.1.0,E01014368,LSOA2021,England,IoD 2025,within,0.0,2,1,2,1,0,0,3.5,0.0,5487.85682214237,3.619856884990387
7EE3A3CD-F63F-463F-9522-F108DCB9E4BC,88,99.99012807405533,Unknown,road_classification,115560,risk_percentile,97.0679971248058,0.1288197435438633,1.225251317024231,0,0,0,1784.1,0.109,Unknown,Local Road,other_urban,urban_minor,Single Carriageway,,False,False,False,False,False,False,Urban,Urban: Nearer to a major town or city,False,True,sparse collision history,-2.234970266437585,53.472586715400816,2026-07-04T12:45:06+00:00,data/models/risk_scores.parquet,0.1.0,E01005128,LSOA2021,England,IoD 2025,within,0.0,6,10,10,1,0,0,3.0,0.0,8064.966833079851,3.700867463293544
545289B6-D6B3-4241-A71F-7E50B1B05375,89,99.99001460364218,Unknown,road_classification,116008,risk_percentile,97.05663031401576,0.1284835658967495,0.26710845828056334,0,0,0,1737.1,0.006,Unknown,Local Access Road,other_urban,urban_minor,Single Carriageway,,False,False,False,False,False,False,Urban,Urban: Nearer to a major town or city,False,True,sparse collision history,-2.4249593318837084,53.581831701400695,2026-07-04T12:45:06+00:00,data/models/risk_scores.parquet,0.1.0,E01033220,LSOA2021,England,IoD 2025,within,0.0,1,1,1,1,0,0,2.5,0.0,1811.9267595793783,0.6809209933072056
E804C0D7-CDA9-461E-872F-438B0CB42895,90,99.98990113322903,Unknown,road_classification,116222,risk_percentile,97.05120063207588,0.12829586267471313,2.0494921922683718,0,0,0,3783.7,0.161,Unknown,Restricted Local Access Road,other_urban,urban_minor,Single Carriageway,,False,False,False,False,False,False,Urban,Urban: Nearer to a major town or city,False,True,sparse collision history,-1.3237032950413528,53.44750333187647,2026-07-04T12:45:06+00:00,data/models/risk_scores.parquet,0.1.0,E01007737,LSOA2021,England,IoD 2025,within,0.0,1,1,1,1,0,0,3.5,0.061,172.80150001085107,3.9304807089840197
C6ADDCF6-2230-46F0-9A96-E24A723CD697,91,99.98978766281586,Unknown,road_classification,116458,risk_percentile,97.04521275853469,0.12811643928289412,0.6684569954872132,2,0,0,1100.0,0.123,Unknown,Local Road,other_urban,urban_minor,Single Carriageway,,False,False,False,False,False,False,Urban,Urban: Nearer to a major town or city,False,False,,1.2752796543824272,52.63469845652001,2026-07-04T12:45:06+00:00,data/models/risk_scores.parquet,0.1.0,E01026825,LSOA2021,England,IoD 2025,within,0.0,3,4,4,1,0,0,3.5,0.0,6204.318926444694,3.0520367036669502
14E59AFD-B28B-4770-A879-DAE4B49B1EDD,92,99.9896741924027,Unknown,road_classification,116783,risk_percentile,97.0369667462428,0.12785580083727838,0.47427368760108946,0,0,0,1218.7,0.071,Unknown,Minor Road,other_urban,urban_minor,Dual Carriageway,,False,False,False,True,False,False,Urban,Urban: Nearer to a major town or city,False,True,sparse collision history,-1.5152922776355995,53.818268686886945,2026-07-04T12:45:06+00:00,data/models/risk_scores.parquet,0.1.0,E01011422,LSOA2021,England,IoD 2025,within,0.0,1,1,2,1,0,0,3.0,0.0,8144.9930583565265,1.1925111487421964
49BB8252-AC4A-49F0-8E33-3467B67450FD,93,99.98956072198955,Unknown,road_classification,116786,risk_percentile,97.03689062920627,0.12785232067108154,1.455962598323822,0,0,0,3867.4,0.084,Unknown,Restricted Local Access Road,other_urban,urban_minor,Shared Use Carriageway,,False,False,False,False,False,False,Urban,Urban: Nearer to a major town or city,False,True,sparse collision history,-1.7541304039812589,53.79288834558878,2026-07-04T12:45:06+00:00,data/models/risk_scores.parquet,0.1.0,E01033691,LSOA2021,England,IoD 2025,within,0.0,1,1,1,1,0,0,3.0,0.09,3384.4346372905693,3.78347911148704
E7350C62-B176-4698-8997-E5920DB82F0C,94,99.9894472515764,Unknown,road_classification,116812,risk_percentile,97.03623094822291,0.1278376318514347,0.8005987882614136,0,0,0,1382.8,0.1,Unknown,Restricted Local Access Road,other_urban,urban_minor,Single Carriageway,,False,False,False,False,False,False,Urban,Urban: Nearer to a major town or city,False,True,sparse collision history,-1.4523242537801218,52.890810177214775,2026-07-04T12:45:06+00:00,data/models/risk_scores.parquet,0.1.0,E01013497,LSOA2021,England,IoD 2025,within,0.0,2,3,3,1,0,0,3.5,0.0,7337.83676771865,3.4759898762222945
9B13E059-9DD3-48C0-B7E3-07E528AA76D4,95,99.98933378116323,Unknown,road_classification,116945,risk_percentile,97.0328564262696,0.1277531623840332,1.7620909690856934,0,0,0,2889.1,0.192,Unknown,Restricted Local Access Road,other_urban,urban_minor,Single Carriageway,,False,False,False,False,False,False,Urban,Urban: Nearer to a major town or city,False,True,sparse collision history,-1.0816636061481884,53.9659771928986,2026-07-04T12:45:06+00:00,data/models/risk_scores.parquet,0.1.0,E01013366,LSOA2021,England,IoD 2025,within,0.0,3,5,4,1,0,0,3.0,0.105,3966.0223312617204,2.114364014478197
17B753D8-EC02-4C21-A0EF-BBE72933BF0E,96,99.98922031075007,Unknown,road_classification,117011,risk_percentile,97.03118185146572,0.12770477011799813,0.9739843606948853,1,0,0,2215.9,0.145,Unknown,Restricted Local Access Road,other_urban,urban_minor,Single Carriageway,,False,False,False,False,False,False,Urban,Urban: Nearer to a major town or city,False,True,sparse collision history,-1.4727285159317416,52.91755707006607,2026-07-04T12:45:06+00:00,data/models/risk_scores.parquet,0.1.0,E01013480,LSOA2021,England,IoD 2025,within,0.0,1,1,1,1,0,0,3.0,0.0,2850.3920773762925,3.3696926230223356
263103C2-9AFB-483A-97D6-1476416EC6F8,97,99.98910684033692,Unknown,road_classification,117447,risk_percentile,97.02011950882184,0.12736043483018875,1.9412150025367736,0,0,0,3041.7,0.19,Unknown,Local Road,other_urban,urban_minor,Single Carriageway,,False,False,False,False,False,False,Urban,Urban: Nearer to a major town or city,False,True,sparse collision history,-2.6136975826298867,53.400473105428475,2026-07-04T12:45:06+00:00,data/models/risk_scores.parquet,0.1.0,E01012455,LSOA2021,England,IoD 2025,within,0.0,1,1,1,1,0,0,3.5,0.663,2217.7508446840698,1.1571910463852002
DC086CC6-B7DE-4843-9086-B3187569FBA0,98,99.98899336992376,Unknown,road_classification,117613,risk_percentile,97.0159076994666,0.12722719460725784,1.7970819473266602,0,0,0,3946.7,0.069,Unknown,Local Road,other_urban,urban_minor,Single Carriageway,,False,False,False,False,False,False,Urban,Urban: Nearer to a major town or city,False,True,sparse collision history,-2.1608472545852453,53.617059634432096,2026-07-04T12:45:06+00:00,data/models/risk_scores.parquet,0.1.0,E01005484,LSOA2021,England,IoD 2025,within,0.0,1,1,1,1,0,0,3.5,0.049,1124.6447233522672,1.6668949536297875
5E0D90C9-3230-4D22-8C31-DDCFC926BBE8,99,99.98887989951061,Unknown,road_classification,117734,risk_percentile,97.01283764565946,0.1271194651722908,0.6788368880748749,10,0,1,1875.3,0.035,Unknown,Minor Road,other_urban,urban_minor,Single Carriageway,,False,False,False,False,False,False,Urban,Urban: Nearer to a major town or city,False,False,,-1.917473360331732,52.487205584681,2026-07-04T12:45:06+00:00,data/models/risk_scores.parquet,0.1.0,E01009347,LSOA2021,England,IoD 2025,within,0.0,1,1,1,1,0,0,3.5,0.0,3320.983650669476,3.9223844261396046
CD988B74-E57B-46CE-BFB5-5B4D5730900D,100,99.98876642909744,Unknown,road_classification,118584,risk_percentile,96.991271151973,0.12644002884626387,1.1554191410541534,0,0,0,2046.6,0.085,Unknown,Secondary Access Road,other_urban,urban_minor,Single Carriageway,,False,False,False,False,False,False,Urban,Urban: Further from a major town or city,False,True,sparse collision history,-2.7929378073402202,54.0540365962084,2026-07-04T12:45:06+00:00,data/models/risk_scores.parquet,0.1.0,E01025093,LSOA2021,England,IoD 2025,within,0.0,5,7,9,1,0,0,3.0,0.156,8737.130815084603,2.1130155374136
