link_id,within_group_rank,within_group_percentile,group_name,group_type,global_risk_rank,ranking_source,risk_percentile,predicted_xgb,predicted_glm,collision_count,fatal_count,serious_count,estimated_aadt,link_length_km,road_classification,road_function,family,road_archetype,form_of_way,road_number,is_motorway,is_trunk,is_primary,is_dual,is_slip_road,is_roundabout,ruc_urban_rural,ruc_class,low_exposure_flag,sparse_collision_history_flag,calibration_caveat,centroid_longitude,centroid_latitude,output_created_at_utc,source_risk_scores_file,model_output_version,deprivation_area_code,deprivation_area_type,deprivation_country,deprivation_source,deprivation_assignment_method,deprivation_assignment_distance_m,overall_decile_within_country,income_decile_within_country,employment_decile_within_country,deprivation_country_england,deprivation_country_wales,deprivation_country_scotland,degree_mean,dist_to_major_km,pop_density_per_km2,betweenness_relative
A57DAB69-A505-453A-86E9-6B5D8D6AF484,1,100.0,motorway,family,1,risk_percentile,100.0,17.601787567138672,5.626795244216919,137,1,19,39171.8,10.633,Motorway,Motorway,motorway,motorway,Collapsed Dual Carriageway,M6,True,True,True,True,False,False,Rural,Smaller rural: Nearer to a major town or city,False,False,motorway calibration caveat,-2.3969353092045442,53.25159995937812,2026-07-04T12:45:06+00:00,data/models/risk_scores.parquet,0.1.0,E01018722,LSOA2021,England,IoD 2025,within,0.0,7,9,8,1,0,0,3.0,0.0,54.531685501838304,1.8479321499134826
77BE17EE-137D-4878-9924-01726CD60C0A,2,99.98604521350823,motorway,family,2,risk_percentile,99.99997462765448,17.405050563812257,4.856356573104859,90,5,24,31557.0,16.221,Motorway,Motorway,motorway,motorway,Collapsed Dual Carriageway,M1,True,True,True,True,False,False,Rural,Smaller rural: Nearer to a major town or city,False,False,motorway calibration caveat,-1.1882066786403442,52.52632421965726,2026-07-04T12:45:06+00:00,data/models/risk_scores.parquet,0.1.0,E01025777,LSOA2021,England,IoD 2025,within,0.0,8,9,10,1,0,0,3.0,0.0,88.56780222242678,0.677051903346245
C88EE264-D645-4EEB-B759-332F064347E4,3,99.97209042701647,motorway,family,3,risk_percentile,99.99994925530898,17.056262969970703,5.774023962020874,69,1,9,45836.7,8.959,Motorway,Motorway,motorway,motorway,Collapsed Dual Carriageway,M6,True,True,True,True,False,False,Rural,Smaller rural: Nearer to a major town or city,False,False,motorway calibration caveat,-2.209118021054218,52.934584153123865,2026-07-04T12:45:06+00:00,data/models/risk_scores.parquet,0.1.0,E01029749,LSOA2021,England,IoD 2025,within,0.0,7,8,8,1,0,0,3.0,0.0,101.63594513500824,2.0140573105945583
BBB307EC-410E-4741-B22C-9DE761845549,4,99.9581356405247,motorway,family,4,risk_percentile,99.99992388296346,15.489150714874267,5.745337963104248,57,6,16,31522.6,16.045,Motorway,Motorway,motorway,motorway,Collapsed Dual Carriageway,M40,True,True,True,True,False,False,Rural,Smaller rural: Further from a major town or city,False,False,motorway calibration caveat,-1.3896787197875236,52.130076149952664,2026-07-04T12:45:06+00:00,data/models/risk_scores.parquet,0.1.0,E01031194,LSOA2021,England,IoD 2025,within,0.0,6,8,9,1,0,0,3.0,0.0,45.6810695579001,1.1890286595600599
CD5E5752-A199-46E0-A8E6-BF680BE4D1E3,5,99.94418085403294,motorway,family,5,risk_percentile,99.99989851061795,14.47223777770996,4.197769546508789,85,2,5,49892.4,4.846,Motorway,Motorway,motorway,motorway,Collapsed Dual Carriageway,M6,True,True,True,True,False,False,Urban,Urban: Nearer to a major town or city,False,False,motorway calibration caveat,-2.0276499360523177,52.61196056560659,2026-07-04T12:45:06+00:00,data/models/risk_scores.parquet,0.1.0,E01010400,LSOA2021,England,IoD 2025,within,0.0,1,1,1,1,0,0,2.5,0.0,5465.061505396535,1.4085961565736769
6BD1F007-9650-4D84-88D9-40BADED164DB,6,99.93022606754116,motorway,family,6,risk_percentile,99.99987313827243,14.002048206329345,7.388808012008667,104,0,18,61859.4,7.765,Motorway,Motorway,motorway,motorway,Collapsed Dual Carriageway,M56,True,True,True,True,False,False,Rural,Larger rural: Nearer to a major town or city,False,False,motorway calibration caveat,-2.7515178622154326,53.288541034010024,2026-07-04T12:45:06+00:00,data/models/risk_scores.parquet,0.1.0,E01018689,LSOA2021,England,IoD 2025,within,0.0,6,7,6,1,0,0,3.0,0.0,20.071392002035388,0.4513671340865998
C58A74B8-5ACF-4AE3-A415-F1C3EC186D70,7,99.91627128104939,motorway,family,7,risk_percentile,99.99984776592692,13.732717800140382,4.398197484016419,110,5,16,33596.5,11.595,Motorway,Motorway,motorway,motorway,Collapsed Dual Carriageway,M6,True,True,True,True,False,False,Rural,Smaller rural: Nearer to a major town or city,False,False,motorway calibration caveat,-1.3333160728664475,52.427221681645236,2026-07-04T12:45:06+00:00,data/models/risk_scores.parquet,0.1.0,E01031160,LSOA2021,England,IoD 2025,within,0.0,7,8,8,1,0,0,3.0,0.0,45.36725725106929,0.4751992281605303
16B613FC-2995-42B1-83E0-AC7F83065EEC,8,99.90231649455762,motorway,family,8,risk_percentile,99.99982239358141,13.165591144561768,6.832633686065674,85,5,15,35733.3,13.866,Motorway,Motorway,motorway,motorway,Collapsed Dual Carriageway,M40,True,True,True,True,False,False,Rural,Smaller rural: Nearer to a major town or city,False,False,motorway calibration caveat,-1.6976121469849033,52.302227530665945,2026-07-04T12:45:06+00:00,data/models/risk_scores.parquet,0.1.0,E01031281,LSOA2021,England,IoD 2025,within,0.0,7,10,10,1,0,0,3.0,0.0,40.77890677219508,0.673649751000049
151C3468-CD42-4DC9-9DB4-0B03FE374503,9,99.88836170806586,motorway,family,9,risk_percentile,99.99979702123589,13.093913459777832,6.566560411453247,59,2,14,61454.5,6.82,Motorway,Motorway,motorway,motorway,Collapsed Dual Carriageway,M6,True,True,True,True,False,False,Urban,Urban: Nearer to a major town or city,False,False,motorway calibration caveat,-2.687490039003932,53.6637440491756,2026-07-04T12:45:06+00:00,data/models/risk_scores.parquet,0.1.0,E01024971,LSOA2021,England,IoD 2025,within,0.0,8,8,7,1,0,0,3.0,0.0,738.176776124484,2.359635774613247
F454DAB1-296B-4FDB-8F67-2FA30FF33EBD,10,99.87440692157409,motorway,family,10,risk_percentile,99.99977164889037,13.071753406524659,6.496121835708618,77,4,11,50646.3,6.419,Motorway,Motorway,motorway,motorway,Collapsed Dual Carriageway,M6,True,True,True,True,False,False,Rural,Smaller rural: Nearer to a major town or city,False,False,motorway calibration caveat,-2.461895685396129,53.328903146261695,2026-07-04T12:45:06+00:00,data/models/risk_scores.parquet,0.1.0,E01018598,LSOA2021,England,IoD 2025,within,0.0,8,10,10,1,0,0,3.0,0.0,35.33595707716308,1.8059511141692943
0E4A9C14-C13E-4F70-9A16-6306AE5D3296,11,99.86045213508234,motorway,family,11,risk_percentile,99.99974627654487,12.63068447113037,5.444727087020874,46,2,9,39512.4,10.689,Motorway,Motorway,motorway,motorway,Collapsed Dual Carriageway,M42,True,True,True,True,False,False,Rural,Larger rural: Nearer to a major town or city,False,False,motorway calibration caveat,-1.5949373409992722,52.646467319188396,2026-07-04T12:45:06+00:00,data/models/risk_scores.parquet,0.1.0,E01031035,LSOA2021,England,IoD 2025,within,0.0,4,5,5,1,0,0,3.0,0.0,58.350097533754756,0.4304892958347144
BF145B8F-DF6F-4D8F-88E4-3943C5A72A44,12,99.84649734859057,motorway,family,12,risk_percentile,99.99972090419935,12.443841552734375,4.699515914916992,73,0,17,44387.6,7.469,Motorway,Motorway,motorway,motorway,Collapsed Dual Carriageway,M6,True,True,True,True,False,False,Rural,Larger rural: Nearer to a major town or city,False,False,motorway calibration caveat,-2.101018545861634,52.72829905596578,2026-07-04T12:45:06+00:00,data/models/risk_scores.parquet,0.1.0,E01029655,LSOA2021,England,IoD 2025,within,0.0,6,6,5,1,0,0,3.0,0.0,1079.2082724702639,1.7089805456383207
22CC6D97-4AD1-412F-A51D-5851D2B3FBD9,13,99.83254256209881,motorway,family,13,risk_percentile,99.99969553185383,12.42685489654541,6.135186052322387,107,3,18,42921.3,8.304,Motorway,Motorway,motorway,motorway,Collapsed Dual Carriageway,M18,True,True,True,True,False,False,Rural,Smaller rural: Nearer to a major town or city,False,False,motorway calibration caveat,-1.2048623258907105,53.45618190599068,2026-07-04T12:45:06+00:00,data/models/risk_scores.parquet,0.1.0,E01007613,LSOA2021,England,IoD 2025,within,0.0,6,8,8,1,0,0,3.0,0.0,144.8248920029617,0.38162021232243154
AAEFE2E4-F785-4CFB-B265-0424D640F2F2,14,99.81858777560704,motorway,family,14,risk_percentile,99.99967015950833,12.170173072814942,4.043887948989868,78,3,14,31437.5,10.957,Motorway,Motorway,motorway,motorway,Collapsed Dual Carriageway,M1,True,True,True,True,False,False,Rural,Smaller rural: Nearer to a major town or city,False,False,motorway calibration caveat,-1.0763613253828428,52.26192380740351,2026-07-04T12:45:06+00:00,data/models/risk_scores.parquet,0.1.0,E01027011,LSOA2021,England,IoD 2025,within,0.0,8,9,9,1,0,0,3.0,0.0,27.28039885522824,0.5098245274296359
0D020305-A2B7-49D2-B614-B4C44316D9AB,15,99.80463298911528,motorway,family,15,risk_percentile,99.99964478716281,11.831523132324218,4.700717830657959,93,6,9,50210.9,5.266,Motorway,Motorway,motorway,motorway,Collapsed Dual Carriageway,M6,True,True,True,True,False,False,Rural,Smaller rural: Nearer to a major town or city,False,False,motorway calibration caveat,-2.366078204936325,53.17704300243236,2026-07-04T12:45:06+00:00,data/models/risk_scores.parquet,0.1.0,E01034668,LSOA2021,England,IoD 2025,within,0.0,7,6,9,1,0,0,3.0,0.0,24.21636603521781,1.8471673913606237
756626D6-5192-44E6-90B9-292B3A15D742,16,99.7906782026235,motorway,family,16,risk_percentile,99.9996194148173,11.501904964447021,5.22787880897522,32,2,6,47041.7,8.115,Motorway,Motorway,motorway,motorway,Collapsed Dual Carriageway,M1,True,True,True,True,False,False,Rural,Larger rural: Nearer to a major town or city,False,False,motorway calibration caveat,-1.2591925401087853,52.66208051005336,2026-07-04T12:45:06+00:00,data/models/risk_scores.parquet,0.1.0,E01025848,LSOA2021,England,IoD 2025,within,0.0,6,6,6,1,0,0,3.0,0.0,98.13761759312264,0.6783953579746596
A0E0E728-BB7C-4FAD-93A3-30DDA7DE2974,17,99.77672341613173,motorway,family,17,risk_percentile,99.99959404247178,11.405715179443359,4.738526964187622,72,2,10,47681.4,8.214,Motorway,Motorway,motorway,motorway,Collapsed Dual Carriageway,M5,True,True,True,True,False,False,Urban,Urban: Nearer to a major town or city,False,False,motorway calibration caveat,-2.134860816314929,52.25063488019267,2026-07-04T12:45:06+00:00,data/models/risk_scores.parquet,0.1.0,E01034328,LSOA2021,England,IoD 2025,within,0.0,8,6,9,1,0,0,3.0,0.0,2082.3122343964187,1.2069163854764695
41A19ED6-5441-400A-8F13-095A42A69E0B,18,99.76276862963996,motorway,family,18,risk_percentile,99.99956867012627,11.357196044921874,6.528564071655273,49,4,13,54950.2,7.485,Motorway,Motorway,motorway,motorway,Collapsed Dual Carriageway,M62,True,True,True,True,False,False,Urban,Urban: Nearer to a major town or city,False,False,motorway calibration caveat,-2.430058405954017,53.45459298778324,2026-07-04T12:45:06+00:00,data/models/risk_scores.parquet,0.1.0,E01005643,LSOA2021,England,IoD 2025,within,0.0,5,6,5,1,0,0,3.0,0.0,63.410237483402696,0.3746472752441759
218B87AC-FEC7-46FA-8088-37A0CE992738,19,99.7488138431482,motorway,family,19,risk_percentile,99.99954329778076,10.866410541534425,4.529985070228577,59,2,10,26219.2,12.371,Motorway,Motorway,motorway,motorway,Collapsed Dual Carriageway,M62,True,True,True,True,False,False,Rural,Smaller rural: Further from a major town or city,False,False,motorway calibration caveat,-0.7748031428974264,53.75467198290163,2026-07-04T12:45:06+00:00,data/models/risk_scores.parquet,0.1.0,E01013020,LSOA2021,England,IoD 2025,within,0.0,7,10,9,1,0,0,3.0,0.0,31.905349666235676,0.3300537349841516
BAB55927-2103-4F9F-8EB8-5E16536ABC13,20,99.73485905665643,motorway,family,20,risk_percentile,99.99951792543524,10.766004753112792,5.792991876602173,42,4,3,29161.9,12.147,Motorway,Motorway,motorway,motorway,Collapsed Dual Carriageway,M6,True,True,True,True,False,False,Rural,Smaller rural: Nearer to a major town or city,False,False,motorway calibration caveat,-2.8235234949956127,54.7494486584635,2026-07-04T12:45:06+00:00,data/models/risk_scores.parquet,0.1.0,E01019316,LSOA2021,England,IoD 2025,within,0.0,6,9,9,1,0,0,3.0,0.0,21.898339690295455,2.2241594110728924
2551CDE5-7DB7-4CEE-B9D6-249EAEA45841,21,99.72090427016467,motorway,family,21,risk_percentile,99.99949255308974,10.63648338317871,6.199451446533203,9,0,3,58560.2,5.808,Motorway,Motorway,motorway,motorway,Collapsed Dual Carriageway,M6,True,True,True,True,False,False,Urban,Urban: Nearer to a major town or city,False,False,motorway calibration caveat,-2.6984092432478928,53.56072663129682,2026-07-04T12:45:06+00:00,data/models/risk_scores.parquet,0.1.0,E01006396,LSOA2021,England,IoD 2025,within,0.0,8,9,7,1,0,0,3.0,0.0,188.77585772169715,2.3507983298301887
D4178A17-E84A-4B2E-8904-3052B12EBCED,22,99.7069494836729,motorway,family,22,risk_percentile,99.99946718074422,10.287041568756104,5.628584480285644,94,3,12,44484.3,8.182,Motorway,Motorway,motorway,motorway,Collapsed Dual Carriageway,M42,True,True,True,True,False,False,Rural,Larger rural: Nearer to a major town or city,False,False,motorway calibration caveat,-1.6848634207315185,52.57311035365341,2026-07-04T12:45:06+00:00,data/models/risk_scores.parquet,0.1.0,E01031034,LSOA2021,England,IoD 2025,within,0.0,8,9,8,1,0,0,3.0,0.0,2763.5197780047147,0.49926457061842655
F8DAA031-5405-495A-BF94-995E345CDC1A,23,99.69299469718113,motorway,family,23,risk_percentile,99.9994418083987,9.9338303565979,6.051137113571167,92,3,16,49770.7,7.817,Motorway,Motorway,motorway,motorway,Collapsed Dual Carriageway,M61,True,True,True,True,False,False,Rural,Larger rural: Nearer to a major town or city,False,False,motorway calibration caveat,-2.5968297982814925,53.63642863403531,2026-07-04T12:45:06+00:00,data/models/risk_scores.parquet,0.1.0,E01024973,LSOA2021,England,IoD 2025,within,0.0,8,9,8,1,0,0,3.0,0.0,103.43578241165808,0.2647130848531547
991E831D-1D21-4EA0-8341-982287A13656,24,99.67903991068937,motorway,family,24,risk_percentile,99.9994164360532,9.641866111755371,4.090467381477356,48,5,6,39593.7,9.264,Motorway,Motorway,motorway,motorway,Collapsed Dual Carriageway,M69,True,True,True,True,False,False,Urban,Urban: Nearer to a major town or city,False,False,motorway calibration caveat,-1.264436390442768,52.57328345249034,2026-07-04T12:45:06+00:00,data/models/risk_scores.parquet,0.1.0,E01025621,LSOA2021,England,IoD 2025,within,0.0,8,9,9,1,0,0,2.5,0.0,59.813708112636704,0.36851354833096983
6D5519F9-1BB1-4FF0-8C3C-08D8428420A8,25,99.66508512419759,motorway,family,25,risk_percentile,99.99939106370768,9.462113952636718,6.1529981136322025,123,0,18,57216.1,5.066,Motorway,Motorway,motorway,motorway,Collapsed Dual Carriageway,M6,True,True,True,True,False,False,Urban,Urban: Nearer to a major town or city,False,False,motorway calibration caveat,-1.8259045993382381,52.507113348169604,2026-07-04T12:45:06+00:00,data/models/risk_scores.parquet,0.1.0,E01009102,LSOA2021,England,IoD 2025,within,0.0,1,1,1,1,0,0,3.0,0.0,190.53959918680695,0.021309042457779488
FF57F9AF-338D-4728-BCDE-AABF26089A84,26,99.65113033770582,motorway,family,26,risk_percentile,99.99936569136216,9.284569692611694,4.22643461227417,59,1,5,60484.3,1.663,Motorway,Motorway,motorway,motorway,Collapsed Dual Carriageway,M6,True,True,True,True,False,False,Urban,Urban: Nearer to a major town or city,False,False,motorway calibration caveat,-1.9881582130758613,52.56258172714298,2026-07-04T12:45:06+00:00,data/models/risk_scores.parquet,0.1.0,E01010336,LSOA2021,England,IoD 2025,within,0.0,2,1,3,1,0,0,3.0,0.0,1631.0260930088768,1.294368536176001
41907D38-3A53-4D70-98FA-035837CB8F24,27,99.63717555121406,motorway,family,27,risk_percentile,99.99934031901665,9.217169141769409,3.219002842903137,125,0,14,36186.1,4.91,Motorway,Motorway,motorway,motorway,Collapsed Dual Carriageway,M62,True,True,True,True,False,False,Urban,Urban: Nearer to a major town or city,False,False,motorway calibration caveat,-1.6859824308105917,53.74360334844809,2026-07-04T12:45:06+00:00,data/models/risk_scores.parquet,0.1.0,E01011051,LSOA2021,England,IoD 2025,within,0.0,9,8,9,1,0,0,3.0,0.0,1233.8058984573697,0.000690279595798661
07E13017-66B1-462C-8A91-6171375AF51C,28,99.6232207647223,motorway,family,28,risk_percentile,99.99931494667113,9.113903284072876,3.548578715324402,50,2,3,36406.4,7.704,Motorway,Motorway,motorway,motorway,Collapsed Dual Carriageway,M1,True,True,True,True,False,False,Urban,Urban: Nearer to a major town or city,False,False,motorway calibration caveat,-1.2464020212679003,53.02672688422761,2026-07-04T12:45:06+00:00,data/models/risk_scores.parquet,0.1.0,E01028123,LSOA2021,England,IoD 2025,within,0.0,9,9,8,1,0,0,3.0,0.0,60.10811611035441,0.5649669478187442
CE4B5E8C-87EF-48BE-927C-F2E6721831F2,29,99.60926597823054,motorway,family,29,risk_percentile,99.99928957432562,8.912602376937866,7.170274925231934,28,0,5,51739.3,6.956,Motorway,Motorway,motorway,motorway,Collapsed Dual Carriageway,M56,True,True,True,True,False,False,Rural,Smaller rural: Nearer to a major town or city,False,False,motorway calibration caveat,-2.4423919514986174,53.36205287305713,2026-07-04T12:45:06+00:00,data/models/risk_scores.parquet,0.1.0,E01018598,LSOA2021,England,IoD 2025,within,0.0,8,10,10,1,0,0,3.0,0.0,35.33595707716308,0.47652941203220844
434328CF-D36E-494E-9A70-DE06436F07A6,30,99.59531119173877,motorway,family,30,risk_percentile,99.99926420198011,8.780403423309327,6.475227880477905,39,2,8,71132.1,3.95,Motorway,Motorway,motorway,motorway,Collapsed Dual Carriageway,M6,True,True,True,True,False,False,Urban,Urban: Nearer to a major town or city,False,False,motorway calibration caveat,-1.4636306635143361,52.44958576773615,2026-07-04T12:45:06+00:00,data/models/risk_scores.parquet,0.1.0,E01009584,LSOA2021,England,IoD 2025,within,0.0,3,3,3,1,0,0,3.0,0.0,694.2171521612637,0.39402008396646454
EEDCD4A3-3046-4C4E-8DAE-2DF46525E19F,31,99.581356405247,motorway,family,31,risk_percentile,99.99923882963459,8.655248880386353,6.968814039230347,106,1,15,45926.1,7.339,Motorway,Motorway,motorway,motorway,Collapsed Dual Carriageway,M6,True,True,True,True,False,False,Rural,Smaller rural: Nearer to a major town or city,False,False,motorway calibration caveat,-2.338800691430463,53.10378968600815,2026-07-04T12:45:06+00:00,data/models/risk_scores.parquet,0.1.0,E01018418,LSOA2021,England,IoD 2025,within,0.0,5,8,5,1,0,0,3.0,0.0,58.834036093883334,0.13895607113932354
2A1D9459-B462-4DB0-BF41-86804EB9C5CF,32,99.56740161875524,motorway,family,32,risk_percentile,99.99921345728909,8.519312191009522,5.194326734542846,68,0,15,29954.8,8.821,Motorway,Motorway,motorway,motorway,Collapsed Dual Carriageway,M6,True,True,True,True,False,False,Rural,Smaller rural: Nearer to a major town or city,False,False,motorway calibration caveat,-2.7760268379627053,54.02702922365367,2026-07-04T12:45:06+00:00,data/models/risk_scores.parquet,0.1.0,E01025107,LSOA2021,England,IoD 2025,within,0.0,6,9,8,1,0,0,3.0,0.0,49.10318702118013,2.4445946643431897
F5E342B6-EE33-4F30-92BD-1A5670B41BE4,33,99.55344683226348,motorway,family,33,risk_percentile,99.99918808494357,8.431634998321533,6.775865840911865,30,1,5,62007.5,6.021,Motorway,Motorway,motorway,motorway,Collapsed Dual Carriageway,M1,True,True,True,True,False,False,Urban,Urban: Nearer to a major town or city,False,False,motorway calibration caveat,-1.3042981216472755,52.88449648286393,2026-07-04T12:45:06+00:00,data/models/risk_scores.parquet,0.1.0,E01019699,LSOA2021,England,IoD 2025,within,0.0,2,2,1,1,0,0,3.0,0.0,5608.640723748117,0.8402035386132034
E78C89BB-6620-4E02-ACF0-32A0DB3FD4E7,34,99.53949204577171,motorway,family,34,risk_percentile,99.99916271259805,8.27525281906128,6.615055894851684,24,0,3,49359.2,6.939,Motorway,Motorway,motorway,motorway,Collapsed Dual Carriageway,M54,True,True,True,True,False,False,Rural,Smaller rural: Nearer to a major town or city,False,False,motorway calibration caveat,-2.3515952846366512,52.6722492381523,2026-07-04T12:45:06+00:00,data/models/risk_scores.parquet,0.1.0,E01035069,LSOA2021,England,IoD 2025,within,0.0,7,8,10,1,0,0,3.0,0.0,1823.5701722144386,0.03861170075250839
7D0A97CD-91D8-4539-B67A-9DB02A915549,35,99.52553725927993,motorway,family,35,risk_percentile,99.99913734025255,8.126928281784057,11.057842350006103,44,0,7,67001.1,4.705,Motorway,Motorway,motorway,motorway,Collapsed Dual Carriageway,M56,True,True,True,True,False,False,Rural,Smaller rural: Nearer to a major town or city,False,False,motorway calibration caveat,-2.3351855066052822,53.35782877100891,2026-07-04T12:45:06+00:00,data/models/risk_scores.parquet,0.1.0,E01018648,LSOA2021,England,IoD 2025,within,0.0,5,8,10,1,0,0,3.0,0.0,39.20608278527422,0.3783649332186867
4B818A59-CDB7-4D6E-890A-784A15A382F8,36,99.51158247278816,motorway,family,36,risk_percentile,99.99911196790703,8.089555501937866,5.150580310821534,60,2,13,53781.3,4.354,Motorway,Motorway,motorway,motorway,Collapsed Dual Carriageway,M1,True,True,True,True,False,False,Rural,Larger rural: Nearer to a major town or city,False,False,motorway calibration caveat,-1.2859627232673883,53.33808336146625,2026-07-04T12:45:06+00:00,data/models/risk_scores.parquet,0.1.0,E01007751,LSOA2021,England,IoD 2025,within,0.0,5,5,5,1,0,0,3.0,0.0,638.0748048097299,1.2442142664718407
6BAD7912-5476-4960-A9B3-1813DA27F57D,37,99.4976276862964,motorway,family,37,risk_percentile,99.99908659556152,8.067043685913086,7.680968475341797,41,1,9,78402.8,3.858,Motorway,Motorway,motorway,motorway,Collapsed Dual Carriageway,M56,True,True,True,True,False,False,Urban,Urban: Nearer to a major town or city,False,False,motorway calibration caveat,-2.6722997301327402,53.315043165525005,2026-07-04T12:45:06+00:00,data/models/risk_scores.parquet,0.1.0,E01012440,LSOA2021,England,IoD 2025,within,0.0,6,7,5,1,0,0,3.0,0.0,689.3476143986093,0.4450804265353287
FF77B84F-94AB-4C44-9046-8A8DDEB159E7,38,99.48367289980463,motorway,family,38,risk_percentile,99.999061223216,7.931652212142945,4.038642263412475,42,0,15,35684.0,8.571,Motorway,Motorway,motorway,motorway,Collapsed Dual Carriageway,M18,True,True,True,True,False,False,Rural,Smaller rural: Nearer to a major town or city,False,False,motorway calibration caveat,-1.063811839251141,53.50345014683207,2026-07-04T12:45:06+00:00,data/models/risk_scores.parquet,0.1.0,E01007603,LSOA2021,England,IoD 2025,within,0.0,8,8,8,1,0,0,3.0,0.0,3741.7578719781623,0.3707186857067358
0FABB328-D2DC-46A5-905A-B7CA3EE7B6E3,39,99.46971811331287,motorway,family,39,risk_percentile,99.99903585087048,7.928603410720825,6.3265305519104,29,0,5,57834.6,4.205,Motorway,Motorway,motorway,motorway,Collapsed Dual Carriageway,M6,True,True,True,True,False,False,Rural,Larger rural: Nearer to a major town or city,False,False,motorway calibration caveat,-2.6889384624882435,53.6112605861536,2026-07-04T12:45:06+00:00,data/models/risk_scores.parquet,0.1.0,E01024922,LSOA2021,England,IoD 2025,within,0.0,6,7,6,1,0,0,3.0,0.0,126.22147793662946,2.359629695179825
A9B8EF1C-FC42-4E4B-9DFB-8C218F5D2FDB,40,99.4557633268211,motorway,family,40,risk_percentile,99.99901047852498,7.9006531715393065,2.798164415359497,32,1,6,22939.1,10.771,Motorway,Motorway,motorway,motorway,Collapsed Dual Carriageway,A1(M),True,True,True,True,False,False,Rural,Larger rural: Nearer to a major town or city,False,False,motorway calibration caveat,-1.103760045316302,53.4360792535648,2026-07-04T12:45:06+00:00,data/models/risk_scores.parquet,0.1.0,E01007614,LSOA2021,England,IoD 2025,within,0.0,7,7,6,1,0,0,3.0,0.0,2019.006154659156,2.4693129264193967
8CC05F29-A196-4BCB-B4DF-A6CCB3B97367,41,99.44180854032933,motorway,family,41,risk_percentile,99.99898510617946,7.83594446182251,3.2393349409103394,47,5,10,37387.3,5.363,Motorway,Motorway,motorway,motorway,Collapsed Dual Carriageway,M1,True,True,True,True,False,False,Rural,Smaller rural: Nearer to a major town or city,False,False,motorway calibration caveat,-0.8641347860428513,52.16665589374084,2026-07-04T12:45:06+00:00,data/models/risk_scores.parquet,0.1.0,E01027274,LSOA2021,England,IoD 2025,within,0.0,8,7,9,1,0,0,3.0,0.0,46.909530106814024,1.2465652420760889
24AF1E1C-0DB6-4D30-B224-27D1B0EABB9A,42,99.42785375383757,motorway,family,42,risk_percentile,99.99895973383394,7.593416833877564,3.817905402183533,0,0,0,34634.7,6.561,Motorway,Motorway,motorway,motorway,Collapsed Dual Carriageway,M1,True,True,True,True,False,False,Rural,Smaller rural: Nearer to a major town or city,False,True,motorway calibration caveat; sparse collision history,-0.6539929908543289,52.042208822592684,2026-07-04T12:45:06+00:00,data/models/risk_scores.parquet,0.1.0,E01033814,LSOA2021,England,IoD 2025,within,0.0,9,10,10,1,0,0,3.0,0.0,26.341847402756542,1.0063262373167865
37AB5FAC-FF77-422B-9403-425E4D656BEA,43,99.4138989673458,motorway,family,43,risk_percentile,99.99893436148844,7.538807809352875,4.867569077014923,53,2,9,42597.4,7.63,Motorway,Motorway,motorway,motorway,Collapsed Dual Carriageway,M6,True,True,True,True,False,False,Rural,Smaller rural: Nearer to a major town or city,False,False,motorway calibration caveat,-2.7271151408127885,53.84276496343804,2026-07-04T12:45:06+00:00,data/models/risk_scores.parquet,0.1.0,E01025281,LSOA2021,England,IoD 2025,within,0.0,9,10,10,1,0,0,3.0,0.0,159.93697778691222,0.8260615888806534
85BCEDAB-65D1-488B-8047-BCD694C1635A,44,99.39994418085402,motorway,family,44,risk_percentile,99.99890898914292,7.4127710342407225,4.311361336708069,31,1,6,47855.6,4.015,Motorway,Motorway,motorway,motorway,Collapsed Dual Carriageway,M1,True,True,True,True,False,False,Rural,Smaller rural: Nearer to a major town or city,False,False,motorway calibration caveat,-1.3279238655187702,53.22104500845296,2026-07-04T12:45:06+00:00,data/models/risk_scores.parquet,0.1.0,E01019822,LSOA2021,England,IoD 2025,within,0.0,4,4,4,1,0,0,3.0,0.0,35.50498550301509,1.322876804856213
090F3992-DAA5-4C05-92CD-370E6D81B928,45,99.38598939436226,motorway,family,45,risk_percentile,99.9988836167974,7.382628977298737,4.4192809700965885,59,2,13,38559.6,6.397,Motorway,Motorway,motorway,motorway,Collapsed Dual Carriageway,M62,True,True,True,True,False,False,Urban,Urban: Nearer to a major town or city,False,False,motorway calibration caveat,-2.066461988652033,53.6212865041498,2026-07-04T12:45:06+00:00,data/models/risk_scores.parquet,0.1.0,E01005561,LSOA2021,England,IoD 2025,within,0.0,4,5,6,1,0,0,3.0,0.0,22.329128262084115,0.39382007362242205
94335A1E-00A6-4E4F-8FD4-63CCAED8C1D8,46,99.37203460787049,motorway,family,46,risk_percentile,99.9988582444519,7.3054969787597654,4.904954195022583,47,1,8,45367.1,5.884,Motorway,Motorway,motorway,motorway,Collapsed Dual Carriageway,M1,True,True,True,True,False,False,Urban,Urban: Nearer to a major town or city,False,False,motorway calibration caveat,-1.5374491460687143,53.575699652874654,2026-07-04T12:45:06+00:00,data/models/risk_scores.parquet,0.1.0,E01007386,LSOA2021,England,IoD 2025,within,0.0,8,9,8,1,0,0,3.0,0.0,834.8536739905365,0.600122665130354
660269A5-A6E7-4843-95B8-AC767E2F2D19,47,99.35807982137874,motorway,family,47,risk_percentile,99.99883287210638,7.252322483062744,8.217477178573608,21,1,5,81521.3,4.043,Motorway,Motorway,motorway,motorway,Collapsed Dual Carriageway,M66,True,True,True,True,False,False,Urban,Urban: Nearer to a major town or city,False,False,motorway calibration caveat,-2.2805365416039143,53.61347042246348,2026-07-04T12:45:06+00:00,data/models/risk_scores.parquet,0.1.0,E01004956,LSOA2021,England,IoD 2025,within,0.0,2,2,2,1,0,0,3.0,0.0,263.22654969951304,0.24439785405492537
F10F8702-FE12-445C-92AF-A056C06755F0,48,99.34412503488697,motorway,family,48,risk_percentile,99.99880749976087,7.232211446762085,3.6472431421279907,26,2,5,34956.9,8.354,Motorway,Motorway,motorway,motorway,Collapsed Dual Carriageway,A1(M),True,True,True,True,False,False,Rural,Larger rural: Nearer to a major town or city,False,False,motorway calibration caveat,-1.5324133077058046,54.83570952924744,2026-07-04T12:45:06+00:00,data/models/risk_scores.parquet,0.1.0,E01020610,LSOA2021,England,IoD 2025,within,0.0,8,8,7,1,0,0,3.0,0.0,96.92790753482473,0.1123104647897768
E7A1EA53-2BEE-4100-9E7D-FEFFF35EB2E5,49,99.3301702483952,motorway,family,49,risk_percentile,99.99878212741535,7.196603870391845,6.370699119567871,29,1,9,47689.9,6.006,Motorway,Motorway,motorway,motorway,Collapsed Dual Carriageway,M5,True,True,True,True,False,False,Rural,Smaller rural: Nearer to a major town or city,False,False,motorway calibration caveat,-2.0386335161464157,52.40433300222763,2026-07-04T12:45:06+00:00,data/models/risk_scores.parquet,0.1.0,E01032169,LSOA2021,England,IoD 2025,within,0.0,6,8,7,1,0,0,3.0,0.0,78.3525789170592,0.13770044333126996
76058281-58AF-4A71-8267-F81E867C4907,50,99.31621546190344,motorway,family,50,risk_percentile,99.99875675506983,7.131827020645142,3.9366995811462404,49,1,9,27252.5,7.212,Motorway,Motorway,motorway,motorway,Collapsed Dual Carriageway,A1(M),True,True,True,True,False,False,Rural,Smaller rural: Nearer to a major town or city,False,False,motorway calibration caveat,-1.38746565874277,54.046313151689155,2026-07-04T12:45:06+00:00,data/models/risk_scores.parquet,0.1.0,E01027647,LSOA2021,England,IoD 2025,within,0.0,7,9,9,1,0,0,3.0,0.0,31.626629959672115,2.535090853142287
99069138-304C-420F-A7E4-4A2DAF9B17A8,51,99.30226067541167,motorway,family,51,risk_percentile,99.99873138272433,7.129487991333008,3.5244738817214967,12,2,4,44438.2,4.208,Motorway,Motorway,motorway,motorway,Collapsed Dual Carriageway,M6,True,True,True,True,False,False,Urban,Urban: Nearer to a major town or city,False,False,motorway calibration caveat,-2.7780105523028653,54.67194015606252,2026-07-04T12:45:06+00:00,data/models/risk_scores.parquet,0.1.0,E01019335,LSOA2021,England,IoD 2025,within,0.0,6,5,5,1,0,0,3.0,0.0,152.22340882866158,2.2269861561182434
903E7BF6-5AC1-4971-BA87-18FD9C2CAFB3,52,99.28830588891991,motorway,family,52,risk_percentile,99.99870601037881,7.089200115203857,5.460244083404541,6,1,0,54596.6,4.046,Motorway,Motorway,motorway,motorway,Collapsed Dual Carriageway,M6,True,True,True,True,False,False,Urban,Urban: Nearer to a major town or city,False,False,motorway calibration caveat,-2.6833363050483716,53.51425316509652,2026-07-04T12:45:06+00:00,data/models/risk_scores.parquet,0.1.0,E01006401,LSOA2021,England,IoD 2025,within,0.0,8,9,8,1,0,0,3.0,0.0,164.51082708609528,2.355303645872351
5E8C13D6-200A-40A9-951A-64013835DBEA,53,99.27435110242814,motorway,family,53,risk_percentile,99.9986806380333,7.088480043411255,2.4587688207626344,25,0,5,20878.7,10.194,Motorway,Motorway,motorway,motorway,Collapsed Dual Carriageway,M180,True,True,True,True,False,False,Rural,Smaller rural: Nearer to a major town or city,False,False,motorway calibration caveat,-0.8968430774995098,53.575316721451905,2026-07-04T12:45:06+00:00,data/models/risk_scores.parquet,0.1.0,E01013242,LSOA2021,England,IoD 2025,within,0.0,8,9,8,1,0,0,3.0,0.0,17.715772974648058,0.07978198348568113
406F96D0-C992-4459-A2AB-AD315B153BB5,54,99.26039631593636,motorway,family,54,risk_percentile,99.99865526568779,7.055081176757812,4.2367347240447994,49,1,5,45481.0,5.175,Motorway,Motorway,motorway,motorway,Collapsed Dual Carriageway,M6,True,True,True,True,False,False,Rural,Smaller rural: Nearer to a major town or city,False,False,motorway calibration caveat,-2.157385519323958,52.84997489662531,2026-07-04T12:45:06+00:00,data/models/risk_scores.parquet,0.1.0,E01029743,LSOA2021,England,IoD 2025,within,0.0,9,8,10,1,0,0,3.0,0.0,39.36502239565664,2.014063182955849
CFF22889-760B-43FC-9EAE-5B60F7E6B4C5,55,99.2464415294446,motorway,family,55,risk_percentile,99.99862989334227,7.047100019454956,4.491351795196533,44,1,12,23305.6,9.546,Motorway,Motorway,motorway,motorway,Collapsed Dual Carriageway,M6,True,True,True,True,False,False,Rural,Smaller rural: Further from a major town or city,False,False,motorway calibration caveat,-2.676253118428448,54.2727204195736,2026-07-04T12:45:06+00:00,data/models/risk_scores.parquet,0.1.0,E01019394,LSOA2021,England,IoD 2025,within,0.0,6,10,10,1,0,0,3.0,0.0,24.462125908947144,0.48432616129235084
3D1AA056-8532-4D96-854B-EA7F821AAE07,56,99.23248674295283,motorway,family,56,risk_percentile,99.99860452099676,7.022886323928833,3.9320064306259157,26,1,7,41605.2,5.856,Motorway,Motorway,motorway,motorway,Collapsed Dual Carriageway,M1,True,True,True,True,False,False,Rural,Smaller rural: Nearer to a major town or city,False,False,motorway calibration caveat,-1.2892515209843975,52.788766257678,2026-07-04T12:45:06+00:00,data/models/risk_scores.parquet,0.1.0,E01025944,LSOA2021,England,IoD 2025,within,0.0,9,9,9,1,0,0,3.0,0.0,59.19016013770838,0.7597767990414686
81F2674A-8504-4517-88B9-AB79D20BE50D,57,99.21853195646106,motorway,family,57,risk_percentile,99.99857914865125,7.02100019454956,4.264020037651062,47,0,7,42602.2,3.589,Motorway,Motorway,motorway,motorway,Collapsed Dual Carriageway,A1(M),True,True,True,True,False,False,Urban,Urban: Nearer to a major town or city,False,False,motorway calibration caveat,-1.215457813896418,53.55957333394769,2026-07-04T12:45:06+00:00,data/models/risk_scores.parquet,0.1.0,E01007587,LSOA2021,England,IoD 2025,within,0.0,3,3,4,1,0,0,3.0,0.0,91.01123441624313,2.5583434782577945
6D651E0A-7046-4439-9CA0-C36E79EAB08D,58,99.2045771699693,motorway,family,58,risk_percentile,99.99855377630573,6.764426136016846,2.7806705713272093,67,0,7,44737.3,1.299,Motorway,Motorway,motorway,motorway,Collapsed Dual Carriageway,M6,True,True,True,True,False,False,Urban,Urban: Nearer to a major town or city,False,False,motorway calibration caveat,-2.0123411556444704,52.57369048891783,2026-07-04T12:45:06+00:00,data/models/risk_scores.parquet,0.1.0,E01010367,LSOA2021,England,IoD 2025,within,0.0,2,1,2,1,0,0,3.0,0.0,1017.5933679075968,1.4054528794174985
51B77212-CDD7-4457-8504-6BA687512DAD,59,99.19062238347753,motorway,family,59,risk_percentile,99.99852840396022,6.755918836593628,3.921787905693054,56,3,12,17166.6,13.13,Motorway,Motorway,motorway,motorway,Collapsed Dual Carriageway,M6,True,True,True,True,False,False,Rural,Smaller rural: Further from a major town or city,False,False,motorway calibration caveat,-2.6008655143961397,54.38106810343357,2026-07-04T12:45:06+00:00,data/models/risk_scores.parquet,0.1.0,E01019394,LSOA2021,England,IoD 2025,within,0.0,6,10,10,1,0,0,3.0,0.0,11.02449955841059,0.48241208345155795
67A3AC19-C318-4965-93DC-C0601F5ADF64,60,99.17666759698577,motorway,family,60,risk_percentile,99.9985030316147,6.63876428604126,5.349585103988647,119,5,15,52955.6,8.245,Motorway,Motorway,motorway,motorway,Collapsed Dual Carriageway,M6,True,True,True,True,False,False,Rural,Smaller rural: Nearer to a major town or city,False,False,motorway calibration caveat,-1.611426948969529,52.46919931140856,2026-07-04T12:45:06+00:00,data/models/risk_scores.parquet,0.1.0,E01031028,LSOA2021,England,IoD 2025,within,0.0,5,7,7,1,0,0,3.0,0.0,40.76572036645406,0.4003239481571178
2DD7E56D-D0E9-428E-AEA0-5016D38C627F,61,99.162712810494,motorway,family,61,risk_percentile,99.99847765926918,6.637514877319336,7.1773693561553955,39,2,10,59836.4,5.527,Motorway,Motorway,motorway,motorway,Collapsed Dual Carriageway,M62,True,True,True,True,False,False,Urban,Urban: Nearer to a major town or city,False,False,motorway calibration caveat,-2.6935598165246732,53.41108450007367,2026-07-04T12:45:06+00:00,data/models/risk_scores.parquet,0.1.0,E01006898,LSOA2021,England,IoD 2025,within,0.0,2,3,2,1,0,0,3.0,0.0,38.493706503351994,0.10169437478606608
8FCCFCCE-1BE2-4075-83AA-FD5506003FF0,62,99.14875802400223,motorway,family,62,risk_percentile,99.99845228692368,6.599260044097901,6.722584342956543,11,0,2,59246.2,4.367,Motorway,Motorway,motorway,motorway,Collapsed Dual Carriageway,M56,True,True,True,True,False,False,Rural,Smaller rural: Nearer to a major town or city,False,False,motorway calibration caveat,-2.9004751430289124,53.24901161167124,2026-07-04T12:45:06+00:00,data/models/risk_scores.parquet,0.1.0,E01018360,LSOA2021,England,IoD 2025,within,0.0,8,9,10,1,0,0,3.0,0.0,32.24099667017143,0.43795490663664133
AEBB0B1A-07D9-46BE-870F-C2D0C5326F1C,63,99.13480323751047,motorway,family,63,risk_percentile,99.99842691457816,6.582594156265259,5.39945273399353,72,1,4,64151.8,3.208,Motorway,Motorway,motorway,motorway,Collapsed Dual Carriageway,M6,True,True,True,True,False,False,Urban,Urban: Nearer to a major town or city,False,False,motorway calibration caveat,-2.506744992768371,53.38084669188398,2026-07-04T12:45:06+00:00,data/models/risk_scores.parquet,0.1.0,E01012515,LSOA2021,England,IoD 2025,within,0.0,7,7,6,1,0,0,3.0,0.0,79.06627039323018,1.7712902752445947
39CF90FF-E52B-4C69-A1CB-B27EB41F23F8,64,99.1208484510187,motorway,family,64,risk_percentile,99.99840154223266,6.545556735992432,4.070239067077637,52,0,7,43475.9,6.139,Motorway,Motorway,motorway,motorway,Collapsed Dual Carriageway,M42,True,True,True,True,False,False,Urban,Urban: Nearer to a major town or city,False,False,motorway calibration caveat,-1.9979242146471383,52.356027142298494,2026-07-04T12:45:06+00:00,data/models/risk_scores.parquet,0.1.0,E01032144,LSOA2021,England,IoD 2025,within,0.0,10,10,9,1,0,0,3.0,0.0,513.1702712461667,0.019006925262316694
13B5A690-3803-4959-8DC5-F86D0946D4B7,65,99.10689366452694,motorway,family,65,risk_percentile,99.99837616988714,6.54165210723877,3.1251471996307374,35,1,7,30558.6,7.055,Motorway,Motorway,motorway,motorway,Collapsed Dual Carriageway,A1(M),True,True,True,True,False,False,Rural,Smaller rural: Nearer to a major town or city,False,False,motorway calibration caveat,-1.4146973179055067,54.11455795196271,2026-07-04T12:45:06+00:00,data/models/risk_scores.parquet,0.1.0,E01027687,LSOA2021,England,IoD 2025,within,0.0,8,7,8,1,0,0,3.0,0.0,107.39833826382781,2.584125720629724
3FA6EAAB-8BD7-4800-B27B-A19322B45AE3,66,99.09293887803517,motorway,family,66,risk_percentile,99.99835079754162,6.534225368499756,5.282262468338013,50,1,5,48685.6,6.229,Motorway,Motorway,motorway,motorway,Collapsed Dual Carriageway,M6,True,True,True,True,False,False,Urban,Urban: Nearer to a major town or city,False,False,motorway calibration caveat,-2.1351460813131156,52.787280627715575,2026-07-04T12:45:06+00:00,data/models/risk_scores.parquet,0.1.0,E01029715,LSOA2021,England,IoD 2025,within,0.0,3,3,2,1,0,0,3.0,0.0,1601.5948450674123,0.0012100387088666625
1B58983D-8886-4391-87F7-B516D1358F6B,67,99.0789840915434,motorway,family,67,risk_percentile,99.99832542519611,6.439687347412109,5.540032815933228,44,0,8,64693.6,2.552,Motorway,Motorway,motorway,motorway,Collapsed Dual Carriageway,M6,True,True,True,True,False,False,Urban,Urban: Nearer to a major town or city,False,False,motorway calibration caveat,-2.647291258524944,53.779529051572894,2026-07-04T12:45:06+00:00,data/models/risk_scores.parquet,0.1.0,E01025286,LSOA2021,England,IoD 2025,within,0.0,1,1,1,1,0,0,3.0,0.0,98.45331027519833,0.8747802031166687
7D11F9A8-C24C-4098-9D52-9C37B61053FB,68,99.06502930505164,motorway,family,68,risk_percentile,99.9983000528506,6.433695363998413,2.2962090611457824,22,2,2,16157.7,9.927,Motorway,Motorway,motorway,motorway,Collapsed Dual Carriageway,M180,True,True,True,True,False,False,Rural,Larger rural: Nearer to a major town or city,False,False,motorway calibration caveat,-0.6367465608749603,53.54663669726025,2026-07-04T12:45:06+00:00,data/models/risk_scores.parquet,0.1.0,E01013324,LSOA2021,England,IoD 2025,within,0.0,6,9,6,1,0,0,3.0,0.0,8.931226230931648,0.0844277142991792
85BDA202-BE9B-4117-A4DC-6564DC7FE24C,69,99.05107451855987,motorway,family,69,risk_percentile,99.99827468050509,6.417928695678711,3.5854238748550413,7,3,2,22356.7,9.696,Motorway,Motorway,motorway,motorway,Collapsed Dual Carriageway,M45,True,True,True,True,False,False,Rural,Smaller rural: Nearer to a major town or city,False,False,motorway calibration caveat,-1.2175574301166043,52.333717283917714,2026-07-04T12:45:06+00:00,data/models/risk_scores.parquet,0.1.0,E01035400,LSOA2021,England,IoD 2025,within,0.0,6,10,10,1,0,0,2.5,0.0,76.85660564158133,0.5986968583970796
781B41A8-2D3E-4304-BD4E-20A334272872,70,99.0371197320681,motorway,family,70,risk_percentile,99.99824930815957,6.379531955718994,5.543824100494385,87,0,14,58097.1,3.124,Motorway,Motorway,motorway,motorway,Collapsed Dual Carriageway,M6,True,True,True,True,False,False,Urban,Urban: Nearer to a major town or city,False,False,motorway calibration caveat,-1.8843229138663269,52.523929110454795,2026-07-04T12:45:06+00:00,data/models/risk_scores.parquet,0.1.0,E01009239,LSOA2021,England,IoD 2025,within,0.0,1,1,1,1,0,0,3.0,0.0,413.68262668448256,0.0617357152673807
652842B4-E310-4661-AE3C-EB781ED08090,71,99.02316494557634,motorway,family,71,risk_percentile,99.99822393581405,6.367299127578735,3.547770619392395,17,1,4,33800.4,7.567,Motorway,Motorway,motorway,motorway,Collapsed Dual Carriageway,A1(M),True,True,True,True,False,False,Urban,Urban: Nearer to a major town or city,False,False,motorway calibration caveat,-1.5328563312250776,54.61578457379727,2026-07-04T12:45:06+00:00,data/models/risk_scores.parquet,0.1.0,E01020833,LSOA2021,England,IoD 2025,within,0.0,4,4,3,1,0,0,3.0,0.0,55.970267746225744,0.6895652908369364
8D135F48-79A9-4244-B95E-01CC3A5CC046,72,99.00921015908457,motorway,family,72,risk_percentile,99.99819856346855,6.359113073348999,3.9813206672668455,12,1,0,57014.9,4.185,Motorway,Motorway,motorway,motorway,Collapsed Dual Carriageway,M69,True,True,True,True,False,False,Urban,Urban: Nearer to a major town or city,False,False,motorway calibration caveat,-1.3328408216958063,52.52788351548914,2026-07-04T12:45:06+00:00,data/models/risk_scores.parquet,0.1.0,E01025833,LSOA2021,England,IoD 2025,within,0.0,9,7,8,1,0,0,3.0,0.0,140.52849695622223,0.3657594356753041
B57D7988-AAE4-4708-A1F2-872888B46973,73,98.9952553725928,motorway,family,73,risk_percentile,99.99817319112303,6.338864469528199,3.5199571371078493,36,2,8,59055.2,3.28,Motorway,Motorway,motorway,motorway,Collapsed Dual Carriageway,M6,True,True,True,True,False,False,Urban,Urban: Nearer to a major town or city,False,False,motorway calibration caveat,-1.215431685495991,52.40628905254504,2026-07-04T12:45:06+00:00,data/models/risk_scores.parquet,0.1.0,E01035028,LSOA2021,England,IoD 2025,within,0.0,7,4,7,1,0,0,3.0,0.0,209.57359526822455,0.4745477863868216
D785434E-FF36-4F19-9FFD-905732F3EE71,74,98.98130058610103,motorway,family,74,risk_percentile,99.99814781877751,6.291442060470581,3.682357120513916,60,0,9,31229.0,7.221,Motorway,Motorway,motorway,motorway,Collapsed Dual Carriageway,M5,True,True,True,True,False,False,Rural,Smaller rural: Nearer to a major town or city,False,False,motorway calibration caveat,-2.0972966260478483,52.31910446854541,2026-07-04T12:45:06+00:00,data/models/risk_scores.parquet,0.1.0,E01032176,LSOA2021,England,IoD 2025,within,0.0,8,9,9,1,0,0,3.0,0.0,25.638600527523053,0.17203758366636762
33187CCA-D057-4D85-B49D-32659F07E667,75,98.96734579960926,motorway,family,75,risk_percentile,99.998122446432,6.271337652206421,3.73337607383728,41,0,8,34136.3,6.252,Motorway,Motorway,motorway,motorway,Collapsed Dual Carriageway,M5,True,True,True,True,False,False,Rural,Larger rural: Nearer to a major town or city,False,False,motorway calibration caveat,-2.1952388271759977,52.136408372097996,2026-07-04T12:45:06+00:00,data/models/risk_scores.parquet,0.1.0,E01032191,LSOA2021,England,IoD 2025,within,0.0,7,7,8,1,0,0,3.0,0.0,71.05792133686745,1.2262074348052245
7DF260FC-718C-44EE-9978-BDFF0576CE14,76,98.9533910131175,motorway,family,76,risk_percentile,99.99809707408649,6.219992733001709,5.314117956161499,31,0,3,47471.7,4.056,Motorway,Motorway,motorway,motorway,Collapsed Dual Carriageway,M1,True,True,True,True,False,False,Urban,Urban: Nearer to a major town or city,False,False,motorway calibration caveat,-1.3109025964627183,53.26494221729463,2026-07-04T12:45:06+00:00,data/models/risk_scores.parquet,0.1.0,E01019564,LSOA2021,England,IoD 2025,within,0.0,6,8,6,1,0,0,3.0,0.0,132.93578831910904,1.2486818411095113
F06B8D66-F3DA-4960-A54C-7DEF6134079E,77,98.93943622662573,motorway,family,77,risk_percentile,99.99807170174097,6.196783399581909,2.8624248027801515,37,1,7,34458.9,5.368,Motorway,Motorway,motorway,motorway,Collapsed Dual Carriageway,M18,True,True,True,True,False,False,Urban,Urban: Nearer to a major town or city,False,False,motorway calibration caveat,-0.9995317481653657,53.56486103723489,2026-07-04T12:45:06+00:00,data/models/risk_scores.parquet,0.1.0,E01007560,LSOA2021,England,IoD 2025,within,0.0,6,5,5,1,0,0,3.0,0.0,510.27463802212685,0.3731728003826262
1F613B25-A517-4BE8-AE2E-03EFE2EB342D,78,98.92548144013396,motorway,family,78,risk_percentile,99.99804632939546,6.162687635421753,5.078228187561035,47,1,11,63668.0,3.594,Motorway,Motorway,motorway,motorway,Collapsed Dual Carriageway,M56,True,True,True,True,False,False,Rural,Smaller rural: Nearer to a major town or city,False,False,motorway calibration caveat,-2.541038455398096,53.342965094796526,2026-07-04T12:45:06+00:00,data/models/risk_scores.parquet,0.1.0,E01012448,LSOA2021,England,IoD 2025,within,0.0,9,8,10,1,0,0,3.0,0.0,52.19289932858046,0.3945503820470846
6AD32E2E-0045-4C18-9BC4-D8EAD6616287,79,98.9115266536422,motorway,family,79,risk_percentile,99.99802095704995,6.1361839294433596,5.735863256454468,37,0,3,57940.5,4.023,Motorway,Motorway,motorway,motorway,Collapsed Dual Carriageway,M56,True,True,True,True,False,False,Urban,Urban: Nearer to a major town or city,False,False,motorway calibration caveat,-2.6080718669374785,53.33135338983728,2026-07-04T12:45:06+00:00,data/models/risk_scores.parquet,0.1.0,E01012503,LSOA2021,England,IoD 2025,within,0.0,9,10,10,1,0,0,3.0,0.0,73.11674437409516,0.37525516445502793
8A1C9DB4-C939-4526-8B20-18397C65509A,80,98.89757186715043,motorway,family,80,risk_percentile,99.99799558470444,6.061094474792481,8.187655210494995,33,0,5,62482.3,3.444,Motorway,Motorway,motorway,motorway,Collapsed Dual Carriageway,M56,True,True,True,True,False,False,Urban,Urban: Nearer to a major town or city,False,False,motorway calibration caveat,-2.8304326392054633,53.256697441016236,2026-07-04T12:45:06+00:00,data/models/risk_scores.parquet,0.1.0,E01018337,LSOA2021,England,IoD 2025,within,0.0,3,6,5,1,0,0,3.0,0.0,68.24581613650045,0.4380289542330051
4A89A4D9-70BB-4904-B437-9CF31E34FAC4,81,98.88361708065867,motorway,family,81,risk_percentile,99.99797021235892,5.977915287017822,3.2534483909606933,31,1,4,32078.3,6.64,Motorway,Motorway,motorway,motorway,Collapsed Dual Carriageway,M11,True,True,True,True,False,False,Urban,Urban: Nearer to a major town or city,False,False,motorway calibration caveat,0.11961265491598008,52.12860696131416,2026-07-04T12:45:06+00:00,data/models/risk_scores.parquet,0.1.0,E01018291,LSOA2021,England,IoD 2025,within,0.0,8,8,8,1,0,0,3.0,0.0,71.71120076826647,0.03867481136214113
66913C4F-8B1B-4DEC-9C95-5431056DD058,82,98.8696622941669,motorway,family,82,risk_percentile,99.9979448400134,5.946094560623169,3.6714870929718018,16,1,6,21353.1,11.206,Motorway,Motorway,motorway,motorway,Collapsed Dual Carriageway,M50,True,True,True,True,False,False,Rural,Smaller rural: Nearer to a major town or city,False,False,motorway calibration caveat,-2.2815100892647724,52.00263519524679,2026-07-04T12:45:06+00:00,data/models/risk_scores.parquet,0.1.0,E01032198,LSOA2021,England,IoD 2025,within,0.0,5,9,8,1,0,0,2.5,0.0,66.93338595197713,0.15502279635837335
30AD26CC-D79B-4450-BF87-9D58F4596332,83,98.85570750767513,motorway,family,83,risk_percentile,99.9979194676679,5.931120681762695,2.9979941844940186,30,2,4,33845.8,6.454,Motorway,Motorway,motorway,motorway,Collapsed Dual Carriageway,A1(M),True,True,True,True,False,False,Rural,Larger rural: Nearer to a major town or city,False,False,motorway calibration caveat,-1.5259464367893223,54.76209553817216,2026-07-04T12:45:06+00:00,data/models/risk_scores.parquet,0.1.0,E01020732,LSOA2021,England,IoD 2025,within,0.0,10,9,9,1,0,0,3.0,0.0,32.51645324185583,0.700092259937299
981AEB74-1BC1-41F3-B11A-10657C1B899E,84,98.84175272118337,motorway,family,84,risk_percentile,99.99789409532238,5.914994478225708,4.6128258228302,52,0,9,46148.3,5.125,Motorway,Motorway,motorway,motorway,Collapsed Dual Carriageway,M1,True,True,True,True,False,False,Urban,Urban: Nearer to a major town or city,False,False,motorway calibration caveat,-1.492773649509682,53.52021422132535,2026-07-04T12:45:06+00:00,data/models/risk_scores.parquet,0.1.0,E01007459,LSOA2021,England,IoD 2025,within,0.0,5,6,3,1,0,0,3.0,0.0,89.5766202176811,0.6128437062422765
281D6267-2D78-4FE4-9F33-010E381BCB61,85,98.8277979346916,motorway,family,85,risk_percentile,99.99786872297688,5.90435528755188,5.358040809631348,24,1,4,50705.2,4.019,Motorway,Motorway,motorway,motorway,Collapsed Dual Carriageway,M62,True,True,True,True,False,False,Urban,Urban: Nearer to a major town or city,False,False,motorway calibration caveat,-1.2284456675541309,53.693729580237985,2026-07-04T12:45:06+00:00,data/models/risk_scores.parquet,0.1.0,E01011803,LSOA2021,England,IoD 2025,within,0.0,2,3,3,1,0,0,3.0,0.0,104.69354963282011,0.12538933545830827
4F5611CC-2518-4C89-964F-27E486332C97,86,98.81384314819984,motorway,family,86,risk_percentile,99.99784335063136,5.888072538375854,3.9376532077789306,36,0,7,49556.1,3.519,Motorway,Motorway,motorway,motorway,Collapsed Dual Carriageway,M62,True,True,True,True,False,False,Urban,Urban: Nearer to a major town or city,False,False,motorway calibration caveat,-1.3621628124317455,53.706257419282565,2026-07-04T12:45:06+00:00,data/models/risk_scores.parquet,0.1.0,E01034267,LSOA2021,England,IoD 2025,within,0.0,8,7,9,1,0,0,3.0,0.0,1158.0406292133366,0.08532990043937032
B82A1801-A804-45B6-905C-C12BE0A4EA2E,87,98.79988836170807,motorway,family,87,risk_percentile,99.99781797828584,5.881350708007813,5.5470301628112795,20,1,0,49695.6,5.12,Motorway,Motorway,motorway,motorway,Collapsed Dual Carriageway,M53,True,True,True,True,False,False,Rural,Smaller rural: Nearer to a major town or city,False,False,motorway calibration caveat,-2.999986954689108,53.31468005861705,2026-07-04T12:45:06+00:00,data/models/risk_scores.parquet,0.1.0,E01007144,LSOA2021,England,IoD 2025,within,0.0,6,9,7,1,0,0,2.5,0.0,31.36952986418391,0.03379127706976967
7D825471-D96C-4088-8944-D911334AF54B,88,98.7859335752163,motorway,family,88,risk_percentile,99.99779260594033,5.739881181716919,4.538234734535218,32,0,3,47792.2,4.314,Motorway,Motorway,motorway,motorway,Collapsed Dual Carriageway,M1,True,True,True,True,False,False,Urban,Urban: Nearer to a major town or city,False,False,motorway calibration caveat,-1.2953379123638387,53.08210670890653,2026-07-04T12:45:06+00:00,data/models/risk_scores.parquet,0.1.0,E01027947,LSOA2021,England,IoD 2025,within,0.0,5,5,5,1,0,0,3.0,0.0,88.88586718284091,0.5076668338166939
1B7D8DB3-EC61-47BD-8B3C-70D434E0CAE9,89,98.77197878872454,motorway,family,89,risk_percentile,99.99776723359481,5.704476690292358,3.4693976402282716,20,1,2,35653.9,4.533,Motorway,Motorway,motorway,motorway,Collapsed Dual Carriageway,A1(M),True,True,True,True,False,False,Rural,Larger rural: Nearer to a major town or city,False,False,motorway calibration caveat,-0.26393171081896594,52.40570664699457,2026-07-04T12:45:06+00:00,data/models/risk_scores.parquet,0.1.0,E01018192,LSOA2021,England,IoD 2025,within,0.0,6,6,6,1,0,0,3.0,0.0,25.049205653560332,2.236105035657665
B7D25184-7C64-4565-9B2D-159816BF385C,90,98.75802400223277,motorway,family,90,risk_percentile,99.9977418612493,5.676410055160522,4.0299440145492555,64,1,11,46204.8,3.469,Motorway,Motorway,motorway,motorway,Collapsed Dual Carriageway,M62,True,True,True,True,False,False,Urban,Urban: Nearer to a major town or city,False,False,motorway calibration caveat,-1.8893196133043226,53.64910577383826,2026-07-04T12:45:06+00:00,data/models/risk_scores.parquet,0.1.0,E01011205,LSOA2021,England,IoD 2025,within,0.0,7,7,8,1,0,0,3.0,0.0,313.48818968480305,0.2727104040532073
5F413324-A2FB-4DAC-87C8-3C2E62AC28F5,91,98.744069215741,motorway,family,91,risk_percentile,99.99771648890379,5.675620126724243,3.257839488983154,20,0,7,27541.4,6.553,Motorway,Motorway,motorway,motorway,Collapsed Dual Carriageway,A1(M),True,True,True,True,False,False,Rural,Smaller rural: Nearer to a major town or city,False,False,motorway calibration caveat,-1.6145151817084589,54.52646778497937,2026-07-04T12:45:06+00:00,data/models/risk_scores.parquet,0.1.0,E01012334,LSOA2021,England,IoD 2025,within,0.0,7,8,7,1,0,0,3.0,0.0,124.71647073919681,1.8386840903900195
BDE150E0-A286-456E-B793-A0B66316EA33,92,98.73011442924923,motorway,family,92,risk_percentile,99.99769111655827,5.668053674697876,3.7056870222091676,48,0,11,38353.6,5.182,Motorway,Motorway,motorway,motorway,Collapsed Dual Carriageway,M6,True,True,True,True,False,False,Rural,Smaller rural: Further from a major town or city,False,False,motorway calibration caveat,-2.7633066786852836,54.104555605822526,2026-07-04T12:45:06+00:00,data/models/risk_scores.parquet,0.1.0,E01025130,LSOA2021,England,IoD 2025,within,0.0,8,9,8,1,0,0,3.0,0.0,155.64381044151165,2.4703766621103447
24DEA564-8D4E-41A2-965D-21760BCB2095,93,98.71615964275746,motorway,family,93,risk_percentile,99.99766574421275,5.652529764175415,4.37882821559906,60,1,8,49483.6,4.616,Motorway,Motorway,motorway,motorway,Collapsed Dual Carriageway,M65,True,True,True,True,False,False,Urban,Urban: Nearer to a major town or city,False,False,motorway calibration caveat,-2.521480078850999,53.71415396334922,2026-07-04T12:45:06+00:00,data/models/risk_scores.parquet,0.1.0,E01012609,LSOA2021,England,IoD 2025,within,0.0,9,9,8,1,0,0,3.0,0.0,205.84381510486085,0.03928661949978305
211671D5-0D9E-4119-AC90-8AB5BDFC89C4,94,98.7022048562657,motorway,family,94,risk_percentile,99.99764037186725,5.644902658462525,5.6945549011230465,29,2,6,41923.3,5.018,Motorway,Motorway,motorway,motorway,Collapsed Dual Carriageway,M1,True,True,True,True,False,False,Urban,Urban: Nearer to a major town or city,False,False,motorway calibration caveat,-1.2866963414552133,52.94058587543347,2026-07-04T12:45:06+00:00,data/models/risk_scores.parquet,0.1.0,E01019656,LSOA2021,England,IoD 2025,within,0.0,7,10,8,1,0,0,3.0,0.0,79.55793775244997,0.5505472305320098
56A5F964-AF60-437F-81DF-2BD9A89CAF1E,95,98.68825006977393,motorway,family,95,risk_percentile,99.99761499952173,5.593322658538819,2.5973739862442016,45,1,10,23100.2,9.775,Motorway,Motorway,motorway,motorway,Collapsed Dual Carriageway,M180,True,True,True,True,False,False,Rural,Smaller rural: Nearer to a major town or city,False,False,motorway calibration caveat,-0.4863383402919241,53.56465196761913,2026-07-04T12:45:06+00:00,data/models/risk_scores.parquet,0.1.0,E01013269,LSOA2021,England,IoD 2025,within,0.0,8,8,7,1,0,0,3.0,0.0,54.215497671425155,0.05149824769501526
1C2CFBA6-441D-4A61-A277-DA84E8F445FF,96,98.67429528328216,motorway,family,96,risk_percentile,99.99758962717623,5.547057390213013,4.033129620552063,87,0,10,40566.5,5.393,Motorway,Motorway,motorway,motorway,Collapsed Dual Carriageway,M62,True,True,True,True,False,False,Urban,Urban: Nearer to a major town or city,False,False,motorway calibration caveat,-1.7920647847063875,53.6813098171379,2026-07-04T12:45:06+00:00,data/models/risk_scores.parquet,0.1.0,E01011046,LSOA2021,England,IoD 2025,within,0.0,9,9,9,1,0,0,3.0,0.0,786.2617003478108,0.1673970028975644
125399AD-1A16-48E7-8074-6A0E88E1CB7A,97,98.6603404967904,motorway,family,97,risk_percentile,99.9975642548307,5.444676351547241,5.005192565917969,29,0,9,50218.3,3.316,Motorway,Motorway,motorway,motorway,Collapsed Dual Carriageway,M5,True,True,True,True,False,False,Urban,Urban: Nearer to a major town or city,False,False,motorway calibration caveat,-1.997612898789057,52.50404442194527,2026-07-04T12:45:06+00:00,data/models/risk_scores.parquet,0.1.0,E01010019,LSOA2021,England,IoD 2025,within,0.0,1,1,2,1,0,0,3.0,0.0,2734.5816502297803,0.0021261495343082443
F2CA43A9-273C-45A1-AB08-5E441F3CFAFA,98,98.64638571029863,motorway,family,98,risk_percentile,99.99753888248519,5.432147789001465,4.429518485069275,19,0,3,30863.1,5.359,Motorway,Motorway,motorway,motorway,Collapsed Dual Carriageway,M6,True,True,True,True,False,False,Rural,Smaller rural: Nearer to a major town or city,False,False,motorway calibration caveat,-3.0133104933273143,54.97451212678367,2026-07-04T12:45:06+00:00,data/models/risk_scores.parquet,0.1.0,E01019228,LSOA2021,England,IoD 2025,within,0.0,4,6,7,1,0,0,3.0,0.0,10.461379734336308,2.6542071673184497
BCAC0015-7097-4FB4-AB03-B927F5449F47,99,98.63243092380687,motorway,family,99,risk_percentile,99.99751351013968,5.429545521736145,3.3916160345077513,9,0,2,27145.5,6.555,Motorway,Motorway,motorway,motorway,Collapsed Dual Carriageway,M62,True,True,True,True,False,False,Rural,Smaller rural: Nearer to a major town or city,False,False,motorway calibration caveat,-1.1030096535109468,53.68879516607651,2026-07-04T12:45:06+00:00,data/models/risk_scores.parquet,0.1.0,E01027924,LSOA2021,England,IoD 2025,within,0.0,7,9,8,1,0,0,3.0,0.0,36.86532320649852,0.13986361062666564
09DF6292-6E2B-4BF9-ACD5-C40CD88B09E7,100,98.6184761373151,motorway,family,100,risk_percentile,99.99748813779416,5.4278545618057255,3.38906786441803,23,1,4,35217.7,5.351,Motorway,Motorway,motorway,motorway,Collapsed Dual Carriageway,M6,True,True,True,True,False,False,Rural,Smaller rural: Nearer to a major town or city,False,False,motorway calibration caveat,-2.9109263719806098,54.919762617709694,2026-07-04T12:45:06+00:00,data/models/risk_scores.parquet,0.1.0,E01019240,LSOA2021,England,IoD 2025,within,0.0,8,8,8,1,0,0,3.0,0.0,43.14030822335985,0.020423804345613146
59FFE4B6-01EB-478C-A8DE-17370D48427D,1,100.0,other_rural,family,284,risk_percentile,99.99281962621967,2.4440665006637574,1.63923579454422,11,0,2,7200.8,6.596,A Road,A Road,other_rural,rural_a_road,Single Carriageway,A16,False,False,True,False,False,False,Rural,Larger rural: Nearer to a major town or city,False,False,,-0.12609686234743123,52.71576673500668,2026-07-04T12:45:06+00:00,data/models/risk_scores.parquet,0.1.0,E01026239,LSOA2021,England,IoD 2025,within,0.0,5,6,7,1,0,0,2.5,0.0,5.53733747260864,0.5708644369048586
E56501E8-3ACB-46DD-B6B1-397BF24F3499,2,99.99993206590966,other_rural,family,304,risk_percentile,99.99231217930941,2.298280680179596,3.7184925079345703,16,3,6,15008.1,4.878,A Road,A Road,other_rural,rural_a_road,Single Carriageway,A45,False,False,True,False,False,False,Rural,Smaller rural: Nearer to a major town or city,False,False,,-1.0517066501526897,52.23928309997866,2026-07-04T12:45:06+00:00,data/models/risk_scores.parquet,0.1.0,E01027011,LSOA2021,England,IoD 2025,within,0.0,8,9,9,1,0,0,3.0,0.0,619.6159664032726,2.4659194664065103
89D775E5-B175-45FA-9009-D353F84D302F,3,99.99986413181931,other_rural,family,308,risk_percentile,99.99221068992735,2.267302307486534,2.2131142258644103,8,0,3,10842.0,5.057,A Road,A Road,other_rural,rural_a_road,Collapsed Dual Carriageway,A6,False,False,True,True,False,False,Rural,Smaller rural: Further from a major town or city,False,False,,-1.9447057035186306,53.33376082735503,2026-07-04T12:45:06+00:00,data/models/risk_scores.parquet,0.1.0,E01019713,LSOA2021,England,IoD 2025,within,0.0,8,9,9,1,0,0,3.0,0.0,1222.426874463216,1.592665678792287
7E90F309-C9E6-4DF8-B923-884C83F21BA8,4,99.99979619772897,other_rural,family,312,risk_percentile,99.9921092005453,2.236323672533035,1.5615366697311401,7,1,1,7935.8,5.875,A Road,A Road,other_rural,rural_a_road,Collapsed Dual Carriageway,A43,False,False,True,True,False,False,Rural,Larger rural: Further from a major town or city,False,False,,-0.7029474677470667,52.46053762714224,2026-07-04T12:45:06+00:00,data/models/risk_scores.parquet,0.1.0,E01027103,LSOA2021,England,IoD 2025,within,0.0,7,8,7,1,0,0,3.0,0.0,11.342775802361794,0.04696099348445615
8620C2C5-CC9B-465D-BEE2-A8C0131E7D12,5,99.99972826363862,other_rural,family,390,risk_percentile,99.99013015759525,1.9038290500640869,2.683267831802368,11,1,1,14590.8,3.807,A Road,A Road,other_rural,rural_a_road,Single Carriageway,A59,False,False,True,False,False,False,Rural,Smaller rural: Nearer to a major town or city,False,False,,-2.422266188155279,53.8215578301887,2026-07-04T12:45:06+00:00,data/models/risk_scores.parquet,0.1.0,E01025319,LSOA2021,England,IoD 2025,within,0.0,9,10,10,1,0,0,2.5,0.0,128.5471962452079,0.3367271616701936
D45E8FA7-81BC-44A3-A28C-A9B7E9E179CB,6,99.99966032954826,other_rural,family,425,risk_percentile,99.98924212550227,1.8161503791809082,1.4615267753601073,3,1,0,13495.9,2.95,A Road,A Road,other_rural,rural_a_road,Single Carriageway,A19,False,False,True,False,False,False,Rural,Larger rural: Nearer to a major town or city,False,False,,-1.214831767676706,54.11830970173253,2026-07-04T12:45:06+00:00,data/models/risk_scores.parquet,0.1.0,E01027595,LSOA2021,England,IoD 2025,within,0.0,9,7,6,1,0,0,2.5,0.0,16.803382115149446,0.8761085478709771
4F7AA121-68AC-4F36-A483-DB2CC1A64202,7,99.99959239545792,other_rural,family,458,risk_percentile,99.98840483810034,1.6809161067008973,1.8026186108589173,22,5,7,8509.3,4.065,A Road,A Road,other_rural,rural_a_road,Single Carriageway,A16,False,False,True,False,False,False,Rural,Smaller rural: Nearer to a major town or city,False,False,,-0.2077832402299973,52.62074978608219,2026-07-04T12:45:06+00:00,data/models/risk_scores.parquet,0.1.0,E01015630,LSOA2021,England,IoD 2025,within,0.0,4,4,4,1,0,0,3.0,0.0,18.1148290961147,0.19594162068876228
C3E9EA94-5905-4E01-AA00-7C0FEE6B2FCA,8,99.99952446136759,other_rural,family,476,risk_percentile,99.98794813588108,1.6200348734855652,4.060335278511047,0,0,0,18835.5,2.391,A Road,A Road,other_rural,rural_a_road,Single Carriageway,A509,False,False,True,False,False,False,Rural,Smaller rural: Nearer to a major town or city,False,True,sparse collision history,-0.6942023631754252,52.11260236246279,2026-07-04T12:45:06+00:00,data/models/risk_scores.parquet,0.1.0,E01016801,LSOA2021,England,IoD 2025,within,0.0,7,8,9,1,0,0,3.0,0.0,707.529661502854,1.7931618946228256
A8C191DC-224B-41B3-B35B-B64BACF8EFA7,9,99.99945652727723,other_rural,family,487,risk_percentile,99.98766904008043,1.5978225588798523,3.744144892692566,12,0,1,16932.8,3.468,A Road,A Road,other_rural,rural_a_road,Single Carriageway,A168,False,False,False,False,False,False,Rural,Smaller rural: Further from a major town or city,False,False,,-1.4251148299844651,54.13974579127736,2026-07-04T12:45:06+00:00,data/models/risk_scores.parquet,0.1.0,E01027737,LSOA2021,England,IoD 2025,within,0.0,7,8,10,1,0,0,3.0,0.0,137.63427990745114,0.23167919491639224
F044802C-D97E-4681-B63D-9E424120BF63,10,99.9993885931869,other_rural,family,507,risk_percentile,99.98716159317017,1.5523576021194458,2.210192346572876,4,0,0,10842.1,3.456,A Road,A Road,other_rural,rural_a_road,Collapsed Dual Carriageway,A140,False,False,True,True,False,False,Rural,Smaller rural: Further from a major town or city,False,False,,1.168191800222447,52.37709946206073,2026-07-04T12:45:06+00:00,data/models/risk_scores.parquet,0.1.0,E01026935,LSOA2021,England,IoD 2025,within,0.0,6,8,7,1,0,0,3.0,0.0,25.568766239239462,0.3491728876922119
9988AD46-23EE-4DA1-888B-306B76792414,11,99.99932065909654,other_rural,family,531,risk_percentile,99.98655265687785,1.487268090248108,2.150852084159851,15,2,1,14388.2,3.558,A Road,A Road,other_rural,rural_a_road,Collapsed Dual Carriageway,A1307,False,False,False,True,False,False,Rural,Smaller rural: Nearer to a major town or city,False,False,,-0.22753233868464004,52.35453362419193,2026-07-04T12:45:06+00:00,data/models/risk_scores.parquet,0.1.0,E01034436,LSOA2021,England,IoD 2025,within,0.0,8,8,9,1,0,0,3.0,0.0,171.6575641184094,0.006224694419555523
66566E18-27B4-433C-A925-B8BABF8BC1E5,12,99.99925272500619,other_rural,family,539,risk_percentile,99.98634967811374,1.4686010241508485,2.248623847961426,13,0,2,13801.7,2.687,A Road,A Road,other_rural,rural_a_road,Collapsed Dual Carriageway,A629,False,False,True,True,False,False,Rural,Larger rural: Further from a major town or city,False,False,,-1.964401418255445,53.903658848224644,2026-07-04T12:45:06+00:00,data/models/risk_scores.parquet,0.1.0,E01027555,LSOA2021,England,IoD 2025,within,0.0,9,10,10,1,0,0,3.0,0.0,61.89039173426115,1.9167485853605672
7A06EA4B-468A-45AA-9100-7F7F27A00F6E,13,99.99918479091585,other_rural,family,541,risk_percentile,99.98629893342272,1.4668879747390746,2.833244967460632,1,0,0,23401.1,0.818,A Road,A Road,other_rural,rural_a_road,Single Carriageway,A167,False,False,True,False,False,False,Rural,Larger rural: Nearer to a major town or city,False,True,sparse collision history,-1.5587727796869582,54.68796209900486,2026-07-04T12:45:06+00:00,data/models/risk_scores.parquet,0.1.0,E01020807,LSOA2021,England,IoD 2025,within,0.0,1,1,1,1,0,0,2.5,0.0,3933.6562469734354,2.37692396002121
6F3F22B5-28FF-451B-9D9E-DD8BBFB787A2,14,99.99911685682551,other_rural,family,550,risk_percentile,99.98607058231309,1.4402014017105103,2.5175910234451293,10,1,1,14825.2,2.818,A Road,A Road,other_rural,rural_a_road,Single Carriageway,A1079,False,False,True,False,False,False,Rural,Smaller rural: Nearer to a major town or city,False,False,,-0.467003637180152,53.831208603514725,2026-07-04T12:45:06+00:00,data/models/risk_scores.parquet,0.1.0,E01012919,LSOA2021,England,IoD 2025,within,0.0,9,10,10,1,0,0,2.5,0.0,366.46613443693155,0.15634497021711327
01256BCE-1A5E-412A-BAC9-5950B04056F2,15,99.99904892273517,other_rural,family,555,risk_percentile,99.98594372058552,1.4255508303642273,3.3051983594894407,15,0,2,12113.6,2.832,A Road,A Road,other_rural,rural_a_road,Single Carriageway,A635,False,False,True,False,False,False,Rural,Smaller rural: Nearer to a major town or city,False,False,,-1.2499421066452214,53.541428678215816,2026-07-04T12:45:06+00:00,data/models/risk_scores.parquet,0.1.0,E01007583,LSOA2021,England,IoD 2025,within,0.0,5,8,7,1,0,0,3.0,0.0,23.09796437871627,0.5030942771837097
F76FC464-9A3B-4313-A49C-A32859E4A773,16,99.99898098864482,other_rural,family,569,risk_percentile,99.98558850774833,1.3945407271385193,1.766668927669525,6,0,1,11860.9,2.824,A Road,A Road,other_rural,rural_a_road,Collapsed Dual Carriageway,A12,False,False,True,True,False,False,Rural,Smaller rural: Nearer to a major town or city,False,False,,1.3709784589740937,52.14558753814262,2026-07-04T12:45:06+00:00,data/models/risk_scores.parquet,0.1.0,E01030193,LSOA2021,England,IoD 2025,within,0.0,8,8,8,1,0,0,3.0,0.0,22.633858513512052,0.6460914774007409
C4FE33C6-BA05-4838-92EA-4BACAC756662,17,99.99891305455448,other_rural,family,574,risk_percentile,99.98546164602077,1.3871038913726808,2.7648332834243776,8,1,3,11063.7,2.826,A Road,A Road,other_rural,rural_a_road,Single Carriageway,A605,False,False,True,False,False,False,Rural,Smaller rural: Nearer to a major town or city,False,False,,-0.45923495646395873,52.46915972932041,2026-07-04T12:45:06+00:00,data/models/risk_scores.parquet,0.1.0,E01027031,LSOA2021,England,IoD 2025,within,0.0,7,9,9,1,0,0,3.0,0.0,27.825654036732264,0.7168178937916297
28C5D541-43E1-4BA9-943B-E799030CCBD5,18,99.99884512046413,other_rural,family,588,risk_percentile,99.98510643318357,1.3596861839294434,2.2947044730186463,9,1,2,14914.4,2.375,A Road,A Road,other_rural,rural_a_road,Collapsed Dual Carriageway,A45,False,False,True,True,False,False,Rural,Smaller rural: Nearer to a major town or city,False,False,,-1.631213492974564,52.44083141649242,2026-07-04T12:45:06+00:00,data/models/risk_scores.parquet,0.1.0,E01010164,LSOA2021,England,IoD 2025,within,0.0,7,8,7,1,0,0,3.0,0.0,48.87129422721616,1.5339628851946028
CB8CB752-F747-41C1-9787-28955654ECA2,19,99.99877718637377,other_rural,family,589,risk_percentile,99.98508106083807,1.355956482887268,3.6131955862045286,8,2,1,13014.7,2.231,A Road,A Road,other_rural,rural_a_road,Single Carriageway,A511,False,False,True,False,False,False,Rural,Smaller rural: Nearer to a major town or city,False,False,,-1.430062185587264,52.73680078094688,2026-07-04T12:45:06+00:00,data/models/risk_scores.parquet,0.1.0,E01025964,LSOA2021,England,IoD 2025,within,0.0,7,9,9,1,0,0,3.5,0.0,77.92483256088288,0.8764497864127814
7B08C374-98E5-4C60-A295-60CC6BADB85F,20,99.99870925228343,other_rural,family,591,risk_percentile,99.98503031614703,1.354892635345459,2.76224102973938,7,1,1,14617.0,3.124,A Road,A Road,other_rural,rural_a_road,Collapsed Dual Carriageway,A441,False,False,False,True,False,False,Rural,Smaller rural: Nearer to a major town or city,False,False,,-1.9503579940997067,52.34660310344006,2026-07-04T12:45:06+00:00,data/models/risk_scores.parquet,0.1.0,E01032123,LSOA2021,England,IoD 2025,within,0.0,7,9,9,1,0,0,3.0,0.0,103.82972549239066,0.6183565187238675
7A471B23-5768-46D2-89AC-3A82DCBC086D,21,99.9986413181931,other_rural,family,594,risk_percentile,99.9849541991105,1.3521913051605225,3.640293836593628,2,0,0,12032.9,2.833,A Road,A Road,other_rural,rural_a_road,Single Carriageway,A53,False,False,True,False,False,False,Rural,Smaller rural: Nearer to a major town or city,False,False,,-2.554059679293865,52.868909319002455,2026-07-04T12:45:06+00:00,data/models/risk_scores.parquet,0.1.0,E01035057,LSOA2021,England,IoD 2025,within,0.0,5,8,9,1,0,0,3.0,0.0,140.13114081533686,0.058021683409613986
B56D5D23-8E9D-49D4-A0F8-0D8AF7ABF70B,22,99.99857338410274,other_rural,family,614,risk_percentile,99.98444675220023,1.3244361519813537,1.789241111278534,9,0,1,11754.4,2.831,A Road,A Road,other_rural,rural_a_road,Collapsed Dual Carriageway,A1270,False,False,True,True,False,False,Rural,Larger rural: Nearer to a major town or city,False,False,,1.3097617480921253,52.68012823327359,2026-07-04T12:45:06+00:00,data/models/risk_scores.parquet,0.1.0,E01026550,LSOA2021,England,IoD 2025,within,0.0,8,8,8,1,0,0,3.0,0.0,21.44200310654896,0.005352234471300121
76482C86-28EA-4221-9B09-5DFA08315303,23,99.9985054500124,other_rural,family,628,risk_percentile,99.98409153936304,1.3008081316947937,3.0544207096099854,25,1,6,15376.5,2.068,A Road,A Road,other_rural,rural_a_road,Single Carriageway,A6195,False,False,True,False,False,False,Rural,Smaller rural: Nearer to a major town or city,False,False,,-1.3608235870300531,53.52470823164325,2026-07-04T12:45:06+00:00,data/models/risk_scores.parquet,0.1.0,E01007349,LSOA2021,England,IoD 2025,within,0.0,2,3,2,1,0,0,3.0,0.0,54.8618005480729,1.5577453131883585
9F068480-CE0B-4CCA-AA7C-DB455776A7FF,24,99.99843751592206,other_rural,family,634,risk_percentile,99.98393930528997,1.2913241505622863,3.6007685899734496,0,0,0,20647.1,2.435,A Road,A Road,other_rural,rural_a_road,Collapsed Dual Carriageway,A189,False,False,True,True,False,False,Rural,Smaller rural: Nearer to a major town or city,False,True,sparse collision history,-1.5402810119082093,55.15988707703972,2026-07-04T12:45:06+00:00,data/models/risk_scores.parquet,0.1.0,E01027552,LSOA2021,England,IoD 2025,within,0.0,2,3,2,1,0,0,3.0,0.0,93.69432807254273,0.1459680968657151
7BF88232-B992-4162-8A4F-691D46F186E7,25,99.9983695818317,other_rural,family,658,risk_percentile,99.98333036899764,1.2629221260547638,1.3473511040210724,25,3,6,10029.7,4.288,A Road,A Road,other_rural,rural_a_road,Single Carriageway,A605,False,False,True,False,False,False,Rural,Smaller rural: Nearer to a major town or city,False,False,,-0.35991346388513795,52.52513907705885,2026-07-04T12:45:06+00:00,data/models/risk_scores.parquet,0.1.0,E01018128,LSOA2021,England,IoD 2025,within,0.0,6,7,9,1,0,0,3.0,0.0,24.206832567901714,0.7559506558153354
1A38E1CA-428C-4B15-8799-BDD892BA26A2,26,99.99830164774136,other_rural,family,669,risk_percentile,99.98305127319699,1.2487769365310668,2.6721373558044434,11,1,4,13486.9,3.048,A Road,A Road,other_rural,rural_a_road,Single Carriageway,A6201,False,False,False,False,False,False,Rural,Larger rural: Nearer to a major town or city,False,False,,-1.3091836249060005,53.60949869955839,2026-07-04T12:45:06+00:00,data/models/risk_scores.parquet,0.1.0,E01011858,LSOA2021,England,IoD 2025,within,0.0,4,5,4,1,0,0,3.0,0.0,36.84130686238799,0.3113199567597844
695203B7-B9A6-4843-A325-6B31111BE8F1,27,99.99823371365102,other_rural,family,678,risk_percentile,99.98282292208737,1.240711510181427,2.1425112009048464,7,0,1,17231.3,2.11,A Road,A Road,other_rural,rural_a_road,Collapsed Dual Carriageway,A6,False,False,True,True,False,False,Rural,Larger rural: Nearer to a major town or city,False,False,,-1.0265971360877326,52.563800577992595,2026-07-04T12:45:06+00:00,data/models/risk_scores.parquet,0.1.0,E01025783,LSOA2021,England,IoD 2025,within,0.0,8,7,8,1,0,0,3.0,0.0,105.91374610171457,1.3251112901063493
F2732AD7-CF49-434E-A5C7-8AB1984C7212,28,99.99816577956067,other_rural,family,680,risk_percentile,99.98277217739634,1.239331555366516,3.0158090114593508,5,0,2,15865.3,2.034,A Road,A Road,other_rural,rural_a_road,Single Carriageway,A59,False,False,True,False,False,False,Rural,Larger rural: Nearer to a major town or city,False,False,,-2.348107515797775,53.89207222783488,2026-07-04T12:45:06+00:00,data/models/risk_scores.parquet,0.1.0,E01025321,LSOA2021,England,IoD 2025,within,0.0,7,8,7,1,0,0,3.0,0.0,270.3681378328813,0.8218895998822353
D47EC248-2F53-46CD-BF84-A5C2B7F3EB2E,29,99.99809784547033,other_rural,family,683,risk_percentile,99.9826960603598,1.2348752617835999,2.016002666950226,8,0,6,9788.4,3.008,A Road,A Road,other_rural,rural_a_road,Single Carriageway,A619,False,False,True,False,False,False,Rural,Smaller rural: Nearer to a major town or city,False,False,,-1.643814315035322,53.23858615612702,2026-07-04T12:45:06+00:00,data/models/risk_scores.parquet,0.1.0,E01019606,LSOA2021,England,IoD 2025,within,0.0,9,10,9,1,0,0,3.0,0.0,75.52631000092146,0.19832998006357727
E46AF38D-9250-4703-B9AF-3053E175B0A8,30,99.99802991137999,other_rural,family,689,risk_percentile,99.98254382628672,1.2291051983833312,1.253856748342514,13,0,2,9734.1,2.359,A Road,A Road,other_rural,rural_a_road,Collapsed Dual Carriageway,A17,False,False,True,True,False,False,Rural,Smaller rural: Further from a major town or city,False,False,,-0.3786883977593813,53.004590000495824,2026-07-04T12:45:06+00:00,data/models/risk_scores.parquet,0.1.0,E01026208,LSOA2021,England,IoD 2025,within,0.0,7,7,6,1,0,0,3.0,0.0,17.196371094170615,2.0869795233552897
179495DC-5C0D-4F87-A0AD-FC4896079E85,31,99.99796197728963,other_rural,family,693,risk_percentile,99.98244233690467,1.2231159687042237,1.305417239665985,5,0,1,11074.8,2.738,A Road,A Road,other_rural,rural_a_road,Single Carriageway,A1079,False,False,True,False,False,False,Rural,Smaller rural: Nearer to a major town or city,False,False,,-0.41198635528475824,53.80717258208174,2026-07-04T12:45:06+00:00,data/models/risk_scores.parquet,0.1.0,E01013039,LSOA2021,England,IoD 2025,within,0.0,8,6,7,1,0,0,2.5,0.0,41.29273424430484,0.1714112871673228
31917B7A-64A1-4F37-B7A9-0BBE3B21DAEE,32,99.99789404319928,other_rural,family,718,risk_percentile,99.98180802826683,1.2004110097885132,2.0909192681312563,0,0,0,12409.8,2.271,A Road,A Road,other_rural,rural_a_road,Collapsed Dual Carriageway,A509,False,False,True,True,False,False,Rural,Smaller rural: Nearer to a major town or city,False,True,sparse collision history,-0.6972417703553211,52.08503244752874,2026-07-04T12:45:06+00:00,data/models/risk_scores.parquet,0.1.0,E01016801,LSOA2021,England,IoD 2025,within,0.0,7,8,9,1,0,0,3.0,0.0,26.901535888874104,1.8016163407202257
E3649341-7B50-4FD3-99BB-35AD94F5249F,33,99.99782610910894,other_rural,family,757,risk_percentile,99.98081850679179,1.1596853494644166,3.1172706842422486,2,0,2,16973.6,1.791,A Road,A Road,other_rural,rural_a_road,Single Carriageway,A628,False,False,True,False,False,False,Rural,Larger rural: Nearer to a major town or city,False,False,,-1.336218633157537,53.61328647439496,2026-07-04T12:45:06+00:00,data/models/risk_scores.parquet,0.1.0,E01011788,LSOA2021,England,IoD 2025,within,0.0,6,7,5,1,0,0,3.0,0.0,1719.1880781649577,0.007968270158887882
A77B3954-80BC-4ED5-A9D0-970F9E26186E,34,99.99775817501859,other_rural,family,773,risk_percentile,99.98041254926358,1.1485628485679626,2.9749077558517456,5,1,3,15002.4,2.139,A Road,A Road,other_rural,rural_a_road,Single Carriageway,A523,False,False,True,False,False,False,Rural,Smaller rural: Nearer to a major town or city,False,False,,-2.1436312664270747,53.3414421096703,2026-07-04T12:45:06+00:00,data/models/risk_scores.parquet,0.1.0,E01018668,LSOA2021,England,IoD 2025,within,0.0,9,10,10,1,0,0,3.0,0.0,83.0672198793343,0.04742580927663556
7C63D886-147E-44F0-BE1C-9FF3EBD78997,35,99.99769024092825,other_rural,family,783,risk_percentile,99.98015882580845,1.14240505695343,1.825798785686493,1,0,0,9481.6,2.362,A Road,A Road,other_rural,rural_a_road,Single Carriageway,A1173,False,False,True,False,False,False,Rural,Larger rural: Nearer to a major town or city,False,True,sparse collision history,-0.28660095200978625,53.51331299741404,2026-07-04T12:45:06+00:00,data/models/risk_scores.parquet,0.1.0,E01026367,LSOA2021,England,IoD 2025,within,0.0,3,4,3,1,0,0,3.0,0.0,9.281954387787325,0.8500440596903971
864237C8-BAF6-4447-91F1-3AC0DB42B2B0,36,99.99762230683791,other_rural,family,802,risk_percentile,99.97967675124369,1.126174259185791,2.476217472553253,3,0,1,16210.8,2.703,A Road,A Road,other_rural,rural_a_road,Single Carriageway,A168,False,False,False,False,False,False,Rural,Smaller rural: Nearer to a major town or city,False,False,,-1.4114459239521544,54.10296384189585,2026-07-04T12:45:06+00:00,data/models/risk_scores.parquet,0.1.0,E01027687,LSOA2021,England,IoD 2025,within,0.0,8,7,8,1,0,0,3.0,0.0,107.39833826382781,0.22176345527516733
F1EBF52E-8BF8-4479-8191-56A0FB9D563B,37,99.99755437274757,other_rural,family,834,risk_percentile,99.97886483618726,1.1028011322021485,3.3630852937698363,4,0,1,22583.5,0.869,A Road,A Road,other_rural,rural_a_road,Single Carriageway,A61,False,False,True,False,False,False,Rural,Smaller rural: Nearer to a major town or city,False,False,,-1.4184913027959505,53.13602218427366,2026-07-04T12:45:06+00:00,data/models/risk_scores.parquet,0.1.0,E01019818,LSOA2021,England,IoD 2025,within,0.0,2,2,2,1,0,0,3.0,0.0,3736.7024243950686,2.0164094797187038
B303D610-A520-4619-81E3-3AA9ED7BDDA9,38,99.99748643865722,other_rural,family,862,risk_percentile,99.97815441051287,1.0752183735370635,1.1205401510000228,20,5,2,7876.6,3.422,A Road,A Road,other_rural,rural_a_road,Single Carriageway,A16,False,False,True,False,False,False,Rural,Smaller rural: Nearer to a major town or city,False,False,,-0.18615294716037425,52.65289971252701,2026-07-04T12:45:06+00:00,data/models/risk_scores.parquet,0.1.0,E01015630,LSOA2021,England,IoD 2025,within,0.0,4,4,4,1,0,0,3.0,0.0,10.594322097806591,0.009809727549038772
E997C98A-8910-4A9A-A070-0701F379C461,39,99.99741850456687,other_rural,family,864,risk_percentile,99.97810366582185,1.0736197412014008,1.3565318405628204,16,0,4,9404.0,2.723,A Road,A Road,other_rural,rural_a_road,Single Carriageway,A17,False,False,True,False,False,False,Rural,Smaller rural: Further from a major town or city,False,False,,-0.02136065547809058,52.839771897347646,2026-07-04T12:45:06+00:00,data/models/risk_scores.parquet,0.1.0,E01026283,LSOA2021,England,IoD 2025,within,0.0,6,8,6,1,0,0,3.0,0.0,16.506421898414935,2.4300805588893133
E598C1C7-40F7-4896-BCFC-10AAEC3A192E,40,99.99735057047653,other_rural,family,865,risk_percentile,99.97807829347633,1.0729712843894958,1.5088877916336059,6,1,2,8940.7,2.311,A Road,A Road,other_rural,rural_a_road,Single Carriageway,A16,False,False,True,False,False,False,Rural,Larger rural: Nearer to a major town or city,False,False,,-0.14053121269510738,52.75552301997886,2026-07-04T12:45:06+00:00,data/models/risk_scores.parquet,0.1.0,E01026284,LSOA2021,England,IoD 2025,within,0.0,6,6,6,1,0,0,3.0,0.0,19.414117212221914,0.34967935326284366
80B0AD9D-C133-42A5-B7B4-A096DFBDC21C,41,99.99728263638617,other_rural,family,875,risk_percentile,99.9778245700212,1.067838090658188,2.591436576843262,2,0,1,14643.2,2.133,A Road,A Road,other_rural,rural_a_road,Collapsed Dual Carriageway,A491,False,False,True,True,False,False,Rural,Smaller rural: Nearer to a major town or city,False,False,,-2.1159946457276253,52.41211566725946,2026-07-04T12:45:06+00:00,data/models/risk_scores.parquet,0.1.0,E01032136,LSOA2021,England,IoD 2025,within,0.0,8,10,9,1,0,0,3.0,0.0,570.224600508693,0.0031531693244081184
7768B36A-DCCC-4387-B4C8-1247F0012845,42,99.99721470229584,other_rural,family,890,risk_percentile,99.9774439848385,1.0581087827682496,2.955380892753601,4,0,2,9478.1,2.037,A Road,A Road,other_rural,rural_a_road,Single Carriageway,A515,False,False,True,False,False,False,Rural,Smaller rural: Nearer to a major town or city,False,False,,-1.7789206129004134,52.83561847505751,2026-07-04T12:45:06+00:00,data/models/risk_scores.parquet,0.1.0,E01029424,LSOA2021,England,IoD 2025,within,0.0,6,9,8,1,0,0,3.5,0.0,27.60271701638905,0.5026687546912768
546F87F2-1AF0-482C-9884-BB1FB6FC9655,43,99.9971467682055,other_rural,family,891,risk_percentile,99.97741861249298,1.057415133714676,2.3337122321128847,7,1,0,12883.1,2.203,A Road,A Road,other_rural,rural_a_road,Single Carriageway,A15,False,False,True,False,False,False,Rural,Smaller rural: Further from a major town or city,False,False,,-0.3810676871970031,52.82546456230443,2026-07-04T12:45:06+00:00,data/models/risk_scores.parquet,0.1.0,E01026290,LSOA2021,England,IoD 2025,within,0.0,5,7,5,1,0,0,3.5,0.0,88.57584834630948,1.266121505675666
558687C0-1B38-43FC-8F23-90FCE23F2D17,44,99.99707883411514,other_rural,family,905,risk_percentile,99.97706339965579,1.0468731701374054,2.3648039579391478,6,0,4,8392.0,2.084,A Road,A Road,other_rural,rural_a_road,Single Carriageway,A57,False,False,False,False,False,False,Rural,Smaller rural: Further from a major town or city,False,False,,-1.6758441007664,53.38262425446388,2026-07-04T12:45:06+00:00,data/models/risk_scores.parquet,0.1.0,E01019736,LSOA2021,England,IoD 2025,within,0.0,6,10,10,1,0,0,3.0,0.0,1.5010129175407232,0.4781366094826186
496D2E34-ED6F-402C-A584-0337313A01A9,45,99.99701090002479,other_rural,family,916,risk_percentile,99.97678430385515,1.040762084722519,2.6619109392166136,2,0,1,14345.7,2.023,A Road,A Road,other_rural,rural_a_road,Single Carriageway,A427,False,False,True,False,False,False,Rural,Smaller rural: Further from a major town or city,False,False,,-0.7501805471248219,52.49439859113118,2026-07-04T12:45:06+00:00,data/models/risk_scores.parquet,0.1.0,E01026980,LSOA2021,England,IoD 2025,within,0.0,8,9,8,1,0,0,3.0,0.0,82.7912605334587,0.7027401922897185
4D37EAAA-9408-4785-9602-23AC36B73AAA,46,99.99694296593445,other_rural,family,919,risk_percentile,99.97670818681861,1.0387439370155334,1.8268730759620666,2,0,0,13251.7,1.824,A Road,A Road,other_rural,rural_a_road,Single Carriageway,A41,False,False,True,False,False,False,Rural,Larger rural: Further from a major town or city,False,False,,-2.6923933142806677,52.95849571212301,2026-07-04T12:45:06+00:00,data/models/risk_scores.parquet,0.1.0,E01028896,LSOA2021,England,IoD 2025,within,0.0,6,5,5,1,0,0,3.0,0.0,80.79901822124897,1.9508198446873108
7D9E625C-E9C2-414B-BF64-42C107A6FEBA,47,99.9968750318441,other_rural,family,923,risk_percentile,99.97660669743655,1.0366137735545635,2.395950973033905,5,0,2,17382.6,2.201,A Road,A Road,other_rural,rural_a_road,Collapsed Dual Carriageway,A54,False,False,True,True,False,False,Rural,Larger rural: Nearer to a major town or city,False,False,,-2.7143125031829887,53.21345244145526,2026-07-04T12:45:06+00:00,data/models/risk_scores.parquet,0.1.0,E01018350,LSOA2021,England,IoD 2025,within,0.0,10,10,10,1,0,0,3.0,0.0,253.90902334780355,0.28783731896464293
32652C0A-F2FF-48CB-9D4F-F83A01318183,48,99.99680709775376,other_rural,family,924,risk_percentile,99.97658132509105,1.036165913939476,1.9027399361133575,8,1,2,11078.2,2.625,A Road,A Road,other_rural,rural_a_road,Single Carriageway,A34,False,False,True,False,False,False,Rural,Smaller rural: Nearer to a major town or city,False,False,,-2.248695732908591,53.2842737385222,2026-07-04T12:45:06+00:00,data/models/risk_scores.parquet,0.1.0,E01018580,LSOA2021,England,IoD 2025,within,0.0,9,10,9,1,0,0,3.0,0.0,65.47264904596973,0.00016581957144376014
398672F4-2711-47E7-93EA-56A6A08352EC,49,99.99673916366342,other_rural,family,925,risk_percentile,99.97655595274553,1.034031516313553,1.6295367658138276,5,0,2,9656.6,3.003,A Road,A Road,other_rural,rural_a_road,Single Carriageway,A170,False,False,True,False,False,False,Rural,Smaller rural: Further from a major town or city,False,False,,-1.0832406946262998,54.227238816515495,2026-07-04T12:45:06+00:00,data/models/risk_scores.parquet,0.1.0,E01027780,LSOA2021,England,IoD 2025,within,0.0,6,8,8,1,0,0,3.0,0.0,5.772871278181518,0.0991321450628648
A92454AB-F38F-40AE-A4DF-D78D65BD1004,50,99.99667122957307,other_rural,family,931,risk_percentile,99.97640371867244,1.0311494708061217,3.2742259025573732,1,1,0,14712.9,1.714,A Road,A Road,other_rural,rural_a_road,Single Carriageway,A444,False,False,True,False,False,False,Rural,Smaller rural: Nearer to a major town or city,False,True,sparse collision history,-1.4929122128482348,52.63386387710114,2026-07-04T12:45:06+00:00,data/models/risk_scores.parquet,0.1.0,E01025882,LSOA2021,England,IoD 2025,within,0.0,6,9,7,1,0,0,3.0,0.0,23.79183977813855,2.270973464897448
04048D57-417D-4203-9350-47769926038E,51,99.99660329548273,other_rural,family,932,risk_percentile,99.97637834632694,1.0303008496761321,1.8169241547584534,10,0,1,9285.9,2.95,A Road,A Road,other_rural,rural_a_road,Single Carriageway,A672,False,False,False,False,False,False,Rural,Smaller rural: Nearer to a major town or city,False,False,,-1.994137701721313,53.63855803518799,2026-07-04T12:45:06+00:00,data/models/risk_scores.parquet,0.1.0,E01010955,LSOA2021,England,IoD 2025,within,0.0,6,8,9,1,0,0,2.5,0.0,20.495658127054636,0.8294913377375898
721C8FAB-D2CF-4D94-B743-1BC3D7ECB714,52,99.99653536139238,other_rural,family,942,risk_percentile,99.9761246228718,1.0243482649326325,2.8694979190826415,4,0,1,19496.7,1.587,A Road,A Road,other_rural,rural_a_road,Single Carriageway,A167,False,False,True,False,False,False,Rural,Smaller rural: Nearer to a major town or city,False,False,,-1.5776476803037032,54.72082557567026,2026-07-04T12:45:06+00:00,data/models/risk_scores.parquet,0.1.0,E01020696,LSOA2021,England,IoD 2025,within,0.0,3,4,3,1,0,0,2.5,0.0,254.60756334975187,2.375092954191567
851D208F-C046-4543-828B-6957D28CE0D6,53,99.99646742730202,other_rural,family,943,risk_percentile,99.97609925052629,1.024056899547577,3.1490844011306764,12,3,2,10927.9,1.447,A Road,A Road,other_rural,rural_a_road,Single Carriageway,A41,False,False,True,False,False,False,Rural,Smaller rural: Nearer to a major town or city,False,False,,-2.4799553348769243,52.85218251950777,2026-07-04T12:45:06+00:00,data/models/risk_scores.parquet,0.1.0,E01028869,LSOA2021,England,IoD 2025,within,0.0,6,8,7,1,0,0,4.0,0.0,107.23660973885846,1.0768941254269597
77C2101B-5C4B-4097-9859-005CC87E2DDE,54,99.99639949321168,other_rural,family,951,risk_percentile,99.97589627176218,1.0200009882450103,2.3306550860404966,9,1,1,15549.3,2.021,A Road,A Road,other_rural,rural_a_road,Single Carriageway,A1198,False,False,False,False,False,False,Rural,Smaller rural: Nearer to a major town or city,False,False,,-0.1309845815092963,52.26703554264438,2026-07-04T12:45:06+00:00,data/models/risk_scores.parquet,0.1.0,E01018204,LSOA2021,England,IoD 2025,within,0.0,9,9,9,1,0,0,3.0,0.0,83.49166288531839,2.57853911609451
72564C23-6F48-497F-93F4-E4D49C963E6D,55,99.99633155912134,other_rural,family,954,risk_percentile,99.97582015472564,1.018073183298111,1.9562483310699463,7,0,2,18035.3,1.707,A Road,A Road,other_rural,rural_a_road,Single Carriageway,A49,False,False,True,False,False,False,Rural,Larger rural: Nearer to a major town or city,False,False,,-2.6731843805762403,53.155121111301284,2026-07-04T12:45:06+00:00,data/models/risk_scores.parquet,0.1.0,E01018723,LSOA2021,England,IoD 2025,within,0.0,9,8,8,1,0,0,2.5,0.0,1085.1602021150968,0.9446086631259489
29673D86-6501-4625-9926-1395762AB66D,56,99.99626362503099,other_rural,family,955,risk_percentile,99.97579478238012,1.01782568693161,1.1382730901241302,7,0,1,6577.8,2.745,A Road,A Road,other_rural,rural_a_road,Single Carriageway,A159,False,False,True,False,False,False,Rural,Smaller rural: Nearer to a major town or city,False,False,,-0.7521667070206414,53.4254704662355,2026-07-04T12:45:06+00:00,data/models/risk_scores.parquet,0.1.0,E01026407,LSOA2021,England,IoD 2025,within,0.0,4,5,4,1,0,0,2.5,0.0,8.330614415151862,0.5809367473996574
AF4EE144-7E44-4CC4-9B54-610176A9B9B2,57,99.99619569094065,other_rural,family,956,risk_percentile,99.97576941003462,1.0164985179901123,1.87026047706604,6,0,1,13549.7,2.006,A Road,A Road,other_rural,rural_a_road,Collapsed Dual Carriageway,A1270,False,False,True,True,False,False,Rural,Larger rural: Nearer to a major town or city,False,False,,1.344728508847754,52.67810261491389,2026-07-04T12:45:06+00:00,data/models/risk_scores.parquet,0.1.0,E01026550,LSOA2021,England,IoD 2025,within,0.0,8,8,8,1,0,0,3.0,0.0,21.44200310654896,0.036561367369181086
C0CD2DED-3854-44C6-A6B8-6F6D4DB93EE2,58,99.9961277568503,other_rural,family,973,risk_percentile,99.97533808016088,1.0062300622463227,2.9260511875152586,3,0,0,14301.0,1.898,A Road,A Road,other_rural,rural_a_road,Single Carriageway,A658,False,False,True,False,False,False,Rural,Smaller rural: Nearer to a major town or city,False,False,,-1.480636978399842,53.97268536947291,2026-07-04T12:45:06+00:00,data/models/risk_scores.parquet,0.1.0,E01027704,LSOA2021,England,IoD 2025,within,0.0,8,9,10,1,0,0,3.0,0.0,71.48889873082231,0.053047363268743465
DD7D4CB3-327A-46FF-8499-ACE4934AFA78,59,99.99605982275995,other_rural,family,977,risk_percentile,99.97523659077882,1.003596729040146,4.460353231430053,4,0,0,23772.1,1.466,A Road,A Road,other_rural,rural_a_road,Single Carriageway,A628,False,False,True,False,False,False,Rural,Larger rural: Nearer to a major town or city,False,False,,-1.3641166618321074,53.60191431110694,2026-07-04T12:45:06+00:00,data/models/risk_scores.parquet,0.1.0,E01011865,LSOA2021,England,IoD 2025,within,0.0,1,2,1,1,0,0,3.0,0.0,356.01821496096375,0.3537187233086076
7966BD1B-619E-442A-9DEA-8A281061A979,60,99.99599188866961,other_rural,family,979,risk_percentile,99.9751858460878,1.0035090744495392,3.0445016860961913,10,1,4,12979.8,2.024,A Road,A Road,other_rural,rural_a_road,Single Carriageway,A143,False,False,True,False,False,False,Rural,Smaller rural: Further from a major town or city,False,False,,1.6109875915145955,52.523970987794186,2026-07-04T12:45:06+00:00,data/models/risk_scores.parquet,0.1.0,E01026943,LSOA2021,England,IoD 2025,within,0.0,5,7,7,1,0,0,3.0,0.0,22.679553349325765,0.24770249626798801
039F4696-111A-4929-8A52-D61C92D8536D,61,99.99592395457927,other_rural,family,980,risk_percentile,99.97516047374229,1.0030811429023743,1.6994077444076539,5,1,0,10722.5,2.239,A Road,A Road,other_rural,rural_a_road,Single Carriageway,A15,False,False,True,False,False,False,Rural,Larger rural: Nearer to a major town or city,False,False,,-0.5124673721771627,53.194675892573485,2026-07-04T12:45:06+00:00,data/models/risk_scores.parquet,0.1.0,E01026203,LSOA2021,England,IoD 2025,within,0.0,8,7,8,1,0,0,3.0,0.0,50.29329424457134,0.3490921954332975
CE450F0C-FA6C-4816-9586-FCA0245DE702,62,99.99585602048893,other_rural,family,983,risk_percentile,99.97508435670575,1.0013203918933868,2.3381240606307983,12,2,0,11432.5,1.96,A Road,A Road,other_rural,rural_a_road,Single Carriageway,A54,False,False,True,False,False,False,Rural,Smaller rural: Nearer to a major town or city,False,False,,-2.416885408921899,53.19813491245178,2026-07-04T12:45:06+00:00,data/models/risk_scores.parquet,0.1.0,E01018722,LSOA2021,England,IoD 2025,within,0.0,7,9,8,1,0,0,3.0,0.0,26.97347091764342,0.2453837370732236
4AE4C0FF-8637-4A5C-BC59-43EB37BE5A13,63,99.99578808639858,other_rural,family,994,risk_percentile,99.9748052609051,0.9953513324260712,1.6817178070545196,11,0,3,12453.9,2.511,A Road,A Road,other_rural,rural_a_road,Single Carriageway,A15,False,False,True,False,False,False,Rural,Smaller rural: Nearer to a major town or city,False,False,,-0.3092182836693352,52.649007439069415,2026-07-04T12:45:06+00:00,data/models/risk_scores.parquet,0.1.0,E01015636,LSOA2021,England,IoD 2025,within,0.0,8,9,9,1,0,0,3.0,0.0,25.800230402914153,1.2728656142663597
9275911D-F530-4D2D-866D-CF10AEFF16BD,64,99.99572015230824,other_rural,family,998,risk_percentile,99.97470377152304,0.9942989885807038,2.504450237751007,4,1,0,11019.8,1.785,A Road,A Road,other_rural,rural_a_road,Single Carriageway,A47,False,False,True,False,False,False,Rural,Smaller rural: Nearer to a major town or city,False,False,,-0.6158026753786157,52.5957448825547,2026-07-04T12:45:06+00:00,data/models/risk_scores.parquet,0.1.0,E01013792,LSOA2021,England,IoD 2025,within,0.0,8,9,9,1,0,0,3.5,0.0,64.97300498661596,0.6223665573936367
98F4DCF9-EDB7-4A34-9367-F6B2FA90D2AB,65,99.99565221821788,other_rural,family,999,risk_percentile,99.97467839917753,0.9931544363498688,2.4042638897895814,1,0,1,7183.0,2.255,A Road,A Road,other_rural,rural_a_road,Single Carriageway,A458,False,False,True,False,False,False,Rural,Smaller rural: Nearer to a major town or city,False,True,sparse collision history,-2.709347586126845,52.67835715320753,2026-07-04T12:45:06+00:00,data/models/risk_scores.parquet,0.1.0,E01035067,LSOA2021,England,IoD 2025,within,0.0,6,9,9,1,0,0,3.5,0.0,20.51395652390542,0.5737659827413443
07A3FD00-E44D-4A39-A7F9-2BCBBA68E869,66,99.99558428412753,other_rural,family,1001,risk_percentile,99.9746276544865,0.9916603088378906,1.649552047252655,9,0,5,9740.9,1.952,A Road,A Road,other_rural,rural_a_road,Single Carriageway,A17,False,False,True,False,False,False,Rural,Larger rural: Further from a major town or city,False,False,,0.20946361162921137,52.76201719750575,2026-07-04T12:45:06+00:00,data/models/risk_scores.parquet,0.1.0,E01026278,LSOA2021,England,IoD 2025,within,0.0,4,6,5,1,0,0,2.5,0.0,35.449606763821606,2.210896208359239
3EE70EC5-DB91-41A7-A7C1-9194F7798412,67,99.99551635003719,other_rural,family,1005,risk_percentile,99.97452616510445,0.9902045130729675,3.1530144214630127,2,0,0,18135.7,1.099,A Road,A Road,other_rural,rural_a_road,Single Carriageway,A583,False,False,True,False,False,False,Rural,Smaller rural: Nearer to a major town or city,False,False,,-2.8130684869195286,53.76403485859597,2026-07-04T12:45:06+00:00,data/models/risk_scores.parquet,0.1.0,E01025014,LSOA2021,England,IoD 2025,within,0.0,7,7,6,1,0,0,3.5,0.0,2593.9542211572416,1.6632225820287154
A044C078-F050-4EF6-AD59-1E1E802DEBC9,68,99.99544841594685,other_rural,family,1006,risk_percentile,99.97450079275893,0.989714938402176,2.271356964111328,4,1,1,17529.3,1.664,A Road,A Road,other_rural,rural_a_road,Single Carriageway,A52,False,False,True,False,False,False,Rural,Larger rural: Nearer to a major town or city,False,False,,-1.727173553556917,53.00464339976605,2026-07-04T12:45:06+00:00,data/models/risk_scores.parquet,0.1.0,E01019596,LSOA2021,England,IoD 2025,within,0.0,9,8,7,1,0,0,3.0,0.0,1561.8323761185484,1.2678704457941725
664D2C84-0D87-49BA-9428-DFB55D834F3E,69,99.9953804818565,other_rural,family,1011,risk_percentile,99.97437393103137,0.986118221282959,2.4236361145973206,4,2,1,14927.5,1.746,A Road,A Road,other_rural,rural_a_road,Collapsed Dual Carriageway,A500,False,False,True,True,False,False,Rural,Smaller rural: Nearer to a major town or city,False,False,,-2.3964617904167427,53.070588351342515,2026-07-04T12:45:06+00:00,data/models/risk_scores.parquet,0.1.0,E01034672,LSOA2021,England,IoD 2025,within,0.0,5,7,5,1,0,0,3.0,0.0,116.88370577523624,0.07046080919223692
F043B6B8-D1E5-4B8B-BBE2-757D67B75A72,70,99.99531254776616,other_rural,family,1030,risk_percentile,99.97389185646661,0.9743340611457825,2.023202288150787,3,0,0,15040.4,2.061,A Road,A Road,other_rural,rural_a_road,Collapsed Dual Carriageway,A1270,False,False,True,True,False,False,Rural,Smaller rural: Nearer to a major town or city,False,False,,1.3821395168831545,52.64119980070503,2026-07-04T12:45:06+00:00,data/models/risk_scores.parquet,0.1.0,E01026546,LSOA2021,England,IoD 2025,within,0.0,10,10,10,1,0,0,3.0,0.0,59.55217658618551,0.0011380114467768132
3BEB655B-B0A8-41A9-8970-0E9585B56BA8,71,99.99524461367582,other_rural,family,1034,risk_percentile,99.97379036708456,0.9737854897975922,3.307812285423279,6,0,2,17669.6,1.994,A Road,A Road,other_rural,rural_a_road,Single Carriageway,A6195,False,False,False,False,False,False,Rural,Larger rural: Nearer to a major town or city,False,False,,-1.3788244406581516,53.56150788813422,2026-07-04T12:45:06+00:00,data/models/risk_scores.parquet,0.1.0,E01007332,LSOA2021,England,IoD 2025,within,0.0,1,2,1,1,0,0,3.0,0.0,83.8080212827744,0.04617150428090443
407250BF-11AC-4FCB-B91C-60633371B248,72,99.99517667958546,other_rural,family,1038,risk_percentile,99.9736888777025,0.9713940680027008,2.0840580224990846,11,0,0,12252.2,1.888,A Road,A Road,other_rural,rural_a_road,Collapsed Dual Carriageway,A500,False,False,True,True,False,False,Rural,Smaller rural: Nearer to a major town or city,False,False,,-2.4239756731756747,53.07042183006283,2026-07-04T12:45:06+00:00,data/models/risk_scores.parquet,0.1.0,E01034672,LSOA2021,England,IoD 2025,within,0.0,5,7,5,1,0,0,3.0,0.0,78.04681541247837,0.0698212967570653
AB716A81-7752-41AD-8AF8-E85F90AC4624,73,99.99510874549512,other_rural,family,1049,risk_percentile,99.97340978190185,0.9657987952232361,1.7915284395217896,4,1,0,16317.0,1.836,A Road,A Road,other_rural,rural_a_road,Collapsed Dual Carriageway,A683,False,False,True,True,False,False,Rural,Larger rural: Nearer to a major town or city,False,False,,-2.790045918926764,54.0747488084634,2026-07-04T12:45:06+00:00,data/models/risk_scores.parquet,0.1.0,E01025108,LSOA2021,England,IoD 2025,within,0.0,8,7,6,1,0,0,3.0,0.0,163.35111934298558,0.13101036661207952
205BD5AC-FF5C-4619-BFAA-27891C117EE4,74,99.99504081140478,other_rural,family,1060,risk_percentile,99.97313068610121,0.960182535648346,1.908951961994171,15,0,1,10218.8,2.088,A Road,A Road,other_rural,rural_a_road,Single Carriageway,A149,False,False,True,False,False,False,Rural,Smaller rural: Further from a major town or city,False,False,,0.4560614986983748,52.763294807668004,2026-07-04T12:45:06+00:00,data/models/risk_scores.parquet,0.1.0,E01026674,LSOA2021,England,IoD 2025,within,0.0,5,7,7,1,0,0,2.5,0.0,39.39724911236276,0.5820910644084252
46BB1CB5-AD16-4E7E-8065-CD3FA1197301,75,99.99497287731442,other_rural,family,1061,risk_percentile,99.9731053137557,0.9596598863601684,1.6889009833335877,1,0,0,6788.0,2.251,A Road,A Road,other_rural,rural_a_road,Single Carriageway,A68,False,False,True,False,False,False,Rural,Larger rural: Further from a major town or city,False,True,sparse collision history,-1.8499377014243992,54.76818721190498,2026-07-04T12:45:06+00:00,data/models/risk_scores.parquet,0.1.0,E01020646,LSOA2021,England,IoD 2025,within,0.0,3,4,3,1,0,0,3.5,0.0,14.06294425695891,2.5584708110665138
F01544C9-8ADA-4C4F-A26F-43BCC723665F,76,99.99490494322409,other_rural,family,1064,risk_percentile,99.97302919671915,0.9575888872146606,2.1906209349632264,6,1,2,16756.6,1.725,A Road,A Road,other_rural,rural_a_road,Collapsed Dual Carriageway,A1270,False,False,True,True,False,False,Rural,Smaller rural: Nearer to a major town or city,False,False,,1.279424219105105,52.6813907868468,2026-07-04T12:45:06+00:00,data/models/risk_scores.parquet,0.1.0,E01026549,LSOA2021,England,IoD 2025,within,0.0,6,6,5,1,0,0,3.0,0.0,146.28354167295177,0.011869745861298504
E3CBCF61-5368-4E06-A8B8-FB85152DF370,77,99.99483700913375,other_rural,family,1065,risk_percentile,99.97300382437363,0.9573599696159363,2.7527469873428343,3,1,1,16885.9,1.573,A Road,A Road,other_rural,rural_a_road,Collapsed Dual Carriageway,A689,False,False,True,True,False,False,Rural,Smaller rural: Nearer to a major town or city,False,False,,-1.363860908832129,54.64544193641842,2026-07-04T12:45:06+00:00,data/models/risk_scores.parquet,0.1.0,E01011959,LSOA2021,England,IoD 2025,within,0.0,8,8,9,1,0,0,3.5,0.0,370.4030469559978,0.24825052139439788
94B8BB7C-9879-4D68-902F-F0F578827C7D,78,99.9947690750434,other_rural,family,1071,risk_percentile,99.97285159030056,0.9545120596885681,2.2754759669303892,7,1,2,7529.5,2.134,A Road,A Road,other_rural,rural_a_road,Single Carriageway,A1066,False,False,True,False,False,False,Rural,Smaller rural: Further from a major town or city,False,False,,0.9236448888221587,52.39660031635877,2026-07-04T12:45:06+00:00,data/models/risk_scores.parquet,0.1.0,E01026441,LSOA2021,England,IoD 2025,within,0.0,4,7,5,1,0,0,3.5,0.0,13.098875560053306,0.2793573073612911
7D15541A-8E03-4551-80C4-C2110EFCE091,79,99.99470114095304,other_rural,family,1072,risk_percentile,99.97282621795505,0.9541152238845825,2.7959691762924193,1,0,0,17882.3,2.069,A Road,A Road,other_rural,rural_a_road,Single Carriageway,A508,False,False,True,False,False,False,Rural,Larger rural: Nearer to a major town or city,False,True,sparse collision history,-0.8974859004595326,52.324122276472096,2026-07-04T12:45:06+00:00,data/models/risk_scores.parquet,0.1.0,E01027001,LSOA2021,England,IoD 2025,within,0.0,10,9,10,1,0,0,3.0,0.0,4062.988726243346,0.4053295139494477
A3DC3DF9-582C-4870-87D3-6FF011EBBE33,80,99.9946332068627,other_rural,family,1075,risk_percentile,99.9727501009185,0.9524588882923126,3.525071310997009,4,1,0,19031.7,1.78,A Road,A Road,other_rural,rural_a_road,Single Carriageway,A1237,False,False,True,False,False,False,Rural,Smaller rural: Nearer to a major town or city,False,False,,-1.1461151313038804,53.927733523193105,2026-07-04T12:45:06+00:00,data/models/risk_scores.parquet,0.1.0,E01013421,LSOA2021,England,IoD 2025,within,0.0,9,10,10,1,0,0,3.0,0.0,89.52563339754876,0.13788641267767776
DBCFC05E-F550-465D-9035-F0149972B714,81,99.99456527277235,other_rural,family,1076,risk_percentile,99.972724728573,0.951663362979889,1.8671217799186706,4,0,1,10933.0,2.119,A Road,A Road,other_rural,rural_a_road,Single Carriageway,A689,False,False,True,False,False,False,Rural,Smaller rural: Nearer to a major town or city,False,False,,-2.9745458813534644,54.906558551017326,2026-07-04T12:45:06+00:00,data/models/risk_scores.parquet,0.1.0,E01019240,LSOA2021,England,IoD 2025,within,0.0,8,8,8,1,0,0,3.0,0.0,28.20868574599288,0.09324405540025692
EA2533F7-A397-445D-A35F-D1DDDBC16C23,82,99.99449733868201,other_rural,family,1086,risk_percentile,99.97247100511785,0.945130717754364,2.203542721271515,0,0,0,15142.4,1.845,A Road,A Road,other_rural,rural_a_road,Single Carriageway,A422,False,False,True,False,False,False,Rural,Larger rural: Further from a major town or city,False,True,sparse collision history,-1.2750838977968142,52.06938182087127,2026-07-04T12:45:06+00:00,data/models/risk_scores.parquet,0.1.0,E01027291,LSOA2021,England,IoD 2025,within,0.0,10,9,10,1,0,0,3.0,0.0,69.44037037588258,1.0543106072627046
CE7B4229-472D-448F-A7E3-EAB9A556C535,83,99.99442940459167,other_rural,family,1101,risk_percentile,99.97209041993516,0.9401297688484191,3.6189870119094847,5,0,1,21619.3,1.089,A Road,A Road,other_rural,rural_a_road,Single Carriageway,A167,False,False,True,False,False,False,Rural,Larger rural: Nearer to a major town or city,False,False,,-1.559514830480081,54.66941634204395,2026-07-04T12:45:06+00:00,data/models/risk_scores.parquet,0.1.0,E01034507,LSOA2021,England,IoD 2025,within,0.0,3,4,3,1,0,0,3.0,0.0,135.3617368134994,2.3791085411673487
F4E73F3A-0D66-474C-B969-B0412FF9DC99,84,99.99436147050133,other_rural,family,1114,risk_percentile,99.97176057944348,0.9330265402793885,2.276600456237793,11,1,3,13445.0,1.853,A Road,A Road,other_rural,rural_a_road,Single Carriageway,A63,False,False,True,False,False,False,Rural,Larger rural: Nearer to a major town or city,False,False,,-1.3290615451478573,53.77899224670213,2026-07-04T12:45:06+00:00,data/models/risk_scores.parquet,0.1.0,E01011299,LSOA2021,England,IoD 2025,within,0.0,6,6,6,1,0,0,3.0,0.0,44.162893248247705,0.0841704413879723
1A6BD765-C254-4BCA-90D8-EEBCBD444D5C,85,99.99429353641098,other_rural,family,1120,risk_percentile,99.9716083453704,0.9290057182312011,2.0720797300338747,4,0,1,15213.1,1.839,A Road,A Road,other_rural,rural_a_road,Collapsed Dual Carriageway,A683,False,False,True,True,False,False,Rural,Larger rural: Further from a major town or city,False,False,,-2.8183213433337553,54.067350075999755,2026-07-04T12:45:06+00:00,data/models/risk_scores.parquet,0.1.0,E01025159,LSOA2021,England,IoD 2025,within,0.0,6,6,6,1,0,0,3.0,0.0,96.66957506556754,0.29601059406740304
B10D0CAF-4CD8-48B7-AB42-B0D3BA3E7ACE,86,99.99422560232063,other_rural,family,1125,risk_percentile,99.97148148364283,0.924966549873352,2.7107483625411986,8,1,1,13469.1,1.717,A Road,A Road,other_rural,rural_a_road,Single Carriageway,A511,False,False,True,False,False,False,Rural,Smaller rural: Nearer to a major town or city,False,False,,-1.4900875246648162,52.76372344923916,2026-07-04T12:45:06+00:00,data/models/risk_scores.parquet,0.1.0,E01019843,LSOA2021,England,IoD 2025,within,0.0,7,9,8,1,0,0,3.0,0.0,42.420444596496324,1.4623271208092
ED852A67-0BA2-4BCF-A0A9-AFA538ACB1BA,87,99.99415766823029,other_rural,family,1128,risk_percentile,99.97140536660629,0.9238942861557007,2.8151063680648805,0,0,0,17100.6,1.351,A Road,A Road,other_rural,rural_a_road,Single Carriageway,A51,False,False,True,False,False,False,Rural,Larger rural: Further from a major town or city,False,True,sparse collision history,-1.9887991185953333,52.79734490925225,2026-07-04T12:45:06+00:00,data/models/risk_scores.parquet,0.1.0,E01029710,LSOA2021,England,IoD 2025,within,0.0,9,10,9,1,0,0,3.0,0.0,1397.089707204013,2.29724808988395
BBD6AA01-4996-4022-AB51-004C0222D537,88,99.99408973413993,other_rural,family,1135,risk_percentile,99.9712277601877,0.9218246698379516,3.523221325874329,7,0,1,21434.5,0.908,A Road,A Road,other_rural,rural_a_road,Single Carriageway,A509,False,False,True,False,False,False,Rural,Larger rural: Nearer to a major town or city,False,False,,-0.6767908789098968,52.27786433968833,2026-07-04T12:45:06+00:00,data/models/risk_scores.parquet,0.1.0,E01027336,LSOA2021,England,IoD 2025,within,0.0,3,4,4,1,0,0,3.0,0.0,256.19380861122124,1.8451450924940884
30DFEF48-A8ED-499F-B72D-AF1CD9DFE18C,89,99.9940218000496,other_rural,family,1136,risk_percentile,99.97120238784218,0.920967310667038,1.6875045418739318,12,0,2,8230.4,2.458,A Road,A Road,other_rural,rural_a_road,Single Carriageway,A1065,False,False,True,False,False,False,Rural,Larger rural: Further from a major town or city,False,False,,0.5672556616855251,52.39845830836797,2026-07-04T12:45:06+00:00,data/models/risk_scores.parquet,0.1.0,E01034561,LSOA2021,England,IoD 2025,within,0.0,5,7,8,1,0,0,2.5,0.0,6.973069209634113,0.27255451231991323
22ABD004-C7BD-46D2-B666-49675548E6FC,90,99.99395386595926,other_rural,family,1137,risk_percentile,99.97117701549666,0.9208195328712463,1.5599033951759338,6,1,2,10265.5,2.109,A Road,A Road,other_rural,rural_a_road,Collapsed Dual Carriageway,A165,False,False,True,True,False,False,Rural,Smaller rural: Nearer to a major town or city,False,False,,-0.2965572349047213,53.902462453686795,2026-07-04T12:45:06+00:00,data/models/risk_scores.parquet,0.1.0,E01013034,LSOA2021,England,IoD 2025,within,0.0,7,8,7,1,0,0,3.0,0.0,31.425365541367977,0.47431665699718195
85B73242-ABA9-4FCF-BDBA-0FCE63D682B9,91,99.9938859318689,other_rural,family,1140,risk_percentile,99.97110089846014,0.9199300348758698,2.813052248954773,6,1,1,16113.9,1.467,A Road,A Road,other_rural,rural_a_road,Single Carriageway,A10,False,False,True,False,False,False,Rural,Smaller rural: Nearer to a major town or city,False,False,,0.026162260161352653,52.09741311168717,2026-07-04T12:45:06+00:00,data/models/risk_scores.parquet,0.1.0,E01018271,LSOA2021,England,IoD 2025,within,0.0,6,5,5,1,0,0,3.5,0.0,296.5313442853851,0.3585357593642191
5CC5AD5F-6BE1-4F7F-A395-86195881BDB9,92,99.99381799777855,other_rural,family,1167,risk_percentile,99.97041584513127,0.9061967670917511,1.748384600877762,14,3,2,9394.5,2.66,A Road,A Road,other_rural,rural_a_road,Single Carriageway,A1121,False,False,True,False,False,False,Rural,Smaller rural: Further from a major town or city,False,False,,-0.08702496054869381,52.97409311311622,2026-07-04T12:45:06+00:00,data/models/risk_scores.parquet,0.1.0,E01026018,LSOA2021,England,IoD 2025,within,0.0,5,7,6,1,0,0,3.0,0.0,45.56372122343711,0.3662481339618092
D98C3D9A-C954-4A9D-AE6C-1B7A54D8495F,93,99.99375006368821,other_rural,family,1168,risk_percentile,99.97039047278575,0.9058140754699707,1.3335223913192749,20,0,11,6609.2,2.503,A Road,A Road,other_rural,rural_a_road,Single Carriageway,A16,False,False,True,False,False,False,Rural,Smaller rural: Further from a major town or city,False,False,,0.02106522623132365,53.30620104287266,2026-07-04T12:45:06+00:00,data/models/risk_scores.parquet,0.1.0,E01026070,LSOA2021,England,IoD 2025,within,0.0,6,7,6,1,0,0,3.0,0.0,5.111253274964832,0.06890904211782531
33FCC8F1-3675-47C6-A2CD-04A0FF0EABB0,94,99.99368212959786,other_rural,family,1169,risk_percentile,99.97036510044023,0.9058120906352997,1.895532739162445,6,1,0,11371.2,1.894,A Road,A Road,other_rural,rural_a_road,Single Carriageway,A134,False,False,True,False,False,False,Rural,Larger rural: Further from a major town or city,False,False,,0.7347041083444691,52.08807860610074,2026-07-04T12:45:06+00:00,data/models/risk_scores.parquet,0.1.0,E01029900,LSOA2021,England,IoD 2025,within,0.0,5,5,4,1,0,0,3.0,0.0,52.80197153642031,0.2649680613776503
D7FB9CCC-BF83-42C4-93B3-2AD1C5F4ADC6,95,99.99361419550752,other_rural,family,1170,risk_percentile,99.97033972809473,0.9047112882137298,2.4872499465942384,6,0,5,15449.0,1.58,A Road,A Road,other_rural,rural_a_road,Single Carriageway,A52,False,False,True,False,False,False,Rural,Smaller rural: Nearer to a major town or city,False,False,,-1.558988593146185,52.943221410986496,2026-07-04T12:45:06+00:00,data/models/risk_scores.parquet,0.1.0,E01034254,LSOA2021,England,IoD 2025,within,0.0,8,8,9,1,0,0,3.0,0.0,44.470802185678984,1.5917094295117207
4A823D74-A64A-4856-933F-8CE3807E1E38,96,99.99354626141718,other_rural,family,1176,risk_percentile,99.97018749402164,0.901901513338089,2.618953061103821,2,1,1,13137.7,1.258,A Road,A Road,other_rural,rural_a_road,Single Carriageway,A444,False,False,True,False,False,False,Rural,Smaller rural: Nearer to a major town or city,False,False,,-1.4789584979821366,52.57610398779506,2026-07-04T12:45:06+00:00,data/models/risk_scores.parquet,0.1.0,E01025881,LSOA2021,England,IoD 2025,within,0.0,8,9,8,1,0,0,3.5,0.0,37.85654203654225,1.973551172297309
CA255C82-BDB1-48CE-A46B-E8C30EB69DA9,97,99.99347832732683,other_rural,family,1181,risk_percentile,99.97006063229408,0.9003577053546905,2.2346518993377686,7,0,4,18477.2,1.289,A Road,A Road,other_rural,rural_a_road,Single Carriageway,A43,False,False,True,False,False,False,Rural,Larger rural: Nearer to a major town or city,False,False,,-0.7589829976067868,52.38470889955404,2026-07-04T12:45:06+00:00,data/models/risk_scores.parquet,0.1.0,E01027119,LSOA2021,England,IoD 2025,within,0.0,5,5,4,1,0,0,2.5,0.0,86.38475704373988,0.6878263467285702
ADA08E47-9900-420D-A1AA-E749112564D0,98,99.99341039323649,other_rural,family,1187,risk_percentile,99.969908398221,0.8979193687438964,2.2841334342956543,0,0,0,13061.5,1.765,A Road,A Road,other_rural,rural_a_road,Single Carriageway,A6,False,False,True,False,False,False,Rural,Larger rural: Nearer to a major town or city,False,True,sparse collision history,-0.45563608749941964,52.080295833752174,2026-07-04T12:45:06+00:00,data/models/risk_scores.parquet,0.1.0,E01034430,LSOA2021,England,IoD 2025,within,0.0,6,6,7,1,0,0,3.0,0.0,24.085879824367392,0.5207155339331818
236C5BF4-1579-4D22-BFE5-8B345193664D,99,99.99334245914613,other_rural,family,1193,risk_percentile,99.96975616414791,0.8969008684158325,2.1567066073417664,0,0,0,9864.3,1.923,A Road,A Road,other_rural,rural_a_road,Single Carriageway,A422,False,False,False,False,False,False,Rural,Smaller rural: Nearer to a major town or city,False,True,sparse collision history,-1.0057424522657323,52.004053194195826,2026-07-04T12:45:06+00:00,data/models/risk_scores.parquet,0.1.0,E01017718,LSOA2021,England,IoD 2025,within,0.0,8,9,9,1,0,0,3.5,0.0,62.455854047387774,1.2021853197550039
DBAA789E-B715-4595-A5F4-B98E437B9584,100,99.99327452505578,other_rural,family,1196,risk_percentile,99.96968004711138,0.8955256342887878,3.275185775756836,3,0,1,19565.6,1.356,A Road,A Road,other_rural,rural_a_road,Single Carriageway,A146,False,False,True,False,False,False,Rural,Smaller rural: Nearer to a major town or city,False,False,,1.3871572182972864,52.57877501105089,2026-07-04T12:45:06+00:00,data/models/risk_scores.parquet,0.1.0,E01026929,LSOA2021,England,IoD 2025,within,0.0,8,9,8,1,0,0,3.0,0.0,85.24171133824876,0.7143485619018514
07DE5B08-8356-4B4C-AFC4-5D54ED87B47D,1,100.0,other_unknown,family,257,risk_percentile,99.99350467954854,2.659070074558258,2.9258620262146,38,1,8,10811.6,3.374,A Road,A Road,other_unknown,other_unknown,Collapsed Dual Carriageway,A15,False,False,True,True,False,False,,,False,False,,-0.4502692903738323,53.702877097482634,2026-07-04T12:45:06+00:00,data/models/risk_scores.parquet,0.1.0,,,,,unmatched,,,,,0,0,0,3.0,0.0,,2.0038912804277764
C51DA9F7-73F7-4E79-B42E-EC481E872721,2,85.71428571428571,other_unknown,family,1118,risk_percentile,99.97165909006142,0.9301081985235214,3.303599786758423,18,0,2,13058.6,2.411,A Road,A Road,other_unknown,other_unknown,Collapsed Dual Carriageway,A533,False,False,True,True,False,False,,,False,False,,-2.7139343060243197,53.35268291848344,2026-07-04T12:45:06+00:00,data/models/risk_scores.parquet,0.1.0,,,,,unmatched,,,,,0,0,0,3.0,0.0,,0.2559466586952309
3ABAEE19-657F-4356-BC1E-8C1DBEFA65F3,3,71.42857142857143,other_unknown,family,63271,risk_percentile,98.39469169936105,0.18885105550289155,3.868764615058899,3,1,1,15966.1,2.774,A Road,A Road,other_unknown,other_unknown,Single Carriageway,A41,False,False,False,False,False,False,,,False,False,,-3.0053168630790226,53.39979799294014,2026-07-04T12:45:06+00:00,data/models/risk_scores.parquet,0.1.0,,,,,unmatched,,,,,0,0,0,2.5,0.0,,1.9645474508598912
D0ED5E45-1727-4FDB-B864-47B42571BE7D,4,57.14285714285714,other_unknown,family,793140,risk_percentile,79.87620325177055,0.012918404210358858,0.5342846095561982,0,0,0,1010.8,5.189,Classified Unnumbered,Minor Road,other_unknown,other_unknown,Single Carriageway,,False,False,False,False,False,False,,,False,True,sparse collision history,-5.320452802431149,58.05713528949076,2026-07-04T12:45:06+00:00,data/models/risk_scores.parquet,0.1.0,,,,,unmatched,,,,,0,0,0,3.0,13.383,,0.0740772184397159
1F6B2F40-EB73-4319-8B20-B6A84CC06929,5,42.857142857142854,other_unknown,family,1911073,risk_percentile,51.51162091483037,0.0016910774284042418,0.08913934379816055,0,0,0,278.0,3.267,Classified Unnumbered,Minor Road,other_unknown,other_unknown,Single Carriageway,,False,False,False,False,False,False,,,True,True,low exposure; sparse collision history,-7.441600350144516,57.02298040070565,2026-07-04T12:45:06+00:00,data/models/risk_scores.parquet,0.1.0,,,,,unmatched,,,,,0,0,0,3.0,1.639,,0.0
C3DC224D-8786-425D-BB99-94542BBAFB26,6,28.57142857142857,other_unknown,family,2343910,risk_percentile,40.529530999804884,0.000720336427912116,0.0755164708942175,0,0,0,607.4,0.635,Not Classified,Local Access Road,other_unknown,other_unknown,Single Carriageway,,False,False,False,False,False,False,,,False,True,sparse collision history,-1.1607318645651026,50.73594223380263,2026-07-04T12:45:06+00:00,data/models/risk_scores.parquet,0.1.0,,,,,unmatched,,,,,0,0,0,1.5,0.057999999999999996,,0.0
D807EEF4-29A7-405E-8656-9B8EEDA9CE7B,7,14.285714285714285,other_unknown,family,3288251,risk_percentile,16.569384865243666,1.021720936478232e-05,0.0002647807457833551,0,0,0,300.5,0.873,Unknown,Restricted Local Access Road,other_unknown,other_unknown,Single Carriageway,,False,False,False,False,False,False,,,True,True,low exposure; sparse collision history,-5.061849743969325,51.70417762776361,2026-07-04T12:45:06+00:00,data/models/risk_scores.parquet,0.1.0,W01000591,LSOA2011,Wales,WIMD 2019,within,0.0,4,5,6,0,1,0,1.5,2.1969999999999996,,0.0007833165641527169
D4BB3DD4-0E97-4836-A859-49562A809C14,1,100.0,other_urban,family,233,risk_percentile,99.99411361584087,2.9321962118148805,3.722850131988525,15,1,3,23341.0,3.178,A Road,A Road,other_urban,urban_a_road,Collapsed Dual Carriageway,A617,False,False,True,True,False,False,Urban,Urban: Nearer to a major town or city,False,False,,-1.4017140364579426,53.2212724934346,2026-07-04T12:45:06+00:00,data/models/risk_scores.parquet,0.1.0,E01019547,LSOA2021,England,IoD 2025,within,0.0,2,2,1,1,0,0,3.0,0.0,1514.9605995502236,1.5670579046076019
0AFF5EE0-3267-43D0-9EC5-CA6119303BE6,2,99.99995887560982,other_urban,family,306,risk_percentile,99.99226143461838,2.293016242980957,1.91665176153183,23,0,4,2945.7,3.048,Classified Unnumbered,Minor Road,other_urban,urban_minor,Single Carriageway,,False,False,False,False,False,False,Urban,Urban: Nearer to a major town or city,False,False,,-3.025615796607424,53.79344732862951,2026-07-04T12:45:06+00:00,data/models/risk_scores.parquet,0.1.0,E01012697,LSOA2021,England,IoD 2025,within,0.0,2,3,2,1,0,0,3.0,0.04,3581.096753170928,0.056521663816665735
8052BE32-C298-4EBE-9DDB-BFA080ED1AE0,3,99.99991775121964,other_urban,family,310,risk_percentile,99.99215994523632,2.2504968643188477,3.3925841808319093,18,2,5,21336.2,3.731,A Road,A Road,other_urban,urban_a_road,Collapsed Dual Carriageway,A435,False,False,True,True,False,False,Urban,Urban: Nearer to a major town or city,False,False,,-1.8927155820092798,52.389398663507365,2026-07-04T12:45:06+00:00,data/models/risk_scores.parquet,0.1.0,E01032134,LSOA2021,England,IoD 2025,within,0.0,8,8,7,1,0,0,3.0,0.0,217.9219128802535,0.05813920735873074
9B7133A4-1631-43EE-8CC6-6A33EC90CE9D,4,99.99987662682946,other_urban,family,344,risk_percentile,99.99129728548887,2.1075597643852233,2.6702620506286623,22,1,7,12903.5,3.847,A Road,A Road,other_urban,urban_a_road,Collapsed Dual Carriageway,A629,False,False,True,True,False,False,Urban,Urban: Nearer to a major town or city,False,False,,-1.9242035706073792,53.88938666551521,2026-07-04T12:45:06+00:00,data/models/risk_scores.parquet,0.1.0,E01010643,LSOA2021,England,IoD 2025,within,0.0,6,8,7,1,0,0,3.0,0.0,37.448690623964374,1.9232510380743364
A0EF54FA-237C-4490-A04A-68A179CA4F6F,5,99.9998355024393,other_urban,family,365,risk_percentile,99.99076446623309,2.0177549481391908,1.766585147380829,6,0,4,14058.0,1.906,A Road,A Road,other_urban,urban_a_road,Collapsed Dual Carriageway,A41,False,False,True,True,False,False,Urban,Urban: Nearer to a major town or city,False,False,,-3.00113504202549,53.36974999266055,2026-07-04T12:45:06+00:00,data/models/risk_scores.parquet,0.1.0,E01007290,LSOA2021,England,IoD 2025,within,0.0,1,1,1,1,0,0,2.5,0.0,3315.9880815466267,4.3875278674990184e-05
0C94874C-B9CE-42E2-B3D5-DFF1BD0E6358,6,99.99979437804912,other_urban,family,368,risk_percentile,99.99068834919655,2.004256285727024,2.319601023197174,24,1,3,17700.2,5.522,A Road,A Road,other_urban,urban_a_road,Collapsed Dual Carriageway,A61,False,False,True,True,False,False,Urban,Urban: Nearer to a major town or city,False,False,,-1.4723607199410345,53.29138924517539,2026-07-04T12:45:06+00:00,data/models/risk_scores.parquet,0.1.0,E01019785,LSOA2021,England,IoD 2025,within,0.0,10,10,10,1,0,0,3.0,0.0,1707.744424223683,1.5513542299102028
C599344D-4260-4D18-85E4-E5DEB1702789,7,99.99975325365894,other_urban,family,378,risk_percentile,99.99043462574141,1.9543923377990722,4.725675058364868,12,1,6,23901.2,2.317,A Road,A Road,other_urban,urban_a_road,Single Carriageway,A57,False,False,True,False,False,False,Urban,Urban: Nearer to a major town or city,False,False,,-1.3739440978422763,53.350973869182994,2026-07-04T12:45:06+00:00,data/models/risk_scores.parquet,0.1.0,E01033279,LSOA2021,England,IoD 2025,within,0.0,2,2,2,1,0,0,3.0,0.0,1191.4884792481398,0.029381318933447014
6A3D2D1E-D14A-4D89-B29D-1D4D615A5080,8,99.99971212926876,other_urban,family,385,risk_percentile,99.99025701932281,1.9272698402404784,4.373437762260437,2,0,0,25685.1,2.639,A Road,A Road,other_urban,urban_a_road,Collapsed Dual Carriageway,A59,False,False,True,True,False,False,Urban,Urban: Nearer to a major town or city,False,False,,-3.00631063062156,53.41355453783522,2026-07-04T12:45:06+00:00,data/models/risk_scores.parquet,0.1.0,E01033751,LSOA2021,England,IoD 2025,nearest_fallback,198.5906293952372,3,6,7,1,0,0,2.0,0.0,4471.60209359291,0.18712982631514644
F097AA80-1A73-4DF5-8004-3AE2AE8CC16D,9,99.99967100487859,other_urban,family,398,risk_percentile,99.98992717883114,1.88170086145401,2.2630502820014953,17,1,3,14414.3,3.609,A Road,A Road,other_urban,urban_a_road,Collapsed Dual Carriageway,A500,False,False,True,True,False,False,Urban,Urban: Nearer to a major town or city,False,False,,-2.4633710369692428,53.06541959563502,2026-07-04T12:45:06+00:00,data/models/risk_scores.parquet,0.1.0,E01018505,LSOA2021,England,IoD 2025,within,0.0,10,10,10,1,0,0,3.0,0.0,370.57547840591906,0.08761590173701722
A7516B09-B4F0-4906-947F-2ED4B3CF0821,10,99.9996298804884,other_urban,family,405,risk_percentile,99.98974957241255,1.8695550441741944,1.4270815968513488,18,3,5,8876.9,4.445,A Road,A Road,other_urban,urban_a_road,Collapsed Dual Carriageway,A15,False,False,True,True,False,False,Urban,Urban: Nearer to a major town or city,False,False,,-0.45037420097611547,53.65721597099781,2026-07-04T12:45:06+00:00,data/models/risk_scores.parquet,0.1.0,E01013257,LSOA2021,England,IoD 2025,within,0.0,9,9,9,1,0,0,3.0,0.0,14.412930745192428,1.4448035076323407
F97064ED-C237-4D44-BAF3-9F3175BB3508,11,99.99958875609823,other_urban,family,422,risk_percentile,99.98931824253881,1.8185470938682555,3.9849226474761963,12,0,6,17701.6,2.964,A Road,A Road,other_urban,urban_a_road,Single Carriageway,A6,False,False,True,False,False,False,Urban,Urban: Further from a major town or city,False,False,,-0.836119325898459,52.435483791078454,2026-07-04T12:45:06+00:00,data/models/risk_scores.parquet,0.1.0,E01027094,LSOA2021,England,IoD 2025,within,0.0,8,8,7,1,0,0,3.5,0.0,1008.045506657176,0.13767673614707668
DA9D6C85-144F-4378-9982-7515E9011AF0,12,99.99954763170805,other_urban,family,430,risk_percentile,99.9891152637747,1.7968692541122437,3.197241473197937,20,0,7,19368.5,2.447,A Road,A Road,other_urban,urban_a_road,Single Carriageway,A57,False,False,True,False,False,False,Urban,Urban: Nearer to a major town or city,False,False,,-1.3948973724732197,53.36580099109391,2026-07-04T12:45:06+00:00,data/models/risk_scores.parquet,0.1.0,E01007967,LSOA2021,England,IoD 2025,within,0.0,2,2,2,1,0,0,2.5,0.0,3740.0709802526976,0.008385911443576328
FA770BC1-CE7C-4D1A-80A5-569EF9682F6D,13,99.99950650731788,other_urban,family,437,risk_percentile,99.98893765735612,1.7376864790916442,2.9105647563934327,15,0,2,22999.1,1.608,A Road,A Road,other_urban,urban_a_road,Collapsed Dual Carriageway,A61,False,False,True,True,False,False,Urban,Urban: Nearer to a major town or city,False,False,,-1.4226506037676117,53.24307851734242,2026-07-04T12:45:06+00:00,data/models/risk_scores.parquet,0.1.0,E01019579,LSOA2021,England,IoD 2025,within,0.0,3,2,3,1,0,0,3.0,0.0,1966.0722134938637,1.4147762023212405
F84D2430-9A16-45CC-B254-9D82675EDE56,14,99.9994653829277,other_urban,family,483,risk_percentile,99.9877705294625,1.6052859663963317,2.699179172515869,8,1,2,17486.7,2.628,A Road,A Road,other_urban,urban_a_road,Single Carriageway,A6182,False,False,True,False,False,False,Urban,Urban: Nearer to a major town or city,False,False,,-1.0753749008790066,53.48641179322324,2026-07-04T12:45:06+00:00,data/models/risk_scores.parquet,0.1.0,E01007598,LSOA2021,England,IoD 2025,within,0.0,6,7,4,1,0,0,2.5,0.0,1044.7593702926426,0.016333621245952223
EF03704D-45ED-4992-9FAC-DD50B81DFABD,15,99.99942425853753,other_urban,family,488,risk_percentile,99.98764366773493,1.5935813188552856,1.878057599067688,7,0,2,16841.2,3.162,A Road,A Road,other_urban,urban_a_road,Collapsed Dual Carriageway,A448,False,False,True,True,False,False,Urban,Urban: Nearer to a major town or city,False,False,,-2.0186227763301714,52.32744861571117,2026-07-04T12:45:06+00:00,data/models/risk_scores.parquet,0.1.0,E01033243,LSOA2021,England,IoD 2025,within,0.0,10,9,10,1,0,0,2.5,0.0,381.26492740925437,0.2794467408752768
7E67F595-0DA0-491F-A17C-2496A75EF427,16,99.99938313414735,other_urban,family,494,risk_percentile,99.98749143366184,1.576214361190796,1.9093225836753844,32,1,6,11023.7,3.517,A Road,A Road,other_urban,urban_a_road,Collapsed Dual Carriageway,A5300,False,False,True,True,False,False,Urban,Urban: Nearer to a major town or city,False,False,,-2.795873127645798,53.377022465373955,2026-07-04T12:45:06+00:00,data/models/risk_scores.parquet,0.1.0,E01006420,LSOA2021,England,IoD 2025,within,0.0,8,9,8,1,0,0,3.0,0.0,44.728848977044706,0.0072809466659885585
1E94A964-F6DA-4F30-B943-02A96A0EC80A,17,99.99934200975717,other_urban,family,523,risk_percentile,99.98675563564196,1.5006497859954835,7.14266004562378,0,0,0,45609.2,0.517,A Road,A Road,other_urban,urban_a_road,Single Carriageway,A167,False,False,True,False,False,False,Urban,Urban: Nearer to a major town or city,False,True,sparse collision history,-1.605875568886422,54.96779360321458,2026-07-04T12:45:06+00:00,data/models/risk_scores.parquet,0.1.0,E01008166,LSOA2021,England,IoD 2025,nearest_fallback,36.523220988085164,3,5,4,1,0,0,3.0,0.0,1275.934488679652,2.1697035144956844
08FD9A0B-E2ED-42CA-BBA7-A64A5A92C4EC,18,99.99930088536699,other_urban,family,526,risk_percentile,99.98667951860541,1.4943192601203918,5.951243352890015,3,1,1,14710.7,1.942,B Road,B Road,other_urban,urban_b_road,Single Carriageway,B6082,False,False,False,False,False,False,Urban,Urban: Nearer to a major town or city,False,False,,-1.4270974628690862,53.430618660301164,2026-07-04T12:45:06+00:00,data/models/risk_scores.parquet,0.1.0,E01007856,LSOA2021,England,IoD 2025,within,0.0,1,1,1,1,0,0,3.0,0.522,1532.9779532451973,0.7172272221395799
DF425497-A7D5-4C9C-8FEF-B778B91AEA96,19,99.99925976097683,other_urban,family,533,risk_percentile,99.98650191218682,1.4852702617645264,3.29181022644043,19,0,3,27485.8,1.201,A Road,A Road,other_urban,urban_a_road,Single Carriageway,A557,False,False,False,False,False,False,Urban,Urban: Nearer to a major town or city,False,False,,-2.7379228676206093,53.34474176688055,2026-07-04T12:45:06+00:00,data/models/risk_scores.parquet,0.1.0,E01012430,LSOA2021,England,IoD 2025,within,0.0,1,1,1,1,0,0,2.5,0.0,1581.4221529378322,0.9600600247966253
1C5FCE8A-EB04-48CF-A2C7-79E66C780A0F,20,99.99921863658663,other_urban,family,536,risk_percentile,99.98642579515028,1.484329628944397,2.324690043926239,37,1,3,13116.1,2.615,A Road,A Road,other_urban,urban_a_road,Collapsed Dual Carriageway,A46,False,False,True,True,False,False,Urban,Urban: Nearer to a major town or city,False,False,,-0.555763763915108,53.250846240607416,2026-07-04T12:45:06+00:00,data/models/risk_scores.parquet,0.1.0,E01026147,LSOA2021,England,IoD 2025,within,0.0,7,9,7,1,0,0,3.0,0.0,1387.7975249018875,0.7531912960438176
5F20299F-02A0-4876-9AD9-F1785BCDD313,21,99.99917751219647,other_urban,family,537,risk_percentile,99.98640042280476,1.4805791854858399,4.041476225852966,9,1,3,22797.3,1.786,A Road,A Road,other_urban,urban_a_road,Single Carriageway,A617,False,False,True,False,False,False,Urban,Urban: Nearer to a major town or city,False,False,,-1.155456760761521,53.121422473699525,2026-07-04T12:45:06+00:00,data/models/risk_scores.parquet,0.1.0,E01028256,LSOA2021,England,IoD 2025,within,0.0,1,1,1,1,0,0,3.0,0.0,180.64871632772523,0.19615568422511695
BCEE425C-6237-420D-880E-DE96F6B08DB1,22,99.99913638780629,other_urban,family,554,risk_percentile,99.98596909293104,1.4258251905441284,2.2754057884216308,0,0,0,16271.0,2.368,A Road,A Road,other_urban,urban_a_road,Collapsed Dual Carriageway,A421,False,False,True,True,False,False,Urban,Urban: Nearer to a major town or city,False,True,sparse collision history,-0.6340059659529743,52.033711960520066,2026-07-04T12:45:06+00:00,data/models/risk_scores.parquet,0.1.0,E01017379,LSOA2021,England,IoD 2025,within,0.0,6,6,6,1,0,0,3.0,0.0,93.22119973044181,0.16367711096961107
D397754C-7F32-4E14-B673-90A14385362B,23,99.99909526341611,other_urban,family,566,risk_percentile,99.98566462478487,1.4012152791023254,3.94583420753479,22,1,3,23200.3,1.498,A Road,A Road,other_urban,urban_a_road,Collapsed Dual Carriageway,A563,False,False,True,True,False,False,Urban,Urban: Nearer to a major town or city,False,False,,-1.1694163763426644,52.59574111731645,2026-07-04T12:45:06+00:00,data/models/risk_scores.parquet,0.1.0,E01013611,LSOA2021,England,IoD 2025,within,0.0,3,5,4,1,0,0,3.0,0.0,1289.23138254866,1.1498709655625015
9A4555B7-BEBF-43EE-A31F-E121965F065D,24,99.99905413902593,other_urban,family,570,risk_percentile,99.98556313540283,1.3943275809288025,3.6952491760253907,6,0,0,26390.1,1.041,A Road,A Road,other_urban,urban_a_road,Collapsed Dual Carriageway,A444,False,False,True,True,False,False,Urban,Urban: Nearer to a major town or city,False,False,,-1.4874751407446856,52.412547976837125,2026-07-04T12:45:06+00:00,data/models/risk_scores.parquet,0.1.0,E01009659,LSOA2021,England,IoD 2025,within,0.0,1,1,1,1,0,0,3.0,0.0,11740.072690302908,1.3407710562108965
9E3C3813-3EE7-4EB5-968D-4C102F5575ED,25,99.99901301463576,other_urban,family,590,risk_percentile,99.98505568849255,1.3553442478179931,3.890876865386963,0,0,0,29967.4,1.773,A Road,A Road,other_urban,urban_a_road,Collapsed Dual Carriageway,A189,False,False,False,True,False,False,Urban,Urban: Nearer to a major town or city,False,True,sparse collision history,-1.5860725050813005,55.04783724910114,2026-07-04T12:45:06+00:00,data/models/risk_scores.parquet,0.1.0,E01008476,LSOA2021,England,IoD 2025,within,0.0,3,3,3,1,0,0,3.0,0.0,667.2509288532798,0.9378357625657393
AB795C13-CE00-4818-B8AA-DC0AE0E9B3A6,26,99.99897189024558,other_urban,family,611,risk_percentile,99.98452286923677,1.3293493151664735,3.172914743423462,2,0,1,20657.5,1.832,A Road,A Road,other_urban,urban_a_road,Collapsed Dual Carriageway,A59,False,False,True,True,False,False,Urban,Urban: Nearer to a major town or city,False,False,,-3.0470742281792975,53.41099181728519,2026-07-04T12:45:06+00:00,data/models/risk_scores.parquet,0.1.0,E01007270,LSOA2021,England,IoD 2025,within,0.0,1,1,1,1,0,0,3.0,0.0,3711.6251009989173,0.07672416442910096
E98F54A8-6224-4329-8D69-CD412635CCC0,27,99.9989307658554,other_urban,family,620,risk_percentile,99.98429451812714,1.3198341727256775,2.336001479625702,0,0,0,18518.5,2.467,A Road,A Road,other_urban,urban_a_road,Collapsed Dual Carriageway,A6,False,False,True,True,False,False,Urban,Urban: Nearer to a major town or city,False,True,sparse collision history,-0.4985138192378021,52.15583374574614,2026-07-04T12:45:06+00:00,data/models/risk_scores.parquet,0.1.0,E01017460,LSOA2021,England,IoD 2025,within,0.0,10,9,10,1,0,0,3.0,0.0,113.15832839921052,1.1392539887168973
9A265BD7-39F5-411B-BFF8-71CB12F180EF,28,99.99888964146523,other_urban,family,622,risk_percentile,99.98424377343612,1.315088403224945,2.3035832047462463,8,0,2,16270.8,1.681,A Road,A Road,other_urban,urban_a_road,Single Carriageway,A17,False,False,True,False,False,False,Urban,Urban: Nearer to a major town or city,False,False,,-0.767959151259818,53.091834239571845,2026-07-04T12:45:06+00:00,data/models/risk_scores.parquet,0.1.0,E01028353,LSOA2021,England,IoD 2025,within,0.0,8,8,7,1,0,0,3.0,0.0,632.5588036766305,1.8128299104318644
4FA4224A-5E9D-4E66-8A70-75CA7282988C,29,99.99884851707506,other_urban,family,624,risk_percentile,99.9841930287451,1.3085862040519713,2.1008911967277526,2,0,0,15375.1,0.191,A Road,A Road,other_urban,urban_a_road,Single Carriageway,A6177,False,False,True,False,False,False,Urban,Urban: Nearer to a major town or city,False,False,,-1.780957355700992,53.79012429925488,2026-07-04T12:45:06+00:00,data/models/risk_scores.parquet,0.1.0,E01010837,LSOA2021,England,IoD 2025,within,0.0,1,1,2,1,0,0,3.5,0.0,9094.245612983555,1.5069995026295124
2F0A28D7-5621-4A76-A651-907F9CF3CE98,30,99.99880739268488,other_urban,family,631,risk_percentile,99.9840154223265,1.2971343755722047,2.855599069595337,9,0,1,19479.7,2.023,A Road,A Road,other_urban,urban_a_road,Collapsed Dual Carriageway,A650,False,False,True,True,False,False,Urban,Urban: Nearer to a major town or city,False,False,,-1.8452714082999417,53.857501436402856,2026-07-04T12:45:06+00:00,data/models/risk_scores.parquet,0.1.0,E01010578,LSOA2021,England,IoD 2025,within,0.0,6,8,8,1,0,0,2.5,0.0,716.7063344044459,1.92457097345651
2865B6B0-BC86-4132-A6F3-42AA57A624E5,31,99.9987662682947,other_urban,family,641,risk_percentile,99.98376169887136,1.2831559792160987,3.409990644454956,21,0,2,22836.1,0.819,A Road,A Road,other_urban,urban_a_road,Collapsed Dual Carriageway,A34,False,False,True,True,False,False,Urban,Urban: Nearer to a major town or city,False,False,,-1.9033609168095582,52.52429071190046,2026-07-04T12:45:06+00:00,data/models/risk_scores.parquet,0.1.0,E01009239,LSOA2021,England,IoD 2025,within,0.0,1,1,1,1,0,0,3.5,0.0,3209.0371854122395,1.4035471555741403
F640AC3D-7C29-426E-A642-62E757B3D36B,32,99.99872514390452,other_urban,family,651,risk_percentile,99.98350797541623,1.271000874042511,2.489857494831085,7,1,1,13596.3,1.974,A Road,A Road,other_urban,urban_a_road,Single Carriageway,A134,False,False,True,False,False,False,Urban,Urban: Further from a major town or city,False,False,,0.7345487647084542,52.44073546789258,2026-07-04T12:45:06+00:00,data/models/risk_scores.parquet,0.1.0,E01026467,LSOA2021,England,IoD 2025,within,0.0,1,1,1,1,0,0,3.0,0.0,63.7965507129247,0.8608486411148009
3118EBAF-AC08-4B26-9329-81AA4D24CEC6,33,99.99868401951434,other_urban,family,657,risk_percentile,99.98335574134315,1.2642733931541443,1.4440032362937927,6,0,0,9357.6,3.176,A Road,A Road,other_urban,urban_a_road,Collapsed Dual Carriageway,A38,False,False,True,True,False,False,Urban,Urban: Nearer to a major town or city,False,False,,-1.774980030446187,52.55073337095368,2026-07-04T12:45:06+00:00,data/models/risk_scores.parquet,0.1.0,E01009450,LSOA2021,England,IoD 2025,within,0.0,8,8,8,1,0,0,3.0,0.0,47.13394735056774,0.008911556124071053
AE015B8B-90D9-4FF7-8522-1DBE884AC6F4,34,99.99864289512416,other_urban,family,659,risk_percentile,99.98330499665212,1.2609463334083557,2.2137632250785826,7,1,2,13850.9,2.479,A Road,A Road,other_urban,urban_a_road,Single Carriageway,A49,False,False,True,False,False,False,Urban,Urban: Nearer to a major town or city,False,False,,-2.704709126007695,52.717184240254284,2026-07-04T12:45:06+00:00,data/models/risk_scores.parquet,0.1.0,E01028966,LSOA2021,England,IoD 2025,within,0.0,9,9,7,1,0,0,3.0,0.0,657.4027931610826,0.39181059330463375
5D84D75C-9573-4C30-93D3-80169BE4CB0F,35,99.998601770734,other_urban,family,662,risk_percentile,99.98322887961558,1.2603430271148681,3.9097436666488647,4,0,1,24371.8,1.278,A Road,A Road,other_urban,urban_a_road,Single Carriageway,A167,False,False,True,False,False,False,Urban,Urban: Nearer to a major town or city,False,False,,-1.5635032741694392,54.698521253368824,2026-07-04T12:45:06+00:00,data/models/risk_scores.parquet,0.1.0,E01020820,LSOA2021,England,IoD 2025,within,0.0,2,2,2,1,0,0,3.0,0.0,427.17270982489964,2.376695994504067
A03FEBB9-0417-488C-B0EB-E09CE15BCF53,36,99.99856064634382,other_urban,family,672,risk_percentile,99.98297515616045,1.246389055252075,2.8146930932998657,5,0,3,21714.2,0.22,A Road,A Road,other_urban,urban_a_road,Single Carriageway,A6177,False,False,True,False,False,False,Urban,Urban: Nearer to a major town or city,False,False,,-1.7294125010125279,53.80759159318633,2026-07-04T12:45:06+00:00,data/models/risk_scores.parquet,0.1.0,E01010828,LSOA2021,England,IoD 2025,within,0.0,1,1,1,1,0,0,3.5,0.0,5235.1689031926435,1.2063065457552735
4C139C0C-FC1D-4713-BE8C-FAE16A3413F2,37,99.99851952195364,other_urban,family,677,risk_percentile,99.98284829443288,1.2407191872596741,2.392470967769623,12,0,0,18914.2,1.735,A Road,A Road,other_urban,urban_a_road,Collapsed Dual Carriageway,A1307,False,False,False,True,False,False,Urban,Urban: Nearer to a major town or city,False,False,,-0.17368810022993347,52.324006924980274,2026-07-04T12:45:06+00:00,data/models/risk_scores.parquet,0.1.0,E01034439,LSOA2021,England,IoD 2025,within,0.0,7,8,7,1,0,0,3.0,0.0,1825.5672474371258,1.912577959170096
611BA2D7-DD4D-4297-9F9E-BD0707467CEF,38,99.99847839756346,other_urban,family,694,risk_percentile,99.98241696455915,1.2221511006355286,3.3645369529724123,1,0,0,18111.4,0.18,A Road,A Road,other_urban,urban_a_road,Dual Carriageway,A4600,False,False,True,True,False,False,Urban,Urban: Nearer to a major town or city,False,True,sparse collision history,-1.5019563408860817,52.405500313565476,2026-07-04T12:45:06+00:00,data/models/risk_scores.parquet,0.1.0,E01034744,LSOA2021,England,IoD 2025,within,0.0,3,6,7,1,0,0,3.5,0.0,8781.33286693271,0.20257340194725965
9F511B61-149C-4C21-AB03-BF15D0DCF4C0,39,99.9984372731733,other_urban,family,695,risk_percentile,99.98239159221363,1.221347415447235,4.870003890991211,7,0,3,18104.1,0.162,A Road,A Road,other_urban,urban_a_road,Single Carriageway,A6010,False,False,True,False,False,False,Urban,Urban: Nearer to a major town or city,False,False,,-2.2197061652775627,53.442690634435685,2026-07-04T12:45:06+00:00,data/models/risk_scores.parquet,0.1.0,E01005185,LSOA2021,England,IoD 2025,within,0.0,4,10,10,1,0,0,3.5,0.0,7104.493101112028,1.4497015318191342
64D3C4EC-94C7-4615-A206-252EC86E04E1,40,99.99839614878312,other_urban,family,706,risk_percentile,99.982112496413,1.2080543279647826,2.694481921195984,4,0,1,14997.2,2.363,A Road,A Road,other_urban,urban_a_road,Single Carriageway,A1033,False,False,False,False,False,False,Urban,Urban: Nearer to a major town or city,False,False,,-0.2039040387577551,53.73354526617513,2026-07-04T12:45:06+00:00,data/models/risk_scores.parquet,0.1.0,E01013099,LSOA2021,England,IoD 2025,within,0.0,3,3,3,1,0,0,3.0,0.0,1888.0074036743465,0.08457955579354
B02E0A4A-13A1-4578-AFAE-6F502FDCF95F,41,99.99835502439294,other_urban,family,707,risk_percentile,99.98208712406748,1.2079976201057434,3.2295714616775513,0,0,0,28583.1,0.747,A Road,A Road,other_urban,urban_a_road,Collapsed Dual Carriageway,A6,False,False,True,True,False,False,Urban,Urban: Nearer to a major town or city,False,True,sparse collision history,-2.30142441103199,53.49755449605532,2026-07-04T12:45:06+00:00,data/models/risk_scores.parquet,0.1.0,E01005680,LSOA2021,England,IoD 2025,within,0.0,1,1,1,1,0,0,3.0,0.0,589.4693876795571,1.7980906957496265
9E04F1C8-5CE0-49A5-983F-4C7FD9F2852E,42,99.99831390000276,other_urban,family,716,risk_percentile,99.98185877295785,1.2018593788146972,2.7464442253112793,5,0,1,26361.5,1.278,A Road,A Road,other_urban,urban_a_road,Collapsed Dual Carriageway,A66,False,False,True,True,False,False,Urban,Urban: Nearer to a major town or city,False,False,,-1.1939517336999175,54.57819370596799,2026-07-04T12:45:06+00:00,data/models/risk_scores.parquet,0.1.0,E01033470,LSOA2021,England,IoD 2025,within,0.0,1,1,1,1,0,0,2.5,0.0,404.0588268674468,0.08696975436089355
2FBF474B-2ADB-4625-B5A9-B10502EA9032,43,99.99827277561258,other_urban,family,719,risk_percentile,99.98178265592131,1.2000252604484558,2.156305766105652,13,0,3,17378.9,2.25,A Road,A Road,other_urban,urban_a_road,Collapsed Dual Carriageway,A638,False,False,True,True,False,False,Urban,Urban: Nearer to a major town or city,False,False,,-1.5774019030661612,53.690361240419705,2026-07-04T12:45:06+00:00,data/models/risk_scores.parquet,0.1.0,E01011825,LSOA2021,England,IoD 2025,within,0.0,8,7,7,1,0,0,3.0,0.0,702.2016405877737,0.04995933027293958
CE3A098F-3C4E-4A77-82C9-6C6029DE3BF4,44,99.9982316512224,other_urban,family,720,risk_percentile,99.9817572835758,1.1991253614425659,3.1146054744720457,4,0,3,19971.8,1.691,A Road,A Road,other_urban,urban_a_road,Single Carriageway,A1185,False,False,False,False,False,False,Urban,Urban: Nearer to a major town or city,False,False,,-1.2716485010767977,54.62505923216521,2026-07-04T12:45:06+00:00,data/models/risk_scores.parquet,0.1.0,E01012245,LSOA2021,England,IoD 2025,within,0.0,1,1,1,1,0,0,3.0,0.0,2045.8423528797525,0.0031021402275842277
F8EC23EB-4DF6-44F5-898C-7E3AE0E0BEAF,45,99.99819052683222,other_urban,family,722,risk_percentile,99.98170653888478,1.1977259516716003,1.1297393798828126,3,1,1,6968.1,3.208,A Road,A Road,other_urban,urban_a_road,Single Carriageway,A6024,False,False,False,False,False,False,Urban,Urban: Nearer to a major town or city,False,False,,-1.8533382191427388,53.51723973301539,2026-07-04T12:45:06+00:00,data/models/risk_scores.parquet,0.1.0,E01019763,LSOA2021,England,IoD 2025,within,0.0,5,6,5,1,0,0,2.5,0.0,8.185078162160417,1.480295229930071
B256433B-64BA-4CA2-95C9-2B9F2B8011BA,46,99.99814940244205,other_urban,family,732,risk_percentile,99.98145281542963,1.18710418343544,3.1557172536849976,10,0,3,27064.7,0.64,A Road,A Road,other_urban,urban_a_road,Collapsed Dual Carriageway,A34,False,False,True,True,False,False,Urban,Urban: Nearer to a major town or city,False,False,,-1.9030510062046304,52.5087270113552,2026-07-04T12:45:06+00:00,data/models/risk_scores.parquet,0.1.0,E01034918,LSOA2021,England,IoD 2025,within,0.0,1,1,1,1,0,0,3.0,0.0,7610.492436175972,1.4062190600922557
AA03591F-5E24-4ACB-8B11-136AE0F14ECC,47,99.99810827805187,other_urban,family,734,risk_percentile,99.98140207073861,1.1848996818065642,5.350683641433716,8,0,0,18388.2,0.202,A Road,A Road,other_urban,urban_a_road,Single Carriageway,A594,False,False,False,False,False,False,Urban,Urban: Nearer to a major town or city,False,False,,-1.135782101867103,52.62981368477284,2026-07-04T12:45:06+00:00,data/models/risk_scores.parquet,0.1.0,E01032868,LSOA2021,England,IoD 2025,within,0.0,4,10,10,1,0,0,3.5,0.0,15553.842889324083,0.3219792048779403
CB13F5E3-464E-4882-8621-AA56A9CE6636,48,99.9980671536617,other_urban,family,747,risk_percentile,99.98107223024694,1.1710622966289521,3.81162269115448,18,1,4,21710.3,0.381,A Road,A Road,other_urban,urban_a_road,Single Carriageway,A441,False,False,True,False,False,False,Urban,Urban: Nearer to a major town or city,False,False,,-1.9004154558254855,52.463437512873604,2026-07-04T12:45:06+00:00,data/models/risk_scores.parquet,0.1.0,E01008996,LSOA2021,England,IoD 2025,within,0.0,2,1,2,1,0,0,4.0,0.0,6239.350038765973,0.1669348817481321
D446555C-4C6B-4176-80D1-E7CEB473759C,49,99.99802602927151,other_urban,family,753,risk_percentile,99.98091999617384,1.164180338382721,2.82910840511322,7,0,2,18707.8,1.883,A Road,A Road,other_urban,urban_a_road,Single Carriageway,A629,False,False,True,False,False,False,Urban,Urban: Further from a major town or city,False,False,,-2.02186939978172,53.94500248728577,2026-07-04T12:45:06+00:00,data/models/risk_scores.parquet,0.1.0,E01027582,LSOA2021,England,IoD 2025,within,0.0,6,5,6,1,0,0,3.0,0.0,555.0057783491736,1.9175821702900937
8C4AAA74-2A17-443B-B493-4191E49C0675,50,99.99798490488135,other_urban,family,756,risk_percentile,99.98084387913731,1.1620764017105103,3.5254048824310305,0,0,0,25501.5,1.694,A Road,A Road,other_urban,urban_a_road,Collapsed Dual Carriageway,A189,False,False,True,True,False,False,Urban,Urban: Nearer to a major town or city,False,True,sparse collision history,-1.56708498823329,55.08882166408587,2026-07-04T12:45:06+00:00,data/models/risk_scores.parquet,0.1.0,E01027396,LSOA2021,England,IoD 2025,within,0.0,3,3,2,1,0,0,3.0,0.0,4728.890002358306,1.005131505132015
DA5F8D9D-5E2D-4789-8A3B-BE8C00B29A29,51,99.99794378049116,other_urban,family,760,risk_percentile,99.98074238975525,1.1561100959777832,2.9271044015884398,13,1,2,19149.8,1.859,A Road,A Road,other_urban,urban_a_road,Collapsed Dual Carriageway,A610,False,False,True,True,False,False,Urban,Urban: Nearer to a major town or city,False,False,,-1.2595299085459193,52.99505475055249,2026-07-04T12:45:06+00:00,data/models/risk_scores.parquet,0.1.0,E01028106,LSOA2021,England,IoD 2025,within,0.0,6,7,6,1,0,0,3.0,0.0,2029.3229560695029,0.26173890920305853
F8FE4127-9B46-40A8-B2B3-1891DA73B735,52,99.99790265610099,other_urban,family,761,risk_percentile,99.98071701740973,1.1560436248779298,2.9153568983078,1,0,1,26266.2,0.657,A Road,A Road,other_urban,urban_a_road,Collapsed Dual Carriageway,A6,False,False,True,True,False,False,Urban,Urban: Nearer to a major town or city,False,True,sparse collision history,-2.2860761544308477,53.4914324599659,2026-07-04T12:45:06+00:00,data/models/risk_scores.parquet,0.1.0,E01005680,LSOA2021,England,IoD 2025,within,0.0,1,1,1,1,0,0,3.0,0.0,2501.598692647265,1.7915882755350743
68629CAD-2692-4627-95BA-EB5CB184F630,53,99.99786153171081,other_urban,family,768,risk_percentile,99.98053941099114,1.15036381483078,2.252132296562195,0,0,0,18944.8,2.085,A Road,A Road,other_urban,urban_a_road,Collapsed Dual Carriageway,A555,False,False,True,True,False,False,Urban,Urban: Nearer to a major town or city,False,True,sparse collision history,-2.1374464166430047,53.356366620526266,2026-07-04T12:45:06+00:00,data/models/risk_scores.parquet,0.1.0,E01018665,LSOA2021,England,IoD 2025,within,0.0,9,8,8,1,0,0,3.0,0.0,875.8635452670127,0.4350152088002286
7F1C5E14-5245-4BE8-A59B-C7A58FEDE49D,54,99.99782040732063,other_urban,family,770,risk_percentile,99.98048866630012,1.1498406410217286,3.7108855962753298,23,1,8,23106.1,0.41,A Road,A Road,other_urban,urban_a_road,Single Carriageway,A4540,False,False,True,False,False,False,Urban,Urban: Nearer to a major town or city,False,False,,-1.879115807977794,52.46065282517754,2026-07-04T12:45:06+00:00,data/models/risk_scores.parquet,0.1.0,E01009367,LSOA2021,England,IoD 2025,within,0.0,1,1,1,1,0,0,3.5,0.0,6654.004196770181,0.3741378797803518
7138F982-2275-4912-BFD5-7A9789A762CC,55,99.99777928293045,other_urban,family,772,risk_percentile,99.9804379216091,1.1494327366352082,2.314488482475281,13,0,1,25292.6,0.675,A Road,A Road,other_urban,urban_a_road,Collapsed Dual Carriageway,A457,False,False,False,True,False,False,Urban,Urban: Nearer to a major town or city,False,False,,-1.9750037486387308,52.49835499728517,2026-07-04T12:45:06+00:00,data/models/risk_scores.parquet,0.1.0,E01010046,LSOA2021,England,IoD 2025,within,0.0,2,1,2,1,0,0,3.0,0.0,2269.7531004950856,2.128625915514922
CCEC6433-FDF5-414F-BD4B-7C8203C55516,56,99.99773815854029,other_urban,family,776,risk_percentile,99.98033643222703,1.1463652312755586,2.793237829208374,14,0,1,24403.8,0.806,A Road,A Road,other_urban,urban_a_road,Collapsed Dual Carriageway,A15,False,False,False,True,False,False,Urban,Urban: Nearer to a major town or city,False,False,,-0.2550592625236513,52.58703828034559,2026-07-04T12:45:06+00:00,data/models/risk_scores.parquet,0.1.0,E01015604,LSOA2021,England,IoD 2025,within,0.0,1,1,2,1,0,0,3.0,0.0,2648.1210259120526,1.2591418199013005
2C56CF37-9155-451F-A68B-B5AA17A5408C,57,99.99769703415011,other_urban,family,778,risk_percentile,99.98028568753601,1.1460086345672607,2.165892493724823,6,0,0,17991.9,0.172,A Road,A Road,other_urban,urban_a_road,Collapsed Dual Carriageway,A6042,False,False,True,True,False,False,Urban,Urban: Nearer to a major town or city,False,False,,-2.244579849315497,53.48875008078404,2026-07-04T12:45:06+00:00,data/models/risk_scores.parquet,0.1.0,E01033674,LSOA2021,England,IoD 2025,within,0.0,2,3,5,1,0,0,3.5,0.0,4199.871122643747,1.3929227084002322
E3775EDA-1AB7-462E-AC77-8F1D2B4DD4F1,58,99.99765590975993,other_urban,family,784,risk_percentile,99.98013345346293,1.1423560678958893,2.39576450586319,20,0,2,17601.0,0.165,A Road,A Road,other_urban,urban_a_road,Single Carriageway,A60,False,False,True,False,False,False,Urban,Urban: Nearer to a major town or city,False,False,,-1.1536330473298053,52.97011744302121,2026-07-04T12:45:06+00:00,data/models/risk_scores.parquet,0.1.0,E01013843,LSOA2021,England,IoD 2025,within,0.0,3,4,4,1,0,0,3.5,0.0,6302.355133370765,1.2087853228636534
D522168F-1683-4A43-A272-73746934BE50,59,99.99761478536975,other_urban,family,785,risk_percentile,99.98010808111741,1.1421481013298034,2.626932978630066,8,1,4,14882.1,2.312,A Road,A Road,other_urban,urban_a_road,Single Carriageway,A34,False,False,True,False,False,False,Urban,Urban: Nearer to a major town or city,False,False,,-2.246137925692778,53.30415901569997,2026-07-04T12:45:06+00:00,data/models/risk_scores.parquet,0.1.0,E01018572,LSOA2021,England,IoD 2025,within,0.0,10,10,10,1,0,0,3.0,0.0,917.0224157021252,8.043654044476992e-05
916FF626-C7F3-461B-A4C8-A96F22360E38,60,99.99757366097958,other_urban,family,787,risk_percentile,99.98005733642638,1.1379700899124146,2.403472054004669,4,0,1,17004.7,1.918,A Road,A Road,other_urban,urban_a_road,Single Carriageway,A146,False,False,True,False,False,False,Urban,Urban: Further from a major town or city,False,False,,1.5900545369188759,52.45998988904496,2026-07-04T12:45:06+00:00,data/models/risk_scores.parquet,0.1.0,E01030294,LSOA2021,England,IoD 2025,within,0.0,7,6,5,1,0,0,3.0,0.0,95.22943300160372,0.5942161974271887
1942361E-5A0E-4926-B8F2-AAC3EB2AB46A,61,99.99753253658939,other_urban,family,788,risk_percentile,99.98003196408088,1.1375119864940644,1.4830729722976685,24,3,11,9807.6,2.647,A Road,A Road,other_urban,urban_a_road,Single Carriageway,A500,False,False,True,False,False,False,Urban,Urban: Nearer to a major town or city,False,False,,-2.355030176226334,53.07134982854321,2026-07-04T12:45:06+00:00,data/models/risk_scores.parquet,0.1.0,E01034671,LSOA2021,England,IoD 2025,within,0.0,8,8,9,1,0,0,2.5,0.0,27.5262971590189,0.11567695329160509
B360D6F3-3A5B-4D8F-AAA3-708E85F10EF7,62,99.99749141219922,other_urban,family,789,risk_percentile,99.98000659173536,1.1349038362503052,2.0500282526016234,3,0,1,14217.7,2.177,A Road,A Road,other_urban,urban_a_road,Single Carriageway,A6,False,False,True,False,False,False,Urban,Urban: Further from a major town or city,False,False,,-0.9128882224983388,52.503801513220566,2026-07-04T12:45:06+00:00,data/models/risk_scores.parquet,0.1.0,E01025797,LSOA2021,England,IoD 2025,within,0.0,10,9,9,1,0,0,3.0,0.0,20.8790591980388,1.0448257460225014
8B7A1E68-5C2A-4B29-B3C4-AACB9E72F297,63,99.99745028780904,other_urban,family,792,risk_percentile,99.97993047469882,1.1334036111831665,3.230234456062317,16,1,2,26531.5,0.762,A Road,A Road,other_urban,urban_a_road,Single Carriageway,A5189,False,False,True,False,False,False,Urban,Urban: Nearer to a major town or city,False,False,,-1.628443988510095,52.79609922946201,2026-07-04T12:45:06+00:00,data/models/risk_scores.parquet,0.1.0,E01032898,LSOA2021,England,IoD 2025,within,0.0,1,1,2,1,0,0,2.5,0.0,768.9584361698387,0.2524742925890566
CA3A933A-5167-4F67-88B1-4F42CFA5B177,64,99.99740916341887,other_urban,family,800,risk_percentile,99.97972749593471,1.12762348651886,2.1921272397041323,2,0,1,14726.2,2.196,A Road,A Road,other_urban,urban_a_road,Collapsed Dual Carriageway,A591,False,False,True,True,False,False,Urban,Urban: Further from a major town or city,False,False,,-2.7661295548964326,54.318155594849,2026-07-04T12:45:06+00:00,data/models/risk_scores.parquet,0.1.0,E01019363,LSOA2021,England,IoD 2025,within,0.0,5,5,5,1,0,0,3.0,0.0,914.6627094929779,0.021978130761982562
8D1D4EE7-30C4-44B5-A8A6-96767030C7B1,65,99.99736803902869,other_urban,family,801,risk_percentile,99.97970212358919,1.1275463581085206,1.533723783493042,14,2,1,13441.1,1.786,A Road,A Road,other_urban,urban_a_road,Collapsed Dual Carriageway,A17,False,False,True,True,False,False,Urban,Urban: Further from a major town or city,False,False,,-0.409434869551271,53.01296630086406,2026-07-04T12:45:06+00:00,data/models/risk_scores.parquet,0.1.0,E01026230,LSOA2021,England,IoD 2025,within,0.0,4,3,3,1,0,0,3.0,0.0,94.39040804232555,2.0871338273056024
C13AB732-F57C-4C6E-AB1F-AF8426C9D1B0,66,99.99732691463852,other_urban,family,805,risk_percentile,99.97960063420715,1.1209072589874267,2.9787829875946046,13,0,0,21552.8,0.233,A Road,A Road,other_urban,urban_a_road,Single Carriageway,A56,False,False,True,False,False,False,Urban,Urban: Nearer to a major town or city,False,False,,-2.2621946435991993,53.50867604519246,2026-07-04T12:45:06+00:00,data/models/risk_scores.parquet,0.1.0,E01005650,LSOA2021,England,IoD 2025,within,0.0,1,1,2,1,0,0,3.5,0.0,2158.6863044922,2.999622199562516
A78113F9-6BBF-4DCE-BFBB-C91A47092892,67,99.99728579024834,other_urban,family,806,risk_percentile,99.97957526186163,1.12071133852005,2.194405364990234,6,0,2,20821.1,1.253,A Road,A Road,other_urban,urban_a_road,Single Carriageway,A57,False,False,True,False,False,False,Urban,Urban: Nearer to a major town or city,False,False,,-1.1502093433366762,53.31572012104181,2026-07-04T12:45:06+00:00,data/models/risk_scores.parquet,0.1.0,E01028056,LSOA2021,England,IoD 2025,within,0.0,3,3,4,1,0,0,2.0,0.0,1029.917702678636,1.5245369479866249
9031798D-6D5D-4858-B200-2A44A0A9829A,68,99.99724466585816,other_urban,family,812,risk_percentile,99.97942302778856,1.1146682739257812,2.4166839718818665,3,0,1,19725.5,1.965,A Road,A Road,other_urban,urban_a_road,Collapsed Dual Carriageway,A452,False,False,False,True,False,False,Urban,Urban: Nearer to a major town or city,False,False,,-1.766888813076658,52.51311461093785,2026-07-04T12:45:06+00:00,data/models/risk_scores.parquet,0.1.0,E01010120,LSOA2021,England,IoD 2025,within,0.0,3,3,2,1,0,0,3.0,0.0,1137.5259127569223,0.004381784367001777
EC59164C-B625-44D6-8B5D-1788AAC0A825,69,99.99720354146798,other_urban,family,814,risk_percentile,99.97937228309752,1.1141130030155182,2.3542463421821593,17,1,3,20990.2,0.171,A Road,A Road,other_urban,urban_a_road,Collapsed Dual Carriageway,A4540,False,False,True,True,False,False,Urban,Urban: Nearer to a major town or city,False,False,,-1.8847811268048047,52.48846422019854,2026-07-04T12:45:06+00:00,data/models/risk_scores.parquet,0.1.0,E01033561,LSOA2021,England,IoD 2025,within,0.0,3,4,6,1,0,0,3.5,0.0,2015.1488813835635,1.5913005237086222
A4C1E2D6-C0FB-4D11-9001-B1161FA252CC,70,99.99716241707782,other_urban,family,816,risk_percentile,99.9793215384065,1.113419485092163,2.4473173141479494,15,0,5,16395.0,2.013,A Road,A Road,other_urban,urban_a_road,Collapsed Dual Carriageway,A557,False,False,True,True,False,False,Urban,Urban: Nearer to a major town or city,False,False,,-2.718662110166695,53.373889157183,2026-07-04T12:45:06+00:00,data/models/risk_scores.parquet,0.1.0,E01012368,LSOA2021,England,IoD 2025,within,0.0,4,4,3,1,0,0,3.0,0.0,8913.730964669643,0.012450255147583347
319F25CE-5A71-439F-B7D9-54E27B780A87,71,99.99712129268762,other_urban,family,817,risk_percentile,99.97929616606098,1.1121643006801605,2.579293060302734,8,1,0,19396.3,0.179,A Road,A Road,other_urban,urban_a_road,Single Carriageway,A425,False,False,False,False,False,False,Urban,Urban: Nearer to a major town or city,False,False,,-1.5354192223234895,52.28408044590025,2026-07-04T12:45:06+00:00,data/models/risk_scores.parquet,0.1.0,E01031261,LSOA2021,England,IoD 2025,within,0.0,3,4,5,1,0,0,3.5,0.0,5960.036440377715,0.9563600512174615
86B9AE18-7D96-4AC5-9A9F-1FA9E5A6AB91,72,99.99708016829746,other_urban,family,825,risk_percentile,99.97909318729687,1.1083041369915008,1.0234361350536347,7,0,4,5361.5,4.355,A Road,A Road,other_urban,urban_a_road,Single Carriageway,A635,False,False,False,False,False,False,Urban,Urban: Nearer to a major town or city,False,False,,-1.9540047961003517,53.549390135142474,2026-07-04T12:45:06+00:00,data/models/risk_scores.parquet,0.1.0,E01005409,LSOA2021,England,IoD 2025,within,0.0,7,8,9,1,0,0,2.5,0.0,12.850659069048657,0.27880500905429073
0031F520-430F-4D41-8149-A2EC2BF26F93,73,99.99703904390728,other_urban,family,827,risk_percentile,99.97904244260585,1.1063900947570802,3.3151740550994875,10,0,1,25743.0,1.156,A Road,A Road,other_urban,urban_a_road,Collapsed Dual Carriageway,A66,False,False,True,True,False,False,Urban,Urban: Nearer to a major town or city,False,False,,-1.166732234687278,54.5792949912532,2026-07-04T12:45:06+00:00,data/models/risk_scores.parquet,0.1.0,E01012170,LSOA2021,England,IoD 2025,within,0.0,1,1,1,1,0,0,3.0,0.0,256.14323600782444,0.06898984710616586
3EBB5154-53BF-4FB5-A196-4D15F555DBA9,74,99.9969979195171,other_urban,family,829,risk_percentile,99.97899169791482,1.1051753759384155,2.4531835675239564,8,1,3,16426.9,2.158,A Road,A Road,other_urban,urban_a_road,Collapsed Dual Carriageway,A449,False,False,True,True,False,False,Urban,Urban: Nearer to a major town or city,False,False,,-2.1749121656067607,52.217814989400516,2026-07-04T12:45:06+00:00,data/models/risk_scores.parquet,0.1.0,E01032330,LSOA2021,England,IoD 2025,within,0.0,6,6,7,1,0,0,3.0,0.0,224.7866170310739,0.12466719032711009
16A35FC8-65F6-4FEA-B2A1-1F80B4BE2920,75,99.99693623293183,other_urban,family,830,risk_percentile,99.97895363939655,1.1050175845623016,2.1482960104942324,7,0,2,22501.4,0.238,A Road,A Road,other_urban,urban_a_road,Collapsed Dual Carriageway,A6102,False,False,True,True,False,False,Urban,Urban: Nearer to a major town or city,False,False,,-1.411826433366721,53.37936621901875,2026-07-04T12:45:06+00:00,data/models/risk_scores.parquet,0.1.0,E01008014,LSOA2021,England,IoD 2025,within,0.0,2,1,2,1,0,0,3.5,0.0,4122.069507972856,1.073740192000068
29ABD25D-7AA0-4D66-A85D-C1E6208CD8B9,76,99.99693623293183,other_urban,family,831,risk_percentile,99.97895363939655,1.1050175845623016,2.14827721118927,10,1,1,22501.4,0.238,A Road,A Road,other_urban,urban_a_road,Collapsed Dual Carriageway,A6102,False,False,True,True,False,False,Urban,Urban: Nearer to a major town or city,False,False,,-1.4131580473615952,53.37739848975267,2026-07-04T12:45:06+00:00,data/models/risk_scores.parquet,0.1.0,E01008014,LSOA2021,England,IoD 2025,within,0.0,2,1,2,1,0,0,3.5,0.0,4122.069507972856,1.074238005338353
FB11BB09-3034-4046-ABB0-E1980F598ACA,77,99.99687454634658,other_urban,family,832,risk_percentile,99.97891558087828,1.1046707034111023,2.370568883419037,9,0,1,19634.6,0.18,A Road,A Road,other_urban,urban_a_road,Single Carriageway,A34,False,False,True,False,False,False,Urban,Urban: Nearer to a major town or city,False,False,,-1.90132379656376,52.515942408146245,2026-07-04T12:45:06+00:00,data/models/risk_scores.parquet,0.1.0,E01009051,LSOA2021,England,IoD 2025,within,0.0,1,1,1,1,0,0,3.5,0.0,3473.4401882269567,1.958763509923299
903A6F71-6F14-4C5A-9C21-4FC7FE00BEF3,78,99.9968334219564,other_urban,family,833,risk_percentile,99.97889020853276,1.1033860981464385,5.472902584075928,3,0,1,12769.7,0.983,B Road,B Road,other_urban,urban_b_road,Single Carriageway,B5155,False,False,False,False,False,False,Urban,Urban: Nearer to a major town or city,False,False,,-2.7152865275324034,53.33224475483482,2026-07-04T12:45:06+00:00,data/models/risk_scores.parquet,0.1.0,E01012402,LSOA2021,England,IoD 2025,within,0.0,1,1,1,1,0,0,3.5,0.293,5517.560434956765,1.5864504163889284
D9629065-15DB-45D7-AA29-DE363B45AABB,79,99.99679229756622,other_urban,family,836,risk_percentile,99.97881409149623,1.0998758912086486,2.977954602241516,11,0,2,13099.5,1.914,A Road,A Road,other_urban,urban_a_road,Collapsed Dual Carriageway,A580,False,False,True,True,False,False,Urban,Urban: Nearer to a major town or city,False,False,,-2.4602435600871284,53.49441604855561,2026-07-04T12:45:06+00:00,data/models/risk_scores.parquet,0.1.0,E01006251,LSOA2021,England,IoD 2025,within,0.0,7,9,9,1,0,0,3.5,0.0,344.304201376783,0.4439343177376248
8BF3AEAB-55AA-4402-9677-D4D8394C59B2,80,99.99675117317605,other_urban,family,837,risk_percentile,99.97878871915071,1.098086452484131,4.035516738891602,5,0,1,23605.2,0.706,A Road,A Road,other_urban,urban_a_road,Single Carriageway,A619,False,False,True,False,False,False,Urban,Urban: Nearer to a major town or city,False,False,,-1.3232453456696869,53.27381224119558,2026-07-04T12:45:06+00:00,data/models/risk_scores.parquet,0.1.0,E01019563,LSOA2021,England,IoD 2025,within,0.0,1,1,1,1,0,0,3.5,0.0,191.21354108827978,0.9461231522922193
945E4BFA-DF7B-43CA-BA1D-78FF779DB64D,81,99.99671004878586,other_urban,family,842,risk_percentile,99.97866185742315,1.0946102559566497,3.3891411781311036,1,0,0,23519.1,1.624,A Road,A Road,other_urban,urban_a_road,Collapsed Dual Carriageway,A6120,False,False,True,True,False,False,Urban,Urban: Nearer to a major town or city,False,True,sparse collision history,-1.4365608268345786,53.824018118154775,2026-07-04T12:45:06+00:00,data/models/risk_scores.parquet,0.1.0,E01011722,LSOA2021,England,IoD 2025,within,0.0,3,3,3,1,0,0,3.0,0.0,3439.255482667955,0.23637847000622383
776CDB34-A688-46C0-BC09-140CC6953D27,82,99.99666892439568,other_urban,family,846,risk_percentile,99.97856036804109,1.0909320771694184,2.3024747490882875,27,2,4,18487.6,0.187,A Road,A Road,other_urban,urban_a_road,Single Carriageway,A41,False,False,True,False,False,False,Urban,Urban: Nearer to a major town or city,False,False,,-1.9200548466165623,52.49923754104443,2026-07-04T12:45:06+00:00,data/models/risk_scores.parquet,0.1.0,E01009355,LSOA2021,England,IoD 2025,within,0.0,1,1,1,1,0,0,3.5,0.0,4121.045543455022,0.6166411297312075
72D7C68D-3307-4B02-9951-D6C5C83B15DB,83,99.99662780000551,other_urban,family,851,risk_percentile,99.97843350631352,1.0851583242416383,3.2355217218399046,7,0,2,30752.7,0.525,A Road,A Road,other_urban,urban_a_road,Collapsed Dual Carriageway,A444,False,False,True,True,False,False,Urban,Urban: Nearer to a major town or city,False,False,,-1.4898601697481695,52.43354327868094,2026-07-04T12:45:06+00:00,data/models/risk_scores.parquet,0.1.0,E01009567,LSOA2021,England,IoD 2025,within,0.0,1,1,1,1,0,0,3.0,0.0,2267.9746277717427,1.4188542114816127
B146566D-EB16-4AA6-BDE6-B3A86E830836,84,99.99658667561533,other_urban,family,855,risk_percentile,99.97833201693147,1.0810341209173202,1.9922349572181701,11,1,1,16672.9,1.714,A Road,A Road,other_urban,urban_a_road,Single Carriageway,A579,False,False,True,False,False,False,Urban,Urban: Nearer to a major town or city,False,False,,-2.517514398707316,53.51161583948478,2026-07-04T12:45:06+00:00,data/models/risk_scores.parquet,0.1.0,E01006337,LSOA2021,England,IoD 2025,within,0.0,5,6,4,1,0,0,2.0,0.0,2222.683584058239,0.08485545631925277
A85FBAE0-DC6C-455E-8D29-8D14F2F4F8C7,85,99.99654555122515,other_urban,family,856,risk_percentile,99.97830664458596,1.0809559285640717,2.7388099908828734,9,1,1,12740.7,1.964,A Road,A Road,other_urban,urban_a_road,Single Carriageway,A460,False,False,True,False,False,False,Urban,Urban: Nearer to a major town or city,False,False,,-1.9764226357336323,52.72693344965695,2026-07-04T12:45:06+00:00,data/models/risk_scores.parquet,0.1.0,E01029388,LSOA2021,England,IoD 2025,within,0.0,3,3,2,1,0,0,3.5,0.0,43.71303479749547,0.37255511870236535
61ECC257-B81F-4B78-8D99-1633DAB68D12,86,99.99650442683497,other_urban,family,857,risk_percentile,99.97828127224044,1.0807374477386475,3.658642554283142,1,0,0,26861.7,0.683,A Road,A Road,other_urban,urban_a_road,Single Carriageway,A628,False,False,True,False,False,False,Urban,Urban: Nearer to a major town or city,False,True,sparse collision history,-1.3474830991647802,53.603617609081454,2026-07-04T12:45:06+00:00,data/models/risk_scores.parquet,0.1.0,E01011864,LSOA2021,England,IoD 2025,within,0.0,1,1,1,1,0,0,3.0,0.0,143.1576799413014,1.1720054797755097
31B0E4C9-E1E0-491E-A018-C4AE32B90B64,87,99.99646330244481,other_urban,family,860,risk_percentile,99.97820515520391,1.0759584665298463,2.4033188700675963,13,0,3,16966.9,1.966,A Road,A Road,other_urban,urban_a_road,Collapsed Dual Carriageway,A580,False,False,True,True,False,False,Urban,Urban: Nearer to a major town or city,False,False,,-2.7045394543921297,53.472690936550386,2026-07-04T12:45:06+00:00,data/models/risk_scores.parquet,0.1.0,E01006803,LSOA2021,England,IoD 2025,within,0.0,8,9,7,1,0,0,3.0,0.0,208.840548049308,0.27805074974559546
8BF15733-0EE7-40A6-815F-EAFA6EDFE53B,88,99.99642217805462,other_urban,family,863,risk_percentile,99.97812903816737,1.0744056701660156,2.609607481956482,5,0,0,20875.3,0.158,A Road,A Road,other_urban,urban_a_road,Single Carriageway,A5111,False,False,True,False,False,False,Urban,Urban: Nearer to a major town or city,False,False,,-1.4825652485366105,52.89912422712659,2026-07-04T12:45:06+00:00,data/models/risk_scores.parquet,0.1.0,E01013571,LSOA2021,England,IoD 2025,within,0.0,1,1,2,1,0,0,3.5,0.0,3906.0509599991847,0.33752721600288493
D40A2D42-B928-4F63-8157-D6119D1DF895,89,99.99638105366445,other_urban,family,867,risk_percentile,99.9780275487853,1.0720866918563843,3.2444912672042845,14,1,2,29806.8,0.556,A Road,A Road,other_urban,urban_a_road,Collapsed Dual Carriageway,A45,False,False,True,True,False,False,Urban,Urban: Nearer to a major town or city,False,False,,-1.8153120444092006,52.461916529505146,2026-07-04T12:45:06+00:00,data/models/risk_scores.parquet,0.1.0,E01008887,LSOA2021,England,IoD 2025,within,0.0,1,1,1,1,0,0,3.0,0.0,3693.8525006954283,1.200021065585767
BC826EB5-CAD1-45F4-96BA-476A72B2E190,90,99.99633992927427,other_urban,family,868,risk_percentile,99.9780021764398,1.0717036247253418,2.871305251121521,16,1,4,24027.0,0.808,A Road,A Road,other_urban,urban_a_road,Collapsed Dual Carriageway,A38,False,False,True,True,False,False,Urban,Urban: Nearer to a major town or city,False,False,,-1.7897508616532871,52.52507744744158,2026-07-04T12:45:06+00:00,data/models/risk_scores.parquet,0.1.0,E01009096,LSOA2021,England,IoD 2025,within,0.0,1,1,1,1,0,0,3.0,0.0,3059.2911425890766,0.6649779525854173
C744C753-3A13-4EF4-AFD0-D9010CB5B178,91,99.9962988048841,other_urban,family,869,risk_percentile,99.97797680409428,1.0713113367557525,1.8855992555618286,16,0,3,11006.5,2.334,A Road,A Road,other_urban,urban_a_road,Single Carriageway,A16,False,False,True,False,False,False,Urban,Urban: Nearer to a major town or city,False,False,,-0.07170749808714677,53.54345717476393,2026-07-04T12:45:06+00:00,data/models/risk_scores.parquet,0.1.0,E01013170,LSOA2021,England,IoD 2025,within,0.0,8,8,7,1,0,0,3.0,0.0,153.14069025792512,0.024058396300368885
98C9C414-9E40-49C4-8EDF-9A14B8E47B97,92,99.99625768049391,other_urban,family,871,risk_percentile,99.97792605940326,1.07090904712677,3.3372063636779785,9,0,2,26487.9,0.098,A Road,A Road,other_urban,urban_a_road,Single Carriageway,A660,False,False,True,False,False,False,Urban,Urban: Nearer to a major town or city,False,False,,-1.5631056135543269,53.81530770989061,2026-07-04T12:45:06+00:00,data/models/risk_scores.parquet,0.1.0,E01011443,LSOA2021,England,IoD 2025,within,0.0,8,9,10,1,0,0,3.5,0.0,13759.414274454472,0.15139916296579825
AA8C226C-C02E-4092-8F75-B7A107871418,93,99.99621655610375,other_urban,family,876,risk_percentile,99.9777991976757,1.0661642730236054,2.339560067653656,4,0,2,24449.1,0.18,A Road,A Road,other_urban,urban_a_road,Collapsed Dual Carriageway,A6102,False,False,True,True,False,False,Urban,Urban: Nearer to a major town or city,False,False,,-1.4168939375209684,53.37382367436912,2026-07-04T12:45:06+00:00,data/models/risk_scores.parquet,0.1.0,E01008017,LSOA2021,England,IoD 2025,within,0.0,1,1,1,1,0,0,3.5,0.0,1684.3275337348982,1.0752276572308261
6C3CA61E-5D0E-411C-BDEF-6EFC50C2F912,94,99.99617543171357,other_urban,family,881,risk_percentile,99.97767233594811,1.0619168519973754,2.989061975479126,13,0,3,24395.1,0.944,A Road,A Road,other_urban,urban_a_road,Single Carriageway,A563,False,False,True,False,False,False,Urban,Urban: Nearer to a major town or city,False,False,,-1.1602893546649928,52.66494512120986,2026-07-04T12:45:06+00:00,data/models/risk_scores.parquet,0.1.0,E01013619,LSOA2021,England,IoD 2025,within,0.0,1,1,1,1,0,0,2.5,0.0,1185.9825699215012,0.04309504511206025
2CB86A8A-5493-48FD-9533-8A73A3143F5A,95,99.99613430732339,other_urban,family,887,risk_percentile,99.97752010187504,1.0591939389705658,2.9225425720214844,7,1,2,23634.7,1.276,A Road,A Road,other_urban,urban_a_road,Collapsed Dual Carriageway,A61,False,False,True,True,False,False,Urban,Urban: Nearer to a major town or city,False,False,,-1.4354179940074556,53.26579229722774,2026-07-04T12:45:06+00:00,data/models/risk_scores.parquet,0.1.0,E01019542,LSOA2021,England,IoD 2025,within,0.0,2,2,1,1,0,0,3.0,0.0,756.8350063229774,1.5366222822094142
93FF8094-06B0-452D-A654-1711935AF918,96,99.99609318293321,other_urban,family,889,risk_percentile,99.977469357184,1.05880805850029,3.6541081428527833,27,0,3,26420.3,0.063,A Road,A Road,other_urban,urban_a_road,Single Carriageway,A660,False,False,True,False,False,False,Urban,Urban: Nearer to a major town or city,False,False,,-1.5620824967389466,53.814918346626825,2026-07-04T12:45:06+00:00,data/models/risk_scores.parquet,0.1.0,E01011443,LSOA2021,England,IoD 2025,within,0.0,8,9,10,1,0,0,4.0,0.0,13759.414274454472,0.15272802710544084
4ED7F9BC-3C0C-4CF2-A6B8-732DF1C97939,97,99.99605205854304,other_urban,family,892,risk_percentile,99.97739324014748,1.0572218656539918,2.768013858795166,14,0,2,27528.0,0.579,A Road,A Road,other_urban,urban_a_road,Collapsed Dual Carriageway,A4252,False,False,False,True,False,False,Urban,Urban: Nearer to a major town or city,False,False,,-1.9774094225085892,52.503188880551576,2026-07-04T12:45:06+00:00,data/models/risk_scores.parquet,0.1.0,E01010053,LSOA2021,England,IoD 2025,within,0.0,1,1,2,1,0,0,3.0,0.0,1540.196052617396,1.968540742449763
3EA47283-4C04-430F-B33F-FBEDA8E051E7,98,99.99601093415286,other_urban,family,894,risk_percentile,99.97734249545644,1.0553097426891327,2.192593884468079,6,0,2,18771.2,1.781,A Road,A Road,other_urban,urban_a_road,Collapsed Dual Carriageway,A34,False,False,True,True,False,False,Urban,Urban: Nearer to a major town or city,False,False,,-2.2048591637113097,53.33991055314548,2026-07-04T12:45:06+00:00,data/models/risk_scores.parquet,0.1.0,E01018593,LSOA2021,England,IoD 2025,within,0.0,9,8,8,1,0,0,3.0,0.0,1988.0064589208164,0.3199879016981291
2CBDCF90-33BB-453C-A029-CEB08D29D8E0,99,99.99596980976268,other_urban,family,897,risk_percentile,99.9772663784199,1.0532932102680206,3.5480284690856934,0,0,0,23416.6,1.224,A Road,A Road,other_urban,urban_a_road,Collapsed Dual Carriageway,A1290,False,False,False,True,False,False,Urban,Urban: Nearer to a major town or city,False,True,sparse collision history,-1.416689686620605,54.91920811648665,2026-07-04T12:45:06+00:00,data/models/risk_scores.parquet,0.1.0,E01034514,LSOA2021,England,IoD 2025,within,0.0,1,1,1,1,0,0,3.5,0.0,340.97462057784924,0.12924459632921353
65C78240-67A4-4555-AAAF-25F4D6F717A2,100,99.9959286853725,other_urban,family,911,risk_percentile,99.97691116558272,1.043645191192627,2.7915178775787353,7,0,2,21211.5,0.217,A Road,A Road,other_urban,urban_a_road,Single Carriageway,A665,False,False,True,False,False,False,Urban,Urban: Nearer to a major town or city,False,False,,-2.2380118747436364,53.496410247631594,2026-07-04T12:45:06+00:00,data/models/risk_scores.parquet,0.1.0,E01005147,LSOA2021,England,IoD 2025,within,0.0,1,1,2,1,0,0,3.5,0.0,769.9702696018765,0.7603526635987533
E1AC0C71-21A6-4F45-ACAD-7A3C4E0EF99F,1,100.0,trunk_a,family,116,risk_percentile,99.99708218026595,4.840457153320313,3.161224102973938,29,2,10,9596.9,9.05,A Road,A Road,trunk_a,trunk_a,Collapsed Dual Carriageway,A14,False,True,True,True,False,False,Rural,Smaller rural: Nearer to a major town or city,False,False,,-1.1017939886858348,52.39482176056914,2026-07-04T12:45:06+00:00,data/models/risk_scores.parquet,0.1.0,E01027030,LSOA2021,England,IoD 2025,within,0.0,6,8,9,1,0,0,3.0,0.0,11.19646265193922,0.9161476689784457
5A06A2A0-3648-46B2-B91E-D5F8EA000B77,2,99.99671743697479,trunk_a,family,125,risk_percentile,99.99685382915632,4.655582618713379,3.61537344455719,15,0,5,13529.3,7.167,A Road,A Road,trunk_a,trunk_a,Collapsed Dual Carriageway,A42,False,True,True,True,False,False,Rural,Smaller rural: Nearer to a major town or city,False,False,,-1.4123018226552835,52.78067870344311,2026-07-04T12:45:06+00:00,data/models/risk_scores.parquet,0.1.0,E01025963,LSOA2021,England,IoD 2025,within,0.0,6,7,7,1,0,0,3.0,0.0,94.10138771088481,0.44343844547900085
65BA14C9-05CF-4ED8-AB6E-F76B69344D16,3,99.99343487394958,trunk_a,family,130,risk_percentile,99.99672696742876,4.558373546600341,3.853538250923157,35,2,9,17878.6,6.488,A Road,A Road,trunk_a,trunk_a,Collapsed Dual Carriageway,A38,False,True,True,True,False,False,Urban,Urban: Nearer to a major town or city,False,False,,-1.6476205063386942,52.815667093926216,2026-07-04T12:45:06+00:00,data/models/risk_scores.parquet,0.1.0,E01029446,LSOA2021,England,IoD 2025,within,0.0,6,5,6,1,0,0,3.0,0.0,2561.718522433502,2.1472894924626296
AF5910F7-72AB-4D30-99E8-3FAF54587147,4,99.99015231092437,trunk_a,family,140,risk_percentile,99.99647324397363,4.373553276062012,3.723685312271118,24,1,11,14990.6,6.75,A Road,A Road,trunk_a,trunk_a,Collapsed Dual Carriageway,A46,False,True,True,True,False,False,Rural,Larger rural: Nearer to a major town or city,False,False,,-1.913142458895188,52.138257594979564,2026-07-04T12:45:06+00:00,data/models/risk_scores.parquet,0.1.0,E01032388,LSOA2021,England,IoD 2025,within,0.0,7,8,7,1,0,0,3.0,0.0,173.56717302928243,1.0443836331989094
980A4752-91AD-4B78-8D85-FC7BC10F4106,5,99.98686974789915,trunk_a,family,142,risk_percentile,99.9964224992826,4.36696355342865,3.6345075130462647,39,2,4,17666.8,6.14,A Road,A Road,trunk_a,trunk_a,Collapsed Dual Carriageway,A38,False,True,True,True,False,False,Rural,Smaller rural: Nearer to a major town or city,False,False,,-1.438285284986647,53.02745133006544,2026-07-04T12:45:06+00:00,data/models/risk_scores.parquet,0.1.0,E01019448,LSOA2021,England,IoD 2025,within,0.0,8,7,8,1,0,0,3.0,0.0,146.54828039098976,1.9062769632255678
34BADB00-8728-4B0B-B6F6-B9B345697BFB,6,99.98358718487394,trunk_a,family,144,risk_percentile,99.99637175459158,4.361387491226196,3.985095167160034,62,0,16,18922.0,2.097,A Road,A Road,trunk_a,trunk_a,Collapsed Dual Carriageway,A1,False,True,True,True,False,False,Rural,Larger rural: Nearer to a major town or city,False,False,,-1.2370830174236755,53.62566208294766,2026-07-04T12:45:06+00:00,data/models/risk_scores.parquet,0.1.0,E01011856,LSOA2021,England,IoD 2025,within,0.0,2,4,2,1,0,0,3.0,0.0,109.31358564854114,3.2478812430011965
3A4AC0CF-7824-4005-8DD7-B56E117DB95E,7,99.98030462184873,trunk_a,family,160,risk_percentile,99.99596579706336,4.09398250579834,3.3100319385528563,19,0,7,14052.0,6.433,A Road,A Road,trunk_a,trunk_a,Collapsed Dual Carriageway,A19,False,True,True,True,False,False,Urban,Urban: Nearer to a major town or city,False,False,,-1.297720491751429,54.497405151151554,2026-07-04T12:45:06+00:00,data/models/risk_scores.parquet,0.1.0,E01012233,LSOA2021,England,IoD 2025,within,0.0,9,9,10,1,0,0,3.0,0.0,68.73137664812975,1.851628582722027
CE9DB154-EF72-4841-BE95-61741E93D84F,8,99.97702205882352,trunk_a,family,165,risk_percentile,99.9958389353358,3.938822555541992,3.168508219718933,40,5,12,9940.3,7.408,A Road,A Road,trunk_a,trunk_a,Collapsed Dual Carriageway,A14,False,True,True,True,False,False,Rural,Smaller rural: Nearer to a major town or city,False,False,,-0.9750175560467031,52.402617646628244,2026-07-04T12:45:06+00:00,data/models/risk_scores.parquet,0.1.0,E01027005,LSOA2021,England,IoD 2025,within,0.0,7,9,10,1,0,0,3.0,0.0,24.37317763635014,1.1793057565486889
6EE4A050-5EED-45D1-847E-3F6CD0D237C2,9,99.97373949579831,trunk_a,family,167,risk_percentile,99.99578819064476,3.930841016769409,2.3867768168449404,43,3,10,10739.5,6.793,A Road,A Road,trunk_a,trunk_a,Collapsed Dual Carriageway,A14,False,True,True,True,False,False,Rural,Larger rural: Nearer to a major town or city,False,False,,0.3540310034296775,52.24687694852664,2026-07-04T12:45:06+00:00,data/models/risk_scores.parquet,0.1.0,E01018013,LSOA2021,England,IoD 2025,within,0.0,9,9,9,1,0,0,3.0,0.0,105.94497691141193,0.035542667255665426
7D0B0A92-F0E3-4E6C-B54F-9B07CB98C51D,10,99.97045693277312,trunk_a,family,186,risk_percentile,99.99530611608,3.587279438972473,2.30053448677063,24,2,6,9679.2,5.857,A Road,A Road,trunk_a,trunk_a,Collapsed Dual Carriageway,A14,False,True,True,True,False,False,Rural,Smaller rural: Nearer to a major town or city,False,False,,0.26360307112458753,52.21464263479652,2026-07-04T12:45:06+00:00,data/models/risk_scores.parquet,0.1.0,E01018011,LSOA2021,England,IoD 2025,within,0.0,8,9,9,1,0,0,3.0,0.0,46.29377826892581,1.2053776920501782
C608C14B-5436-4C0E-9C8B-7D252640B1C5,11,99.96717436974791,trunk_a,family,191,risk_percentile,99.99517925435244,3.487379550933838,2.5444739818573,14,1,5,13909.6,5.733,A Road,A Road,trunk_a,trunk_a,Collapsed Dual Carriageway,A483,False,True,True,True,False,False,Rural,Smaller rural: Nearer to a major town or city,False,False,,-2.9409600091063086,53.13381869027175,2026-07-04T12:45:06+00:00,data/models/risk_scores.parquet,0.1.0,E01018335,LSOA2021,England,IoD 2025,within,0.0,7,6,5,1,0,0,3.0,0.0,84.56357351692559,0.6712961764977143
149FB3AA-24D0-437C-AF49-744AF495CB97,12,99.9638918067227,trunk_a,family,192,risk_percentile,99.99515388200693,3.4706873893737793,2.334949791431427,22,0,7,9538.6,6.533,A Road,A Road,trunk_a,trunk_a,Collapsed Dual Carriageway,A14,False,True,True,True,False,False,Rural,Larger rural: Nearer to a major town or city,False,False,,-0.8638002052425119,52.40625601445912,2026-07-04T12:45:06+00:00,data/models/risk_scores.parquet,0.1.0,E01032974,LSOA2021,England,IoD 2025,within,0.0,7,8,8,1,0,0,3.0,0.0,13.189617519686829,1.122230232452184
EED25C47-4544-4CE8-9911-4C61EB5B4C6A,13,99.96060924369748,trunk_a,family,195,risk_percentile,99.99507776497039,3.451068949699402,0.9097141623497009,25,2,5,8039.8,8.117,A Road,A Road,trunk_a,trunk_a,Collapsed Dual Carriageway,A1,False,True,True,True,False,False,Rural,Smaller rural: Further from a major town or city,False,False,,-0.8512762232826936,53.19908018882027,2026-07-04T12:45:06+00:00,data/models/risk_scores.parquet,0.1.0,E01028349,LSOA2021,England,IoD 2025,within,0.0,6,9,7,1,0,0,3.0,0.0,39.01673132968137,2.8197464275232282
5D60EEFF-F05C-4615-B4A7-E9E71ED162C5,14,99.95732668067227,trunk_a,family,196,risk_percentile,99.99505239262487,3.4473196029663087,3.7003931999206543,0,0,0,18978.0,5.119,A Road,A Road,trunk_a,trunk_a,Collapsed Dual Carriageway,A1,False,True,True,True,False,False,Urban,Urban: Nearer to a major town or city,False,True,sparse collision history,-1.7063648025040177,55.15170311408984,2026-07-04T12:45:06+00:00,data/models/risk_scores.parquet,0.1.0,E01027455,LSOA2021,England,IoD 2025,within,0.0,10,10,9,1,0,0,3.0,0.0,710.7025117027897,1.6154547651809286
5088ECCF-1253-4615-98B0-B86A78AE9F8A,15,99.95404411764706,trunk_a,family,200,risk_percentile,99.99495090324282,3.388079857826233,2.3194840133190153,35,2,13,5603.1,10.608,A Road,A Road,trunk_a,trunk_a,Collapsed Dual Carriageway,A11,False,True,True,True,False,False,Urban,Urban: Further from a major town or city,False,False,,0.602362041731664,52.36129525578159,2026-07-04T12:45:06+00:00,data/models/risk_scores.parquet,0.1.0,E01034564,LSOA2021,England,IoD 2025,within,0.0,6,10,9,1,0,0,3.0,0.0,7.337020600807444,1.0917597947103317
2656C791-23BE-4E18-B354-C21D0BFDC615,16,99.95076155462185,trunk_a,family,208,risk_percentile,99.99474792447872,3.253100347518921,3.780794620513916,6,1,1,16704.2,4.195,A Road,A Road,trunk_a,trunk_a,Collapsed Dual Carriageway,A14,False,True,True,True,False,False,Rural,Larger rural: Further from a major town or city,False,False,,-0.5903197540119658,52.39050161453716,2026-07-04T12:45:06+00:00,data/models/risk_scores.parquet,0.1.0,E01027078,LSOA2021,England,IoD 2025,within,0.0,5,6,6,1,0,0,3.0,0.0,118.15277996279814,1.1028621008045452
3FACDDB6-13D8-4A24-A971-1B408BC3ECC5,17,99.94747899159664,trunk_a,family,211,risk_percentile,99.99467180744217,3.22730758190155,5.52679123878479,13,2,3,25323.7,3.66,A Road,A Road,trunk_a,trunk_a,Collapsed Dual Carriageway,A174,False,True,True,True,False,False,Urban,Urban: Nearer to a major town or city,False,False,,-1.1482123277334169,54.55125507335735,2026-07-04T12:45:06+00:00,data/models/risk_scores.parquet,0.1.0,E01012112,LSOA2021,England,IoD 2025,within,0.0,1,1,1,1,0,0,3.0,0.0,252.35485317561682,0.09976322499228991
F8C83919-A991-4C0F-980E-148BFB912405,18,99.94419642857143,trunk_a,family,218,risk_percentile,99.99449420102357,3.165967458486557,1.5290539145469666,50,4,14,7183.9,8.549,A Road,A Road,trunk_a,trunk_a,Collapsed Dual Carriageway,A180,False,True,True,True,False,False,Rural,Smaller rural: Nearer to a major town or city,False,False,,-0.3483971959973247,53.601771622763266,2026-07-04T12:45:06+00:00,data/models/risk_scores.parquet,0.1.0,E01013309,LSOA2021,England,IoD 2025,within,0.0,5,6,6,1,0,0,3.0,0.0,26.63626889889992,0.07051137216351494
1EAC12A0-7280-42C7-84ED-993A69D02C8F,19,99.94091386554622,trunk_a,family,222,risk_percentile,99.99439271164152,3.084033173322678,2.610269641876221,41,6,5,10490.1,7.489,A Road,A Road,trunk_a,trunk_a,Collapsed Dual Carriageway,A50,False,True,True,True,False,False,Rural,Smaller rural: Nearer to a major town or city,False,False,,-1.5009432054440817,52.86628851071192,2026-07-04T12:45:06+00:00,data/models/risk_scores.parquet,0.1.0,E01019834,LSOA2021,England,IoD 2025,within,0.0,7,7,7,1,0,0,3.0,0.0,39.71284299972974,0.3330350041685003
FDF6363C-95EA-40F6-9DCF-87DAC74DC92F,20,99.93763130252101,trunk_a,family,223,risk_percentile,99.994367339296,3.0703988790512087,3.747254967689514,42,0,10,17287.3,4.039,A Road,A Road,trunk_a,trunk_a,Collapsed Dual Carriageway,A38,False,True,True,True,False,False,Rural,Smaller rural: Nearer to a major town or city,False,False,,-1.4521232428968909,52.974318525525455,2026-07-04T12:45:06+00:00,data/models/risk_scores.parquet,0.1.0,E01019670,LSOA2021,England,IoD 2025,within,0.0,8,9,8,1,0,0,3.0,0.0,168.41828120764887,2.1091239841809686
63B3AEB7-27BA-45D3-905B-27440A6623FC,21,99.93434873949579,trunk_a,family,234,risk_percentile,99.99408824349536,2.93108971118927,2.734002113342285,21,1,4,11724.3,4.534,A Road,A Road,trunk_a,trunk_a,Collapsed Dual Carriageway,A63,False,True,True,True,False,False,Rural,Larger rural: Nearer to a major town or city,False,False,,-0.635299404647825,53.764590035103595,2026-07-04T12:45:06+00:00,data/models/risk_scores.parquet,0.1.0,E01012969,LSOA2021,England,IoD 2025,within,0.0,7,8,8,1,0,0,3.0,0.0,565.4301319416976,0.19551109273872871
9913B226-31D4-4EC4-BD1F-8133E9268100,22,99.93106617647058,trunk_a,family,235,risk_percentile,99.99406287114985,2.9220641613006593,2.7342682123184203,19,2,5,11223.8,5.063,A Road,A Road,trunk_a,trunk_a,Collapsed Dual Carriageway,A42,False,True,True,True,False,False,Rural,Smaller rural: Nearer to a major town or city,False,False,,-1.520567614731769,52.70919732866358,2026-07-04T12:45:06+00:00,data/models/risk_scores.parquet,0.1.0,E01025954,LSOA2021,England,IoD 2025,within,0.0,6,7,7,1,0,0,3.0,0.0,47.78249419973837,0.14293399577632612
D42ADB91-8839-4B11-8708-E5749D315CC1,23,99.92778361344537,trunk_a,family,237,risk_percentile,99.99401212645881,2.9059197664260865,2.506302332878113,9,0,4,10514.9,5.048,A Road,A Road,trunk_a,trunk_a,Collapsed Dual Carriageway,A42,False,True,True,True,False,False,Rural,Smaller rural: Nearer to a major town or city,False,False,,-1.341016970129659,52.80188325034351,2026-07-04T12:45:06+00:00,data/models/risk_scores.parquet,0.1.0,E01025923,LSOA2021,England,IoD 2025,within,0.0,7,8,8,1,0,0,3.0,0.0,47.936372556706694,0.4429323296226139
207F717C-C2B2-4F2E-B941-B630910E47E6,24,99.92450105042016,trunk_a,family,241,risk_percentile,99.99391063707677,2.8170536160469055,1.3193138778209685,49,3,11,7552.4,11.654,A Road,A Road,trunk_a,trunk_a,Collapsed Dual Carriageway,A50,False,True,True,True,False,False,Rural,Larger rural: Nearer to a major town or city,False,False,,-1.9761724846316786,52.93642629289612,2026-07-04T12:45:06+00:00,data/models/risk_scores.parquet,0.1.0,E01029791,LSOA2021,England,IoD 2025,within,0.0,7,8,8,1,0,0,3.0,0.0,53.25173895969955,0.9263974991020063
423AC19A-2D59-4C16-BF5A-BBFAA1D150B6,25,99.92121848739495,trunk_a,family,244,risk_percentile,99.99383452004022,2.782871866226196,1.8440719962120056,15,1,3,9310.5,5.693,A Road,A Road,trunk_a,trunk_a,Collapsed Dual Carriageway,A14,False,True,True,True,False,False,Rural,Smaller rural: Nearer to a major town or city,False,False,,0.4884184745215439,52.27469444676573,2026-07-04T12:45:06+00:00,data/models/risk_scores.parquet,0.1.0,E01018035,LSOA2021,England,IoD 2025,within,0.0,6,5,6,1,0,0,3.0,0.0,63.602330747862794,0.002069711649801236
2B1D5B22-2A7D-4E53-999E-1260CA043B5A,26,99.91793592436974,trunk_a,family,249,risk_percentile,99.99370765831266,2.6969305276870728,2.2562469720840452,23,2,2,8679.2,5.648,A Road,A Road,trunk_a,trunk_a,Collapsed Dual Carriageway,A14,False,True,True,True,False,False,Rural,Larger rural: Nearer to a major town or city,False,False,,0.9357530192098237,52.21660631363243,2026-07-04T12:45:06+00:00,data/models/risk_scores.parquet,0.1.0,E01030056,LSOA2021,England,IoD 2025,within,0.0,5,6,6,1,0,0,3.0,0.0,44.90388228121558,0.4697339680333394
A5F19EBE-69DB-4E7F-BED6-A4C574F54CB6,27,99.91465336134453,trunk_a,family,251,risk_percentile,99.99365691362162,2.6876316547393797,4.626935720443726,0,0,0,16966.2,4.24,A Road,A Road,trunk_a,trunk_a,Collapsed Dual Carriageway,A421,False,True,True,True,False,False,Rural,Smaller rural: Nearer to a major town or city,False,True,sparse collision history,-0.33206369498197363,52.17470528546015,2026-07-04T12:45:06+00:00,data/models/risk_scores.parquet,0.1.0,E01017542,LSOA2021,England,IoD 2025,within,0.0,4,6,6,1,0,0,3.0,0.0,115.69135266311774,1.130804036397401
2A68556E-890B-47A2-9318-12A0500D58A6,28,99.91137079831933,trunk_a,family,252,risk_percentile,99.9936315412761,2.68539035320282,4.238397455215454,7,0,2,17174.0,4.54,A Road,A Road,trunk_a,trunk_a,Collapsed Dual Carriageway,A5,False,True,True,True,False,False,Urban,Urban: Nearer to a major town or city,False,False,,-0.839500002012477,52.05764067515784,2026-07-04T12:45:06+00:00,data/models/risk_scores.parquet,0.1.0,E01016817,LSOA2021,England,IoD 2025,within,0.0,5,6,5,1,0,0,3.0,0.0,3418.2148337652307,0.47283920765502385
763B2105-C711-45EB-86FB-3B83F6636A56,29,99.90808823529412,trunk_a,family,253,risk_percentile,99.9936061689306,2.6787108898162844,2.397510051727295,12,1,0,16961.8,2.177,A Road,A Road,trunk_a,trunk_a,Collapsed Dual Carriageway,A1,False,True,True,True,False,False,Urban,Urban: Nearer to a major town or city,False,False,,-0.52287452405809,52.664961998341624,2026-07-04T12:45:06+00:00,data/models/risk_scores.parquet,0.1.0,E01026356,LSOA2021,England,IoD 2025,within,0.0,10,9,10,1,0,0,3.0,0.0,1336.2236125567294,2.8663032628766683
3D25BEF7-5F9F-4D48-BFB6-E99850F2F8D5,30,99.9048056722689,trunk_a,family,264,risk_percentile,99.99332707312995,2.595128893852234,1.8188313364982605,27,1,3,8796.4,5.233,A Road,A Road,trunk_a,trunk_a,Collapsed Dual Carriageway,A180,False,True,True,True,False,False,Urban,Urban: Nearer to a major town or city,False,False,,-0.23988758653045897,53.60747576707645,2026-07-04T12:45:06+00:00,data/models/risk_scores.parquet,0.1.0,E01013180,LSOA2021,England,IoD 2025,within,0.0,6,6,5,1,0,0,3.0,0.0,66.39891062301221,0.05211123618383007
36DAE1F2-CE3F-4410-BE51-98B9C5AEE180,31,99.9015231092437,trunk_a,family,267,risk_percentile,99.9932509560934,2.564705014228821,3.7052809238433837,12,1,3,16199.0,4.19,A Road,A Road,trunk_a,trunk_a,Collapsed Dual Carriageway,A47,False,True,True,True,False,False,Rural,Smaller rural: Nearer to a major town or city,False,False,,-0.34800387420266715,52.578144013778804,2026-07-04T12:45:06+00:00,data/models/risk_scores.parquet,0.1.0,E01015627,LSOA2021,England,IoD 2025,within,0.0,7,8,7,1,0,0,3.0,0.0,186.02150931923688,0.8747248213911017
D0C87EF7-58CE-4A6A-AD80-A5320EEBA660,32,99.89824054621849,trunk_a,family,271,risk_percentile,99.99314946671134,2.5207715749740602,2.4143208980560305,0,0,0,11795.6,4.528,A Road,A Road,trunk_a,trunk_a,Collapsed Dual Carriageway,A421,False,True,True,True,False,False,Rural,Larger rural: Nearer to a major town or city,False,True,sparse collision history,-0.5282704880293801,52.08240122843253,2026-07-04T12:45:06+00:00,data/models/risk_scores.parquet,0.1.0,E01034425,LSOA2021,England,IoD 2025,within,0.0,8,8,8,1,0,0,3.0,0.0,80.12822362881172,0.25249365690151104
437C230D-E3A6-470E-AD47-33FAC995AAAA,33,99.89495798319328,trunk_a,family,272,risk_percentile,99.99312409436584,2.5171136617660523,2.397852432727814,11,0,4,13954.7,4.299,A Road,A Road,trunk_a,trunk_a,Collapsed Dual Carriageway,A64,False,True,True,True,False,False,Urban,Urban: Further from a major town or city,False,False,,-0.8061521705682654,54.14077034850568,2026-07-04T12:45:06+00:00,data/models/risk_scores.parquet,0.1.0,E01027786,LSOA2021,England,IoD 2025,within,0.0,10,9,9,1,0,0,3.0,0.0,403.5454331924243,0.3148660724220047
FD41428A-9593-430C-86C5-95852C06283B,34,99.89167542016807,trunk_a,family,273,risk_percentile,99.99309872202032,2.508596420288086,1.276330578327179,9,1,0,7604.4,6.325,A Road,A Road,trunk_a,trunk_a,Collapsed Dual Carriageway,A5,False,True,True,True,False,False,Urban,Urban: Nearer to a major town or city,False,False,,-2.5918383116411157,52.69309800561088,2026-07-04T12:45:06+00:00,data/models/risk_scores.parquet,0.1.0,E01014202,LSOA2021,England,IoD 2025,within,0.0,7,6,7,1,0,0,2.5,0.0,24.583949209488484,0.3696359376642798
57F562BB-1463-473C-8D66-4AB3B3895727,35,99.88839285714286,trunk_a,family,274,risk_percentile,99.99307334967482,2.4926634073257445,2.6902987480163576,3,0,1,12289.1,4.508,A Road,A Road,trunk_a,trunk_a,Collapsed Dual Carriageway,A19,False,True,True,True,False,False,Urban,Urban: Nearer to a major town or city,False,False,,-1.411941841040522,54.85441468262888,2026-07-04T12:45:06+00:00,data/models/risk_scores.parquet,0.1.0,E01008765,LSOA2021,England,IoD 2025,within,0.0,7,8,6,1,0,0,3.0,0.0,80.04251720239701,0.3949129611239446
823296D9-ACE0-4E29-807C-1249C8619928,36,99.88511029411765,trunk_a,family,277,risk_percentile,99.99299723263827,2.4887402772903444,1.6193217873573302,10,1,3,10613.7,2.918,A Road,A Road,trunk_a,trunk_a,Collapsed Dual Carriageway,A1,False,True,True,True,False,False,Rural,Larger rural: Nearer to a major town or city,False,False,,-0.905591023805366,53.24447381631988,2026-07-04T12:45:06+00:00,data/models/risk_scores.parquet,0.1.0,E01028007,LSOA2021,England,IoD 2025,within,0.0,7,8,7,1,0,0,2.5,0.0,74.97602971107634,2.81925208809096
2ED97B7F-256A-4E47-ACA4-2852302E265D,37,99.88182773109243,trunk_a,family,281,risk_percentile,99.99289574325621,2.448191285133362,3.3436529636383057,4,0,1,18170.5,3.747,A Road,A Road,trunk_a,trunk_a,Collapsed Dual Carriageway,A43,False,True,True,True,False,False,Rural,Larger rural: Nearer to a major town or city,False,False,,-1.0136004516958181,52.09709678192232,2026-07-04T12:45:06+00:00,data/models/risk_scores.parquet,0.1.0,E01027295,LSOA2021,England,IoD 2025,within,0.0,9,8,10,1,0,0,3.0,0.0,229.04593744216297,1.0811727101534268
2C749580-9358-4D5D-99F5-DB691C76B52A,38,99.87854516806722,trunk_a,family,282,risk_percentile,99.99287037091071,2.4476582288742064,2.893039608001709,7,0,1,15498.0,3.217,A Road,A Road,trunk_a,trunk_a,Collapsed Dual Carriageway,A14,False,True,True,True,False,False,Urban,Urban: Nearer to a major town or city,False,False,,0.999571275075744,52.19686113260909,2026-07-04T12:45:06+00:00,data/models/risk_scores.parquet,0.1.0,E01030076,LSOA2021,England,IoD 2025,within,0.0,6,6,6,1,0,0,3.0,0.0,1476.3641574743922,0.4580841077325868
2A6BB0C7-8CC4-43DC-85A8-547844C6A96B,39,99.87526260504201,trunk_a,family,286,risk_percentile,99.99276888152865,2.4293649911880495,2.901445174217224,11,1,2,12349.9,4.539,A Road,A Road,trunk_a,trunk_a,Collapsed Dual Carriageway,A64,False,True,True,True,False,False,Urban,Urban: Nearer to a major town or city,False,False,,-1.0332128651636623,53.93516955591562,2026-07-04T12:45:06+00:00,data/models/risk_scores.parquet,0.1.0,E01013378,LSOA2021,England,IoD 2025,within,0.0,9,10,10,1,0,0,3.0,0.0,21.706532491214578,0.3053027887767056
21E03A85-DEB5-451F-B805-0013EEAFD372,40,99.8719800420168,trunk_a,family,288,risk_percentile,99.99271813683762,2.4263105154037476,1.8620473265647888,25,0,4,11756.5,3.291,A Road,A Road,trunk_a,trunk_a,Collapsed Dual Carriageway,A1,False,True,True,True,False,False,Urban,Urban: Nearer to a major town or city,False,False,,-0.7681860665060977,53.06403174020455,2026-07-04T12:45:06+00:00,data/models/risk_scores.parquet,0.1.0,E01028286,LSOA2021,England,IoD 2025,within,0.0,5,4,3,1,0,0,3.0,0.0,48.5580026042103,2.558613823199698
379969BD-6649-412B-9661-3797BD4BCE7D,41,99.86869747899159,trunk_a,family,289,risk_percentile,99.9926927644921,2.411321258544922,2.5450469493865966,19,1,4,11173.4,4.29,A Road,A Road,trunk_a,trunk_a,Collapsed Dual Carriageway,A14,False,True,True,True,False,False,Rural,Smaller rural: Nearer to a major town or city,False,False,,1.0964071522345091,52.12585372566344,2026-07-04T12:45:06+00:00,data/models/risk_scores.parquet,0.1.0,E01030046,LSOA2021,England,IoD 2025,within,0.0,8,9,9,1,0,0,3.0,0.0,72.34044855425564,0.08217146259710816
94AA1E2F-C113-40F4-A2D8-91C18E67C456,42,99.86541491596638,trunk_a,family,294,risk_percentile,99.99256590276454,2.3882638454437255,2.6154404401779177,27,1,8,7920.8,5.175,A Road,A Road,trunk_a,trunk_a,Single Carriageway,A628,False,True,True,False,False,False,Rural,Smaller rural: Nearer to a major town or city,False,False,,-1.752802121982029,53.50208718288284,2026-07-04T12:45:06+00:00,data/models/risk_scores.parquet,0.1.0,E01007426,LSOA2021,England,IoD 2025,within,0.0,6,8,7,1,0,0,3.0,0.0,11.730150688520542,0.9433829212812341
1D5ABAAF-1D73-4BD2-B47B-D874C03DCCEF,43,99.86213235294117,trunk_a,family,295,risk_percentile,99.99254053041902,2.380921149253845,2.2744518399238585,23,3,6,9241.2,5.151,A Road,A Road,trunk_a,trunk_a,Collapsed Dual Carriageway,A590,False,True,True,True,False,False,Rural,Smaller rural: Further from a major town or city,False,False,,-2.74100455831815,54.254300354923636,2026-07-04T12:45:06+00:00,data/models/risk_scores.parquet,0.1.0,E01019383,LSOA2021,England,IoD 2025,within,0.0,9,10,10,1,0,0,3.0,0.0,45.05176133546599,0.006289629411235605
4776E358-BA4D-4948-9DAE-9919EFC64E74,44,99.85884978991596,trunk_a,family,299,risk_percentile,99.99243904103697,2.33639053106308,3.7978811264038086,13,2,2,21873.2,2.024,A Road,A Road,trunk_a,trunk_a,Collapsed Dual Carriageway,A1,False,True,True,True,False,False,Urban,Urban: Further from a major town or city,False,False,,-0.6736251584512026,52.90696126086281,2026-07-04T12:45:06+00:00,data/models/risk_scores.parquet,0.1.0,E01026308,LSOA2021,England,IoD 2025,within,0.0,1,1,1,1,0,0,3.0,0.0,603.3383911064632,0.08502512009754538
2CB0ECD7-C8F1-4C7B-874C-C496FE90F4F4,45,99.85556722689076,trunk_a,family,303,risk_percentile,99.99233755165491,2.2991162300109864,2.847613883018494,12,2,4,11823.5,3.633,A Road,A Road,trunk_a,trunk_a,Collapsed Dual Carriageway,A14,False,True,True,True,False,False,Rural,Smaller rural: Further from a major town or city,False,False,,-0.652504495457998,52.37989481970185,2026-07-04T12:45:06+00:00,data/models/risk_scores.parquet,0.1.0,E01027090,LSOA2021,England,IoD 2025,within,0.0,6,8,7,1,0,0,3.0,0.0,44.0467485243715,0.0466995756411948
C360E145-3D18-4F09-91FC-DC83F5DBFCC0,46,99.85228466386555,trunk_a,family,309,risk_percentile,99.99218531758184,2.265018892288208,2.7963308095932007,34,1,5,18382.7,2.259,A Road,A Road,trunk_a,trunk_a,Collapsed Dual Carriageway,A14,False,True,True,True,False,False,Rural,Larger rural: Nearer to a major town or city,False,False,,0.042942123973239044,52.24809030525939,2026-07-04T12:45:06+00:00,data/models/risk_scores.parquet,0.1.0,E01018237,LSOA2021,England,IoD 2025,within,0.0,8,8,7,1,0,0,3.0,0.0,173.11362217974207,1.9041562941015835
7690F876-035D-46DE-857E-67DC3E721594,47,99.84900210084034,trunk_a,family,313,risk_percentile,99.99208382819978,2.23526816368103,2.5180632710456847,27,1,6,14470.5,3.169,A Road,A Road,trunk_a,trunk_a,Collapsed Dual Carriageway,A38,False,True,True,True,False,False,Rural,Smaller rural: Nearer to a major town or city,False,False,,-1.4086583923891587,53.07490662222379,2026-07-04T12:45:06+00:00,data/models/risk_scores.parquet,0.1.0,E01019477,LSOA2021,England,IoD 2025,within,0.0,7,7,6,1,0,0,3.0,0.0,42.1519359441006,1.9064126421547667
BC721C31-1FED-4E00-BF14-948D1CA05EFA,48,99.84571953781513,trunk_a,family,316,risk_percentile,99.99200771116324,2.2161648273468018,3.0150853872299193,22,2,1,8415.8,4.899,A Road,A Road,trunk_a,trunk_a,Collapsed Dual Carriageway,A50,False,True,True,True,False,False,Rural,Smaller rural: Nearer to a major town or city,False,False,,-1.6667592538301461,52.880274606987854,2026-07-04T12:45:06+00:00,data/models/risk_scores.parquet,0.1.0,E01019866,LSOA2021,England,IoD 2025,within,0.0,5,9,8,1,0,0,3.0,0.0,47.02036484686029,0.3962862919269322
83AFCD43-51C2-4FA0-A77F-08AAFBA378A4,49,99.84243697478992,trunk_a,family,321,risk_percentile,99.99188084943567,2.1871793985366823,3.348453998565674,16,0,4,17928.5,3.49,A Road,A Road,trunk_a,trunk_a,Collapsed Dual Carriageway,A64,False,True,True,True,False,False,Rural,Smaller rural: Nearer to a major town or city,False,False,,-1.2883865394891383,53.87001134734094,2026-07-04T12:45:06+00:00,data/models/risk_scores.parquet,0.1.0,E01027922,LSOA2021,England,IoD 2025,within,0.0,10,10,10,1,0,0,3.0,0.0,23.438062761413885,0.5900675068005995
21DBA0EE-5184-491F-A3C7-5690A82EA9D2,50,99.83915441176471,trunk_a,family,325,risk_percentile,99.99177936005363,2.161309611797333,3.1652183294296266,16,0,7,14459.3,3.774,A Road,A Road,trunk_a,trunk_a,Collapsed Dual Carriageway,A47,False,True,True,True,False,False,Rural,Smaller rural: Nearer to a major town or city,False,False,,1.3517142655509913,52.618510799149824,2026-07-04T12:45:06+00:00,data/models/risk_scores.parquet,0.1.0,E01026929,LSOA2021,England,IoD 2025,within,0.0,8,9,8,1,0,0,3.0,0.0,24.853289571267585,0.4215439090527403
E9883B5D-DADB-450D-A485-429777EF6B98,51,99.8358718487395,trunk_a,family,327,risk_percentile,99.99172861536259,2.158853590488434,3.8850891828536986,0,0,0,15720.7,3.403,A Road,A Road,trunk_a,trunk_a,Collapsed Dual Carriageway,A1,False,True,True,True,False,False,Rural,Smaller rural: Nearer to a major town or city,False,True,sparse collision history,-1.648535717145002,55.0824709536365,2026-07-04T12:45:06+00:00,data/models/risk_scores.parquet,0.1.0,E01027473,LSOA2021,England,IoD 2025,within,0.0,8,10,10,1,0,0,3.0,0.0,10.252548338231648,1.6288820516944353
E0CF7313-50A3-458E-A7E6-6C4AC60F0149,52,99.83258928571429,trunk_a,family,329,risk_percentile,99.99167787067157,2.155435311794281,3.6864426851272585,16,2,4,20878.4,2.938,A Road,A Road,trunk_a,trunk_a,Collapsed Dual Carriageway,A42,False,True,True,True,False,False,Urban,Urban: Nearer to a major town or city,False,False,,-1.4669184551719443,52.73607186169106,2026-07-04T12:45:06+00:00,data/models/risk_scores.parquet,0.1.0,E01025914,LSOA2021,England,IoD 2025,within,0.0,10,10,10,1,0,0,3.0,0.0,409.29472522426585,0.6924589225650291
995E6DB5-5C02-4060-BC39-2E266F664143,53,99.82930672268907,trunk_a,family,331,risk_percentile,99.99162712598054,2.1507059812545775,2.4943119525909423,19,0,4,10875.6,3.064,A Road,A Road,trunk_a,trunk_a,Collapsed Dual Carriageway,A1,False,True,True,True,False,False,Rural,Smaller rural: Nearer to a major town or city,False,False,,-0.8033378203952961,53.1046344549941,2026-07-04T12:45:06+00:00,data/models/risk_scores.parquet,0.1.0,E01028337,LSOA2021,England,IoD 2025,within,0.0,8,10,9,1,0,0,3.0,0.0,27.39553598200175,2.901348110924834
756C7C18-C287-46CB-A8B8-74F7C04E05A2,54,99.82602415966386,trunk_a,family,332,risk_percentile,99.99160175363502,2.1433714270591735,3.096346950531006,11,0,1,10377.8,2.694,A Road,A Road,trunk_a,trunk_a,Collapsed Dual Carriageway,A1,False,True,True,True,False,False,Rural,Smaller rural: Nearer to a major town or city,False,False,,-0.6053094987453228,52.74894139754511,2026-07-04T12:45:06+00:00,data/models/risk_scores.parquet,0.1.0,E01013790,LSOA2021,England,IoD 2025,within,0.0,6,10,10,1,0,0,3.0,0.0,25.60284259102905,2.7334234032412335
EAFBE259-AA2A-430C-911C-792E642388EB,55,99.82274159663865,trunk_a,family,339,risk_percentile,99.99142414721643,2.1238977313041687,3.177735161781311,37,1,3,21723.3,2.941,A Road,A Road,trunk_a,trunk_a,Collapsed Dual Carriageway,A14,False,True,True,True,False,False,Rural,Smaller rural: Nearer to a major town or city,False,False,,1.1651529647285122,52.02624643391293,2026-07-04T12:45:06+00:00,data/models/risk_scores.parquet,0.1.0,E01029879,LSOA2021,England,IoD 2025,nearest_fallback,231.8600108127086,7,7,7,1,0,0,2.5,0.0,34.67666049790137,0.06850624085438517
797DB1F7-59D8-4B3E-9FC1-830B6DD06973,56,99.81945903361344,trunk_a,family,340,risk_percentile,99.99139877487092,2.116562032699585,2.904726767539978,0,0,0,23940.5,3.165,A Road,A Road,trunk_a,trunk_a,Collapsed Dual Carriageway,A5,False,True,True,True,False,False,Urban,Urban: Nearer to a major town or city,False,True,sparse collision history,-0.763969034672033,52.02422027250685,2026-07-04T12:45:06+00:00,data/models/risk_scores.parquet,0.1.0,E01016775,LSOA2021,England,IoD 2025,within,0.0,8,6,7,1,0,0,2.5,0.0,311.0083005813152,0.3997960865447594
D61D8593-6B17-4CB8-993C-1D2DF3FDDB75,57,99.81617647058823,trunk_a,family,341,risk_percentile,99.99137340252541,2.116426932811737,1.9270808100700378,6,2,1,8187.7,5.003,A Road,A Road,trunk_a,trunk_a,Collapsed Dual Carriageway,A46,False,True,True,True,False,False,Rural,Smaller rural: Nearer to a major town or city,False,False,,-1.87949204421176,52.182200776306914,2026-07-04T12:45:06+00:00,data/models/risk_scores.parquet,0.1.0,E01031189,LSOA2021,England,IoD 2025,within,0.0,6,7,6,1,0,0,3.0,0.0,29.55194883500646,0.007805611937074889
ED003DB9-7586-4925-8294-71F4D31F0DFF,58,99.81289390756302,trunk_a,family,347,risk_percentile,99.99122116845233,2.0914180517196654,2.5639058351516724,12,2,3,11107.7,3.981,A Road,A Road,trunk_a,trunk_a,Collapsed Dual Carriageway,A11,False,True,True,True,False,False,Rural,Smaller rural: Nearer to a major town or city,False,False,,0.3034806565701697,52.19888197562777,2026-07-04T12:45:06+00:00,data/models/risk_scores.parquet,0.1.0,E01018011,LSOA2021,England,IoD 2025,within,0.0,8,9,9,1,0,0,3.0,0.0,46.29377826892581,0.8452338431143762
AB259639-FA71-423D-969D-35C8F84E66CC,59,99.80961134453781,trunk_a,family,349,risk_percentile,99.9911704237613,2.079918694496155,3.9608567714691163,12,0,2,11631.7,3.626,A Road,A Road,trunk_a,trunk_a,Collapsed Dual Carriageway,A50,False,True,True,True,False,False,Rural,Smaller rural: Nearer to a major town or city,False,False,,-1.8040454544941849,52.902553976501714,2026-07-04T12:45:06+00:00,data/models/risk_scores.parquet,0.1.0,E01019629,LSOA2021,England,IoD 2025,within,0.0,6,10,10,1,0,0,3.0,0.0,38.7311551940463,0.9097649689943705
945EDCF3-9640-4FF8-A362-9112165A4F5B,60,99.8063287815126,trunk_a,family,351,risk_percentile,99.99111967907027,2.067617654800415,2.2450156807899475,16,0,4,13871.4,3.133,A Road,A Road,trunk_a,trunk_a,Collapsed Dual Carriageway,A14,False,True,True,True,False,False,Rural,Smaller rural: Nearer to a major town or city,False,False,,0.192921439222775,52.21995868697616,2026-07-04T12:45:06+00:00,data/models/risk_scores.parquet,0.1.0,E01018297,LSOA2021,England,IoD 2025,within,0.0,8,7,8,1,0,0,3.0,0.0,63.70414738606304,0.8424880554129135
878633F0-A561-497A-B2D3-B5FE64F00B8C,61,99.8030462184874,trunk_a,family,352,risk_percentile,99.99109430672476,2.064822855591774,3.3318132877349855,18,1,5,21003.0,3.661,A Road,A Road,trunk_a,trunk_a,Collapsed Dual Carriageway,A46,False,True,True,True,False,False,Urban,Urban: Nearer to a major town or city,False,False,,-1.16292128419092,52.68232321652528,2026-07-04T12:45:06+00:00,data/models/risk_scores.parquet,0.1.0,E01013615,LSOA2021,England,IoD 2025,within,0.0,6,5,7,1,0,0,2.5,0.0,1175.4114370628624,0.019615299395582497
6BB8A4EC-34A6-4896-8AE6-88CE317F7BF0,62,99.79976365546219,trunk_a,family,354,risk_percentile,99.99104356203374,2.050659453868866,4.255284547805786,11,3,1,16015.8,3.244,A Road,A Road,trunk_a,trunk_a,Single Carriageway,A45,False,True,True,False,False,False,Urban,Urban: Nearer to a major town or city,False,False,,-0.5638640153631702,52.3445376206714,2026-07-04T12:45:06+00:00,data/models/risk_scores.parquet,0.1.0,E01027054,LSOA2021,England,IoD 2025,within,0.0,7,8,8,1,0,0,3.0,0.0,146.43225449986136,0.38820279796037016
0E9A3EB2-95D7-4E99-B03A-C0F91E34FE1A,63,99.79648109243698,trunk_a,family,356,risk_percentile,99.9909928173427,2.0463016748428347,1.7048145532608032,16,2,4,9697.9,4.692,A Road,A Road,trunk_a,trunk_a,Collapsed Dual Carriageway,A14,False,True,True,True,False,False,Urban,Urban: Nearer to a major town or city,False,False,,1.0514477457824445,52.17028707958378,2026-07-04T12:45:06+00:00,data/models/risk_scores.parquet,0.1.0,E01030081,LSOA2021,England,IoD 2025,within,0.0,6,5,7,1,0,0,3.0,0.0,45.89538047312425,0.45953642402564365
1FB6AD1C-7654-4635-8DE2-79284A563A6B,64,99.79319852941177,trunk_a,family,357,risk_percentile,99.9909674449972,2.0460273146629335,1.9095287561416625,32,2,5,11398.5,3.862,A Road,A Road,trunk_a,trunk_a,Collapsed Dual Carriageway,A55,False,True,True,True,False,False,Rural,Smaller rural: Nearer to a major town or city,False,False,,-2.8817040085362713,53.16290588045357,2026-07-04T12:45:06+00:00,data/models/risk_scores.parquet,0.1.0,E01018335,LSOA2021,England,IoD 2025,within,0.0,7,6,5,1,0,0,3.0,0.0,24.26844782580412,0.009240771567632386
0BF801A4-3809-439A-AE6B-31C9CF3C1A75,65,99.78991596638656,trunk_a,family,359,risk_percentile,99.99091670030616,2.040055787563324,3.533944320678711,29,1,6,18666.5,3.164,A Road,A Road,trunk_a,trunk_a,Collapsed Dual Carriageway,A19,False,True,True,True,False,False,Rural,Smaller rural: Nearer to a major town or city,False,False,,-1.3153796675129346,54.61098164099653,2026-07-04T12:45:06+00:00,data/models/risk_scores.parquet,0.1.0,E01033480,LSOA2021,England,IoD 2025,within,0.0,10,10,10,1,0,0,3.0,0.0,5895.482289134595,0.7707702825350923
69E17F9B-954C-4B16-9160-5AE1573AA216,66,99.78663340336135,trunk_a,family,362,risk_percentile,99.99084058326963,2.032053291797638,4.414814567565918,27,3,4,18071.0,2.497,A Road,A Road,trunk_a,trunk_a,Single Carriageway,A46,False,True,True,False,False,False,Urban,Urban: Nearer to a major town or city,False,False,,-0.829283916595922,53.07552710713121,2026-07-04T12:45:06+00:00,data/models/risk_scores.parquet,0.1.0,E01028311,LSOA2021,England,IoD 2025,within,0.0,1,1,1,1,0,0,3.0,0.0,186.9949149235306,0.06268686533580149
B310B8D6-3B4F-4304-81BD-D4648B4C49E5,67,99.78335084033614,trunk_a,family,364,risk_percentile,99.99078983857859,2.0271753072738647,2.259769082069397,27,1,5,15336.9,3.466,A Road,A Road,trunk_a,trunk_a,Collapsed Dual Carriageway,A47,False,True,True,True,False,False,Urban,Urban: Nearer to a major town or city,False,False,,1.2484385766722257,52.59112218323717,2026-07-04T12:45:06+00:00,data/models/risk_scores.parquet,0.1.0,E01026881,LSOA2021,England,IoD 2025,within,0.0,8,6,6,1,0,0,3.0,0.0,67.50069562635015,0.012602609216938948
9A407898-5FD7-4447-9273-4A2455EA83C5,68,99.78006827731093,trunk_a,family,366,risk_percentile,99.99073909388757,2.015764093399048,2.885439705848694,25,0,3,14750.8,2.487,A Road,A Road,trunk_a,trunk_a,Collapsed Dual Carriageway,A63,False,True,True,True,False,False,Urban,Urban: Nearer to a major town or city,False,False,,-0.3968786885152325,53.724053122627986,2026-07-04T12:45:06+00:00,data/models/risk_scores.parquet,0.1.0,E01012889,LSOA2021,England,IoD 2025,within,0.0,1,1,1,1,0,0,3.0,0.0,226.1665961572295,0.0006758431112378276
774AB85D-5BA5-4E1E-9A87-B2C06DA7CE80,69,99.77678571428571,trunk_a,family,367,risk_percentile,99.99071372154205,2.010843884944916,2.000452733039856,23,0,2,9905.3,4.131,A Road,A Road,trunk_a,trunk_a,Collapsed Dual Carriageway,A63,False,True,True,True,False,False,Urban,Urban: Nearer to a major town or city,False,False,,-0.573024615983075,53.74654136026784,2026-07-04T12:45:06+00:00,data/models/risk_scores.parquet,0.1.0,E01034757,LSOA2021,England,IoD 2025,within,0.0,9,9,9,1,0,0,3.0,0.0,52.34225960283696,0.7071522688840071
6699B15C-2B5E-41CB-BC63-8B1E6B69C9BE,70,99.7735031512605,trunk_a,family,374,risk_percentile,99.99053611512346,1.9864989280700684,4.6017533302307125,0,0,0,28453.7,2.394,A Road,A Road,trunk_a,trunk_a,Collapsed Dual Carriageway,A1,False,True,True,True,False,False,Urban,Urban: Nearer to a major town or city,False,True,sparse collision history,-1.632333991998489,55.049460818231275,2026-07-04T12:45:06+00:00,data/models/risk_scores.parquet,0.1.0,E01008579,LSOA2021,England,IoD 2025,within,0.0,10,10,9,1,0,0,3.0,0.0,2448.9118617733257,1.6330060723742734
82B8E8DF-7B13-41BB-B97F-32DB1D2F5F25,71,99.77022058823529,trunk_a,family,375,risk_percentile,99.99051074277794,1.963280236721039,2.432643973827362,18,0,4,10740.1,3.588,A Road,A Road,trunk_a,trunk_a,Collapsed Dual Carriageway,A47,False,True,True,True,False,False,Rural,Smaller rural: Nearer to a major town or city,False,False,,1.003348177359512,52.681578841362935,2026-07-04T12:45:06+00:00,data/models/risk_scores.parquet,0.1.0,E01026479,LSOA2021,England,IoD 2025,within,0.0,5,6,6,1,0,0,3.0,0.0,38.64149032058998,1.5274040032160914
0454476B-85D7-48C1-A19E-9A92440C30CA,72,99.76693802521008,trunk_a,family,380,risk_percentile,99.99038388105038,1.9526862621307373,2.806501340866089,8,0,5,14224.2,1.847,A Road,A Road,trunk_a,trunk_a,Collapsed Dual Carriageway,A1,False,True,True,True,False,False,Rural,Smaller rural: Further from a major town or city,False,False,,-0.6112030912964387,52.77221504096743,2026-07-04T12:45:06+00:00,data/models/risk_scores.parquet,0.1.0,E01026338,LSOA2021,England,IoD 2025,within,0.0,5,7,6,1,0,0,3.0,0.0,198.66396305232516,2.747030517940965
4925DBAB-6623-437A-BBC1-5B8532844A88,73,99.76365546218487,trunk_a,family,388,risk_percentile,99.99018090228627,1.920261311531067,2.2580212593078612,20,1,2,14249.7,3.205,A Road,A Road,trunk_a,trunk_a,Collapsed Dual Carriageway,A55,False,True,True,True,False,False,Rural,Smaller rural: Nearer to a major town or city,False,False,,-2.942950916478084,53.158889445066926,2026-07-04T12:45:06+00:00,data/models/risk_scores.parquet,0.1.0,E01018335,LSOA2021,England,IoD 2025,within,0.0,7,6,5,1,0,0,3.0,0.0,24.26844782580412,0.37838225876363435
C3897DEE-6B08-4486-9049-260AC97CEF4B,74,99.76037289915966,trunk_a,family,391,risk_percentile,99.99010478524973,1.9035491228103638,2.260494256019592,18,0,6,13610.8,3.313,A Road,A Road,trunk_a,trunk_a,Collapsed Dual Carriageway,A64,False,True,True,True,False,False,Urban,Urban: Nearer to a major town or city,False,False,,-1.019416917274825,53.97421658868064,2026-07-04T12:45:06+00:00,data/models/risk_scores.parquet,0.1.0,E01013419,LSOA2021,England,IoD 2025,within,0.0,8,7,7,1,0,0,3.0,0.0,106.22215568774948,0.05127164719789202
CEDAA153-1D1C-4B81-B92E-D3DBF2CF8F27,75,99.75709033613445,trunk_a,family,394,risk_percentile,99.9900286682132,1.8880350828170775,2.64641797542572,26,1,4,15680.8,2.758,A Road,A Road,trunk_a,trunk_a,Collapsed Dual Carriageway,A63,False,True,True,True,False,False,Rural,Larger rural: Nearer to a major town or city,False,False,,-0.4939502018635122,53.725152627489564,2026-07-04T12:45:06+00:00,data/models/risk_scores.parquet,0.1.0,E01013088,LSOA2021,England,IoD 2025,within,0.0,10,10,10,1,0,0,3.0,0.0,403.2992717268997,0.7071851830936625
53DA59B8-E7A0-4E1B-8765-C49AC27DF783,76,99.75380777310924,trunk_a,family,395,risk_percentile,99.99000329586768,1.8860733270645142,2.5632673263549806,16,1,2,18775.7,1.671,A Road,A Road,trunk_a,trunk_a,Collapsed Dual Carriageway,A1,False,True,True,True,False,False,Urban,Urban: Nearer to a major town or city,False,False,,-0.7786646279811997,53.086572439665524,2026-07-04T12:45:06+00:00,data/models/risk_scores.parquet,0.1.0,E01028304,LSOA2021,England,IoD 2025,within,0.0,3,2,2,1,0,0,3.0,0.0,314.5179167724196,2.5586181327869073
17EF254E-2CE3-4783-9825-8E32B5DF4952,77,99.75052521008404,trunk_a,family,400,risk_percentile,99.98987643414011,1.8790840983390809,4.0744990587234495,16,1,2,22906.6,2.788,A Road,A Road,trunk_a,trunk_a,Collapsed Dual Carriageway,A64,False,True,True,True,False,False,Rural,Larger rural: Nearer to a major town or city,False,False,,-1.0939765048439936,53.927280230929895,2026-07-04T12:45:06+00:00,data/models/risk_scores.parquet,0.1.0,E01013340,LSOA2021,England,IoD 2025,within,0.0,10,10,10,1,0,0,3.0,0.0,221.8942489613686,0.12286466558913874
E91FF4A7-B01A-46B1-A9DC-2BA14EAB3FDD,78,99.74724264705883,trunk_a,family,402,risk_percentile,99.98982568944909,1.876432764530182,2.299380624294281,27,0,6,11513.8,2.089,A Road,A Road,trunk_a,trunk_a,Collapsed Dual Carriageway,A1,False,True,True,True,False,False,Rural,Smaller rural: Further from a major town or city,False,False,,-0.7079078241740508,52.96859672435367,2026-07-04T12:45:06+00:00,data/models/risk_scores.parquet,0.1.0,E01026365,LSOA2021,England,IoD 2025,within,0.0,7,9,8,1,0,0,3.0,0.0,66.930239014617,2.768382477576654
467064F3-5F3D-4D4B-BADE-22E42FED6707,79,99.74396008403362,trunk_a,family,406,risk_percentile,99.98972420006703,1.8659627079963683,2.066925811767578,7,0,1,9792.9,3.487,A Road,A Road,trunk_a,trunk_a,Collapsed Dual Carriageway,A14,False,True,True,True,False,False,Rural,Smaller rural: Nearer to a major town or city,False,False,,-0.04760896918549207,52.28498640801329,2026-07-04T12:45:06+00:00,data/models/risk_scores.parquet,0.1.0,E01018277,LSOA2021,England,IoD 2025,within,0.0,8,9,9,1,0,0,3.0,0.0,22.53896851447161,0.004860084662989386
B98457B7-928C-4A37-9C45-5E1EDD733DF7,80,99.74067752100841,trunk_a,family,407,risk_percentile,99.98969882772151,1.8621381878852845,4.333683943748474,13,1,4,24651.0,2.092,A Road,A Road,trunk_a,trunk_a,Collapsed Dual Carriageway,A38,False,True,True,True,False,False,Urban,Urban: Nearer to a major town or city,False,False,,-1.491244441768688,52.94066825420305,2026-07-04T12:45:06+00:00,data/models/risk_scores.parquet,0.1.0,E01013529,LSOA2021,England,IoD 2025,within,0.0,6,6,7,1,0,0,3.0,0.0,2368.5939992280623,2.2096784426150924
5571DF35-1F56-4AF8-AEBC-E7E32AAADD85,81,99.7373949579832,trunk_a,family,409,risk_percentile,99.98964808303049,1.8603854775428772,2.732740616798401,24,0,3,12629.0,3.091,A Road,A Road,trunk_a,trunk_a,Collapsed Dual Carriageway,A5,False,True,True,True,False,False,Rural,Smaller rural: Nearer to a major town or city,False,False,,-2.7807951205196604,52.68399687304199,2026-07-04T12:45:06+00:00,data/models/risk_scores.parquet,0.1.0,E01028955,LSOA2021,England,IoD 2025,within,0.0,4,5,4,1,0,0,3.0,0.0,97.36957871855076,0.08051633707082949
AF104A1F-13C3-44A1-BAAC-0CEFBD5671B1,82,99.73411239495799,trunk_a,family,414,risk_percentile,99.98952122130292,1.838821578025818,3.8972235202789305,8,1,4,15678.5,2.855,A Road,A Road,trunk_a,trunk_a,Single Carriageway,A616,False,True,True,False,False,False,Urban,Urban: Nearer to a major town or city,False,False,,-1.5975636722427866,53.48746234816151,2026-07-04T12:45:06+00:00,data/models/risk_scores.parquet,0.1.0,E01008144,LSOA2021,England,IoD 2025,within,0.0,6,7,6,1,0,0,3.0,0.0,201.4316586996742,0.37679606488064726
85BEBA2A-B5AB-47BE-A1DD-3B7636ED3073,83,99.73082983193278,trunk_a,family,418,risk_percentile,99.98941973192088,1.8266165494918822,1.944066572189331,7,1,3,11972.2,1.916,A Road,A Road,trunk_a,trunk_a,Collapsed Dual Carriageway,A1,False,True,True,True,False,False,Urban,Urban: Nearer to a major town or city,False,False,,-0.5464865313385592,52.68239888288387,2026-07-04T12:45:06+00:00,data/models/risk_scores.parquet,0.1.0,E01013805,LSOA2021,England,IoD 2025,within,0.0,7,8,6,1,0,0,3.0,0.0,41.15643398051178,2.869209030089504
3884EC2A-94F7-4F25-9594-A795BE6FD5F5,84,99.72754726890757,trunk_a,family,419,risk_percentile,99.98939435957536,1.8241111040115356,6.736959218978882,19,0,4,36485.5,0.928,A Road,A Road,trunk_a,trunk_a,Single Carriageway,A47,False,True,True,False,False,False,Urban,Urban: Further from a major town or city,False,False,,1.71556014604588,52.61188947390357,2026-07-04T12:45:06+00:00,data/models/risk_scores.parquet,0.1.0,E01026635,LSOA2021,England,IoD 2025,nearest_fallback,72.13026542413252,1,1,1,1,0,0,3.0,0.0,326.63371548539664,0.5486870332501332
967F1E70-0ECF-45FB-B4FA-B8CC777E09BF,85,99.72426470588235,trunk_a,family,423,risk_percentile,99.9892928701933,1.8174182534217835,4.020987415313721,10,0,5,23381.3,2.496,A Road,A Road,trunk_a,trunk_a,Collapsed Dual Carriageway,A46,False,True,True,True,False,False,Urban,Urban: Nearer to a major town or city,False,False,,-1.5915867641588362,52.29827402527286,2026-07-04T12:45:06+00:00,data/models/risk_scores.parquet,0.1.0,E01031312,LSOA2021,England,IoD 2025,within,0.0,5,5,4,1,0,0,3.0,0.0,328.6755085648551,0.9442019346658266
39E649AD-D79D-4B9F-8BD1-EFF5661A8E6F,86,99.72098214285714,trunk_a,family,426,risk_percentile,99.98921675315677,1.813838744163513,3.5169634580612184,0,0,0,17331.7,2.987,A Road,A Road,trunk_a,trunk_a,Collapsed Dual Carriageway,A421,False,True,True,True,False,False,Rural,Smaller rural: Nearer to a major town or city,False,True,sparse collision history,-0.4052043420586331,52.139478972456516,2026-07-04T12:45:06+00:00,data/models/risk_scores.parquet,0.1.0,E01017496,LSOA2021,England,IoD 2025,within,0.0,7,8,7,1,0,0,3.0,0.0,89.16800942403918,0.20709161775301277
3F89BBB5-B2F0-4224-A43D-2F287D0FCEC9,87,99.71769957983193,trunk_a,family,427,risk_percentile,99.98919138081125,1.810630774497986,2.772593784332275,14,1,4,14548.6,2.558,A Road,A Road,trunk_a,trunk_a,Collapsed Dual Carriageway,A14,False,True,True,True,False,False,Urban,Urban: Nearer to a major town or city,False,False,,1.2719392774959173,52.01592525990171,2026-07-04T12:45:06+00:00,data/models/risk_scores.parquet,0.1.0,E01030197,LSOA2021,England,IoD 2025,within,0.0,9,10,10,1,0,0,3.0,0.0,36.20002895396894,0.04828166907476798
E1268343-BDB9-4776-9FB6-F9182BFC45DB,88,99.71441701680672,trunk_a,family,431,risk_percentile,99.98908989142919,1.7781200885772706,2.4057687282562257,15,2,0,13450.2,2.843,A Road,A Road,trunk_a,trunk_a,Collapsed Dual Carriageway,A14,False,True,True,True,False,False,Rural,Smaller rural: Nearer to a major town or city,False,False,,1.1001254643985339,52.05143285036254,2026-07-04T12:45:06+00:00,data/models/risk_scores.parquet,0.1.0,E01029879,LSOA2021,England,IoD 2025,within,0.0,7,7,7,1,0,0,3.0,0.0,56.81986579737151,0.12442726351932373
FD3CEE9D-7B79-48EF-8BB5-B5E9AEC099EE,89,99.71113445378151,trunk_a,family,436,risk_percentile,99.98896302970162,1.7530446529388428,3.145080900192261,0,0,0,15848.1,3.102,A Road,A Road,trunk_a,trunk_a,Collapsed Dual Carriageway,A1,False,True,True,True,False,False,Urban,Urban: Nearer to a major town or city,False,True,sparse collision history,-0.26469197696522134,52.080163670819864,2026-07-04T12:45:06+00:00,data/models/risk_scores.parquet,0.1.0,E01017386,LSOA2021,England,IoD 2025,within,0.0,6,6,6,1,0,0,3.0,0.0,441.69740896810697,0.0006560412258653919
92BD6B32-6B5D-4668-AA4A-87D69FC97529,90,99.7078518907563,trunk_a,family,438,risk_percentile,99.9889122850106,1.734596049785614,3.8370986223220824,15,2,5,18655.0,3.029,A Road,A Road,trunk_a,trunk_a,Collapsed Dual Carriageway,A1,False,True,True,True,False,False,Urban,Urban: Nearer to a major town or city,False,False,,-0.29520394353075047,52.22238919594311,2026-07-04T12:45:06+00:00,data/models/risk_scores.parquet,0.1.0,E01018180,LSOA2021,England,IoD 2025,within,0.0,3,3,2,1,0,0,3.0,0.0,9672.384284779671,0.021928514879066986
A464D54F-5A79-43DE-A72B-0C3DE00A3EAF,91,99.7045693277311,trunk_a,family,439,risk_percentile,99.98888691266508,1.7343502283096313,4.8926445007324215,19,0,2,35656.4,0.772,A Road,A Road,trunk_a,trunk_a,Collapsed Dual Carriageway,A19,False,True,True,True,False,False,Urban,Urban: Nearer to a major town or city,False,False,,-1.2705075781838011,54.55582156018868,2026-07-04T12:45:06+00:00,data/models/risk_scores.parquet,0.1.0,E01012011,LSOA2021,England,IoD 2025,within,0.0,1,1,1,1,0,0,3.0,0.0,843.5744521419721,1.793174569626065
C106EA19-1318-44EE-A21A-27AF26C4D59F,92,99.70128676470588,trunk_a,family,440,risk_percentile,99.98886154031958,1.7340844035148621,3.484586977958679,26,2,8,14632.4,2.913,A Road,A Road,trunk_a,trunk_a,Collapsed Dual Carriageway,A46,False,True,True,True,False,False,Urban,Urban: Nearer to a major town or city,False,False,,-1.5456560154916332,52.344491732780874,2026-07-04T12:45:06+00:00,data/models/risk_scores.parquet,0.1.0,E01031308,LSOA2021,England,IoD 2025,within,0.0,8,10,10,1,0,0,3.0,0.0,33.322126359397835,0.8937956065415003
590931C1-3168-4F59-A6F4-EEAA99498AC6,93,99.69800420168067,trunk_a,family,445,risk_percentile,99.98873467859201,1.7181416630744935,2.7624392032623293,21,1,3,16368.6,2.94,A Road,A Road,trunk_a,trunk_a,Collapsed Dual Carriageway,A47,False,True,True,True,False,False,Urban,Urban: Nearer to a major town or city,False,False,,1.2994514267821462,52.597525559447895,2026-07-04T12:45:06+00:00,data/models/risk_scores.parquet,0.1.0,E01026937,LSOA2021,England,IoD 2025,within,0.0,8,7,8,1,0,0,3.0,0.0,35.37598854827396,0.05714694260259576
BB802C1F-5527-4D78-8998-E8663B1FDEE2,94,99.69472163865547,trunk_a,family,446,risk_percentile,99.98870930624649,1.715905523300171,2.0412021398544313,14,0,2,14256.0,2.519,A Road,A Road,trunk_a,trunk_a,Collapsed Dual Carriageway,A1,False,True,True,True,False,False,Rural,Smaller rural: Nearer to a major town or city,False,False,,-0.25171506939742133,52.34762311559788,2026-07-04T12:45:06+00:00,data/models/risk_scores.parquet,0.1.0,E01018113,LSOA2021,England,IoD 2025,within,0.0,9,8,8,1,0,0,3.0,0.0,37.263474739616115,1.5693610256084896
AF8B8868-60B4-4DF8-9F8F-1278E4049FFC,95,99.69143907563026,trunk_a,family,447,risk_percentile,99.98868393390097,1.7102725744247436,5.146540117263794,0,0,0,26109.2,2.213,A Road,A Road,trunk_a,trunk_a,Collapsed Dual Carriageway,A19,False,True,True,True,False,False,Urban,Urban: Nearer to a major town or city,False,True,sparse collision history,-1.4529747865281533,54.877238455891614,2026-07-04T12:45:06+00:00,data/models/risk_scores.parquet,0.1.0,E01032483,LSOA2021,England,IoD 2025,within,0.0,3,4,3,1,0,0,3.0,0.0,345.5744501724815,0.9088182304972815
15B4F884-810F-4CA9-8239-269FF888450A,96,99.68815651260505,trunk_a,family,449,risk_percentile,99.98863318920995,1.7090654134750367,3.3014024972915648,7,0,2,17077.6,1.9,A Road,A Road,trunk_a,trunk_a,Collapsed Dual Carriageway,A168,False,True,True,True,False,False,Rural,Smaller rural: Further from a major town or city,False,False,,-1.4103694425056648,54.158526762604104,2026-07-04T12:45:06+00:00,data/models/risk_scores.parquet,0.1.0,E01027737,LSOA2021,England,IoD 2025,within,0.0,7,8,10,1,0,0,3.0,0.0,99.68523726032474,2.1669041139038856
243EFF78-8E03-4436-8517-B75ECD6F78CB,97,99.68487394957984,trunk_a,family,454,risk_percentile,99.98850632748238,1.6935933113098145,3.0651727437973024,13,1,5,10056.7,2.62,A Road,A Road,trunk_a,trunk_a,Single Carriageway,A47,False,True,True,False,False,False,Rural,Smaller rural: Further from a major town or city,False,False,,0.08857015052530429,52.6233416126413,2026-07-04T12:45:06+00:00,data/models/risk_scores.parquet,0.1.0,E01018068,LSOA2021,England,IoD 2025,within,0.0,2,4,4,1,0,0,3.0,0.0,19.026790563994762,1.0060012239924507
945A3293-8B72-483D-8833-50E178054184,98,99.68159138655463,trunk_a,family,457,risk_percentile,99.98843021044584,1.6812424898147582,3.943718695640564,30,1,10,10521.5,2.774,A Road,A Road,trunk_a,trunk_a,Single Carriageway,A616,False,True,True,False,False,False,Rural,Smaller rural: Nearer to a major town or city,False,False,,-1.514223611343697,53.4866503191033,2026-07-04T12:45:06+00:00,data/models/risk_scores.parquet,0.1.0,E01007421,LSOA2021,England,IoD 2025,within,0.0,6,8,8,1,0,0,3.5,0.0,22.95216658162688,0.1674831445633535
45E1CE7E-4B4D-43EF-88E1-70D1582B0401,99,99.67830882352942,trunk_a,family,461,risk_percentile,99.9883287210638,1.675459384918213,1.613529908657074,0,0,0,8768.3,3.551,A Road,A Road,trunk_a,trunk_a,Collapsed Dual Carriageway,A69,False,True,True,True,False,False,Rural,Larger rural: Nearer to a major town or city,False,True,sparse collision history,-1.9931933417764414,54.97858389958852,2026-07-04T12:45:06+00:00,data/models/risk_scores.parquet,0.1.0,E01027481,LSOA2021,England,IoD 2025,within,0.0,7,7,6,1,0,0,3.0,0.0,10.750998397617346,0.6759055644127091
0D41EE0F-ACBE-44DE-8174-E41FD1F959B5,100,99.67502626050421,trunk_a,family,465,risk_percentile,99.98822723168173,1.6685646533966065,1.6702309608459474,12,0,3,8413.8,3.551,A Road,A Road,trunk_a,trunk_a,Collapsed Dual Carriageway,A47,False,True,True,True,False,False,Rural,Larger rural: Nearer to a major town or city,False,False,,-0.08305234429173651,52.624149525397605,2026-07-04T12:45:06+00:00,data/models/risk_scores.parquet,0.1.0,E01015618,LSOA2021,England,IoD 2025,within,0.0,4,4,4,1,0,0,3.0,0.0,8.018327697438895,0.4571245805531712
