{
  "script_path": "/home/tsispace/Documents/GitHub/open-road-risk/src/road_risk/features/network.py",
  "git_sha": "d40b20739049b5e459af0cc4dbae7dee49902c77",
  "timestamp_utc": "2026-04-24T21:29:38.074086+00:00",
  "ruc_source": "ONS 2021 RUC at LSOA grain, E+W, geoportal.statistics.gov.uk",
  "n_links_total": 2167557,
  "n_links_with_ruc": 1831865,
  "coverage_pct": 84.51288708901312,
  "ruc_urban_rural_distribution": {
    "NaN": 335692,
    "Rural": 482539,
    "Urban": 1349326
  },
  "ruc_class_distribution": {
    "NaN": 335692,
    "RLF1": 85072,
    "RLN1": 182663,
    "RSF1": 81206,
    "RSN1": 133598,
    "UF1": 116582,
    "UN1": 1232744
  }
}