{
  "script_path": "open-road-risk/src/road_risk/features/network.py",
  "git_sha": "417e0d2c27af59afa66f90a07d3ed578a162dcc3",
  "timestamp_utc": "2026-05-01T15:54:47.986300+00:00",
  "ruc_source": "ONS 2021 RUC at LSOA grain, E+W, geoportal.statistics.gov.uk",
  "n_links_total": 2167557,
  "n_links_with_ruc": 1831865,
  "coverage_pct": 84.51288708901312,
  "ruc_urban_rural_distribution": {
    "NaN": 335692,
    "Rural": 482541,
    "Urban": 1349324
  },
  "ruc_class_distribution": {
    "NaN": 335692,
    "RLF1": 85082,
    "RLN1": 182656,
    "RSF1": 81197,
    "RSN1": 133606,
    "UF1": 116582,
    "UN1": 1232742
  }
}