family,n_links,mean_collision_count,median_collision_count,zero_collision_pct,p95_collision_count,mean_estimated_aadt,median_estimated_aadt
motorway,4084,4.157933398628796,1.0,44.19686581782566,20.0,27677.88991185113,24779.9
trunk_a,16011,1.1698832052963588,0.0,65.86721628880144,6.0,10039.122759352946,8819.0
other_urban,1366925,0.24375075443056496,0.0,87.02957367814619,1.0,2245.61787171937,822.3
other_rural,780537,0.1051724645980908,0.0,93.7781296722641,1.0,1136.952875392198,459.7
