family,n_links,held_out_pr2,n_test_link_years,family_all_pr2,global_subset_pr2,global_held_out_pr2,global_heldout_link_year_pr2,mean_y_obs,mean_y_pred_family,mean_resid_family,mean_resid_global,zero_collision_pct
motorway,4084,0.8507006526980221,8170,0.9598131053278038,0.9080249573613943,0.9244660794600428,0.878084192801853,4.157933398628796,4.030316133077624,0.12761726555117156,-0.04188129640009093,44.19686581782566
trunk_a,16011,0.7730858382340355,32030,0.8751552969549037,0.8056933728846197,0.8012378283557006,0.76730759813133,1.1698832052963588,1.1629059498077199,0.006977255488638949,0.005081251093030869,65.86721628880144
other_urban,1366925,0.9173394711084588,2733850,0.9378222515753922,0.9358154404660431,0.9331816564369155,0.9158729059942602,0.24375075443056496,0.24355855140984758,0.00019220302071733616,-0.0009868138940894338,87.02957367814619
other_rural,780537,0.6484097478740768,1561080,0.7241258076780286,0.7131626721857564,0.7174678084588212,0.6464985111462478,0.1051724645980908,0.10517125479701453,1.2098010762606392e-06,0.001458581615624201,93.7781296722641
