family,held_out_pr2,global_heldout_link_year_pr2
motorway,0.8507006526980221,0.878084192801853
trunk_a,0.7730858382340355,0.76730759813133
other_urban,0.9173394711084588,0.9158729059942602
other_rural,0.6484097478740768,0.6464985111462478
