metric,distance_m
min,5000.000202489141
p25,7250.524057204945
median,29194.840797197186
p75,80354.39384319005
p95,111057.64601631227
max,117578.41104476538
