population,n_links,links_in_road_link_annual,pct_in_road_link_annual
fallback,97185,993,1.0217626176879147
full_no_ruc_filled,335692,17860,5.320353180892008
full_network,2167557,233604,10.777294437931737
