threshold_m,count_above,pct_fallback
25000,53435,54.98276482996347
50000,32556,33.49899675875907
100000,16824,17.31131347430159
