metric,distance_m
min,2000.0035135166975
p25,2554.318346338906
median,3379.3517995141947
p75,5839.594484117209
p95,100075.24015054732
max,117578.41104476538
