category,count,pct_no_ruc
Motorway,573,0.17069218211932366
Trunk A-road,4979,1.4832048425342277
Other,330140,98.34610297534645
